代码,名称,日期,开盘价(元),最高价(元),最低价(元),收盘价(元),涨跌幅,成交额(百万),成交量(股)
510230.OF,国泰上证180金融ETF,2011-03-31,0.5764,0.5764,0.5764,0.5764,0.0,0,0
510230.OF,国泰上证180金融ETF,2011-04-01,0.577,0.577,0.577,0.577,0.001,0,0
510230.OF,国泰上证180金融ETF,2011-04-08,0.5775,0.5775,0.5775,0.5775,0.001,0,0
510230.OF,国泰上证180金融ETF,2011-04-15,0.5827,0.5827,0.5827,0.5827,0.009,0,0
510230.OF,国泰上证180金融ETF,2011-04-22,0.5706,0.5706,0.5706,0.5706,-0.0208,0,0
510230.OF,国泰上证180金融ETF,2011-04-29,0.5654,0.5654,0.5654,0.5654,-0.0091,0,0
510230.OF,国泰上证180金融ETF,2011-05-06,0.5461,0.5461,0.5461,0.5461,-0.0342,0,0
510230.OF,国泰上证180金融ETF,2011-05-13,0.5474,0.5474,0.5474,0.5474,0.0024,0,0
510230.OF,国泰上证180金融ETF,2011-05-16,0.5399,0.5399,0.5399,0.5399,-0.0138,0,0
510230.OF,国泰上证180金融ETF,2011-05-20,0.5502,0.5502,0.5502,0.5502,0.0191,0,0
510230.OF,国泰上证180金融ETF,2011-05-23,0.535,0.535,0.535,0.535,-0.0277,0,0
510230.OF,国泰上证180金融ETF,2011-05-24,0.5338,0.5338,0.5338,0.5338,-0.0021,0,0
510230.OF,国泰上证180金融ETF,2011-05-25,0.5256,0.5256,0.5256,0.5256,-0.0153,0,0
510230.OF,国泰上证180金融ETF,2011-05-26,0.5276,0.5276,0.5276,0.5276,0.0037,0,0
510230.OF,国泰上证180金融ETF,2011-05-27,0.5302,0.5302,0.5302,0.5302,0.005,0,0
510230.OF,国泰上证180金融ETF,2011-05-30,0.5329,0.5329,0.5329,0.5329,0.0049,0,0
510230.OF,国泰上证180金融ETF,2011-05-31,0.5389,0.5389,0.5389,0.5389,0.0114,0,0
510230.OF,国泰上证180金融ETF,2011-06-01,0.5343,0.5343,0.5343,0.5343,-0.0085,0,0
510230.OF,国泰上证180金融ETF,2011-06-02,0.518,0.518,0.518,0.518,-0.0306,0,0
510230.OF,国泰上证180金融ETF,2011-06-03,0.5207,0.5207,0.5207,0.5207,0.0054,0,0
510230.OF,国泰上证180金融ETF,2011-06-07,0.5219,0.5219,0.5219,0.5219,0.0022,0,0
510230.OF,国泰上证180金融ETF,2011-06-08,0.5183,0.5183,0.5183,0.5183,-0.0069,0,0
510230.OF,国泰上证180金融ETF,2011-06-09,0.5108,0.5108,0.5108,0.5108,-0.0145,0,0
510230.OF,国泰上证180金融ETF,2011-06-10,0.5139,0.5139,0.5139,0.5139,0.0061,0,0
510230.OF,国泰上证180金融ETF,2011-06-13,0.5132,0.5132,0.5132,0.5132,-0.0013,0,0
510230.OF,国泰上证180金融ETF,2011-06-14,0.5175,0.5175,0.5175,0.5175,0.0083,0,0
510230.OF,国泰上证180金融ETF,2011-06-15,0.5116,0.5116,0.5116,0.5116,-0.0114,0,0
510230.OF,国泰上证180金融ETF,2011-06-16,0.5071,0.5071,0.5071,0.5071,-0.0086,0,0
510230.OF,国泰上证180金融ETF,2011-06-17,0.5044,0.5044,0.5044,0.5044,-0.0055,0,0
510230.OF,国泰上证180金融ETF,2011-06-20,0.5044,0.5044,0.5044,0.5044,0.0,0,0
510230.OF,国泰上证180金融ETF,2011-06-21,0.5081,0.5081,0.5081,0.5081,0.0075,0,0
510230.OF,国泰上证180金融ETF,2011-06-22,0.5088,0.5088,0.5088,0.5088,0.0013,0,0
510230.OF,国泰上证180金融ETF,2011-06-23,0.516,0.516,0.516,0.516,0.0142,0,0
510230.OF,国泰上证180金融ETF,2011-06-24,0.5329,0.5329,0.5329,0.5329,0.0327,0,0
510230.OF,国泰上证180金融ETF,2011-06-27,0.5312,0.5312,0.5312,0.5312,-0.0031,0,0
510230.OF,国泰上证180金融ETF,2011-06-28,0.5288,0.5288,0.5288,0.5288,-0.0046,0,0
510230.OF,国泰上证180金融ETF,2011-06-29,0.5193,0.5193,0.5193,0.5193,-0.018,0,0
510230.OF,国泰上证180金融ETF,2011-06-30,0.5258,0.5258,0.5258,0.5258,0.0126,0,0
510230.OF,国泰上证180金融ETF,2011-07-01,0.5227,0.5227,0.5227,0.5227,-0.0059,0,0
510230.OF,国泰上证180金融ETF,2011-07-04,0.536,0.536,0.536,0.536,0.0254,0,0
510230.OF,国泰上证180金融ETF,2011-07-05,0.5333,0.5333,0.5333,0.5333,-0.0049,0,0
510230.OF,国泰上证180金融ETF,2011-07-06,0.5289,0.5289,0.5289,0.5289,-0.0083,0,0
510230.OF,国泰上证180金融ETF,2011-07-07,0.5273,0.5273,0.5273,0.5273,-0.0031,0,0
510230.OF,国泰上证180金融ETF,2011-07-08,0.5315,0.5315,0.5315,0.5315,0.0081,0,0
510230.OF,国泰上证180金融ETF,2011-07-11,0.5284,0.5284,0.5284,0.5284,-0.0059,0,0
510230.OF,国泰上证180金融ETF,2011-07-12,0.518,0.518,0.518,0.518,-0.0198,0,0
510230.OF,国泰上证180金融ETF,2011-07-13,0.5256,0.5256,0.5256,0.5256,0.0149,0,0
510230.OF,国泰上证180金融ETF,2011-07-14,0.5258,0.5258,0.5258,0.5258,0.0003,0,0
510230.OF,国泰上证180金融ETF,2011-07-15,0.5278,0.5278,0.5278,0.5278,0.0037,0,0
510230.OF,国泰上证180金融ETF,2011-07-18,0.5248,0.5248,0.5248,0.5248,-0.0056,0,0
510230.OF,国泰上证180金融ETF,2011-07-19,0.5186,0.5186,0.5186,0.5186,-0.0119,0,0
510230.OF,国泰上证180金融ETF,2011-07-20,0.5193,0.5193,0.5193,0.5193,0.0013,0,0
510230.OF,国泰上证180金融ETF,2011-07-21,0.5142,0.5142,0.5142,0.5142,-0.0098,0,0
510230.OF,国泰上证180金融ETF,2011-07-22,0.5148,0.5148,0.5148,0.5148,0.0013,0,0
510230.OF,国泰上证180金融ETF,2011-07-25,0.4998,0.4998,0.4998,0.4998,-0.0293,0,0
510230.OF,国泰上证180金融ETF,2011-07-26,0.5008,0.5008,0.5008,0.5008,0.002,0,0
510230.OF,国泰上证180金融ETF,2011-07-27,0.499,0.499,0.499,0.499,-0.0036,0,0
510230.OF,国泰上证180金融ETF,2011-07-28,0.4908,0.4908,0.4908,0.4908,-0.0164,0,0
510230.OF,国泰上证180金融ETF,2011-07-29,0.5001,0.5001,0.5001,0.5001,0.019,0,0
510230.OF,国泰上证180金融ETF,2011-08-01,0.4988,0.4988,0.4988,0.4988,-0.0026,0,0
510230.OF,国泰上证180金融ETF,2011-08-02,0.4942,0.4942,0.4942,0.4942,-0.0092,0,0
510230.OF,国泰上证180金融ETF,2011-08-03,0.4932,0.4932,0.4932,0.4932,-0.002,0,0
510230.OF,国泰上证180金融ETF,2011-08-04,0.4927,0.4927,0.4927,0.4927,-0.001,0,0
510230.OF,国泰上证180金融ETF,2011-08-05,0.4805,0.4805,0.4805,0.4805,-0.0249,0,0
510230.OF,国泰上证180金融ETF,2011-08-08,0.4661,0.4661,0.4661,0.4661,-0.03,0,0
510230.OF,国泰上证180金融ETF,2011-08-09,0.468,0.468,0.468,0.468,0.0042,0,0
510230.OF,国泰上证180金融ETF,2011-08-10,0.4702,0.4702,0.4702,0.4702,0.0045,0,0
510230.OF,国泰上证180金融ETF,2011-08-11,0.4787,0.4787,0.4787,0.4787,0.0181,0,0
510230.OF,国泰上证180金融ETF,2011-08-12,0.477,0.477,0.477,0.477,-0.0034,0,0
510230.OF,国泰上证180金融ETF,2011-08-15,0.4898,0.4898,0.4898,0.4898,0.0268,0,0
510230.OF,国泰上证180金融ETF,2011-08-16,0.4873,0.4873,0.4873,0.4873,-0.005,0,0
510230.OF,国泰上证180金融ETF,2011-08-17,0.4883,0.4883,0.4883,0.4883,0.002,0,0
510230.OF,国泰上证180金融ETF,2011-08-18,0.4805,0.4805,0.4805,0.4805,-0.0161,0,0
510230.OF,国泰上证180金融ETF,2011-08-19,0.4756,0.4756,0.4756,0.4756,-0.0102,0,0
510230.OF,国泰上证180金融ETF,2011-08-22,0.4731,0.4731,0.4731,0.4731,-0.0052,0,0
510230.OF,国泰上证180金融ETF,2011-08-23,0.4829,0.4829,0.4829,0.4829,0.0208,0,0
510230.OF,国泰上证180金融ETF,2011-08-24,0.4792,0.4792,0.4792,0.4792,-0.0078,0,0
510230.OF,国泰上证180金融ETF,2011-08-25,0.5011,0.5011,0.5011,0.5011,0.0458,0,0
510230.OF,国泰上证180金融ETF,2011-08-26,0.4993,0.4993,0.4993,0.4993,-0.0036,0,0
510230.OF,国泰上证180金融ETF,2011-08-29,0.4855,0.4855,0.4855,0.4855,-0.0275,0,0
510230.OF,国泰上证180金融ETF,2011-08-30,0.4855,0.4855,0.4855,0.4855,0.0,0,0
510230.OF,国泰上证180金融ETF,2011-08-31,0.4883,0.4883,0.4883,0.4883,0.0057,0,0
510230.OF,国泰上证180金融ETF,2011-09-01,0.49,0.49,0.49,0.49,0.0034,0,0
510230.OF,国泰上证180金融ETF,2011-09-02,0.4847,0.4847,0.4847,0.4847,-0.0107,0,0
510230.OF,国泰上证180金融ETF,2011-09-05,0.4769,0.4769,0.4769,0.4769,-0.0162,0,0
510230.OF,国泰上证180金融ETF,2011-09-06,0.476,0.476,0.476,0.476,-0.0017,0,0
510230.OF,国泰上证180金融ETF,2011-09-07,0.4857,0.4857,0.4857,0.4857,0.0203,0,0
510230.OF,国泰上证180金融ETF,2011-09-08,0.4824,0.4824,0.4824,0.4824,-0.0067,0,0
510230.OF,国泰上证180金融ETF,2011-09-09,0.4846,0.4846,0.4846,0.4846,0.0044,0,0
510230.OF,国泰上证180金融ETF,2011-09-13,0.4814,0.4814,0.4814,0.4814,-0.0064,0,0
510230.OF,国泰上证180金融ETF,2011-09-14,0.4824,0.4824,0.4824,0.4824,0.002,0,0
510230.OF,国泰上证180金融ETF,2011-09-15,0.479,0.479,0.479,0.479,-0.0071,0,0
510230.OF,国泰上证180金融ETF,2011-09-16,0.4806,0.4806,0.4806,0.4806,0.0034,0,0
510230.OF,国泰上证180金融ETF,2011-09-19,0.4708,0.4708,0.4708,0.4708,-0.0204,0,0
510230.OF,国泰上证180金融ETF,2011-09-20,0.4751,0.4751,0.4751,0.4751,0.009,0,0
510230.OF,国泰上证180金融ETF,2011-09-21,0.4865,0.4865,0.4865,0.4865,0.0241,0,0
510230.OF,国泰上证180金融ETF,2011-09-22,0.4716,0.4716,0.4716,0.4716,-0.0306,0,0
510230.OF,国泰上证180金融ETF,2011-09-23,0.4698,0.4698,0.4698,0.4698,-0.0038,0,0
510230.OF,国泰上证180金融ETF,2011-09-26,0.4535,0.4535,0.4535,0.4535,-0.0348,0,0
510230.OF,国泰上证180金融ETF,2011-09-27,0.459,0.459,0.459,0.459,0.0123,0,0
510230.OF,国泰上证180金融ETF,2011-09-28,0.4541,0.4541,0.4541,0.4541,-0.0107,0,0
510230.OF,国泰上证180金融ETF,2011-09-29,0.4538,0.4538,0.4538,0.4538,-0.0007,0,0
510230.OF,国泰上证180金融ETF,2011-09-30,0.4521,0.4521,0.4521,0.4521,-0.0036,0,0
510230.OF,国泰上证180金融ETF,2011-10-10,0.449,0.449,0.449,0.449,-0.0069,0,0
510230.OF,国泰上证180金融ETF,2011-10-11,0.4562,0.4562,0.4562,0.4562,0.016,0,0
510230.OF,国泰上证180金融ETF,2011-10-12,0.4762,0.4762,0.4762,0.4762,0.0438,0,0
510230.OF,国泰上证180金融ETF,2011-10-13,0.4765,0.4765,0.4765,0.4765,0.0007,0,0
510230.OF,国泰上证180金融ETF,2011-10-14,0.4772,0.4772,0.4772,0.4772,0.0014,0,0
510230.OF,国泰上证180金融ETF,2011-10-17,0.481,0.481,0.481,0.481,0.0079,0,0
510230.OF,国泰上证180金融ETF,2011-10-18,0.469,0.469,0.469,0.469,-0.0248,0,0
510230.OF,国泰上证180金融ETF,2011-10-19,0.47,0.47,0.47,0.47,0.0021,0,0
510230.OF,国泰上证180金融ETF,2011-10-20,0.4633,0.4633,0.4633,0.4633,-0.0143,0,0
510230.OF,国泰上证180金融ETF,2011-10-21,0.467,0.467,0.467,0.467,0.0081,0,0
510230.OF,国泰上证180金融ETF,2011-10-24,0.4831,0.4831,0.4831,0.4831,0.0343,0,0
510230.OF,国泰上证180金融ETF,2011-10-25,0.4865,0.4865,0.4865,0.4865,0.0071,0,0
510230.OF,国泰上证180金融ETF,2011-10-26,0.4877,0.4877,0.4877,0.4877,0.0024,0,0
510230.OF,国泰上证180金融ETF,2011-10-27,0.4919,0.4919,0.4919,0.4919,0.0087,0,0
510230.OF,国泰上证180金融ETF,2011-10-28,0.4981,0.4981,0.4981,0.4981,0.0126,0,0
510230.OF,国泰上证180金融ETF,2011-10-31,0.4931,0.4931,0.4931,0.4931,-0.0102,0,0
510230.OF,国泰上证180金融ETF,2011-11-01,0.4959,0.4959,0.4959,0.4959,0.0056,0,0
510230.OF,国泰上证180金融ETF,2011-11-02,0.5058,0.5058,0.5058,0.5058,0.0201,0,0
510230.OF,国泰上证180金融ETF,2011-11-03,0.5019,0.5019,0.5019,0.5019,-0.0078,0,0
510230.OF,国泰上证180金融ETF,2011-11-04,0.5044,0.5044,0.5044,0.5044,0.0049,0,0
510230.OF,国泰上证180金融ETF,2011-11-07,0.4965,0.4965,0.4965,0.4965,-0.0156,0,0
510230.OF,国泰上证180金融ETF,2011-11-08,0.4973,0.4973,0.4973,0.4973,0.0016,0,0
510230.OF,国泰上证180金融ETF,2011-11-09,0.5022,0.5022,0.5022,0.5022,0.0099,0,0
510230.OF,国泰上证180金融ETF,2011-11-10,0.4903,0.4903,0.4903,0.4903,-0.0238,0,0
510230.OF,国泰上证180金融ETF,2011-11-11,0.49,0.49,0.49,0.49,-0.0007,0,0
510230.OF,国泰上证180金融ETF,2011-11-14,0.4983,0.4983,0.4983,0.4983,0.017,0,0
510230.OF,国泰上证180金融ETF,2011-11-15,0.4942,0.4942,0.4942,0.4942,-0.0082,0,0
510230.OF,国泰上证180金融ETF,2011-11-16,0.48,0.48,0.48,0.48,-0.0288,0,0
510230.OF,国泰上证180金融ETF,2011-11-17,0.4777,0.4777,0.4777,0.4777,-0.0048,0,0
510230.OF,国泰上证180金融ETF,2011-11-18,0.4724,0.4724,0.4724,0.4724,-0.011,0,0
510230.OF,国泰上证180金融ETF,2011-11-21,0.4726,0.4726,0.4726,0.4726,0.0003,0,0
510230.OF,国泰上证180金融ETF,2011-11-22,0.4734,0.4734,0.4734,0.4734,0.0017,0,0
510230.OF,国泰上证180金融ETF,2011-11-23,0.4669,0.4669,0.4669,0.4669,-0.0138,0,0
510230.OF,国泰上证180金融ETF,2011-11-24,0.4692,0.4692,0.4692,0.4692,0.0049,0,0
510230.OF,国泰上证180金融ETF,2011-11-25,0.4646,0.4646,0.4646,0.4646,-0.0098,0,0
510230.OF,国泰上证180金融ETF,2011-11-28,0.4652,0.4652,0.4652,0.4652,0.0014,0,0
510230.OF,国泰上证180金融ETF,2011-11-29,0.471,0.471,0.471,0.471,0.0123,0,0
510230.OF,国泰上证180金融ETF,2011-11-30,0.4571,0.4571,0.4571,0.4571,-0.0295,0,0
510230.OF,国泰上证180金融ETF,2011-12-01,0.4729,0.4729,0.4729,0.4729,0.0347,0,0
510230.OF,国泰上证180金融ETF,2011-12-02,0.4723,0.4723,0.4723,0.4723,-0.0014,0,0
510230.OF,国泰上证180金融ETF,2011-12-05,0.4733,0.4733,0.4733,0.4733,0.0021,0,0
510230.OF,国泰上证180金融ETF,2011-12-06,0.4718,0.4718,0.4718,0.4718,-0.0031,0,0
510230.OF,国泰上证180金融ETF,2011-12-07,0.4764,0.4764,0.4764,0.4764,0.0097,0,0
510230.OF,国泰上证180金融ETF,2011-12-08,0.4765,0.4765,0.4765,0.4765,0.0003,0,0
510230.OF,国泰上证180金融ETF,2011-12-09,0.4736,0.4736,0.4736,0.4736,-0.0062,0,0
510230.OF,国泰上证180金融ETF,2011-12-12,0.4718,0.4718,0.4718,0.4718,-0.0038,0,0
510230.OF,国泰上证180金融ETF,2011-12-13,0.4629,0.4629,0.4629,0.4629,-0.0187,0,0
510230.OF,国泰上证180金融ETF,2011-12-14,0.462,0.462,0.462,0.462,-0.0021,0,0
510230.OF,国泰上证180金融ETF,2011-12-15,0.4535,0.4535,0.4535,0.4535,-0.0184,0,0
510230.OF,国泰上证180金融ETF,2011-12-16,0.4616,0.4616,0.4616,0.4616,0.0181,0,0
510230.OF,国泰上证180金融ETF,2011-12-19,0.4611,0.4611,0.4611,0.4611,-0.0011,0,0
510230.OF,国泰上证180金融ETF,2011-12-20,0.4598,0.4598,0.4598,0.4598,-0.0028,0,0
510230.OF,国泰上证180金融ETF,2011-12-21,0.4539,0.4539,0.4539,0.4539,-0.0128,0,0
510230.OF,国泰上证180金融ETF,2011-12-22,0.4544,0.4544,0.4544,0.4544,0.0011,0,0
510230.OF,国泰上证180金融ETF,2011-12-23,0.4549,0.4549,0.4549,0.4549,0.0011,0,0
510230.OF,国泰上证180金融ETF,2011-12-26,0.4508,0.4508,0.4508,0.4508,-0.009,0,0
510230.OF,国泰上证180金融ETF,2011-12-27,0.4503,0.4503,0.4503,0.4503,-0.0011,0,0
510230.OF,国泰上证180金融ETF,2011-12-28,0.451,0.451,0.451,0.451,0.0015,0,0
510230.OF,国泰上证180金融ETF,2011-12-29,0.45,0.45,0.45,0.45,-0.0022,0,0
510230.OF,国泰上证180金融ETF,2011-12-30,0.4561,0.4561,0.4561,0.4561,0.0135,0,0
510230.OF,国泰上证180金融ETF,2011-12-31,0.4561,0.4561,0.4561,0.4561,0.0,0,0
510230.OF,国泰上证180金融ETF,2012-01-04,0.4507,0.4507,0.4507,0.4507,-0.0118,0,0
510230.OF,国泰上证180金融ETF,2012-01-05,0.4554,0.4554,0.4554,0.4554,0.0105,0,0
510230.OF,国泰上证180金融ETF,2012-01-06,0.459,0.459,0.459,0.459,0.0079,0,0
510230.OF,国泰上证180金融ETF,2012-01-09,0.4703,0.4703,0.4703,0.4703,0.0246,0,0
510230.OF,国泰上证180金融ETF,2012-01-10,0.4793,0.4793,0.4793,0.4793,0.0191,0,0
510230.OF,国泰上证180金融ETF,2012-01-11,0.4757,0.4757,0.4757,0.4757,-0.0075,0,0
510230.OF,国泰上证180金融ETF,2012-01-12,0.4785,0.4785,0.4785,0.4785,0.0058,0,0
510230.OF,国泰上证180金融ETF,2012-01-13,0.4752,0.4752,0.4752,0.4752,-0.0068,0,0
510230.OF,国泰上证180金融ETF,2012-01-16,0.4723,0.4723,0.4723,0.4723,-0.0062,0,0
510230.OF,国泰上证180金融ETF,2012-01-17,0.4885,0.4885,0.4885,0.4885,0.0343,0,0
510230.OF,国泰上证180金融ETF,2012-01-18,0.4824,0.4824,0.4824,0.4824,-0.0124,0,0
510230.OF,国泰上证180金融ETF,2012-01-19,0.4927,0.4927,0.4927,0.4927,0.0214,0,0
510230.OF,国泰上证180金融ETF,2012-01-20,0.5013,0.5013,0.5013,0.5013,0.0173,0,0
510230.OF,国泰上证180金融ETF,2012-01-30,0.4908,0.4908,0.4908,0.4908,-0.0209,0,0
510230.OF,国泰上证180金融ETF,2012-01-31,0.4911,0.4911,0.4911,0.4911,0.0007,0,0
510230.OF,国泰上证180金融ETF,2012-02-01,0.4826,0.4826,0.4826,0.4826,-0.0173,0,0
510230.OF,国泰上证180金融ETF,2012-02-02,0.4993,0.4993,0.4993,0.4993,0.0346,0,0
510230.OF,国泰上证180金融ETF,2012-02-03,0.5032,0.5032,0.5032,0.5032,0.0079,0,0
510230.OF,国泰上证180金融ETF,2012-02-06,0.5006,0.5006,0.5006,0.5006,-0.0052,0,0
510230.OF,国泰上证180金融ETF,2012-02-07,0.4914,0.4914,0.4914,0.4914,-0.0183,0,0
510230.OF,国泰上证180金融ETF,2012-02-08,0.5035,0.5035,0.5035,0.5035,0.0247,0,0
510230.OF,国泰上证180金融ETF,2012-02-09,0.5024,0.5024,0.5024,0.5024,-0.0023,0,0
510230.OF,国泰上证180金融ETF,2012-02-10,0.5008,0.5008,0.5008,0.5008,-0.0033,0,0
510230.OF,国泰上证180金融ETF,2012-02-13,0.497,0.497,0.497,0.497,-0.0075,0,0
510230.OF,国泰上证180金融ETF,2012-02-14,0.4937,0.4937,0.4937,0.4937,-0.0066,0,0
510230.OF,国泰上证180金融ETF,2012-02-15,0.4968,0.4968,0.4968,0.4968,0.0063,0,0
510230.OF,国泰上证180金融ETF,2012-02-16,0.495,0.495,0.495,0.495,-0.0036,0,0
510230.OF,国泰上证180金融ETF,2012-02-17,0.4972,0.4972,0.4972,0.4972,0.0043,0,0
510230.OF,国泰上证180金融ETF,2012-02-20,0.4978,0.4978,0.4978,0.4978,0.0013,0,0
510230.OF,国泰上证180金融ETF,2012-02-21,0.5014,0.5014,0.5014,0.5014,0.0072,0,0
510230.OF,国泰上证180金融ETF,2012-02-22,0.505,0.505,0.505,0.505,0.0072,0,0
510230.OF,国泰上证180金融ETF,2012-02-23,0.504,0.504,0.504,0.504,-0.0019,0,0
510230.OF,国泰上证180金融ETF,2012-02-24,0.5111,0.5111,0.5111,0.5111,0.014,0,0
510230.OF,国泰上证180金融ETF,2012-02-27,0.5104,0.5104,0.5104,0.5104,-0.0013,0,0
510230.OF,国泰上证180金融ETF,2012-02-28,0.515,0.515,0.515,0.515,0.009,0,0
510230.OF,国泰上证180金融ETF,2012-02-29,0.5098,0.5098,0.5098,0.5098,-0.0102,0,0
510230.OF,国泰上证180金融ETF,2012-03-01,0.5094,0.5094,0.5094,0.5094,-0.0006,0,0
510230.OF,国泰上证180金融ETF,2012-03-02,0.5163,0.5163,0.5163,0.5163,0.0135,0,0
510230.OF,国泰上证180金融ETF,2012-03-05,0.5116,0.5116,0.5116,0.5116,-0.0092,0,0
510230.OF,国泰上证180金融ETF,2012-03-06,0.5037,0.5037,0.5037,0.5037,-0.0154,0,0
510230.OF,国泰上证180金融ETF,2012-03-07,0.4995,0.4995,0.4995,0.4995,-0.0084,0,0
510230.OF,国泰上证180金融ETF,2012-03-08,0.5052,0.5052,0.5052,0.5052,0.0115,0,0
510230.OF,国泰上证180金融ETF,2012-03-09,0.506,0.506,0.506,0.506,0.0016,0,0
510230.OF,国泰上证180金融ETF,2012-03-12,0.5011,0.5011,0.5011,0.5011,-0.0097,0,0
510230.OF,国泰上证180金融ETF,2012-03-13,0.5062,0.5062,0.5062,0.5062,0.0101,0,0
510230.OF,国泰上证180金融ETF,2012-03-14,0.4975,0.4975,0.4975,0.4975,-0.0171,0,0
510230.OF,国泰上证180金融ETF,2012-03-15,0.4952,0.4952,0.4952,0.4952,-0.0046,0,0
510230.OF,国泰上证180金融ETF,2012-03-16,0.4986,0.4986,0.4986,0.4986,0.0069,0,0
510230.OF,国泰上证180金融ETF,2012-03-19,0.4962,0.4962,0.4962,0.4962,-0.0049,0,0
510230.OF,国泰上证180金融ETF,2012-03-20,0.488,0.488,0.488,0.488,-0.0165,0,0
510230.OF,国泰上证180金融ETF,2012-03-21,0.487,0.487,0.487,0.487,-0.002,0,0
510230.OF,国泰上证180金融ETF,2012-03-22,0.4898,0.4898,0.4898,0.4898,0.0057,0,0
510230.OF,国泰上证180金融ETF,2012-03-23,0.4873,0.4873,0.4873,0.4873,-0.005,0,0
510230.OF,国泰上证180金融ETF,2012-03-26,0.4885,0.4885,0.4885,0.4885,0.0024,0,0
510230.OF,国泰上证180金融ETF,2012-03-27,0.4883,0.4883,0.4883,0.4883,-0.0003,0,0
510230.OF,国泰上证180金融ETF,2012-03-28,0.4792,0.4792,0.4792,0.4792,-0.0188,0,0
510230.OF,国泰上证180金融ETF,2012-03-29,0.4738,0.4738,0.4738,0.4738,-0.0113,0,0
510230.OF,国泰上证180金融ETF,2012-03-30,0.4801,0.4801,0.4801,0.4801,0.0135,0,0
510230.OF,国泰上证180金融ETF,2012-03-31,0.4801,0.4801,0.4801,0.4801,0.0,0,0
510230.OF,国泰上证180金融ETF,2012-04-05,0.486,0.486,0.486,0.486,0.0123,0,0
510230.OF,国泰上证180金融ETF,2012-04-06,0.4867,0.4867,0.4867,0.4867,0.0013,0,0
510230.OF,国泰上证180金融ETF,2012-04-09,0.4819,0.4819,0.4819,0.4819,-0.0098,0,0
510230.OF,国泰上证180金融ETF,2012-04-10,0.4864,0.4864,0.4864,0.4864,0.0092,0,0
510230.OF,国泰上证180金融ETF,2012-04-11,0.4855,0.4855,0.4855,0.4855,-0.0017,0,0
510230.OF,国泰上证180金融ETF,2012-04-12,0.4975,0.4975,0.4975,0.4975,0.0246,0,0
510230.OF,国泰上证180金融ETF,2012-04-13,0.4993,0.4993,0.4993,0.4993,0.0036,0,0
510230.OF,国泰上证180金融ETF,2012-04-16,0.4977,0.4977,0.4977,0.4977,-0.0033,0,0
510230.OF,国泰上证180金融ETF,2012-04-17,0.4909,0.4909,0.4909,0.4909,-0.0135,0,0
510230.OF,国泰上证180金融ETF,2012-04-18,0.5024,0.5024,0.5024,0.5024,0.0233,0,0
510230.OF,国泰上证180金融ETF,2012-04-19,0.5042,0.5042,0.5042,0.5042,0.0036,0,0
510230.OF,国泰上证180金融ETF,2012-04-20,0.514,0.514,0.514,0.514,0.0195,0,0
510230.OF,国泰上证180金融ETF,2012-04-23,0.5086,0.5086,0.5086,0.5086,-0.0105,0,0
510230.OF,国泰上证180金融ETF,2012-04-24,0.5142,0.5142,0.5142,0.5142,0.0109,0,0
510230.OF,国泰上证180金融ETF,2012-04-25,0.514,0.514,0.514,0.514,-0.0003,0,0
510230.OF,国泰上证180金融ETF,2012-04-26,0.5142,0.5142,0.5142,0.5142,0.0003,0,0
510230.OF,国泰上证180金融ETF,2012-04-27,0.5126,0.5126,0.5126,0.5126,-0.0032,0,0
510230.OF,国泰上证180金融ETF,2012-05-02,0.5209,0.5209,0.5209,0.5209,0.0163,0,0
510230.OF,国泰上证180金融ETF,2012-05-03,0.5225,0.5225,0.5225,0.5225,0.0031,0,0
510230.OF,国泰上证180金融ETF,2012-05-04,0.5242,0.5242,0.5242,0.5242,0.0031,0,0
510230.OF,国泰上证180金融ETF,2012-05-07,0.5207,0.5207,0.5207,0.5207,-0.0066,0,0
510230.OF,国泰上证180金融ETF,2012-05-08,0.5178,0.5178,0.5178,0.5178,-0.0057,0,0
510230.OF,国泰上证180金融ETF,2012-05-09,0.5111,0.5111,0.5111,0.5111,-0.013,0,0
510230.OF,国泰上证180金融ETF,2012-05-10,0.5104,0.5104,0.5104,0.5104,-0.0013,0,0
510230.OF,国泰上证180金融ETF,2012-05-11,0.507,0.507,0.507,0.507,-0.0067,0,0
510230.OF,国泰上证180金融ETF,2012-05-14,0.5035,0.5035,0.5035,0.5035,-0.0068,0,0
510230.OF,国泰上证180金融ETF,2012-05-15,0.505,0.505,0.505,0.505,0.0029,0,0
510230.OF,国泰上证180金融ETF,2012-05-16,0.497,0.497,0.497,0.497,-0.0159,0,0
510230.OF,国泰上证180金融ETF,2012-05-17,0.5068,0.5068,0.5068,0.5068,0.0198,0,0
510230.OF,国泰上证180金融ETF,2012-05-18,0.4991,0.4991,0.4991,0.4991,-0.0152,0,0
510230.OF,国泰上证180金融ETF,2012-05-21,0.499,0.499,0.499,0.499,-0.0003,0,0
510230.OF,国泰上证180金融ETF,2012-05-22,0.5062,0.5062,0.5062,0.5062,0.0144,0,0
510230.OF,国泰上证180金融ETF,2012-05-23,0.5047,0.5047,0.5047,0.5047,-0.0029,0,0
510230.OF,国泰上证180金融ETF,2012-05-24,0.5006,0.5006,0.5006,0.5006,-0.0081,0,0
510230.OF,国泰上证180金融ETF,2012-05-25,0.4957,0.4957,0.4957,0.4957,-0.0098,0,0
510230.OF,国泰上证180金融ETF,2012-05-28,0.5009,0.5009,0.5009,0.5009,0.0106,0,0
510230.OF,国泰上证180金融ETF,2012-05-29,0.5088,0.5088,0.5088,0.5088,0.0157,0,0
510230.OF,国泰上证180金融ETF,2012-05-30,0.5075,0.5075,0.5075,0.5075,-0.0026,0,0
510230.OF,国泰上证180金融ETF,2012-05-31,0.5035,0.5035,0.5035,0.5035,-0.0077,0,0
510230.OF,国泰上证180金融ETF,2012-06-01,0.505,0.505,0.505,0.505,0.0029,0,0
510230.OF,国泰上证180金融ETF,2012-06-04,0.4909,0.4909,0.4909,0.4909,-0.0279,0,0
510230.OF,国泰上证180金融ETF,2012-06-05,0.4908,0.4908,0.4908,0.4908,-0.0003,0,0
510230.OF,国泰上证180金融ETF,2012-06-06,0.4931,0.4931,0.4931,0.4931,0.0047,0,0
510230.OF,国泰上证180金融ETF,2012-06-07,0.4916,0.4916,0.4916,0.4916,-0.003,0,0
510230.OF,国泰上证180金融ETF,2012-06-08,0.4854,0.4854,0.4854,0.4854,-0.0127,0,0
510230.OF,国泰上证180金融ETF,2012-06-11,0.4901,0.4901,0.4901,0.4901,0.0098,0,0
510230.OF,国泰上证180金融ETF,2012-06-12,0.4868,0.4868,0.4868,0.4868,-0.0067,0,0
510230.OF,国泰上证180金融ETF,2012-06-13,0.4967,0.4967,0.4967,0.4967,0.0202,0,0
510230.OF,国泰上证180金融ETF,2012-06-14,0.4921,0.4921,0.4921,0.4921,-0.0092,0,0
510230.OF,国泰上证180金融ETF,2012-06-15,0.4988,0.4988,0.4988,0.4988,0.0136,0,0
510230.OF,国泰上证180金融ETF,2012-06-18,0.5004,0.5004,0.5004,0.5004,0.0033,0,0
510230.OF,国泰上证180金融ETF,2012-06-19,0.4988,0.4988,0.4988,0.4988,-0.0033,0,0
510230.OF,国泰上证180金融ETF,2012-06-20,0.4991,0.4991,0.4991,0.4991,0.0007,0,0
510230.OF,国泰上证180金融ETF,2012-06-21,0.49,0.49,0.49,0.49,-0.0184,0,0
510230.OF,国泰上证180金融ETF,2012-06-25,0.4846,0.4846,0.4846,0.4846,-0.011,0,0
510230.OF,国泰上证180金融ETF,2012-06-26,0.4867,0.4867,0.4867,0.4867,0.0044,0,0
510230.OF,国泰上证180金融ETF,2012-06-27,0.4849,0.4849,0.4849,0.4849,-0.0037,0,0
510230.OF,国泰上证180金融ETF,2012-06-28,0.4836,0.4836,0.4836,0.4836,-0.0027,0,0
510230.OF,国泰上证180金融ETF,2012-06-29,0.4939,0.4939,0.4939,0.4939,0.0213,0,0
510230.OF,国泰上证180金融ETF,2012-06-30,0.4939,0.4939,0.4939,0.4939,0.0,0,0
510230.OF,国泰上证180金融ETF,2012-07-02,0.4934,0.4934,0.4934,0.4934,-0.001,0,0
510230.OF,国泰上证180金融ETF,2012-07-03,0.4932,0.4932,0.4932,0.4932,-0.0003,0,0
510230.OF,国泰上证180金融ETF,2012-07-04,0.4932,0.4932,0.4932,0.4932,0.0,0,0
510230.OF,国泰上证180金融ETF,2012-07-05,0.489,0.489,0.489,0.489,-0.0086,0,0
510230.OF,国泰上证180金融ETF,2012-07-06,0.4898,0.4898,0.4898,0.4898,0.0017,0,0
510230.OF,国泰上证180金融ETF,2012-07-09,0.4759,0.4759,0.4759,0.4759,-0.0284,0,0
510230.OF,国泰上证180金融ETF,2012-07-10,0.4765,0.4765,0.4765,0.4765,0.0014,0,0
510230.OF,国泰上证180金融ETF,2012-07-11,0.477,0.477,0.477,0.477,0.001,0,0
510230.OF,国泰上证180金融ETF,2012-07-12,0.4774,0.4774,0.4774,0.4774,0.0007,0,0
510230.OF,国泰上证180金融ETF,2012-07-13,0.4793,0.4793,0.4793,0.4793,0.0041,0,0
510230.OF,国泰上证180金融ETF,2012-07-16,0.4733,0.4733,0.4733,0.4733,-0.0126,0,0
510230.OF,国泰上证180金融ETF,2012-07-17,0.4793,0.4793,0.4793,0.4793,0.0128,0,0
510230.OF,国泰上证180金融ETF,2012-07-18,0.4805,0.4805,0.4805,0.4805,0.0024,0,0
510230.OF,国泰上证180金融ETF,2012-07-19,0.4847,0.4847,0.4847,0.4847,0.0089,0,0
510230.OF,国泰上证180金融ETF,2012-07-20,0.4808,0.4808,0.4808,0.4808,-0.0081,0,0
510230.OF,国泰上证180金融ETF,2012-07-23,0.4713,0.4713,0.4713,0.4713,-0.0197,0,0
510230.OF,国泰上证180金融ETF,2012-07-24,0.4711,0.4711,0.4711,0.4711,-0.0003,0,0
510230.OF,国泰上证180金融ETF,2012-07-25,0.4692,0.4692,0.4692,0.4692,-0.0042,0,0
510230.OF,国泰上证180金融ETF,2012-07-26,0.4682,0.4682,0.4682,0.4682,-0.0021,0,0
510230.OF,国泰上证180金融ETF,2012-07-27,0.4698,0.4698,0.4698,0.4698,0.0035,0,0
510230.OF,国泰上证180金融ETF,2012-07-30,0.4684,0.4684,0.4684,0.4684,-0.0031,0,0
510230.OF,国泰上证180金融ETF,2012-07-31,0.4746,0.4746,0.4746,0.4746,0.0133,0,0
510230.OF,国泰上证180金融ETF,2012-08-01,0.4774,0.4774,0.4774,0.4774,0.0059,0,0
510230.OF,国泰上证180金融ETF,2012-08-02,0.4769,0.4769,0.4769,0.4769,-0.001,0,0
510230.OF,国泰上证180金融ETF,2012-08-03,0.4765,0.4765,0.4765,0.4765,-0.0007,0,0
510230.OF,国泰上证180金融ETF,2012-08-06,0.4787,0.4787,0.4787,0.4787,0.0045,0,0
510230.OF,国泰上证180金融ETF,2012-08-07,0.4756,0.4756,0.4756,0.4756,-0.0065,0,0
510230.OF,国泰上证180金融ETF,2012-08-08,0.4787,0.4787,0.4787,0.4787,0.0065,0,0
510230.OF,国泰上证180金融ETF,2012-08-09,0.4796,0.4796,0.4796,0.4796,0.0021,0,0
510230.OF,国泰上证180金融ETF,2012-08-10,0.4803,0.4803,0.4803,0.4803,0.0014,0,0
510230.OF,国泰上证180金融ETF,2012-08-13,0.4672,0.4672,0.4672,0.4672,-0.0273,0,0
510230.OF,国泰上证180金融ETF,2012-08-14,0.4666,0.4666,0.4666,0.4666,-0.0014,0,0
510230.OF,国泰上证180金融ETF,2012-08-15,0.4597,0.4597,0.4597,0.4597,-0.0147,0,0
510230.OF,国泰上证180金融ETF,2012-08-16,0.459,0.459,0.459,0.459,-0.0014,0,0
510230.OF,国泰上证180金融ETF,2012-08-17,0.4605,0.4605,0.4605,0.4605,0.0032,0,0
510230.OF,国泰上证180金融ETF,2012-08-20,0.4567,0.4567,0.4567,0.4567,-0.0082,0,0
510230.OF,国泰上证180金融ETF,2012-08-21,0.4564,0.4564,0.4564,0.4564,-0.0007,0,0
510230.OF,国泰上证180金融ETF,2012-08-22,0.4559,0.4559,0.4559,0.4559,-0.0011,0,0
510230.OF,国泰上证180金融ETF,2012-08-23,0.4567,0.4567,0.4567,0.4567,0.0018,0,0
510230.OF,国泰上证180金融ETF,2012-08-24,0.4544,0.4544,0.4544,0.4544,-0.005,0,0
510230.OF,国泰上证180金融ETF,2012-08-27,0.4463,0.4463,0.4463,0.4463,-0.018,0,0
510230.OF,国泰上证180金融ETF,2012-08-28,0.4517,0.4517,0.4517,0.4517,0.0121,0,0
510230.OF,国泰上证180金融ETF,2012-08-29,0.4494,0.4494,0.4494,0.4494,-0.0051,0,0
510230.OF,国泰上证180金融ETF,2012-08-30,0.4549,0.4549,0.4549,0.4549,0.0124,0,0
510230.OF,国泰上证180金融ETF,2012-08-31,0.4526,0.4526,0.4526,0.4526,-0.005,0,0
510230.OF,国泰上证180金融ETF,2012-09-03,0.4546,0.4546,0.4546,0.4546,0.0043,0,0
510230.OF,国泰上证180金融ETF,2012-09-04,0.4487,0.4487,0.4487,0.4487,-0.013,0,0
510230.OF,国泰上证180金融ETF,2012-09-05,0.4445,0.4445,0.4445,0.4445,-0.0095,0,0
510230.OF,国泰上证180金融ETF,2012-09-06,0.4485,0.4485,0.4485,0.4485,0.0092,0,0
510230.OF,国泰上证180金融ETF,2012-09-07,0.4674,0.4674,0.4674,0.4674,0.042,0,0
510230.OF,国泰上证180金融ETF,2012-09-10,0.4652,0.4652,0.4652,0.4652,-0.0046,0,0
510230.OF,国泰上证180金融ETF,2012-09-11,0.4613,0.4613,0.4613,0.4613,-0.0084,0,0
510230.OF,国泰上证180金融ETF,2012-09-12,0.4605,0.4605,0.4605,0.4605,-0.0018,0,0
510230.OF,国泰上证180金融ETF,2012-09-13,0.4579,0.4579,0.4579,0.4579,-0.0057,0,0
510230.OF,国泰上证180金融ETF,2012-09-14,0.4618,0.4618,0.4618,0.4618,0.0086,0,0
510230.OF,国泰上证180金融ETF,2012-09-17,0.4523,0.4523,0.4523,0.4523,-0.0206,0,0
510230.OF,国泰上证180金融ETF,2012-09-18,0.4484,0.4484,0.4484,0.4484,-0.0087,0,0
510230.OF,国泰上证180金融ETF,2012-09-19,0.449,0.449,0.449,0.449,0.0015,0,0
510230.OF,国泰上证180金融ETF,2012-09-20,0.4425,0.4425,0.4425,0.4425,-0.0146,0,0
510230.OF,国泰上证180金融ETF,2012-09-21,0.4418,0.4418,0.4418,0.4418,-0.0015,0,0
510230.OF,国泰上证180金融ETF,2012-09-24,0.4443,0.4443,0.4443,0.4443,0.0056,0,0
510230.OF,国泰上证180金融ETF,2012-09-25,0.4446,0.4446,0.4446,0.4446,0.0007,0,0
510230.OF,国泰上证180金融ETF,2012-09-26,0.4422,0.4422,0.4422,0.4422,-0.0055,0,0
510230.OF,国泰上证180金融ETF,2012-09-27,0.4569,0.4569,0.4569,0.4569,0.0333,0,0
510230.OF,国泰上证180金融ETF,2012-09-28,0.4616,0.4616,0.4616,0.4616,0.0104,0,0
510230.OF,国泰上证180金融ETF,2012-09-30,0.4616,0.4616,0.4616,0.4616,0.0,0,0
510230.OF,国泰上证180金融ETF,2012-10-08,0.4582,0.4582,0.4582,0.4582,-0.0074,0,0
510230.OF,国泰上证180金融ETF,2012-10-09,0.4679,0.4679,0.4679,0.4679,0.0211,0,0
510230.OF,国泰上证180金融ETF,2012-10-10,0.4667,0.4667,0.4667,0.4667,-0.0024,0,0
510230.OF,国泰上证180金融ETF,2012-10-11,0.4638,0.4638,0.4638,0.4638,-0.0063,0,0
510230.OF,国泰上证180金融ETF,2012-10-12,0.4659,0.4659,0.4659,0.4659,0.0046,0,0
510230.OF,国泰上证180金融ETF,2012-10-15,0.4659,0.4659,0.4659,0.4659,0.0,0,0
510230.OF,国泰上证180金融ETF,2012-10-16,0.4664,0.4664,0.4664,0.4664,0.0011,0,0
510230.OF,国泰上证180金融ETF,2012-10-17,0.4666,0.4666,0.4666,0.4666,0.0004,0,0
510230.OF,国泰上证180金融ETF,2012-10-18,0.4713,0.4713,0.4713,0.4713,0.0102,0,0
510230.OF,国泰上证180金融ETF,2012-10-19,0.4711,0.4711,0.4711,0.4711,-0.0003,0,0
510230.OF,国泰上证180金融ETF,2012-10-22,0.4744,0.4744,0.4744,0.4744,0.0069,0,0
510230.OF,国泰上证180金融ETF,2012-10-23,0.4682,0.4682,0.4682,0.4682,-0.0131,0,0
510230.OF,国泰上证180金融ETF,2012-10-24,0.467,0.467,0.467,0.467,-0.0024,0,0
510230.OF,国泰上证180金融ETF,2012-10-25,0.4634,0.4634,0.4634,0.4634,-0.0077,0,0
510230.OF,国泰上证180金融ETF,2012-10-26,0.4569,0.4569,0.4569,0.4569,-0.0141,0,0
510230.OF,国泰上证180金融ETF,2012-10-29,0.452,0.452,0.452,0.452,-0.0107,0,0
510230.OF,国泰上证180金融ETF,2012-10-30,0.4525,0.4525,0.4525,0.4525,0.0011,0,0
510230.OF,国泰上证180金融ETF,2012-10-31,0.4543,0.4543,0.4543,0.4543,0.004,0,0
510230.OF,国泰上证180金融ETF,2012-11-01,0.4628,0.4628,0.4628,0.4628,0.0187,0,0
510230.OF,国泰上证180金融ETF,2012-11-02,0.4666,0.4666,0.4666,0.4666,0.0081,0,0
510230.OF,国泰上证180金融ETF,2012-11-05,0.4664,0.4664,0.4664,0.4664,-0.0004,0,0
510230.OF,国泰上证180金融ETF,2012-11-06,0.4661,0.4661,0.4661,0.4661,-0.0007,0,0
510230.OF,国泰上证180金融ETF,2012-11-07,0.4639,0.4639,0.4639,0.4639,-0.0046,0,0
510230.OF,国泰上证180金融ETF,2012-11-08,0.4569,0.4569,0.4569,0.4569,-0.0152,0,0
510230.OF,国泰上证180金融ETF,2012-11-09,0.4562,0.4562,0.4562,0.4562,-0.0014,0,0
510230.OF,国泰上证180金融ETF,2012-11-12,0.4592,0.4592,0.4592,0.4592,0.0065,0,0
510230.OF,国泰上证180金融ETF,2012-11-13,0.4513,0.4513,0.4513,0.4513,-0.0171,0,0
510230.OF,国泰上证180金融ETF,2012-11-14,0.4528,0.4528,0.4528,0.4528,0.0033,0,0
510230.OF,国泰上证180金融ETF,2012-11-15,0.4481,0.4481,0.4481,0.4481,-0.0105,0,0
510230.OF,国泰上证180金融ETF,2012-11-16,0.4449,0.4449,0.4449,0.4449,-0.0069,0,0
510230.OF,国泰上证180金融ETF,2012-11-19,0.4454,0.4454,0.4454,0.4454,0.0011,0,0
510230.OF,国泰上证180金融ETF,2012-11-20,0.4413,0.4413,0.4413,0.4413,-0.0092,0,0
510230.OF,国泰上证180金融ETF,2012-11-21,0.4489,0.4489,0.4489,0.4489,0.0171,0,0
510230.OF,国泰上证180金融ETF,2012-11-22,0.4474,0.4474,0.4474,0.4474,-0.0033,0,0
510230.OF,国泰上证180金融ETF,2012-11-23,0.4507,0.4507,0.4507,0.4507,0.0073,0,0
510230.OF,国泰上证180金融ETF,2012-11-26,0.449,0.449,0.449,0.449,-0.0036,0,0
510230.OF,国泰上证180金融ETF,2012-11-27,0.4469,0.4469,0.4469,0.4469,-0.0047,0,0
510230.OF,国泰上证180金融ETF,2012-11-28,0.4461,0.4461,0.4461,0.4461,-0.0018,0,0
510230.OF,国泰上证180金融ETF,2012-11-29,0.4407,0.4407,0.4407,0.4407,-0.0121,0,0
510230.OF,国泰上证180金融ETF,2012-11-30,0.4438,0.4438,0.4438,0.4438,0.0071,0,0
510230.OF,国泰上证180金融ETF,2012-12-03,0.4405,0.4405,0.4405,0.4405,-0.0074,0,0
510230.OF,国泰上证180金融ETF,2012-12-04,0.4459,0.4459,0.4459,0.4459,0.0123,0,0
510230.OF,国泰上证180金融ETF,2012-12-05,0.4651,0.4651,0.4651,0.4651,0.043,0,0
510230.OF,国泰上证180金融ETF,2012-12-06,0.4666,0.4666,0.4666,0.4666,0.0032,0,0
510230.OF,国泰上证180金融ETF,2012-12-07,0.4778,0.4778,0.4778,0.4778,0.0242,0,0
510230.OF,国泰上证180金融ETF,2012-12-10,0.4839,0.4839,0.4839,0.4839,0.0127,0,0
510230.OF,国泰上证180金融ETF,2012-12-11,0.481,0.481,0.481,0.481,-0.0061,0,0
510230.OF,国泰上证180金融ETF,2012-12-12,0.4844,0.4844,0.4844,0.4844,0.0071,0,0
510230.OF,国泰上证180金融ETF,2012-12-13,0.4777,0.4777,0.4777,0.4777,-0.0139,0,0
510230.OF,国泰上证180金融ETF,2012-12-14,0.5114,0.5114,0.5114,0.5114,0.0706,0,0
510230.OF,国泰上证180金融ETF,2012-12-17,0.5145,0.5145,0.5145,0.5145,0.0061,0,0
510230.OF,国泰上证180金融ETF,2012-12-18,0.5173,0.5173,0.5173,0.5173,0.0054,0,0
510230.OF,国泰上证180金融ETF,2012-12-19,0.5153,0.5153,0.5153,0.5153,-0.0038,0,0
510230.OF,国泰上证180金融ETF,2012-12-20,0.5168,0.5168,0.5168,0.5168,0.0029,0,0
510230.OF,国泰上证180金融ETF,2012-12-21,0.5121,0.5121,0.5121,0.5121,-0.0092,0,0
510230.OF,国泰上证180金融ETF,2012-12-24,0.5171,0.5171,0.5171,0.5171,0.0099,0,0
510230.OF,国泰上证180金融ETF,2012-12-25,0.5353,0.5353,0.5353,0.5353,0.0351,0,0
510230.OF,国泰上证180金融ETF,2012-12-26,0.5338,0.5338,0.5338,0.5338,-0.0028,0,0
510230.OF,国泰上证180金融ETF,2012-12-27,0.5278,0.5278,0.5278,0.5278,-0.0113,0,0
510230.OF,国泰上证180金融ETF,2012-12-28,0.5396,0.5396,0.5396,0.5396,0.0223,0,0
510230.OF,国泰上证180金融ETF,2012-12-31,0.555,0.555,0.555,0.555,0.0285,0,0
510230.OF,国泰上证180金融ETF,2013-01-04,0.5599,0.5599,0.5599,0.5599,0.0088,0,0
510230.OF,国泰上证180金融ETF,2013-01-07,0.5661,0.5661,0.5661,0.5661,0.0111,0,0
510230.OF,国泰上证180金融ETF,2013-01-08,0.5554,0.5554,0.5554,0.5554,-0.0188,0,0
510230.OF,国泰上证180金融ETF,2013-01-09,0.5523,0.5523,0.5523,0.5523,-0.0056,0,0
510230.OF,国泰上证180金融ETF,2013-01-10,0.5523,0.5523,0.5523,0.5523,0.0,0,0
510230.OF,国泰上证180金融ETF,2013-01-11,0.5419,0.5419,0.5419,0.5419,-0.019,0,0
510230.OF,国泰上证180金融ETF,2013-01-14,0.5685,0.5685,0.5685,0.5685,0.0492,0,0
510230.OF,国泰上证180金融ETF,2013-01-15,0.5702,0.5702,0.5702,0.5702,0.0029,0,0
510230.OF,国泰上证180金融ETF,2013-01-16,0.5608,0.5608,0.5608,0.5608,-0.0164,0,0
510230.OF,国泰上证180金融ETF,2013-01-17,0.555,0.555,0.555,0.555,-0.0105,0,0
510230.OF,国泰上证180金融ETF,2013-01-18,0.5649,0.5649,0.5649,0.5649,0.018,0,0
510230.OF,国泰上证180金融ETF,2013-01-21,0.5702,0.5702,0.5702,0.5702,0.0093,0,0
510230.OF,国泰上证180金融ETF,2013-01-22,0.5743,0.5743,0.5743,0.5743,0.0072,0,0
510230.OF,国泰上证180金融ETF,2013-01-23,0.5802,0.5802,0.5802,0.5802,0.0103,0,0
510230.OF,国泰上证180金融ETF,2013-01-24,0.5802,0.5802,0.5802,0.5802,0.0,0,0
510230.OF,国泰上证180金融ETF,2013-01-25,0.5752,0.5752,0.5752,0.5752,-0.0085,0,0
510230.OF,国泰上证180金融ETF,2013-01-28,0.6028,0.6028,0.6028,0.6028,0.0478,0,0
510230.OF,国泰上证180金融ETF,2013-01-29,0.6145,0.6145,0.6145,0.6145,0.0196,0,0
510230.OF,国泰上证180金融ETF,2013-01-30,0.6178,0.6178,0.6178,0.6178,0.0053,0,0
510230.OF,国泰上证180金融ETF,2013-01-31,0.6212,0.6212,0.6212,0.6212,0.0056,0,0
510230.OF,国泰上证180金融ETF,2013-02-01,0.6497,0.6497,0.6497,0.6497,0.0458,0,0
510230.OF,国泰上证180金融ETF,2013-02-04,0.6519,0.6519,0.6519,0.6519,0.0033,0,0
510230.OF,国泰上证180金融ETF,2013-02-05,0.645,0.645,0.645,0.645,-0.0105,0,0
510230.OF,国泰上证180金融ETF,2013-02-06,0.652,0.652,0.652,0.652,0.0109,0,0
510230.OF,国泰上证180金融ETF,2013-02-07,0.6376,0.6376,0.6376,0.6376,-0.0221,0,0
510230.OF,国泰上证180金融ETF,2013-02-08,0.6316,0.6316,0.6316,0.6316,-0.0095,0,0
510230.OF,国泰上证180金融ETF,2013-02-18,0.6204,0.6204,0.6204,0.6204,-0.0176,0,0
510230.OF,国泰上证180金融ETF,2013-02-19,0.6137,0.6137,0.6137,0.6137,-0.0108,0,0
510230.OF,国泰上证180金融ETF,2013-02-20,0.61,0.61,0.61,0.61,-0.0061,0,0
510230.OF,国泰上证180金融ETF,2013-02-21,0.5821,0.5821,0.5821,0.5821,-0.0456,0,0
510230.OF,国泰上证180金融ETF,2013-02-22,0.5748,0.5748,0.5748,0.5748,-0.0127,0,0
510230.OF,国泰上证180金融ETF,2013-02-25,0.5787,0.5787,0.5787,0.5787,0.0068,0,0
510230.OF,国泰上证180金融ETF,2013-02-26,0.5733,0.5733,0.5733,0.5733,-0.0093,0,0
510230.OF,国泰上证180金融ETF,2013-02-27,0.5834,0.5834,0.5834,0.5834,0.0177,0,0
510230.OF,国泰上证180金融ETF,2013-02-28,0.6078,0.6078,0.6078,0.6078,0.0418,0,0
510230.OF,国泰上证180金融ETF,2013-03-01,0.6036,0.6036,0.6036,0.6036,-0.007,0,0
510230.OF,国泰上证180金融ETF,2013-03-04,0.5667,0.5667,0.5667,0.5667,-0.061,0,0
510230.OF,国泰上证180金融ETF,2013-03-05,0.5998,0.5998,0.5998,0.5998,0.0583,0,0
510230.OF,国泰上证180金融ETF,2013-03-06,0.6042,0.6042,0.6042,0.6042,0.0074,0,0
510230.OF,国泰上证180金融ETF,2013-03-07,0.5898,0.5898,0.5898,0.5898,-0.0238,0,0
510230.OF,国泰上证180金融ETF,2013-03-08,0.5895,0.5895,0.5895,0.5895,-0.0006,0,0
510230.OF,国泰上证180金融ETF,2013-03-11,0.5808,0.5808,0.5808,0.5808,-0.0147,0,0
510230.OF,国泰上证180金融ETF,2013-03-12,0.5713,0.5713,0.5713,0.5713,-0.0163,0,0
510230.OF,国泰上证180金融ETF,2013-03-13,0.5654,0.5654,0.5654,0.5654,-0.0103,0,0
510230.OF,国泰上证180金融ETF,2013-03-14,0.5677,0.5677,0.5677,0.5677,0.0041,0,0
510230.OF,国泰上证180金融ETF,2013-03-15,0.5694,0.5694,0.5694,0.5694,0.0029,0,0
510230.OF,国泰上证180金融ETF,2013-03-18,0.5605,0.5605,0.5605,0.5605,-0.0155,0,0
510230.OF,国泰上证180金融ETF,2013-03-19,0.5685,0.5685,0.5685,0.5685,0.0143,0,0
510230.OF,国泰上证180金融ETF,2013-03-20,0.5969,0.5969,0.5969,0.5969,0.0498,0,0
510230.OF,国泰上证180金融ETF,2013-03-21,0.5957,0.5957,0.5957,0.5957,-0.0019,0,0
510230.OF,国泰上证180金融ETF,2013-03-22,0.5952,0.5952,0.5952,0.5952,-0.0008,0,0
510230.OF,国泰上证180金融ETF,2013-03-25,0.5921,0.5921,0.5921,0.5921,-0.0052,0,0
510230.OF,国泰上证180金融ETF,2013-03-26,0.5764,0.5764,0.5764,0.5764,-0.0265,0,0
510230.OF,国泰上证180金融ETF,2013-03-27,0.58,0.58,0.58,0.58,0.0062,0,0
510230.OF,国泰上证180金融ETF,2013-03-28,0.5479,0.5479,0.5479,0.5479,-0.0553,0,0
510230.OF,国泰上证180金融ETF,2013-03-29,0.55,0.55,0.55,0.55,0.0039,0,0
510230.OF,国泰上证180金融ETF,2013-03-31,0.55,0.55,0.55,0.55,0.0,0,0
510230.OF,国泰上证180金融ETF,2013-04-01,0.5476,0.5476,0.5476,0.5476,-0.0045,0,0
510230.OF,国泰上证180金融ETF,2013-04-02,0.5479,0.5479,0.5479,0.5479,0.0006,0,0
510230.OF,国泰上证180金融ETF,2013-04-03,0.5505,0.5505,0.5505,0.5505,0.0048,0,0
510230.OF,国泰上证180金融ETF,2013-04-08,0.5445,0.5445,0.5445,0.5445,-0.011,0,0
510230.OF,国泰上证180金融ETF,2013-04-09,0.5507,0.5507,0.5507,0.5507,0.0114,0,0
510230.OF,国泰上证180金融ETF,2013-04-10,0.5477,0.5477,0.5477,0.5477,-0.0054,0,0
510230.OF,国泰上证180金融ETF,2013-04-11,0.5476,0.5476,0.5476,0.5476,-0.0003,0,0
510230.OF,国泰上证180金融ETF,2013-04-12,0.5441,0.5441,0.5441,0.5441,-0.0063,0,0
510230.OF,国泰上证180金融ETF,2013-04-15,0.5425,0.5425,0.5425,0.5425,-0.003,0,0
510230.OF,国泰上证180金融ETF,2013-04-16,0.5468,0.5468,0.5468,0.5468,0.0078,0,0
510230.OF,国泰上证180金融ETF,2013-04-17,0.5407,0.5407,0.5407,0.5407,-0.0111,0,0
510230.OF,国泰上证180金融ETF,2013-04-18,0.5443,0.5443,0.5443,0.5443,0.0067,0,0
510230.OF,国泰上证180金融ETF,2013-04-19,0.5666,0.5666,0.5666,0.5666,0.0409,0,0
510230.OF,国泰上证180金融ETF,2013-04-22,0.5662,0.5662,0.5662,0.5662,-0.0006,0,0
510230.OF,国泰上证180金融ETF,2013-04-23,0.5451,0.5451,0.5451,0.5451,-0.0373,0,0
510230.OF,国泰上证180金融ETF,2013-04-24,0.5574,0.5574,0.5574,0.5574,0.0225,0,0
510230.OF,国泰上证180金融ETF,2013-04-25,0.552,0.552,0.552,0.552,-0.0097,0,0
510230.OF,国泰上证180金融ETF,2013-04-26,0.5495,0.5495,0.5495,0.5495,-0.0044,0,0
510230.OF,国泰上证180金融ETF,2013-05-02,0.5528,0.5528,0.5528,0.5528,0.006,0,0
510230.OF,国泰上证180金融ETF,2013-05-03,0.5646,0.5646,0.5646,0.5646,0.0213,0,0
510230.OF,国泰上证180金融ETF,2013-05-06,0.5695,0.5695,0.5695,0.5695,0.0087,0,0
510230.OF,国泰上证180金融ETF,2013-05-07,0.5658,0.5658,0.5658,0.5658,-0.0066,0,0
510230.OF,国泰上证180金融ETF,2013-05-08,0.5666,0.5666,0.5666,0.5666,0.0014,0,0
510230.OF,国泰上证180金融ETF,2013-05-09,0.5622,0.5622,0.5622,0.5622,-0.0078,0,0
510230.OF,国泰上证180金融ETF,2013-05-10,0.5654,0.5654,0.5654,0.5654,0.0058,0,0
510230.OF,国泰上证180金融ETF,2013-05-13,0.5622,0.5622,0.5622,0.5622,-0.0058,0,0
510230.OF,国泰上证180金融ETF,2013-05-14,0.5556,0.5556,0.5556,0.5556,-0.0116,0,0
510230.OF,国泰上证180金融ETF,2013-05-15,0.5574,0.5574,0.5574,0.5574,0.0032,0,0
510230.OF,国泰上证180金融ETF,2013-05-16,0.5694,0.5694,0.5694,0.5694,0.0214,0,0
510230.OF,国泰上证180金融ETF,2013-05-17,0.5748,0.5748,0.5748,0.5748,0.0095,0,0
510230.OF,国泰上证180金融ETF,2013-05-20,0.582,0.582,0.582,0.582,0.0125,0,0
510230.OF,国泰上证180金融ETF,2013-05-21,0.578,0.578,0.578,0.578,-0.0068,0,0
510230.OF,国泰上证180金融ETF,2013-05-22,0.5808,0.5808,0.5808,0.5808,0.0048,0,0
510230.OF,国泰上证180金融ETF,2013-05-23,0.5689,0.5689,0.5689,0.5689,-0.0206,0,0
510230.OF,国泰上证180金融ETF,2013-05-24,0.5708,0.5708,0.5708,0.5708,0.0035,0,0
510230.OF,国泰上证180金融ETF,2013-05-27,0.5715,0.5715,0.5715,0.5715,0.0011,0,0
510230.OF,国泰上证180金融ETF,2013-05-28,0.5865,0.5865,0.5865,0.5865,0.0264,0,0
510230.OF,国泰上证180金融ETF,2013-05-29,0.5823,0.5823,0.5823,0.5823,-0.0073,0,0
510230.OF,国泰上证180金融ETF,2013-05-30,0.5811,0.5811,0.5811,0.5811,-0.002,0,0
510230.OF,国泰上证180金融ETF,2013-05-31,0.5767,0.5767,0.5767,0.5767,-0.0076,0,0
510230.OF,国泰上证180金融ETF,2013-06-03,0.5767,0.5767,0.5767,0.5767,0.0,0,0
510230.OF,国泰上证180金融ETF,2013-06-04,0.5708,0.5708,0.5708,0.5708,-0.0102,0,0
510230.OF,国泰上证180金融ETF,2013-06-05,0.5659,0.5659,0.5659,0.5659,-0.0086,0,0
510230.OF,国泰上证180金融ETF,2013-06-06,0.5584,0.5584,0.5584,0.5584,-0.0133,0,0
510230.OF,国泰上证180金融ETF,2013-06-07,0.5517,0.5517,0.5517,0.5517,-0.012,0,0
510230.OF,国泰上证180金融ETF,2013-06-13,0.5356,0.5356,0.5356,0.5356,-0.0291,0,0
510230.OF,国泰上证180金融ETF,2013-06-14,0.5371,0.5371,0.5371,0.5371,0.0028,0,0
510230.OF,国泰上证180金融ETF,2013-06-17,0.534,0.534,0.534,0.534,-0.0058,0,0
510230.OF,国泰上证180金融ETF,2013-06-18,0.5383,0.5383,0.5383,0.5383,0.008,0,0
510230.OF,国泰上证180金融ETF,2013-06-19,0.5306,0.5306,0.5306,0.5306,-0.0143,0,0
510230.OF,国泰上证180金融ETF,2013-06-20,0.5124,0.5124,0.5124,0.5124,-0.0342,0,0
510230.OF,国泰上证180金融ETF,2013-06-21,0.5139,0.5139,0.5139,0.5139,0.0029,0,0
510230.OF,国泰上证180金融ETF,2013-06-24,0.476,0.476,0.476,0.476,-0.0736,0,0
510230.OF,国泰上证180金融ETF,2013-06-25,0.4769,0.4769,0.4769,0.4769,0.0017,0,0
510230.OF,国泰上证180金融ETF,2013-06-26,0.4723,0.4723,0.4723,0.4723,-0.0096,0,0
510230.OF,国泰上证180金融ETF,2013-06-27,0.4747,0.4747,0.4747,0.4747,0.0052,0,0
510230.OF,国泰上证180金融ETF,2013-06-28,0.4921,0.4921,0.4921,0.4921,0.0366,0,0
510230.OF,国泰上证180金融ETF,2013-06-30,0.4921,0.4921,0.4921,0.4921,0.0,0,0
510230.OF,国泰上证180金融ETF,2013-07-01,0.4905,0.4905,0.4905,0.4905,-0.0033,0,0
510230.OF,国泰上证180金融ETF,2013-07-02,0.488,0.488,0.488,0.488,-0.005,0,0
510230.OF,国泰上证180金融ETF,2013-07-03,0.4823,0.4823,0.4823,0.4823,-0.0117,0,0
510230.OF,国泰上证180金融ETF,2013-07-04,0.485,0.485,0.485,0.485,0.0058,0,0
510230.OF,国泰上证180金融ETF,2013-07-05,0.4872,0.4872,0.4872,0.4872,0.0044,0,0
510230.OF,国泰上证180金融ETF,2013-07-08,0.4788,0.4788,0.4788,0.4788,-0.0171,0,0
510230.OF,国泰上证180金融ETF,2013-07-09,0.4796,0.4796,0.4796,0.4796,0.0017,0,0
510230.OF,国泰上证180金融ETF,2013-07-10,0.4913,0.4913,0.4913,0.4913,0.0242,0,0
510230.OF,国泰上证180金融ETF,2013-07-11,0.5261,0.5261,0.5261,0.5261,0.071,0,0
510230.OF,国泰上证180金融ETF,2013-07-12,0.5088,0.5088,0.5088,0.5088,-0.033,0,0
510230.OF,国泰上证180金融ETF,2013-07-15,0.5157,0.5157,0.5157,0.5157,0.0135,0,0
510230.OF,国泰上证180金融ETF,2013-07-16,0.5166,0.5166,0.5166,0.5166,0.0019,0,0
510230.OF,国泰上证180金融ETF,2013-07-17,0.5086,0.5086,0.5086,0.5086,-0.0155,0,0
510230.OF,国泰上证180金融ETF,2013-07-18,0.4972,0.4972,0.4972,0.4972,-0.0225,0,0
510230.OF,国泰上证180金融ETF,2013-07-19,0.487,0.487,0.487,0.487,-0.0204,0,0
510230.OF,国泰上证180金融ETF,2013-07-22,0.4873,0.4873,0.4873,0.4873,0.0007,0,0
510230.OF,国泰上证180金融ETF,2013-07-23,0.4995,0.4995,0.4995,0.4995,0.0249,0,0
510230.OF,国泰上证180金融ETF,2013-07-24,0.4914,0.4914,0.4914,0.4914,-0.0161,0,0
510230.OF,国泰上证180金融ETF,2013-07-25,0.4905,0.4905,0.4905,0.4905,-0.002,0,0
510230.OF,国泰上证180金融ETF,2013-07-26,0.4878,0.4878,0.4878,0.4878,-0.0053,0,0
510230.OF,国泰上证180金融ETF,2013-07-29,0.4754,0.4754,0.4754,0.4754,-0.0255,0,0
510230.OF,国泰上证180金融ETF,2013-07-30,0.4819,0.4819,0.4819,0.4819,0.0138,0,0
510230.OF,国泰上证180金融ETF,2013-07-31,0.4821,0.4821,0.4821,0.4821,0.0003,0,0
510230.OF,国泰上证180金融ETF,2013-08-01,0.4932,0.4932,0.4932,0.4932,0.0231,0,0
510230.OF,国泰上证180金融ETF,2013-08-02,0.4909,0.4909,0.4909,0.4909,-0.0046,0,0
510230.OF,国泰上证180金融ETF,2013-08-05,0.496,0.496,0.496,0.496,0.0103,0,0
510230.OF,国泰上证180金融ETF,2013-08-06,0.4952,0.4952,0.4952,0.4952,-0.0017,0,0
510230.OF,国泰上证180金融ETF,2013-08-07,0.4931,0.4931,0.4931,0.4931,-0.0043,0,0
510230.OF,国泰上证180金融ETF,2013-08-08,0.4914,0.4914,0.4914,0.4914,-0.0033,0,0
510230.OF,国泰上证180金融ETF,2013-08-09,0.4926,0.4926,0.4926,0.4926,0.0023,0,0
510230.OF,国泰上证180金融ETF,2013-08-12,0.5109,0.5109,0.5109,0.5109,0.0372,0,0
510230.OF,国泰上证180金融ETF,2013-08-13,0.5155,0.5155,0.5155,0.5155,0.009,0,0
510230.OF,国泰上证180金融ETF,2013-08-14,0.513,0.513,0.513,0.513,-0.0048,0,0
510230.OF,国泰上证180金融ETF,2013-08-15,0.5076,0.5076,0.5076,0.5076,-0.0105,0,0
510230.OF,国泰上证180金融ETF,2013-08-16,0.5094,0.5094,0.5094,0.5094,0.0035,0,0
510230.OF,国泰上证180金融ETF,2013-08-19,0.5135,0.5135,0.5135,0.5135,0.008,0,0
510230.OF,国泰上证180金融ETF,2013-08-20,0.5101,0.5101,0.5101,0.5101,-0.0067,0,0
510230.OF,国泰上证180金融ETF,2013-08-21,0.5081,0.5081,0.5081,0.5081,-0.0039,0,0
510230.OF,国泰上证180金融ETF,2013-08-22,0.5071,0.5071,0.5071,0.5071,-0.0019,0,0
510230.OF,国泰上证180金融ETF,2013-08-23,0.5003,0.5003,0.5003,0.5003,-0.0136,0,0
510230.OF,国泰上证180金融ETF,2013-08-26,0.5134,0.5134,0.5134,0.5134,0.0262,0,0
510230.OF,国泰上证180金融ETF,2013-08-27,0.5135,0.5135,0.5135,0.5135,0.0003,0,0
510230.OF,国泰上证180金融ETF,2013-08-28,0.5094,0.5094,0.5094,0.5094,-0.008,0,0
510230.OF,国泰上证180金融ETF,2013-08-29,0.5099,0.5099,0.5099,0.5099,0.001,0,0
510230.OF,国泰上证180金融ETF,2013-08-30,0.5137,0.5137,0.5137,0.5137,0.0074,0,0
510230.OF,国泰上证180金融ETF,2013-09-02,0.5147,0.5147,0.5147,0.5147,0.0019,0,0
510230.OF,国泰上证180金融ETF,2013-09-03,0.5225,0.5225,0.5225,0.5225,0.0153,0,0
510230.OF,国泰上证180金融ETF,2013-09-04,0.5214,0.5214,0.5214,0.5214,-0.0022,0,0
510230.OF,国泰上证180金融ETF,2013-09-05,0.5206,0.5206,0.5206,0.5206,-0.0016,0,0
510230.OF,国泰上证180金融ETF,2013-09-06,0.5276,0.5276,0.5276,0.5276,0.0135,0,0
510230.OF,国泰上证180金融ETF,2013-09-09,0.5658,0.5658,0.5658,0.5658,0.0723,0,0
510230.OF,国泰上证180金融ETF,2013-09-10,0.5743,0.5743,0.5743,0.5743,0.015,0,0
510230.OF,国泰上证180金融ETF,2013-09-11,0.5715,0.5715,0.5715,0.5715,-0.0048,0,0
510230.OF,国泰上证180金融ETF,2013-09-12,0.5892,0.5892,0.5892,0.5892,0.0309,0,0
510230.OF,国泰上证180金融ETF,2013-09-13,0.578,0.578,0.578,0.578,-0.0189,0,0
510230.OF,国泰上证180金融ETF,2013-09-16,0.5743,0.5743,0.5743,0.5743,-0.0065,0,0
510230.OF,国泰上证180金融ETF,2013-09-17,0.5612,0.5612,0.5612,0.5612,-0.0228,0,0
510230.OF,国泰上证180金融ETF,2013-09-18,0.5622,0.5622,0.5622,0.5622,0.0018,0,0
510230.OF,国泰上证180金融ETF,2013-09-23,0.5656,0.5656,0.5656,0.5656,0.0061,0,0
510230.OF,国泰上证180金融ETF,2013-09-24,0.5492,0.5492,0.5492,0.5492,-0.0289,0,0
510230.OF,国泰上证180金融ETF,2013-09-25,0.5458,0.5458,0.5458,0.5458,-0.0063,0,0
510230.OF,国泰上证180金融ETF,2013-09-26,0.5342,0.5342,0.5342,0.5342,-0.0213,0,0
510230.OF,国泰上证180金融ETF,2013-09-27,0.5386,0.5386,0.5386,0.5386,0.0083,0,0
510230.OF,国泰上证180金融ETF,2013-09-30,0.5387,0.5387,0.5387,0.5387,0.0003,0,0
510230.OF,国泰上证180金融ETF,2013-10-08,0.5423,0.5423,0.5423,0.5423,0.0067,0,0
510230.OF,国泰上证180金融ETF,2013-10-09,0.5461,0.5461,0.5461,0.5461,0.0069,0,0
510230.OF,国泰上证180金融ETF,2013-10-10,0.5337,0.5337,0.5337,0.5337,-0.0228,0,0
510230.OF,国泰上证180金融ETF,2013-10-11,0.5459,0.5459,0.5459,0.5459,0.023,0,0
510230.OF,国泰上证180金融ETF,2013-10-14,0.5405,0.5405,0.5405,0.5405,-0.0099,0,0
510230.OF,国泰上证180金融ETF,2013-10-15,0.536,0.536,0.536,0.536,-0.0085,0,0
510230.OF,国泰上证180金融ETF,2013-10-16,0.5279,0.5279,0.5279,0.5279,-0.015,0,0
510230.OF,国泰上证180金融ETF,2013-10-17,0.525,0.525,0.525,0.525,-0.0056,0,0
510230.OF,国泰上证180金融ETF,2013-10-18,0.5283,0.5283,0.5283,0.5283,0.0062,0,0
510230.OF,国泰上证180金融ETF,2013-10-21,0.5345,0.5345,0.5345,0.5345,0.0118,0,0
510230.OF,国泰上证180金融ETF,2013-10-22,0.527,0.527,0.527,0.527,-0.0141,0,0
510230.OF,国泰上证180金融ETF,2013-10-23,0.5286,0.5286,0.5286,0.5286,0.0031,0,0
510230.OF,国泰上证180金融ETF,2013-10-24,0.5227,0.5227,0.5227,0.5227,-0.0111,0,0
510230.OF,国泰上证180金融ETF,2013-10-25,0.5235,0.5235,0.5235,0.5235,0.0016,0,0
510230.OF,国泰上证180金融ETF,2013-10-28,0.5238,0.5238,0.5238,0.5238,0.0006,0,0
510230.OF,国泰上证180金融ETF,2013-10-29,0.5368,0.5368,0.5368,0.5368,0.0247,0,0
510230.OF,国泰上证180金融ETF,2013-10-30,0.5404,0.5404,0.5404,0.5404,0.0067,0,0
510230.OF,国泰上证180金融ETF,2013-10-31,0.5315,0.5315,0.5315,0.5315,-0.0164,0,0
510230.OF,国泰上证180金融ETF,2013-11-01,0.5386,0.5386,0.5386,0.5386,0.0132,0,0
510230.OF,国泰上证180金融ETF,2013-11-04,0.5345,0.5345,0.5345,0.5345,-0.0076,0,0
510230.OF,国泰上证180金融ETF,2013-11-05,0.5309,0.5309,0.5309,0.5309,-0.0067,0,0
510230.OF,国泰上证180金融ETF,2013-11-06,0.5227,0.5227,0.5227,0.5227,-0.0154,0,0
510230.OF,国泰上证180金融ETF,2013-11-07,0.523,0.523,0.523,0.523,0.0006,0,0
510230.OF,国泰上证180金融ETF,2013-11-08,0.515,0.515,0.515,0.515,-0.0153,0,0
510230.OF,国泰上证180金融ETF,2013-11-11,0.5157,0.5157,0.5157,0.5157,0.0013,0,0
510230.OF,国泰上证180金融ETF,2013-11-12,0.5225,0.5225,0.5225,0.5225,0.0133,0,0
510230.OF,国泰上证180金融ETF,2013-11-13,0.5068,0.5068,0.5068,0.5068,-0.0301,0,0
510230.OF,国泰上证180金融ETF,2013-11-14,0.5057,0.5057,0.5057,0.5057,-0.0023,0,0
510230.OF,国泰上证180金融ETF,2013-11-15,0.5181,0.5181,0.5181,0.5181,0.0246,0,0
510230.OF,国泰上证180金融ETF,2013-11-18,0.5466,0.5466,0.5466,0.5466,0.055,0,0
510230.OF,国泰上证180金融ETF,2013-11-19,0.5402,0.5402,0.5402,0.5402,-0.0117,0,0
510230.OF,国泰上证180金融ETF,2013-11-20,0.5419,0.5419,0.5419,0.5419,0.003,0,0
510230.OF,国泰上证180金融ETF,2013-11-21,0.5373,0.5373,0.5373,0.5373,-0.0085,0,0
510230.OF,国泰上证180金融ETF,2013-11-22,0.536,0.536,0.536,0.536,-0.0024,0,0
510230.OF,国泰上证180金融ETF,2013-11-25,0.5324,0.5324,0.5324,0.5324,-0.0067,0,0
510230.OF,国泰上证180金融ETF,2013-11-26,0.5319,0.5319,0.5319,0.5319,-0.0009,0,0
510230.OF,国泰上证180金融ETF,2013-11-27,0.5384,0.5384,0.5384,0.5384,0.0123,0,0
510230.OF,国泰上证180金融ETF,2013-11-28,0.5402,0.5402,0.5402,0.5402,0.0033,0,0
510230.OF,国泰上证180金融ETF,2013-11-29,0.5396,0.5396,0.5396,0.5396,-0.0012,0,0
510230.OF,国泰上证180金融ETF,2013-12-02,0.5528,0.5528,0.5528,0.5528,0.0246,0,0
510230.OF,国泰上证180金融ETF,2013-12-03,0.5509,0.5509,0.5509,0.5509,-0.0036,0,0
510230.OF,国泰上证180金融ETF,2013-12-04,0.5553,0.5553,0.5553,0.5553,0.008,0,0
510230.OF,国泰上证180金融ETF,2013-12-05,0.5536,0.5536,0.5536,0.5536,-0.0029,0,0
510230.OF,国泰上证180金融ETF,2013-12-06,0.5476,0.5476,0.5476,0.5476,-0.0109,0,0
510230.OF,国泰上证180金融ETF,2013-12-09,0.5451,0.5451,0.5451,0.5451,-0.0045,0,0
510230.OF,国泰上证180金融ETF,2013-12-10,0.5466,0.5466,0.5466,0.5466,0.0027,0,0
510230.OF,国泰上证180金融ETF,2013-12-11,0.5347,0.5347,0.5347,0.5347,-0.0219,0,0
510230.OF,国泰上证180金融ETF,2013-12-12,0.5317,0.5317,0.5317,0.5317,-0.0055,0,0
510230.OF,国泰上证180金融ETF,2013-12-13,0.5309,0.5309,0.5309,0.5309,-0.0015,0,0
510230.OF,国泰上证180金融ETF,2013-12-16,0.5252,0.5252,0.5252,0.5252,-0.0108,0,0
510230.OF,国泰上证180金融ETF,2013-12-17,0.524,0.524,0.524,0.524,-0.0022,0,0
510230.OF,国泰上证180金融ETF,2013-12-18,0.5253,0.5253,0.5253,0.5253,0.0025,0,0
510230.OF,国泰上证180金融ETF,2013-12-19,0.5189,0.5189,0.5189,0.5189,-0.0122,0,0
510230.OF,国泰上证180金融ETF,2013-12-20,0.5026,0.5026,0.5026,0.5026,-0.0315,0,0
510230.OF,国泰上证180金融ETF,2013-12-23,0.5045,0.5045,0.5045,0.5045,0.0039,0,0
510230.OF,国泰上证180金融ETF,2013-12-24,0.5045,0.5045,0.5045,0.5045,0.0,0,0
510230.OF,国泰上证180金融ETF,2013-12-25,0.5076,0.5076,0.5076,0.5076,0.0062,0,0
510230.OF,国泰上证180金融ETF,2013-12-26,0.5006,0.5006,0.5006,0.5006,-0.0139,0,0
510230.OF,国泰上证180金融ETF,2013-12-27,0.5103,0.5103,0.5103,0.5103,0.0193,0,0
510230.OF,国泰上证180金融ETF,2013-12-30,0.5094,0.5094,0.5094,0.5094,-0.0016,0,0
510230.OF,国泰上证180金融ETF,2013-12-31,0.5191,0.5191,0.5191,0.5191,0.019,0,0
510230.OF,国泰上证180金融ETF,2014-01-02,0.514,0.514,0.514,0.514,-0.0098,0,0
510230.OF,国泰上证180金融ETF,2014-01-03,0.5037,0.5037,0.5037,0.5037,-0.0201,0,0
510230.OF,国泰上证180金融ETF,2014-01-06,0.4999,0.4999,0.4999,0.4999,-0.0075,0,0
510230.OF,国泰上证180金融ETF,2014-01-07,0.4978,0.4978,0.4978,0.4978,-0.0043,0,0
510230.OF,国泰上证180金融ETF,2014-01-08,0.5011,0.5011,0.5011,0.5011,0.0066,0,0
510230.OF,国泰上证180金融ETF,2014-01-09,0.4978,0.4978,0.4978,0.4978,-0.0065,0,0
510230.OF,国泰上证180金融ETF,2014-01-10,0.4963,0.4963,0.4963,0.4963,-0.003,0,0
510230.OF,国泰上证180金融ETF,2014-01-13,0.4959,0.4959,0.4959,0.4959,-0.001,0,0
510230.OF,国泰上证180金融ETF,2014-01-14,0.4975,0.4975,0.4975,0.4975,0.0033,0,0
510230.OF,国泰上证180金融ETF,2014-01-15,0.4927,0.4927,0.4927,0.4927,-0.0095,0,0
510230.OF,国泰上证180金融ETF,2014-01-16,0.4944,0.4944,0.4944,0.4944,0.0033,0,0
510230.OF,国泰上证180金融ETF,2014-01-17,0.4901,0.4901,0.4901,0.4901,-0.0086,0,0
510230.OF,国泰上证180金融ETF,2014-01-20,0.4867,0.4867,0.4867,0.4867,-0.007,0,0
510230.OF,国泰上证180金融ETF,2014-01-21,0.4918,0.4918,0.4918,0.4918,0.0104,0,0
510230.OF,国泰上证180金融ETF,2014-01-22,0.5013,0.5013,0.5013,0.5013,0.0193,0,0
510230.OF,国泰上证180金融ETF,2014-01-23,0.4947,0.4947,0.4947,0.4947,-0.0131,0,0
510230.OF,国泰上证180金融ETF,2014-01-24,0.4949,0.4949,0.4949,0.4949,0.0003,0,0
510230.OF,国泰上证180金融ETF,2014-01-27,0.4862,0.4862,0.4862,0.4862,-0.0175,0,0
510230.OF,国泰上证180金融ETF,2014-01-28,0.4911,0.4911,0.4911,0.4911,0.0101,0,0
510230.OF,国泰上证180金融ETF,2014-01-29,0.4959,0.4959,0.4959,0.4959,0.0097,0,0
510230.OF,国泰上证180金融ETF,2014-01-30,0.4905,0.4905,0.4905,0.4905,-0.0109,0,0
510230.OF,国泰上证180金融ETF,2014-02-07,0.4878,0.4878,0.4878,0.4878,-0.0053,0,0
510230.OF,国泰上证180金融ETF,2014-02-10,0.4959,0.4959,0.4959,0.4959,0.0164,0,0
510230.OF,国泰上证180金融ETF,2014-02-11,0.5044,0.5044,0.5044,0.5044,0.0172,0,0
510230.OF,国泰上证180金融ETF,2014-02-12,0.5042,0.5042,0.5042,0.5042,-0.0003,0,0
510230.OF,国泰上证180金融ETF,2014-02-13,0.5071,0.5071,0.5071,0.5071,0.0058,0,0
510230.OF,国泰上证180金融ETF,2014-02-14,0.5065,0.5065,0.5065,0.5065,-0.0013,0,0
510230.OF,国泰上证180金融ETF,2014-02-17,0.5065,0.5065,0.5065,0.5065,0.0,0,0
510230.OF,国泰上证180金融ETF,2014-02-18,0.4955,0.4955,0.4955,0.4955,-0.0217,0,0
510230.OF,国泰上证180金融ETF,2014-02-19,0.5058,0.5058,0.5058,0.5058,0.0208,0,0
510230.OF,国泰上证180金融ETF,2014-02-20,0.4975,0.4975,0.4975,0.4975,-0.0165,0,0
510230.OF,国泰上证180金融ETF,2014-02-21,0.4932,0.4932,0.4932,0.4932,-0.0086,0,0
510230.OF,国泰上证180金融ETF,2014-02-24,0.4824,0.4824,0.4824,0.4824,-0.0219,0,0
510230.OF,国泰上证180金融ETF,2014-02-25,0.4736,0.4736,0.4736,0.4736,-0.0183,0,0
510230.OF,国泰上证180金融ETF,2014-02-26,0.4738,0.4738,0.4738,0.4738,0.0003,0,0
510230.OF,国泰上证180金融ETF,2014-02-27,0.4785,0.4785,0.4785,0.4785,0.01,0,0
510230.OF,国泰上证180金融ETF,2014-02-28,0.4816,0.4816,0.4816,0.4816,0.0065,0,0
510230.OF,国泰上证180金融ETF,2014-03-03,0.4775,0.4775,0.4775,0.4775,-0.0085,0,0
510230.OF,国泰上证180金融ETF,2014-03-04,0.4795,0.4795,0.4795,0.4795,0.0041,0,0
510230.OF,国泰上证180金融ETF,2014-03-05,0.4734,0.4734,0.4734,0.4734,-0.0126,0,0
510230.OF,国泰上证180金融ETF,2014-03-06,0.4778,0.4778,0.4778,0.4778,0.0093,0,0
510230.OF,国泰上证180金融ETF,2014-03-07,0.4749,0.4749,0.4749,0.4749,-0.0062,0,0
510230.OF,国泰上证180金融ETF,2014-03-10,0.46,0.46,0.46,0.46,-0.0314,0,0
510230.OF,国泰上证180金融ETF,2014-03-11,0.4608,0.4608,0.4608,0.4608,0.0018,0,0
510230.OF,国泰上证180金融ETF,2014-03-12,0.4638,0.4638,0.4638,0.4638,0.0064,0,0
510230.OF,国泰上证180金融ETF,2014-03-13,0.4697,0.4697,0.4697,0.4697,0.0127,0,0
510230.OF,国泰上证180金融ETF,2014-03-14,0.4662,0.4662,0.4662,0.4662,-0.0073,0,0
510230.OF,国泰上证180金融ETF,2014-03-17,0.4669,0.4669,0.4669,0.4669,0.0014,0,0
510230.OF,国泰上证180金融ETF,2014-03-18,0.4638,0.4638,0.4638,0.4638,-0.0067,0,0
510230.OF,国泰上证180金融ETF,2014-03-19,0.461,0.461,0.461,0.461,-0.006,0,0
510230.OF,国泰上证180金融ETF,2014-03-20,0.4584,0.4584,0.4584,0.4584,-0.0057,0,0
510230.OF,国泰上证180金融ETF,2014-03-21,0.4798,0.4798,0.4798,0.4798,0.0468,0,0
510230.OF,国泰上证180金融ETF,2014-03-24,0.4846,0.4846,0.4846,0.4846,0.0099,0,0
510230.OF,国泰上证180金融ETF,2014-03-25,0.4806,0.4806,0.4806,0.4806,-0.0081,0,0
510230.OF,国泰上证180金融ETF,2014-03-26,0.4795,0.4795,0.4795,0.4795,-0.0024,0,0
510230.OF,国泰上证180金融ETF,2014-03-27,0.4816,0.4816,0.4816,0.4816,0.0044,0,0
510230.OF,国泰上证180金融ETF,2014-03-28,0.4839,0.4839,0.4839,0.4839,0.0048,0,0
510230.OF,国泰上证180金融ETF,2014-03-31,0.4814,0.4814,0.4814,0.4814,-0.0051,0,0
510230.OF,国泰上证180金融ETF,2014-04-01,0.4829,0.4829,0.4829,0.4829,0.0031,0,0
510230.OF,国泰上证180金融ETF,2014-04-02,0.4885,0.4885,0.4885,0.4885,0.0115,0,0
510230.OF,国泰上证180金融ETF,2014-04-03,0.4839,0.4839,0.4839,0.4839,-0.0094,0,0
510230.OF,国泰上证180金融ETF,2014-04-04,0.4888,0.4888,0.4888,0.4888,0.0101,0,0
510230.OF,国泰上证180金融ETF,2014-04-08,0.5057,0.5057,0.5057,0.5057,0.0345,0,0
510230.OF,国泰上证180金融ETF,2014-04-09,0.5027,0.5027,0.5027,0.5027,-0.0058,0,0
510230.OF,国泰上证180金融ETF,2014-04-10,0.5173,0.5173,0.5173,0.5173,0.029,0,0
510230.OF,国泰上证180金融ETF,2014-04-11,0.515,0.515,0.515,0.515,-0.0044,0,0
510230.OF,国泰上证180金融ETF,2014-04-14,0.5111,0.5111,0.5111,0.5111,-0.0076,0,0
510230.OF,国泰上证180金融ETF,2014-04-15,0.4993,0.4993,0.4993,0.4993,-0.0231,0,0
510230.OF,国泰上证180金融ETF,2014-04-16,0.5013,0.5013,0.5013,0.5013,0.0039,0,0
510230.OF,国泰上证180金融ETF,2014-04-17,0.4988,0.4988,0.4988,0.4988,-0.0049,0,0
510230.OF,国泰上证180金融ETF,2014-04-18,0.499,0.499,0.499,0.499,0.0003,0,0
510230.OF,国泰上证180金融ETF,2014-04-21,0.49,0.49,0.49,0.49,-0.018,0,0
510230.OF,国泰上证180金融ETF,2014-04-22,0.4967,0.4967,0.4967,0.4967,0.0137,0,0
510230.OF,国泰上证180金融ETF,2014-04-23,0.4944,0.4944,0.4944,0.4944,-0.0046,0,0
510230.OF,国泰上证180金融ETF,2014-04-24,0.4949,0.4949,0.4949,0.4949,0.001,0,0
510230.OF,国泰上证180金融ETF,2014-04-25,0.4931,0.4931,0.4931,0.4931,-0.0036,0,0
510230.OF,国泰上证180金融ETF,2014-04-28,0.4887,0.4887,0.4887,0.4887,-0.009,0,0
510230.OF,国泰上证180金融ETF,2014-04-29,0.4942,0.4942,0.4942,0.4942,0.0114,0,0
510230.OF,国泰上证180金融ETF,2014-04-30,0.4931,0.4931,0.4931,0.4931,-0.0023,0,0
510230.OF,国泰上证180金融ETF,2014-05-05,0.4911,0.4911,0.4911,0.4911,-0.004,0,0
510230.OF,国泰上证180金融ETF,2014-05-06,0.49,0.49,0.49,0.49,-0.0023,0,0
510230.OF,国泰上证180金融ETF,2014-05-07,0.4878,0.4878,0.4878,0.4878,-0.0043,0,0
510230.OF,国泰上证180金融ETF,2014-05-08,0.489,0.489,0.489,0.489,0.0023,0,0
510230.OF,国泰上证180金融ETF,2014-05-09,0.4898,0.4898,0.4898,0.4898,0.0017,0,0
510230.OF,国泰上证180金融ETF,2014-05-12,0.4983,0.4983,0.4983,0.4983,0.0174,0,0
510230.OF,国泰上证180金融ETF,2014-05-13,0.4963,0.4963,0.4963,0.4963,-0.0039,0,0
510230.OF,国泰上证180金融ETF,2014-05-14,0.4962,0.4962,0.4962,0.4962,-0.0003,0,0
510230.OF,国泰上证180金融ETF,2014-05-15,0.4924,0.4924,0.4924,0.4924,-0.0076,0,0
510230.OF,国泰上证180金融ETF,2014-05-16,0.4918,0.4918,0.4918,0.4918,-0.0013,0,0
510230.OF,国泰上证180金融ETF,2014-05-19,0.4818,0.4818,0.4818,0.4818,-0.0203,0,0
510230.OF,国泰上证180金融ETF,2014-05-20,0.4826,0.4826,0.4826,0.4826,0.0017,0,0
510230.OF,国泰上证180金融ETF,2014-05-21,0.4864,0.4864,0.4864,0.4864,0.0078,0,0
510230.OF,国泰上证180金融ETF,2014-05-22,0.4865,0.4865,0.4865,0.4865,0.0003,0,0
510230.OF,国泰上证180金融ETF,2014-05-23,0.4905,0.4905,0.4905,0.4905,0.0081,0,0
510230.OF,国泰上证180金融ETF,2014-05-26,0.4903,0.4903,0.4903,0.4903,-0.0003,0,0
510230.OF,国泰上证180金融ETF,2014-05-27,0.4887,0.4887,0.4887,0.4887,-0.0033,0,0
510230.OF,国泰上证180金融ETF,2014-05-28,0.4937,0.4937,0.4937,0.4937,0.0104,0,0
510230.OF,国泰上证180金融ETF,2014-05-29,0.4911,0.4911,0.4911,0.4911,-0.0053,0,0
510230.OF,国泰上证180金融ETF,2014-05-30,0.4908,0.4908,0.4908,0.4908,-0.0007,0,0
510230.OF,国泰上证180金融ETF,2014-06-03,0.4905,0.4905,0.4905,0.4905,-0.0007,0,0
510230.OF,国泰上证180金融ETF,2014-06-04,0.4862,0.4862,0.4862,0.4862,-0.0087,0,0
510230.OF,国泰上证180金融ETF,2014-06-05,0.4921,0.4921,0.4921,0.4921,0.0121,0,0
510230.OF,国泰上证180金融ETF,2014-06-06,0.4878,0.4878,0.4878,0.4878,-0.0086,0,0
510230.OF,国泰上证180金融ETF,2014-06-09,0.4887,0.4887,0.4887,0.4887,0.0017,0,0
510230.OF,国泰上证180金融ETF,2014-06-10,0.4959,0.4959,0.4959,0.4959,0.0147,0,0
510230.OF,国泰上证180金融ETF,2014-06-11,0.4932,0.4932,0.4932,0.4932,-0.0053,0,0
510230.OF,国泰上证180金融ETF,2014-06-12,0.4918,0.4918,0.4918,0.4918,-0.003,0,0
510230.OF,国泰上证180金融ETF,2014-06-13,0.4995,0.4995,0.4995,0.4995,0.0156,0,0
510230.OF,国泰上证180金融ETF,2014-06-16,0.5052,0.5052,0.5052,0.5052,0.0115,0,0
510230.OF,国泰上证180金融ETF,2014-06-17,0.5001,0.5001,0.5001,0.5001,-0.01,0,0
510230.OF,国泰上证180金融ETF,2014-06-18,0.4975,0.4975,0.4975,0.4975,-0.0052,0,0
510230.OF,国泰上证180金融ETF,2014-06-19,0.4919,0.4919,0.4919,0.4919,-0.0112,0,0
510230.OF,国泰上证180金融ETF,2014-06-20,0.4949,0.4949,0.4949,0.4949,0.006,0,0
510230.OF,国泰上证180金融ETF,2014-06-23,0.4921,0.4921,0.4921,0.4921,-0.0056,0,0
510230.OF,国泰上证180金融ETF,2014-06-24,0.4941,0.4941,0.4941,0.4941,0.004,0,0
510230.OF,国泰上证180金融ETF,2014-06-25,0.4914,0.4914,0.4914,0.4914,-0.0053,0,0
510230.OF,国泰上证180金融ETF,2014-06-26,0.4944,0.4944,0.4944,0.4944,0.006,0,0
510230.OF,国泰上证180金融ETF,2014-06-27,0.4923,0.4923,0.4923,0.4923,-0.0043,0,0
510230.OF,国泰上证180金融ETF,2014-06-30,0.4957,0.4957,0.4957,0.4957,0.007,0,0
510230.OF,国泰上证180金融ETF,2014-07-01,0.4952,0.4952,0.4952,0.4952,-0.001,0,0
510230.OF,国泰上证180金融ETF,2014-07-02,0.4973,0.4973,0.4973,0.4973,0.0043,0,0
510230.OF,国泰上证180金融ETF,2014-07-03,0.4993,0.4993,0.4993,0.4993,0.0039,0,0
510230.OF,国泰上证180金融ETF,2014-07-04,0.4998,0.4998,0.4998,0.4998,0.001,0,0
510230.OF,国泰上证180金融ETF,2014-07-07,0.5004,0.5004,0.5004,0.5004,0.0012,0,0
510230.OF,国泰上证180金融ETF,2014-07-08,0.5006,0.5006,0.5006,0.5006,0.0003,0,0
510230.OF,国泰上证180金融ETF,2014-07-09,0.494,0.494,0.494,0.494,-0.0131,0,0
510230.OF,国泰上证180金融ETF,2014-07-10,0.4929,0.4929,0.4929,0.4929,-0.0023,0,0
510230.OF,国泰上证180金融ETF,2014-07-11,0.4941,0.4941,0.4941,0.4941,0.0026,0,0
510230.OF,国泰上证180金融ETF,2014-07-14,0.4982,0.4982,0.4982,0.4982,0.0082,0,0
510230.OF,国泰上证180金融ETF,2014-07-15,0.4986,0.4986,0.4986,0.4986,0.0008,0,0
510230.OF,国泰上证180金融ETF,2014-07-16,0.4983,0.4983,0.4983,0.4983,-0.0005,0,0
510230.OF,国泰上证180金融ETF,2014-07-17,0.4969,0.4969,0.4969,0.4969,-0.0028,0,0
510230.OF,国泰上证180金融ETF,2014-07-18,0.4986,0.4986,0.4986,0.4986,0.0034,0,0
510230.OF,国泰上证180金融ETF,2014-07-21,0.4973,0.4973,0.4973,0.4973,-0.0025,0,0
510230.OF,国泰上证180金融ETF,2014-07-22,0.5035,0.5035,0.5035,0.5035,0.0125,0,0
510230.OF,国泰上证180金融ETF,2014-07-23,0.5077,0.5077,0.5077,0.5077,0.0082,0,0
510230.OF,国泰上证180金融ETF,2014-07-24,0.5219,0.5219,0.5219,0.5219,0.0281,0,0
510230.OF,国泰上证180金融ETF,2014-07-25,0.527,0.527,0.527,0.527,0.0096,0,0
510230.OF,国泰上证180金融ETF,2014-07-28,0.5501,0.5501,0.5501,0.5501,0.0438,0,0
510230.OF,国泰上证180金融ETF,2014-07-29,0.5519,0.5519,0.5519,0.5519,0.0033,0,0
510230.OF,国泰上证180金融ETF,2014-07-30,0.549,0.549,0.549,0.549,-0.0052,0,0
510230.OF,国泰上证180金融ETF,2014-07-31,0.5563,0.5563,0.5563,0.5563,0.0133,0,0
510230.OF,国泰上证180金融ETF,2014-08-01,0.5491,0.5491,0.5491,0.5491,-0.013,0,0
510230.OF,国泰上证180金融ETF,2014-08-04,0.5627,0.5627,0.5627,0.5627,0.0247,0,0
510230.OF,国泰上证180金融ETF,2014-08-05,0.5572,0.5572,0.5572,0.5572,-0.0097,0,0
510230.OF,国泰上证180金融ETF,2014-08-06,0.5515,0.5515,0.5515,0.5515,-0.0103,0,0
510230.OF,国泰上证180金融ETF,2014-08-07,0.5415,0.5415,0.5415,0.5415,-0.0181,0,0
510230.OF,国泰上证180金融ETF,2014-08-08,0.5423,0.5423,0.5423,0.5423,0.0015,0,0
510230.OF,国泰上证180金融ETF,2014-08-11,0.5511,0.5511,0.5511,0.5511,0.0161,0,0
510230.OF,国泰上证180金融ETF,2014-08-12,0.5461,0.5461,0.5461,0.5461,-0.009,0,0
510230.OF,国泰上证180金融ETF,2014-08-13,0.5472,0.5472,0.5472,0.5472,0.0021,0,0
510230.OF,国泰上证180金融ETF,2014-08-14,0.5418,0.5418,0.5418,0.5418,-0.0098,0,0
510230.OF,国泰上证180金融ETF,2014-08-15,0.5481,0.5481,0.5481,0.5481,0.0116,0,0
510230.OF,国泰上证180金融ETF,2014-08-18,0.5483,0.5483,0.5483,0.5483,0.0003,0,0
510230.OF,国泰上证180金融ETF,2014-08-19,0.5469,0.5469,0.5469,0.5469,-0.0026,0,0
510230.OF,国泰上证180金融ETF,2014-08-20,0.5434,0.5434,0.5434,0.5434,-0.0063,0,0
510230.OF,国泰上证180金融ETF,2014-08-21,0.538,0.538,0.538,0.538,-0.01,0,0
510230.OF,国泰上证180金融ETF,2014-08-22,0.5413,0.5413,0.5413,0.5413,0.0061,0,0
510230.OF,国泰上证180金融ETF,2014-08-25,0.5348,0.5348,0.5348,0.5348,-0.012,0,0
510230.OF,国泰上证180金融ETF,2014-08-26,0.5343,0.5343,0.5343,0.5343,-0.0009,0,0
510230.OF,国泰上证180金融ETF,2014-08-27,0.5336,0.5336,0.5336,0.5336,-0.0012,0,0
510230.OF,国泰上证180金融ETF,2014-08-28,0.5292,0.5292,0.5292,0.5292,-0.0083,0,0
510230.OF,国泰上证180金融ETF,2014-08-29,0.5353,0.5353,0.5353,0.5353,0.0116,0,0
510230.OF,国泰上证180金融ETF,2014-09-01,0.5364,0.5364,0.5364,0.5364,0.002,0,0
510230.OF,国泰上证180金融ETF,2014-09-02,0.5445,0.5445,0.5445,0.5445,0.0151,0,0
510230.OF,国泰上证180金融ETF,2014-09-03,0.5486,0.5486,0.5486,0.5486,0.0075,0,0
510230.OF,国泰上证180金融ETF,2014-09-04,0.5541,0.5541,0.5541,0.5541,0.01,0,0
510230.OF,国泰上证180金融ETF,2014-09-05,0.5577,0.5577,0.5577,0.5577,0.0065,0,0
510230.OF,国泰上证180金融ETF,2014-09-09,0.5524,0.5524,0.5524,0.5524,-0.0095,0,0
510230.OF,国泰上证180金融ETF,2014-09-10,0.547,0.547,0.547,0.547,-0.0098,0,0
510230.OF,国泰上证180金融ETF,2014-09-11,0.5463,0.5463,0.5463,0.5463,-0.0013,0,0
510230.OF,国泰上证180金融ETF,2014-09-12,0.548,0.548,0.548,0.548,0.0031,0,0
510230.OF,国泰上证180金融ETF,2014-09-15,0.5459,0.5459,0.5459,0.5459,-0.0038,0,0
510230.OF,国泰上证180金融ETF,2014-09-16,0.5405,0.5405,0.5405,0.5405,-0.01,0,0
510230.OF,国泰上证180金融ETF,2014-09-17,0.5411,0.5411,0.5411,0.5411,0.0012,0,0
510230.OF,国泰上证180金融ETF,2014-09-18,0.5438,0.5438,0.5438,0.5438,0.0051,0,0
510230.OF,国泰上证180金融ETF,2014-09-19,0.5469,0.5469,0.5469,0.5469,0.0057,0,0
510230.OF,国泰上证180金融ETF,2014-09-22,0.5338,0.5338,0.5338,0.5338,-0.0239,0,0
510230.OF,国泰上证180金融ETF,2014-09-23,0.5378,0.5378,0.5378,0.5378,0.0074,0,0
510230.OF,国泰上证180金融ETF,2014-09-24,0.5493,0.5493,0.5493,0.5493,0.0215,0,0
510230.OF,国泰上证180金融ETF,2014-09-25,0.546,0.546,0.546,0.546,-0.006,0,0
510230.OF,国泰上证180金融ETF,2014-09-26,0.5453,0.5453,0.5453,0.5453,-0.0013,0,0
510230.OF,国泰上证180金融ETF,2014-09-29,0.5464,0.5464,0.5464,0.5464,0.002,0,0
510230.OF,国泰上证180金融ETF,2014-09-30,0.5461,0.5461,0.5461,0.5461,-0.0007,0,0
510230.OF,国泰上证180金融ETF,2014-10-08,0.5507,0.5507,0.5507,0.5507,0.0086,0,0
510230.OF,国泰上证180金融ETF,2014-10-09,0.5503,0.5503,0.5503,0.5503,-0.0009,0,0
510230.OF,国泰上证180金融ETF,2014-10-10,0.5467,0.5467,0.5467,0.5467,-0.0065,0,0
510230.OF,国泰上证180金融ETF,2014-10-13,0.5413,0.5413,0.5413,0.5413,-0.0099,0,0
510230.OF,国泰上证180金融ETF,2014-10-14,0.5394,0.5394,0.5394,0.5394,-0.0034,0,0
510230.OF,国泰上证180金融ETF,2014-10-15,0.5465,0.5465,0.5465,0.5465,0.013,0,0
510230.OF,国泰上证180金融ETF,2014-10-16,0.5452,0.5452,0.5452,0.5452,-0.0022,0,0
510230.OF,国泰上证180金融ETF,2014-10-17,0.5458,0.5458,0.5458,0.5458,0.001,0,0
510230.OF,国泰上证180金融ETF,2014-10-20,0.5476,0.5476,0.5476,0.5476,0.0032,0,0
510230.OF,国泰上证180金融ETF,2014-10-21,0.5441,0.5441,0.5441,0.5441,-0.0063,0,0
510230.OF,国泰上证180金融ETF,2014-10-22,0.544,0.544,0.544,0.544,-0.0003,0,0
510230.OF,国泰上证180金融ETF,2014-10-23,0.5417,0.5417,0.5417,0.5417,-0.0042,0,0
510230.OF,国泰上证180金融ETF,2014-10-24,0.5404,0.5404,0.5404,0.5404,-0.0024,0,0
510230.OF,国泰上证180金融ETF,2014-10-27,0.5291,0.5291,0.5291,0.5291,-0.0208,0,0
510230.OF,国泰上证180金融ETF,2014-10-28,0.5382,0.5382,0.5382,0.5382,0.0171,0,0
510230.OF,国泰上证180金融ETF,2014-10-29,0.5476,0.5476,0.5476,0.5476,0.0174,0,0
510230.OF,国泰上证180金融ETF,2014-10-30,0.5521,0.5521,0.5521,0.5521,0.0084,0,0
510230.OF,国泰上证180金融ETF,2014-10-31,0.5702,0.5702,0.5702,0.5702,0.0328,0,0
510230.OF,国泰上证180金融ETF,2014-11-03,0.5664,0.5664,0.5664,0.5664,-0.0068,0,0
510230.OF,国泰上证180金融ETF,2014-11-04,0.5633,0.5633,0.5633,0.5633,-0.0053,0,0
510230.OF,国泰上证180金融ETF,2014-11-05,0.5627,0.5627,0.5627,0.5627,-0.0012,0,0
510230.OF,国泰上证180金融ETF,2014-11-06,0.5613,0.5613,0.5613,0.5613,-0.0025,0,0
510230.OF,国泰上证180金融ETF,2014-11-07,0.5681,0.5681,0.5681,0.5681,0.0122,0,0
510230.OF,国泰上证180金融ETF,2014-11-10,0.5849,0.5849,0.5849,0.5849,0.0295,0,0
510230.OF,国泰上证180金融ETF,2014-11-11,0.5975,0.5975,0.5975,0.5975,0.0216,0,0
510230.OF,国泰上证180金融ETF,2014-11-12,0.6053,0.6053,0.6053,0.6053,0.013,0,0
510230.OF,国泰上证180金融ETF,2014-11-13,0.6028,0.6028,0.6028,0.6028,-0.0041,0,0
510230.OF,国泰上证180金融ETF,2014-11-14,0.6011,0.6011,0.6011,0.6011,-0.0027,0,0
510230.OF,国泰上证180金融ETF,2014-11-17,0.5902,0.5902,0.5902,0.5902,-0.0181,0,0
510230.OF,国泰上证180金融ETF,2014-11-18,0.5796,0.5796,0.5796,0.5796,-0.018,0,0
510230.OF,国泰上证180金融ETF,2014-11-19,0.5779,0.5779,0.5779,0.5779,-0.0029,0,0
510230.OF,国泰上证180金融ETF,2014-11-20,0.5818,0.5818,0.5818,0.5818,0.0067,0,0
510230.OF,国泰上证180金融ETF,2014-11-21,0.5997,0.5997,0.5997,0.5997,0.0308,0,0
510230.OF,国泰上证180金融ETF,2014-11-24,0.6154,0.6154,0.6154,0.6154,0.0261,0,0
510230.OF,国泰上证180金融ETF,2014-11-25,0.6204,0.6204,0.6204,0.6204,0.0082,0,0
510230.OF,国泰上证180金融ETF,2014-11-26,0.643,0.643,0.643,0.643,0.0364,0,0
510230.OF,国泰上证180金融ETF,2014-11-27,0.661,0.661,0.661,0.661,0.0281,0,0
510230.OF,国泰上证180金融ETF,2014-11-28,0.6895,0.6895,0.6895,0.6895,0.043,0,0
510230.OF,国泰上证180金融ETF,2014-12-01,0.6913,0.6913,0.6913,0.6913,0.0027,0,0
510230.OF,国泰上证180金融ETF,2014-12-02,0.7391,0.7391,0.7391,0.7391,0.0691,0,0
510230.OF,国泰上证180金融ETF,2014-12-03,0.7376,0.7376,0.7376,0.7376,-0.0021,0,0
510230.OF,国泰上证180金融ETF,2014-12-04,0.7906,0.7906,0.7906,0.7906,0.072,0,0
510230.OF,国泰上证180金融ETF,2014-12-05,0.8204,0.8204,0.8204,0.8204,0.0376,0,0
510230.OF,国泰上证180金融ETF,2014-12-08,0.8595,0.8595,0.8595,0.8595,0.0476,0,0
510230.OF,国泰上证180金融ETF,2014-12-09,0.8044,0.8044,0.8044,0.8044,-0.064,0,0
510230.OF,国泰上证180金融ETF,2014-12-10,0.8234,0.8234,0.8234,0.8234,0.0236,0,0
510230.OF,国泰上证180金融ETF,2014-12-11,0.7933,0.7933,0.7933,0.7933,-0.0365,0,0
510230.OF,国泰上证180金融ETF,2014-12-12,0.7961,0.7961,0.7961,0.7961,0.0034,0,0
510230.OF,国泰上证180金融ETF,2014-12-15,0.7986,0.7986,0.7986,0.7986,0.0032,0,0
510230.OF,国泰上证180金融ETF,2014-12-16,0.8527,0.8527,0.8527,0.8527,0.0677,0,0
510230.OF,国泰上证180金融ETF,2014-12-17,0.9,0.9,0.9,0.9,0.0555,0,0
510230.OF,国泰上证180金融ETF,2014-12-18,0.879,0.879,0.879,0.879,-0.0233,0,0
510230.OF,国泰上证180金融ETF,2014-12-19,0.883,0.883,0.883,0.883,0.0046,0,0
510230.OF,国泰上证180金融ETF,2014-12-22,0.9025,0.9025,0.9025,0.9025,0.0222,0,0
510230.OF,国泰上证180金融ETF,2014-12-23,0.8882,0.8882,0.8882,0.8882,-0.0159,0,0
510230.OF,国泰上证180金融ETF,2014-12-24,0.8394,0.8394,0.8394,0.8394,-0.055,0,0
510230.OF,国泰上证180金融ETF,2014-12-25,0.8787,0.8787,0.8787,0.8787,0.0468,0,0
510230.OF,国泰上证180金融ETF,2014-12-26,0.9311,0.9311,0.9311,0.9311,0.0596,0,0
510230.OF,国泰上证180金融ETF,2014-12-29,0.9353,0.9353,0.9353,0.9353,0.0045,0,0
510230.OF,国泰上证180金融ETF,2014-12-30,0.9607,0.9607,0.9607,0.9607,0.0272,0,0
510230.OF,国泰上证180金融ETF,2014-12-31,0.9813,0.9813,0.9813,0.9813,0.0215,0,0
510230.OF,国泰上证180金融ETF,2015-01-05,0.993,0.993,0.993,0.993,0.012,0,0
510230.OF,国泰上证180金融ETF,2015-01-06,0.9766,0.9766,0.9766,0.9766,-0.0166,0,0
510230.OF,国泰上证180金融ETF,2015-01-07,0.979,0.979,0.979,0.979,0.0024,0,0
510230.OF,国泰上证180金融ETF,2015-01-08,0.9432,0.9432,0.9432,0.9432,-0.0366,0,0
510230.OF,国泰上证180金融ETF,2015-01-09,0.9523,0.9523,0.9523,0.9523,0.0097,0,0
510230.OF,国泰上证180金融ETF,2015-01-12,0.9425,0.9425,0.9425,0.9425,-0.0102,0,0
510230.OF,国泰上证180金融ETF,2015-01-13,0.9297,0.9297,0.9297,0.9297,-0.0137,0,0
510230.OF,国泰上证180金融ETF,2015-01-14,0.9393,0.9393,0.9393,0.9393,0.0103,0,0
510230.OF,国泰上证180金融ETF,2015-01-15,0.9797,0.9797,0.9797,0.9797,0.043,0,0
510230.OF,国泰上证180金融ETF,2015-01-16,0.9829,0.9829,0.9829,0.9829,0.0033,0,0
510230.OF,国泰上证180金融ETF,2015-01-19,0.8866,0.8866,0.8866,0.8866,-0.098,0,0
510230.OF,国泰上证180金融ETF,2015-01-20,0.8709,0.8709,0.8709,0.8709,-0.0177,0,0
510230.OF,国泰上证180金融ETF,2015-01-21,0.9295,0.9295,0.9295,0.9295,0.0672,0,0
510230.OF,国泰上证180金融ETF,2015-01-22,0.9277,0.9277,0.9277,0.9277,-0.0019,0,0
510230.OF,国泰上证180金融ETF,2015-01-23,0.9407,0.9407,0.9407,0.9407,0.014,0,0
510230.OF,国泰上证180金融ETF,2015-01-26,0.9337,0.9337,0.9337,0.9337,-0.0074,0,0
510230.OF,国泰上证180金融ETF,2015-01-27,0.9154,0.9154,0.9154,0.9154,-0.0197,0,0
510230.OF,国泰上证180金融ETF,2015-01-28,0.9041,0.9041,0.9041,0.9041,-0.0123,0,0
510230.OF,国泰上证180金融ETF,2015-01-29,0.8853,0.8853,0.8853,0.8853,-0.0208,0,0
510230.OF,国泰上证180金融ETF,2015-01-30,0.8742,0.8742,0.8742,0.8742,-0.0126,0,0
510230.OF,国泰上证180金融ETF,2015-02-02,0.8475,0.8475,0.8475,0.8475,-0.0306,0,0
510230.OF,国泰上证180金融ETF,2015-02-03,0.8783,0.8783,0.8783,0.8783,0.0364,0,0
510230.OF,国泰上证180金融ETF,2015-02-04,0.8621,0.8621,0.8621,0.8621,-0.0184,0,0
510230.OF,国泰上证180金融ETF,2015-02-05,0.8586,0.8586,0.8586,0.8586,-0.0041,0,0
510230.OF,国泰上证180金融ETF,2015-02-06,0.8544,0.8544,0.8544,0.8544,-0.0049,0,0
510230.OF,国泰上证180金融ETF,2015-02-09,0.8742,0.8742,0.8742,0.8742,0.0232,0,0
510230.OF,国泰上证180金融ETF,2015-02-10,0.886,0.886,0.886,0.886,0.0136,0,0
510230.OF,国泰上证180金融ETF,2015-02-11,0.8895,0.8895,0.8895,0.8895,0.004,0,0
510230.OF,国泰上证180金融ETF,2015-02-12,0.8861,0.8861,0.8861,0.8861,-0.0039,0,0
510230.OF,国泰上证180金融ETF,2015-02-13,0.8885,0.8885,0.8885,0.8885,0.0027,0,0
510230.OF,国泰上证180金融ETF,2015-02-16,0.8852,0.8852,0.8852,0.8852,-0.0037,0,0
510230.OF,国泰上证180金融ETF,2015-02-17,0.8918,0.8918,0.8918,0.8918,0.0075,0,0
510230.OF,国泰上证180金融ETF,2015-02-25,0.8743,0.8743,0.8743,0.8743,-0.0197,0,0
510230.OF,国泰上证180金融ETF,2015-02-26,0.9019,0.9019,0.9019,0.9019,0.0316,0,0
510230.OF,国泰上证180金融ETF,2015-02-27,0.8984,0.8984,0.8984,0.8984,-0.0039,0,0
510230.OF,国泰上证180金融ETF,2015-03-02,0.8997,0.8997,0.8997,0.8997,0.0014,0,0
510230.OF,国泰上证180金融ETF,2015-03-03,0.8671,0.8671,0.8671,0.8671,-0.0362,0,0
510230.OF,国泰上证180金融ETF,2015-03-04,0.8655,0.8655,0.8655,0.8655,-0.0018,0,0
510230.OF,国泰上证180金融ETF,2015-03-05,0.8527,0.8527,0.8527,0.8527,-0.0148,0,0
510230.OF,国泰上证180金融ETF,2015-03-06,0.8519,0.8519,0.8519,0.8519,-0.001,0,0
510230.OF,国泰上证180金融ETF,2015-03-09,0.8746,0.8746,0.8746,0.8746,0.0267,0,0
510230.OF,国泰上证180金融ETF,2015-03-10,0.8604,0.8604,0.8604,0.8604,-0.0163,0,0
510230.OF,国泰上证180金融ETF,2015-03-11,0.8668,0.8668,0.8668,0.8668,0.0074,0,0
510230.OF,国泰上证180金融ETF,2015-03-12,0.9023,0.9023,0.9023,0.9023,0.041,0,0
510230.OF,国泰上证180金融ETF,2015-03-13,0.9036,0.9036,0.9036,0.9036,0.0015,0,0
510230.OF,国泰上证180金融ETF,2015-03-16,0.9253,0.9253,0.9253,0.9253,0.024,0,0
510230.OF,国泰上证180金融ETF,2015-03-17,0.9383,0.9383,0.9383,0.9383,0.014,0,0
510230.OF,国泰上证180金融ETF,2015-03-18,0.9599,0.9599,0.9599,0.9599,0.0231,0,0
510230.OF,国泰上证180金融ETF,2015-03-19,0.9479,0.9479,0.9479,0.9479,-0.0125,0,0
510230.OF,国泰上证180金融ETF,2015-03-20,0.9747,0.9747,0.9747,0.9747,0.0283,0,0
510230.OF,国泰上证180金融ETF,2015-03-23,0.9878,0.9878,0.9878,0.9878,0.0134,0,0
510230.OF,国泰上证180金融ETF,2015-03-24,0.9721,0.9721,0.9721,0.9721,-0.0159,0,0
510230.OF,国泰上证180金融ETF,2015-03-25,0.952,0.952,0.952,0.952,-0.0207,0,0
510230.OF,国泰上证180金融ETF,2015-03-26,0.9581,0.9581,0.9581,0.9581,0.0065,0,0
510230.OF,国泰上证180金融ETF,2015-03-27,0.9583,0.9583,0.9583,0.9583,0.0002,0,0
510230.OF,国泰上证180金融ETF,2015-03-30,0.9939,0.9939,0.9939,0.9939,0.0372,0,0
510230.OF,国泰上证180金融ETF,2015-03-31,0.9855,0.9855,0.9855,0.9855,-0.0085,0,0
510230.OF,国泰上证180金融ETF,2015-04-01,1.003,1.003,1.003,1.003,0.0178,0,0
510230.OF,国泰上证180金融ETF,2015-04-02,0.9936,0.9936,0.9936,0.9936,-0.0094,0,0
510230.OF,国泰上证180金融ETF,2015-04-03,1.0102,1.0102,1.0102,1.0102,0.0167,0,0
510230.OF,国泰上证180金融ETF,2015-04-07,1.034,1.034,1.034,1.034,0.0236,0,0
510230.OF,国泰上证180金融ETF,2015-04-08,1.0602,1.0602,1.0602,1.0602,0.0254,0,0
510230.OF,国泰上证180金融ETF,2015-04-09,1.0504,1.0504,1.0504,1.0504,-0.0093,0,0
510230.OF,国泰上证180金融ETF,2015-04-10,1.0714,1.0714,1.0714,1.0714,0.0199,0,0
510230.OF,国泰上证180金融ETF,2015-04-13,1.0876,1.0876,1.0876,1.0876,0.0152,0,0
510230.OF,国泰上证180金融ETF,2015-04-14,1.0819,1.0819,1.0819,1.0819,-0.0053,0,0
510230.OF,国泰上证180金融ETF,2015-04-15,1.0802,1.0802,1.0802,1.0802,-0.0016,0,0
510230.OF,国泰上证180金融ETF,2015-04-16,1.1164,1.1164,1.1164,1.1164,0.0335,0,0
510230.OF,国泰上证180金融ETF,2015-04-17,1.1151,1.1151,1.1151,1.1151,-0.0012,0,0
510230.OF,国泰上证180金融ETF,2015-04-20,1.0641,1.0641,1.0641,1.0641,-0.0458,0,0
510230.OF,国泰上证180金融ETF,2015-04-21,1.0918,1.0918,1.0918,1.0918,0.0261,0,0
510230.OF,国泰上证180金融ETF,2015-04-22,1.132,1.132,1.132,1.132,0.0367,0,0
510230.OF,国泰上证180金融ETF,2015-04-23,1.1143,1.1143,1.1143,1.1143,-0.0156,0,0
510230.OF,国泰上证180金融ETF,2015-04-24,1.0801,1.0801,1.0801,1.0801,-0.0307,0,0
510230.OF,国泰上证180金融ETF,2015-04-27,1.1041,1.1041,1.1041,1.1041,0.0223,0,0
510230.OF,国泰上证180金融ETF,2015-04-28,1.1129,1.1129,1.1129,1.1129,0.008,0,0
510230.OF,国泰上证180金融ETF,2015-04-29,1.1095,1.1095,1.1095,1.1095,-0.003,0,0
510230.OF,国泰上证180金融ETF,2015-04-30,1.0931,1.0931,1.0931,1.0931,-0.0148,0,0
510230.OF,国泰上证180金融ETF,2015-05-04,1.097,1.097,1.097,1.097,0.0036,0,0
510230.OF,国泰上证180金融ETF,2015-05-05,1.0547,1.0547,1.0547,1.0547,-0.0386,0,0
510230.OF,国泰上证180金融ETF,2015-05-06,1.0661,1.0661,1.0661,1.0661,0.0109,0,0
510230.OF,国泰上证180金融ETF,2015-05-07,1.0603,1.0603,1.0603,1.0603,-0.0055,0,0
510230.OF,国泰上证180金融ETF,2015-05-08,1.0599,1.0599,1.0599,1.0599,-0.0004,0,0
510230.OF,国泰上证180金融ETF,2015-05-11,1.0806,1.0806,1.0806,1.0806,0.0195,0,0
510230.OF,国泰上证180金融ETF,2015-05-12,1.0867,1.0867,1.0867,1.0867,0.0057,0,0
510230.OF,国泰上证180金融ETF,2015-05-13,1.0677,1.0677,1.0677,1.0677,-0.0175,0,0
510230.OF,国泰上证180金融ETF,2015-05-14,1.0631,1.0631,1.0631,1.0631,-0.0042,0,0
510230.OF,国泰上证180金融ETF,2015-05-15,1.0369,1.0369,1.0369,1.0369,-0.0247,0,0
510230.OF,国泰上证180金融ETF,2015-05-18,1.0139,1.0139,1.0139,1.0139,-0.0222,0,0
510230.OF,国泰上证180金融ETF,2015-05-19,1.0606,1.0606,1.0606,1.0606,0.046,0,0
510230.OF,国泰上证180金融ETF,2015-05-20,1.059,1.059,1.059,1.059,-0.0015,0,0
510230.OF,国泰上证180金融ETF,2015-05-21,1.0628,1.0628,1.0628,1.0628,0.0035,0,0
510230.OF,国泰上证180金融ETF,2015-05-22,1.0974,1.0974,1.0974,1.0974,0.0326,0,0
510230.OF,国泰上证180金融ETF,2015-05-25,1.1247,1.1247,1.1247,1.1247,0.0249,0,0
510230.OF,国泰上证180金融ETF,2015-05-26,1.1324,1.1324,1.1324,1.1324,0.0068,0,0
510230.OF,国泰上证180金融ETF,2015-05-27,1.1189,1.1189,1.1189,1.1189,-0.0119,0,0
510230.OF,国泰上证180金融ETF,2015-05-28,1.0419,1.0419,1.0419,1.0419,-0.0688,0,0
510230.OF,国泰上证180金融ETF,2015-05-29,1.038,1.038,1.038,1.038,-0.0038,0,0
510230.OF,国泰上证180金融ETF,2015-06-01,1.0854,1.0854,1.0854,1.0854,0.0457,0,0
510230.OF,国泰上证180金融ETF,2015-06-02,1.0851,1.0851,1.0851,1.0851,-0.0003,0,0
510230.OF,国泰上证180金融ETF,2015-06-03,1.0882,1.0882,1.0882,1.0882,0.0029,0,0
510230.OF,国泰上证180金融ETF,2015-06-04,1.1254,1.1254,1.1254,1.1254,0.0342,0,0
510230.OF,国泰上证180金融ETF,2015-06-05,1.1149,1.1149,1.1149,1.1149,-0.0093,0,0
510230.OF,国泰上证180金融ETF,2015-06-08,1.1759,1.1759,1.1759,1.1759,0.0547,0,0
510230.OF,国泰上证180金融ETF,2015-06-09,1.1546,1.1546,1.1546,1.1546,-0.0181,0,0
510230.OF,国泰上证180金融ETF,2015-06-10,1.1434,1.1434,1.1434,1.1434,-0.0096,0,0
510230.OF,国泰上证180金融ETF,2015-06-11,1.1383,1.1383,1.1383,1.1383,-0.0045,0,0
510230.OF,国泰上证180金融ETF,2015-06-12,1.141,1.141,1.141,1.141,0.0024,0,0
510230.OF,国泰上证180金融ETF,2015-06-15,1.1084,1.1084,1.1084,1.1084,-0.0286,0,0
510230.OF,国泰上证180金融ETF,2015-06-16,1.0971,1.0971,1.0971,1.0971,-0.0102,0,0
510230.OF,国泰上证180金融ETF,2015-06-17,1.1032,1.1032,1.1032,1.1032,0.0056,0,0
510230.OF,国泰上证180金融ETF,2015-06-18,1.0525,1.0525,1.0525,1.0525,-0.046,0,0
510230.OF,国泰上证180金融ETF,2015-06-19,1.0013,1.0013,1.0013,1.0013,-0.0486,0,0
510230.OF,国泰上证180金融ETF,2015-06-23,1.0388,1.0388,1.0388,1.0388,0.0375,0,0
510230.OF,国泰上证180金融ETF,2015-06-24,1.0485,1.0485,1.0485,1.0485,0.0093,0,0
510230.OF,国泰上证180金融ETF,2015-06-25,1.0208,1.0208,1.0208,1.0208,-0.0264,0,0
510230.OF,国泰上证180金融ETF,2015-06-26,0.9538,0.9538,0.9538,0.9538,-0.0657,0,0
510230.OF,国泰上证180金融ETF,2015-06-29,0.9383,0.9383,0.9383,0.9383,-0.0163,0,0
510230.OF,国泰上证180金融ETF,2015-06-30,1.0058,1.0058,1.0058,1.0058,0.0719,0,0
510230.OF,国泰上证180金融ETF,2015-07-01,0.9616,0.9616,0.9616,0.9616,-0.0439,0,0
510230.OF,国泰上证180金融ETF,2015-07-02,0.9634,0.9634,0.9634,0.9634,0.0018,0,0
510230.OF,国泰上证180金融ETF,2015-07-03,0.9267,0.9267,0.9267,0.9267,-0.038,0,0
510230.OF,国泰上证180金融ETF,2015-07-06,0.9908,0.9908,0.9908,0.9908,0.0692,0,0
510230.OF,国泰上证180金融ETF,2015-07-07,1.024,1.024,1.024,1.024,0.0335,0,0
510230.OF,国泰上证180金融ETF,2015-07-08,0.9424,0.9424,0.9424,0.9424,-0.0797,0,0
510230.OF,国泰上证180金融ETF,2015-07-09,0.996,0.996,0.996,0.996,0.0569,0,0
510230.OF,国泰上证180金融ETF,2015-07-10,1.0248,1.0248,1.0248,1.0248,0.0288,0,0
510230.OF,国泰上证180金融ETF,2015-07-13,1.0044,1.0044,1.0044,1.0044,-0.0199,0,0
510230.OF,国泰上证180金融ETF,2015-07-14,0.9732,0.9732,0.9732,0.9732,-0.031,0,0
510230.OF,国泰上证180金融ETF,2015-07-15,0.972,0.972,0.972,0.972,-0.0013,0,0
510230.OF,国泰上证180金融ETF,2015-07-16,0.962,0.962,0.962,0.962,-0.0103,0,0
510230.OF,国泰上证180金融ETF,2015-07-17,0.9801,0.9801,0.9801,0.9801,0.0189,0,0
510230.OF,国泰上证180金融ETF,2015-07-20,0.9696,0.9696,0.9696,0.9696,-0.0108,0,0
510230.OF,国泰上证180金融ETF,2015-07-21,0.9611,0.9611,0.9611,0.9611,-0.0088,0,0
510230.OF,国泰上证180金融ETF,2015-07-22,0.949,0.949,0.949,0.949,-0.0126,0,0
510230.OF,国泰上证180金融ETF,2015-07-23,0.9672,0.9672,0.9672,0.9672,0.0193,0,0
510230.OF,国泰上证180金融ETF,2015-07-24,0.9484,0.9484,0.9484,0.9484,-0.0195,0,0
510230.OF,国泰上证180金融ETF,2015-07-27,0.8679,0.8679,0.8679,0.8679,-0.0849,0,0
510230.OF,国泰上证180金融ETF,2015-07-28,0.8819,0.8819,0.8819,0.8819,0.0162,0,0
510230.OF,国泰上证180金融ETF,2015-07-29,0.8841,0.8841,0.8841,0.8841,0.0024,0,0
510230.OF,国泰上证180金融ETF,2015-07-30,0.8635,0.8635,0.8635,0.8635,-0.0233,0,0
510230.OF,国泰上证180金融ETF,2015-07-31,0.863,0.863,0.863,0.863,-0.0006,0,0
510230.OF,国泰上证180金融ETF,2015-08-03,0.8755,0.8755,0.8755,0.8755,0.0145,0,0
510230.OF,国泰上证180金融ETF,2015-08-04,0.8876,0.8876,0.8876,0.8876,0.0139,0,0
510230.OF,国泰上证180金融ETF,2015-08-05,0.868,0.868,0.868,0.868,-0.0222,0,0
510230.OF,国泰上证180金融ETF,2015-08-06,0.8621,0.8621,0.8621,0.8621,-0.0068,0,0
510230.OF,国泰上证180金融ETF,2015-08-07,0.8717,0.8717,0.8717,0.8717,0.0112,0,0
510230.OF,国泰上证180金融ETF,2015-08-10,0.9024,0.9024,0.9024,0.9024,0.0352,0,0
510230.OF,国泰上证180金融ETF,2015-08-11,0.8896,0.8896,0.8896,0.8896,-0.0142,0,0
510230.OF,国泰上证180金融ETF,2015-08-12,0.8765,0.8765,0.8765,0.8765,-0.0147,0,0
510230.OF,国泰上证180金融ETF,2015-08-13,0.8799,0.8799,0.8799,0.8799,0.0038,0,0
510230.OF,国泰上证180金融ETF,2015-08-14,0.8799,0.8799,0.8799,0.8799,0.0001,0,0
510230.OF,国泰上证180金融ETF,2015-08-17,0.8664,0.8664,0.8664,0.8664,-0.0154,0,0
510230.OF,国泰上证180金融ETF,2015-08-18,0.8298,0.8298,0.8298,0.8298,-0.0422,0,0
510230.OF,国泰上证180金融ETF,2015-08-19,0.8373,0.8373,0.8373,0.8373,0.009,0,0
510230.OF,国泰上证180金融ETF,2015-08-20,0.8146,0.8146,0.8146,0.8146,-0.0271,0,0
510230.OF,国泰上证180金融ETF,2015-08-21,0.7838,0.7838,0.7838,0.7838,-0.0378,0,0
510230.OF,国泰上证180金融ETF,2015-08-24,0.7113,0.7113,0.7113,0.7113,-0.0925,0,0
510230.OF,国泰上证180金融ETF,2015-08-25,0.6662,0.6662,0.6662,0.6662,-0.0634,0,0
510230.OF,国泰上证180金融ETF,2015-08-26,0.6902,0.6902,0.6902,0.6902,0.0361,0,0
510230.OF,国泰上证180金融ETF,2015-08-27,0.7443,0.7443,0.7443,0.7443,0.0782,0,0
510230.OF,国泰上证180金融ETF,2015-08-28,0.7566,0.7566,0.7566,0.7566,0.0166,0,0
510230.OF,国泰上证180金融ETF,2015-08-31,0.7692,0.7692,0.7692,0.7692,0.0166,0,0
510230.OF,国泰上证180金融ETF,2015-09-01,0.7831,0.7831,0.7831,0.7831,0.0181,0,0
510230.OF,国泰上证180金融ETF,2015-09-02,0.7906,0.7906,0.7906,0.7906,0.0096,0,0
510230.OF,国泰上证180金融ETF,2015-09-07,0.7498,0.7498,0.7498,0.7498,-0.0516,0,0
510230.OF,国泰上证180金融ETF,2015-09-08,0.7682,0.7682,0.7682,0.7682,0.0246,0,0
510230.OF,国泰上证180金融ETF,2015-09-09,0.7786,0.7786,0.7786,0.7786,0.0135,0,0
510230.OF,国泰上证180金融ETF,2015-09-10,0.7787,0.7787,0.7787,0.7787,0.0002,0,0
510230.OF,国泰上证180金融ETF,2015-09-11,0.7739,0.7739,0.7739,0.7739,-0.0063,0,0
510230.OF,国泰上证180金融ETF,2015-09-14,0.7849,0.7849,0.7849,0.7849,0.0143,0,0
510230.OF,国泰上证180金融ETF,2015-09-15,0.7703,0.7703,0.7703,0.7703,-0.0186,0,0
510230.OF,国泰上证180金融ETF,2015-09-16,0.7865,0.7865,0.7865,0.7865,0.0209,0,0
510230.OF,国泰上证180金融ETF,2015-09-17,0.7715,0.7715,0.7715,0.7715,-0.019,0,0
510230.OF,国泰上证180金融ETF,2015-09-18,0.7716,0.7716,0.7716,0.7716,0.0002,0,0
510230.OF,国泰上证180金融ETF,2015-09-21,0.7734,0.7734,0.7734,0.7734,0.0024,0,0
510230.OF,国泰上证180金融ETF,2015-09-22,0.786,0.786,0.786,0.786,0.0162,0,0
510230.OF,国泰上证180金融ETF,2015-09-23,0.7681,0.7681,0.7681,0.7681,-0.0228,0,0
510230.OF,国泰上证180金融ETF,2015-09-24,0.7701,0.7701,0.7701,0.7701,0.0026,0,0
510230.OF,国泰上证180金融ETF,2015-09-25,0.7726,0.7726,0.7726,0.7726,0.0033,0,0
510230.OF,国泰上证180金融ETF,2015-09-28,0.7683,0.7683,0.7683,0.7683,-0.0056,0,0
510230.OF,国泰上证180金融ETF,2015-09-29,0.7567,0.7567,0.7567,0.7567,-0.0151,0,0
510230.OF,国泰上证180金融ETF,2015-09-30,0.7623,0.7623,0.7623,0.7623,0.0075,0,0
510230.OF,国泰上证180金融ETF,2015-10-08,0.7741,0.7741,0.7741,0.7741,0.0154,0,0
510230.OF,国泰上证180金融ETF,2015-10-09,0.787,0.787,0.787,0.787,0.0167,0,0
510230.OF,国泰上证180金融ETF,2015-10-12,0.8079,0.8079,0.8079,0.8079,0.0265,0,0
510230.OF,国泰上证180金融ETF,2015-10-13,0.8027,0.8027,0.8027,0.8027,-0.0064,0,0
510230.OF,国泰上证180金融ETF,2015-10-14,0.7942,0.7942,0.7942,0.7942,-0.0106,0,0
510230.OF,国泰上证180金融ETF,2015-10-15,0.809,0.809,0.809,0.809,0.0187,0,0
510230.OF,国泰上证180金融ETF,2015-10-16,0.8171,0.8171,0.8171,0.8171,0.01,0,0
510230.OF,国泰上证180金融ETF,2015-10-19,0.8197,0.8197,0.8197,0.8197,0.0032,0,0
510230.OF,国泰上证180金融ETF,2015-10-20,0.8214,0.8214,0.8214,0.8214,0.0021,0,0
510230.OF,国泰上证180金融ETF,2015-10-21,0.8266,0.8266,0.8266,0.8266,0.0063,0,0
510230.OF,国泰上证180金融ETF,2015-10-22,0.8208,0.8208,0.8208,0.8208,-0.0071,0,0
510230.OF,国泰上证180金融ETF,2015-10-23,0.8262,0.8262,0.8262,0.8262,0.0065,0,0
510230.OF,国泰上证180金融ETF,2015-10-26,0.8306,0.8306,0.8306,0.8306,0.0053,0,0
510230.OF,国泰上证180金融ETF,2015-10-27,0.8307,0.8307,0.8307,0.8307,0.0002,0,0
510230.OF,国泰上证180金融ETF,2015-10-28,0.8173,0.8173,0.8173,0.8173,-0.0161,0,0
510230.OF,国泰上证180金融ETF,2015-10-29,0.8154,0.8154,0.8154,0.8154,-0.0023,0,0
510230.OF,国泰上证180金融ETF,2015-10-30,0.8207,0.8207,0.8207,0.8207,0.0065,0,0
510230.OF,国泰上证180金融ETF,2015-11-02,0.8093,0.8093,0.8093,0.8093,-0.0139,0,0
510230.OF,国泰上证180金融ETF,2015-11-03,0.8077,0.8077,0.8077,0.8077,-0.002,0,0
510230.OF,国泰上证180金融ETF,2015-11-04,0.8487,0.8487,0.8487,0.8487,0.0508,0,0
510230.OF,国泰上证180金融ETF,2015-11-05,0.8755,0.8755,0.8755,0.8755,0.0315,0,0
510230.OF,国泰上证180金融ETF,2015-11-06,0.9012,0.9012,0.9012,0.9012,0.0294,0,0
510230.OF,国泰上证180金融ETF,2015-11-09,0.916,0.916,0.916,0.916,0.0164,0,0
510230.OF,国泰上证180金融ETF,2015-11-10,0.9139,0.9139,0.9139,0.9139,-0.0023,0,0
510230.OF,国泰上证180金融ETF,2015-11-11,0.9081,0.9081,0.9081,0.9081,-0.0064,0,0
510230.OF,国泰上证180金融ETF,2015-11-12,0.8949,0.8949,0.8949,0.8949,-0.0145,0,0
510230.OF,国泰上证180金融ETF,2015-11-13,0.8902,0.8902,0.8902,0.8902,-0.0052,0,0
510230.OF,国泰上证180金融ETF,2015-11-16,0.8875,0.8875,0.8875,0.8875,-0.0031,0,0
510230.OF,国泰上证180金融ETF,2015-11-17,0.891,0.891,0.891,0.891,0.0039,0,0
510230.OF,国泰上证180金融ETF,2015-11-18,0.8843,0.8843,0.8843,0.8843,-0.0075,0,0
510230.OF,国泰上证180金融ETF,2015-11-19,0.8973,0.8973,0.8973,0.8973,0.0146,0,0
510230.OF,国泰上证180金融ETF,2015-11-20,0.8942,0.8942,0.8942,0.8942,-0.0034,0,0
510230.OF,国泰上证180金融ETF,2015-11-23,0.8903,0.8903,0.8903,0.8903,-0.0043,0,0
510230.OF,国泰上证180金融ETF,2015-11-24,0.8899,0.8899,0.8899,0.8899,-0.0005,0,0
510230.OF,国泰上证180金融ETF,2015-11-25,0.8936,0.8936,0.8936,0.8936,0.0042,0,0
510230.OF,国泰上证180金融ETF,2015-11-26,0.8878,0.8878,0.8878,0.8878,-0.0066,0,0
510230.OF,国泰上证180金融ETF,2015-11-27,0.8469,0.8469,0.8469,0.8469,-0.046,0,0
510230.OF,国泰上证180金融ETF,2015-11-30,0.8493,0.8493,0.8493,0.8493,0.0029,0,0
510230.OF,国泰上证180金融ETF,2015-12-01,0.8481,0.8481,0.8481,0.8481,-0.0014,0,0
510230.OF,国泰上证180金融ETF,2015-12-02,0.8967,0.8967,0.8967,0.8967,0.0574,0,0
510230.OF,国泰上证180金融ETF,2015-12-03,0.8988,0.8988,0.8988,0.8988,0.0023,0,0
510230.OF,国泰上证180金融ETF,2015-12-04,0.8725,0.8725,0.8725,0.8725,-0.0293,0,0
510230.OF,国泰上证180金融ETF,2015-12-07,0.8711,0.8711,0.8711,0.8711,-0.0017,0,0
510230.OF,国泰上证180金融ETF,2015-12-08,0.8639,0.8639,0.8639,0.8639,-0.0082,0,0
510230.OF,国泰上证180金融ETF,2015-12-09,0.8644,0.8644,0.8644,0.8644,0.0006,0,0
510230.OF,国泰上证180金融ETF,2015-12-10,0.8626,0.8626,0.8626,0.8626,-0.0021,0,0
510230.OF,国泰上证180金融ETF,2015-12-11,0.8586,0.8586,0.8586,0.8586,-0.0046,0,0
510230.OF,国泰上证180金融ETF,2015-12-14,0.8913,0.8913,0.8913,0.8913,0.038,0,0
510230.OF,国泰上证180金融ETF,2015-12-15,0.8758,0.8758,0.8758,0.8758,-0.0173,0,0
510230.OF,国泰上证180金融ETF,2015-12-16,0.875,0.875,0.875,0.875,-0.001,0,0
510230.OF,国泰上证180金融ETF,2015-12-17,0.8846,0.8846,0.8846,0.8846,0.011,0,0
510230.OF,国泰上证180金融ETF,2015-12-18,0.89,0.89,0.89,0.89,0.0061,0,0
510230.OF,国泰上证180金融ETF,2015-12-21,0.9175,0.9175,0.9175,0.9175,0.0308,0,0
510230.OF,国泰上证180金融ETF,2015-12-22,0.917,0.917,0.917,0.917,-0.0006,0,0
510230.OF,国泰上证180金融ETF,2015-12-23,0.9238,0.9238,0.9238,0.9238,0.0075,0,0
510230.OF,国泰上证180金融ETF,2015-12-24,0.9158,0.9158,0.9158,0.9158,-0.0087,0,0
510230.OF,国泰上证180金融ETF,2015-12-25,0.9197,0.9197,0.9197,0.9197,0.0043,0,0
510230.OF,国泰上证180金融ETF,2015-12-28,0.8883,0.8883,0.8883,0.8883,-0.0342,0,0
510230.OF,国泰上证180金融ETF,2015-12-29,0.898,0.898,0.898,0.898,0.011,0,0
510230.OF,国泰上证180金融ETF,2015-12-30,0.8972,0.8972,0.8972,0.8972,-0.0009,0,0
510230.OF,国泰上证180金融ETF,2015-12-31,0.8936,0.8936,0.8936,0.8936,-0.0041,0,0
510230.OF,国泰上证180金融ETF,2016-01-04,0.8404,0.8404,0.8404,0.8404,-0.0594,0,0
510230.OF,国泰上证180金融ETF,2016-01-05,0.847,0.847,0.847,0.847,0.0078,0,0
510230.OF,国泰上证180金融ETF,2016-01-06,0.8544,0.8544,0.8544,0.8544,0.0088,0,0
510230.OF,国泰上证180金融ETF,2016-01-07,0.8087,0.8087,0.8087,0.8087,-0.0536,0,0
510230.OF,国泰上证180金融ETF,2016-01-08,0.8215,0.8215,0.8215,0.8215,0.0159,0,0
510230.OF,国泰上证180金融ETF,2016-01-11,0.7811,0.7811,0.7811,0.7811,-0.0492,0,0
510230.OF,国泰上证180金融ETF,2016-01-12,0.7859,0.7859,0.7859,0.7859,0.0061,0,0
510230.OF,国泰上证180金融ETF,2016-01-13,0.7786,0.7786,0.7786,0.7786,-0.0093,0,0
510230.OF,国泰上证180金融ETF,2016-01-14,0.7865,0.7865,0.7865,0.7865,0.0102,0,0
510230.OF,国泰上证180金融ETF,2016-01-15,0.7683,0.7683,0.7683,0.7683,-0.0232,0,0
510230.OF,国泰上证180金融ETF,2016-01-18,0.7671,0.7671,0.7671,0.7671,-0.0015,0,0
510230.OF,国泰上证180金融ETF,2016-01-19,0.7818,0.7818,0.7818,0.7818,0.0192,0,0
510230.OF,国泰上证180金融ETF,2016-01-20,0.7687,0.7687,0.7687,0.7687,-0.0167,0,0
510230.OF,国泰上证180金融ETF,2016-01-21,0.7522,0.7522,0.7522,0.7522,-0.0215,0,0
510230.OF,国泰上证180金融ETF,2016-01-22,0.7587,0.7587,0.7587,0.7587,0.0086,0,0
510230.OF,国泰上证180金融ETF,2016-01-25,0.7603,0.7603,0.7603,0.7603,0.0021,0,0
510230.OF,国泰上证180金融ETF,2016-01-26,0.7209,0.7209,0.7209,0.7209,-0.0518,0,0
510230.OF,国泰上证180金融ETF,2016-01-27,0.72,0.72,0.72,0.72,-0.0013,0,0
510230.OF,国泰上证180金融ETF,2016-01-28,0.7107,0.7107,0.7107,0.7107,-0.0128,0,0
510230.OF,国泰上证180金融ETF,2016-01-29,0.7331,0.7331,0.7331,0.7331,0.0315,0,0
510230.OF,国泰上证180金融ETF,2016-02-01,0.7206,0.7206,0.7206,0.7206,-0.0171,0,0
510230.OF,国泰上证180金融ETF,2016-02-02,0.7311,0.7311,0.7311,0.7311,0.0146,0,0
510230.OF,国泰上证180金融ETF,2016-02-03,0.7245,0.7245,0.7245,0.7245,-0.0091,0,0
510230.OF,国泰上证180金融ETF,2016-02-04,0.7336,0.7336,0.7336,0.7336,0.0126,0,0
510230.OF,国泰上证180金融ETF,2016-02-05,0.7293,0.7293,0.7293,0.7293,-0.0059,0,0
510230.OF,国泰上证180金融ETF,2016-02-15,0.7221,0.7221,0.7221,0.7221,-0.0099,0,0
510230.OF,国泰上证180金融ETF,2016-02-16,0.7415,0.7415,0.7415,0.7415,0.0268,0,0
510230.OF,国泰上证180金融ETF,2016-02-17,0.7441,0.7441,0.7441,0.7441,0.0036,0,0
510230.OF,国泰上证180金融ETF,2016-02-18,0.7433,0.7433,0.7433,0.7433,-0.0012,0,0
510230.OF,国泰上证180金融ETF,2016-02-19,0.7414,0.7414,0.7414,0.7414,-0.0025,0,0
510230.OF,国泰上证180金融ETF,2016-02-22,0.7602,0.7602,0.7602,0.7602,0.0253,0,0
510230.OF,国泰上证180金融ETF,2016-02-23,0.7494,0.7494,0.7494,0.7494,-0.0142,0,0
510230.OF,国泰上证180金融ETF,2016-02-24,0.7518,0.7518,0.7518,0.7518,0.0032,0,0
510230.OF,国泰上证180金融ETF,2016-02-25,0.7156,0.7156,0.7156,0.7156,-0.0481,0,0
510230.OF,国泰上证180金融ETF,2016-02-26,0.7238,0.7238,0.7238,0.7238,0.0115,0,0
510230.OF,国泰上证180金融ETF,2016-02-29,0.7193,0.7193,0.7193,0.7193,-0.0062,0,0
510230.OF,国泰上证180金融ETF,2016-03-01,0.7291,0.7291,0.7291,0.7291,0.0136,0,0
510230.OF,国泰上证180金融ETF,2016-03-02,0.7524,0.7524,0.7524,0.7524,0.032,0,0
510230.OF,国泰上证180金融ETF,2016-03-03,0.7565,0.7565,0.7565,0.7565,0.0055,0,0
510230.OF,国泰上证180金融ETF,2016-03-04,0.7816,0.7816,0.7816,0.7816,0.0331,0,0
510230.OF,国泰上证180金融ETF,2016-03-07,0.7753,0.7753,0.7753,0.7753,-0.0081,0,0
510230.OF,国泰上证180金融ETF,2016-03-08,0.7802,0.7802,0.7802,0.7802,0.0063,0,0
510230.OF,国泰上证180金融ETF,2016-03-09,0.7809,0.7809,0.7809,0.7809,0.0009,0,0
510230.OF,国泰上证180金融ETF,2016-03-10,0.7611,0.7611,0.7611,0.7611,-0.0253,0,0
510230.OF,国泰上证180金融ETF,2016-03-11,0.765,0.765,0.765,0.765,0.0051,0,0
510230.OF,国泰上证180金融ETF,2016-03-14,0.7666,0.7666,0.7666,0.7666,0.0022,0,0
510230.OF,国泰上证180金融ETF,2016-03-15,0.7731,0.7731,0.7731,0.7731,0.0084,0,0
510230.OF,国泰上证180金融ETF,2016-03-16,0.7895,0.7895,0.7895,0.7895,0.0212,0,0
510230.OF,国泰上证180金融ETF,2016-03-17,0.7874,0.7874,0.7874,0.7874,-0.0026,0,0
510230.OF,国泰上证180金融ETF,2016-03-18,0.7935,0.7935,0.7935,0.7935,0.0077,0,0
510230.OF,国泰上证180金融ETF,2016-03-21,0.8186,0.8186,0.8186,0.8186,0.0316,0,0
510230.OF,国泰上证180金融ETF,2016-03-22,0.8075,0.8075,0.8075,0.8075,-0.0136,0,0
510230.OF,国泰上证180金融ETF,2016-03-23,0.8098,0.8098,0.8098,0.8098,0.0029,0,0
510230.OF,国泰上证180金融ETF,2016-03-24,0.7929,0.7929,0.7929,0.7929,-0.0209,0,0
510230.OF,国泰上证180金融ETF,2016-03-25,0.7976,0.7976,0.7976,0.7976,0.0059,0,0
510230.OF,国泰上证180金融ETF,2016-03-28,0.7853,0.7853,0.7853,0.7853,-0.0154,0,0
510230.OF,国泰上证180金融ETF,2016-03-29,0.7827,0.7827,0.7827,0.7827,-0.0033,0,0
510230.OF,国泰上证180金融ETF,2016-03-30,0.8021,0.8021,0.8021,0.8021,0.0247,0,0
510230.OF,国泰上证180金融ETF,2016-03-31,0.8006,0.8006,0.8006,0.8006,-0.0019,0,0
510230.OF,国泰上证180金融ETF,2016-04-01,0.8037,0.8037,0.8037,0.8037,0.004,0,0
510230.OF,国泰上证180金融ETF,2016-04-05,0.8084,0.8084,0.8084,0.8084,0.0058,0,0
510230.OF,国泰上证180金融ETF,2016-04-06,0.8017,0.8017,0.8017,0.8017,-0.0083,0,0
510230.OF,国泰上证180金融ETF,2016-04-07,0.7911,0.7911,0.7911,0.7911,-0.0133,0,0
510230.OF,国泰上证180金融ETF,2016-04-08,0.786,0.786,0.786,0.786,-0.0064,0,0
510230.OF,国泰上证180金融ETF,2016-04-11,0.7961,0.7961,0.7961,0.7961,0.0129,0,0
510230.OF,国泰上证180金融ETF,2016-04-12,0.7953,0.7953,0.7953,0.7953,-0.0011,0,0
510230.OF,国泰上证180金融ETF,2016-04-13,0.8061,0.8061,0.8061,0.8061,0.0136,0,0
510230.OF,国泰上证180金融ETF,2016-04-14,0.8091,0.8091,0.8091,0.8091,0.0037,0,0
510230.OF,国泰上证180金融ETF,2016-04-15,0.8113,0.8113,0.8113,0.8113,0.0028,0,0
510230.OF,国泰上证180金融ETF,2016-04-18,0.8032,0.8032,0.8032,0.8032,-0.0101,0,0
510230.OF,国泰上证180金融ETF,2016-04-19,0.8057,0.8057,0.8057,0.8057,0.0031,0,0
510230.OF,国泰上证180金融ETF,2016-04-20,0.8061,0.8061,0.8061,0.8061,0.0005,0,0
510230.OF,国泰上证180金融ETF,2016-04-21,0.8036,0.8036,0.8036,0.8036,-0.0031,0,0
510230.OF,国泰上证180金融ETF,2016-04-22,0.8084,0.8084,0.8084,0.8084,0.006,0,0
510230.OF,国泰上证180金融ETF,2016-04-25,0.8048,0.8048,0.8048,0.8048,-0.0045,0,0
510230.OF,国泰上证180金融ETF,2016-04-26,0.8079,0.8079,0.8079,0.8079,0.0038,0,0
510230.OF,国泰上证180金融ETF,2016-04-27,0.8034,0.8034,0.8034,0.8034,-0.0055,0,0
510230.OF,国泰上证180金融ETF,2016-04-28,0.8028,0.8028,0.8028,0.8028,-0.0007,0,0
510230.OF,国泰上证180金融ETF,2016-04-29,0.7984,0.7984,0.7984,0.7984,-0.0055,0,0
510230.OF,国泰上证180金融ETF,2016-05-03,0.8052,0.8052,0.8052,0.8052,0.0085,0,0
510230.OF,国泰上证180金融ETF,2016-05-04,0.804,0.804,0.804,0.804,-0.0015,0,0
510230.OF,国泰上证180金融ETF,2016-05-05,0.8035,0.8035,0.8035,0.8035,-0.0007,0,0
510230.OF,国泰上证180金融ETF,2016-05-06,0.7867,0.7867,0.7867,0.7867,-0.0209,0,0
510230.OF,国泰上证180金融ETF,2016-05-09,0.7756,0.7756,0.7756,0.7756,-0.0141,0,0
510230.OF,国泰上证180金融ETF,2016-05-10,0.773,0.773,0.773,0.773,-0.0033,0,0
510230.OF,国泰上证180金融ETF,2016-05-11,0.7739,0.7739,0.7739,0.7739,0.0012,0,0
510230.OF,国泰上证180金融ETF,2016-05-12,0.7783,0.7783,0.7783,0.7783,0.0057,0,0
510230.OF,国泰上证180金融ETF,2016-05-13,0.7758,0.7758,0.7758,0.7758,-0.0033,0,0
510230.OF,国泰上证180金融ETF,2016-05-16,0.7772,0.7772,0.7772,0.7772,0.0018,0,0
510230.OF,国泰上证180金融ETF,2016-05-17,0.7753,0.7753,0.7753,0.7753,-0.0023,0,0
510230.OF,国泰上证180金融ETF,2016-05-18,0.781,0.781,0.781,0.781,0.0073,0,0
510230.OF,国泰上证180金融ETF,2016-05-19,0.7776,0.7776,0.7776,0.7776,-0.0043,0,0
510230.OF,国泰上证180金融ETF,2016-05-20,0.7809,0.7809,0.7809,0.7809,0.0042,0,0
510230.OF,国泰上证180金融ETF,2016-05-23,0.7797,0.7797,0.7797,0.7797,-0.0015,0,0
510230.OF,国泰上证180金融ETF,2016-05-24,0.7731,0.7731,0.7731,0.7731,-0.0086,0,0
510230.OF,国泰上证180金融ETF,2016-05-25,0.7765,0.7765,0.7765,0.7765,0.0045,0,0
510230.OF,国泰上证180金融ETF,2016-05-26,0.7784,0.7784,0.7784,0.7784,0.0025,0,0
510230.OF,国泰上证180金融ETF,2016-05-27,0.7776,0.7776,0.7776,0.7776,-0.0011,0,0
510230.OF,国泰上证180金融ETF,2016-05-30,0.7839,0.7839,0.7839,0.7839,0.0081,0,0
510230.OF,国泰上证180金融ETF,2016-05-31,0.8101,0.8101,0.8101,0.8101,0.0334,0,0
510230.OF,国泰上证180金融ETF,2016-06-01,0.802,0.802,0.802,0.802,-0.0099,0,0
510230.OF,国泰上证180金融ETF,2016-06-02,0.8011,0.8011,0.8011,0.8011,-0.0011,0,0
510230.OF,国泰上证180金融ETF,2016-06-03,0.8038,0.8038,0.8038,0.8038,0.0033,0,0
510230.OF,国泰上证180金融ETF,2016-06-06,0.8,0.8,0.8,0.8,-0.0046,0,0
510230.OF,国泰上证180金融ETF,2016-06-07,0.8016,0.8016,0.8016,0.8016,0.002,0,0
510230.OF,国泰上证180金融ETF,2016-06-08,0.7998,0.7998,0.7998,0.7998,-0.0022,0,0
510230.OF,国泰上证180金融ETF,2016-06-13,0.7813,0.7813,0.7813,0.7813,-0.0232,0,0
510230.OF,国泰上证180金融ETF,2016-06-14,0.7858,0.7858,0.7858,0.7858,0.0058,0,0
510230.OF,国泰上证180金融ETF,2016-06-15,0.7892,0.7892,0.7892,0.7892,0.0043,0,0
510230.OF,国泰上证180金融ETF,2016-06-16,0.7855,0.7855,0.7855,0.7855,-0.0046,0,0
510230.OF,国泰上证180金融ETF,2016-06-17,0.7891,0.7891,0.7891,0.7891,0.0046,0,0
510230.OF,国泰上证180金融ETF,2016-06-20,0.7901,0.7901,0.7901,0.7901,0.0012,0,0
510230.OF,国泰上证180金融ETF,2016-06-21,0.7918,0.7918,0.7918,0.7918,0.0022,0,0
510230.OF,国泰上证180金融ETF,2016-06-22,0.7962,0.7962,0.7962,0.7962,0.0055,0,0
510230.OF,国泰上证180金融ETF,2016-06-23,0.7937,0.7937,0.7937,0.7937,-0.0031,0,0
510230.OF,国泰上证180金融ETF,2016-06-24,0.7845,0.7845,0.7845,0.7845,-0.0116,0,0
510230.OF,国泰上证180金融ETF,2016-06-27,0.7902,0.7902,0.7902,0.7902,0.0072,0,0
510230.OF,国泰上证180金融ETF,2016-06-28,0.7937,0.7937,0.7937,0.7937,0.0045,0,0
510230.OF,国泰上证180金融ETF,2016-06-29,0.7999,0.7999,0.7999,0.7999,0.0078,0,0
510230.OF,国泰上证180金融ETF,2016-06-30,0.7995,0.7995,0.7995,0.7995,-0.0005,0,0
510230.OF,国泰上证180金融ETF,2016-07-01,0.8025,0.8025,0.8025,0.8025,0.0037,0,0
510230.OF,国泰上证180金融ETF,2016-07-04,0.8155,0.8155,0.8155,0.8155,0.0162,0,0
510230.OF,国泰上证180金融ETF,2016-07-05,0.8138,0.8138,0.8138,0.8138,-0.002,0,0
510230.OF,国泰上证180金融ETF,2016-07-06,0.8115,0.8115,0.8115,0.8115,-0.0029,0,0
510230.OF,国泰上证180金融ETF,2016-07-07,0.8131,0.8131,0.8131,0.8131,0.002,0,0
510230.OF,国泰上证180金融ETF,2016-07-08,0.8094,0.8094,0.8094,0.8094,-0.0047,0,0
510230.OF,国泰上证180金融ETF,2016-07-11,0.8095,0.8095,0.8095,0.8095,0.0001,0,0
510230.OF,国泰上证180金融ETF,2016-07-12,0.824,0.824,0.824,0.824,0.018,0,0
510230.OF,国泰上证180金融ETF,2016-07-13,0.8291,0.8291,0.8291,0.8291,0.0061,0,0
510230.OF,国泰上证180金融ETF,2016-07-14,0.8286,0.8286,0.8286,0.8286,-0.0005,0,0
510230.OF,国泰上证180金融ETF,2016-07-15,0.828,0.828,0.828,0.828,-0.0008,0,0
510230.OF,国泰上证180金融ETF,2016-07-18,0.8283,0.8283,0.8283,0.8283,0.0004,0,0
510230.OF,国泰上证180金融ETF,2016-07-19,0.8253,0.8253,0.8253,0.8253,-0.0037,0,0
510230.OF,国泰上证180金融ETF,2016-07-20,0.8211,0.8211,0.8211,0.8211,-0.0051,0,0
510230.OF,国泰上证180金融ETF,2016-07-21,0.8258,0.8258,0.8258,0.8258,0.0058,0,0
510230.OF,国泰上证180金融ETF,2016-07-22,0.8191,0.8191,0.8191,0.8191,-0.0082,0,0
510230.OF,国泰上证180金融ETF,2016-07-25,0.8197,0.8197,0.8197,0.8197,0.0008,0,0
510230.OF,国泰上证180金融ETF,2016-07-26,0.8257,0.8257,0.8257,0.8257,0.0073,0,0
510230.OF,国泰上证180金融ETF,2016-07-27,0.8244,0.8244,0.8244,0.8244,-0.0016,0,0
510230.OF,国泰上证180金融ETF,2016-07-28,0.8149,0.8149,0.8149,0.8149,-0.0115,0,0
510230.OF,国泰上证180金融ETF,2016-07-29,0.8134,0.8134,0.8134,0.8134,-0.0019,0,0
510230.OF,国泰上证180金融ETF,2016-08-01,0.8128,0.8128,0.8128,0.8128,-0.0007,0,0
510230.OF,国泰上证180金融ETF,2016-08-02,0.8131,0.8131,0.8131,0.8131,0.0004,0,0
510230.OF,国泰上证180金融ETF,2016-08-03,0.8108,0.8108,0.8108,0.8108,-0.0029,0,0
510230.OF,国泰上证180金融ETF,2016-08-04,0.8102,0.8102,0.8102,0.8102,-0.0007,0,0
510230.OF,国泰上证180金融ETF,2016-08-05,0.8138,0.8138,0.8138,0.8138,0.0044,0,0
510230.OF,国泰上证180金融ETF,2016-08-08,0.816,0.816,0.816,0.816,0.0028,0,0
510230.OF,国泰上证180金融ETF,2016-08-09,0.82,0.82,0.82,0.82,0.0049,0,0
510230.OF,国泰上证180金融ETF,2016-08-10,0.8197,0.8197,0.8197,0.8197,-0.0004,0,0
510230.OF,国泰上证180金融ETF,2016-08-11,0.8268,0.8268,0.8268,0.8268,0.0087,0,0
510230.OF,国泰上证180金融ETF,2016-08-12,0.8465,0.8465,0.8465,0.8465,0.0237,0,0
510230.OF,国泰上证180金融ETF,2016-08-15,0.8746,0.8746,0.8746,0.8746,0.0333,0,0
510230.OF,国泰上证180金融ETF,2016-08-16,0.8602,0.8602,0.8602,0.8602,-0.0165,0,0
510230.OF,国泰上证180金融ETF,2016-08-17,0.8579,0.8579,0.8579,0.8579,-0.0027,0,0
510230.OF,国泰上证180金融ETF,2016-08-18,0.8546,0.8546,0.8546,0.8546,-0.0039,0,0
510230.OF,国泰上证180金融ETF,2016-08-19,0.8565,0.8565,0.8565,0.8565,0.0023,0,0
510230.OF,国泰上证180金融ETF,2016-08-22,0.8519,0.8519,0.8519,0.8519,-0.0054,0,0
510230.OF,国泰上证180金融ETF,2016-08-23,0.8554,0.8554,0.8554,0.8554,0.0041,0,0
510230.OF,国泰上证180金融ETF,2016-08-24,0.8508,0.8508,0.8508,0.8508,-0.0054,0,0
510230.OF,国泰上证180金融ETF,2016-08-25,0.8501,0.8501,0.8501,0.8501,-0.0008,0,0
510230.OF,国泰上证180金融ETF,2016-08-26,0.8485,0.8485,0.8485,0.8485,-0.0018,0,0
510230.OF,国泰上证180金融ETF,2016-08-29,0.8462,0.8462,0.8462,0.8462,-0.0027,0,0
510230.OF,国泰上证180金融ETF,2016-08-30,0.8511,0.8511,0.8511,0.8511,0.0057,0,0
510230.OF,国泰上证180金融ETF,2016-08-31,0.8548,0.8548,0.8548,0.8548,0.0044,0,0
510230.OF,国泰上证180金融ETF,2016-09-01,0.8511,0.8511,0.8511,0.8511,-0.0043,0,0
510230.OF,国泰上证180金融ETF,2016-09-02,0.8558,0.8558,0.8558,0.8558,0.0055,0,0
510230.OF,国泰上证180金融ETF,2016-09-05,0.8569,0.8569,0.8569,0.8569,0.0013,0,0
510230.OF,国泰上证180金融ETF,2016-09-06,0.8567,0.8567,0.8567,0.8567,-0.0003,0,0
510230.OF,国泰上证180金融ETF,2016-09-07,0.8579,0.8579,0.8579,0.8579,0.0015,0,0
510230.OF,国泰上证180金融ETF,2016-09-08,0.8583,0.8583,0.8583,0.8583,0.0004,0,0
510230.OF,国泰上证180金融ETF,2016-09-09,0.8554,0.8554,0.8554,0.8554,-0.0034,0,0
510230.OF,国泰上证180金融ETF,2016-09-12,0.8439,0.8439,0.8439,0.8439,-0.0134,0,0
510230.OF,国泰上证180金融ETF,2016-09-13,0.841,0.841,0.841,0.841,-0.0035,0,0
510230.OF,国泰上证180金融ETF,2016-09-14,0.8335,0.8335,0.8335,0.8335,-0.0089,0,0
510230.OF,国泰上证180金融ETF,2016-09-19,0.8395,0.8395,0.8395,0.8395,0.0072,0,0
510230.OF,国泰上证180金融ETF,2016-09-20,0.8382,0.8382,0.8382,0.8382,-0.0015,0,0
510230.OF,国泰上证180金融ETF,2016-09-21,0.8405,0.8405,0.8405,0.8405,0.0027,0,0
510230.OF,国泰上证180金融ETF,2016-09-22,0.8451,0.8451,0.8451,0.8451,0.0056,0,0
510230.OF,国泰上证180金融ETF,2016-09-23,0.8434,0.8434,0.8434,0.8434,-0.002,0,0
510230.OF,国泰上证180金融ETF,2016-09-26,0.8347,0.8347,0.8347,0.8347,-0.0104,0,0
510230.OF,国泰上证180金融ETF,2016-09-27,0.8384,0.8384,0.8384,0.8384,0.0045,0,0
510230.OF,国泰上证180金融ETF,2016-09-28,0.8348,0.8348,0.8348,0.8348,-0.0043,0,0
510230.OF,国泰上证180金融ETF,2016-09-29,0.8385,0.8385,0.8385,0.8385,0.0045,0,0
510230.OF,国泰上证180金融ETF,2016-09-30,0.8384,0.8384,0.8384,0.8384,-0.0002,0,0
510230.OF,国泰上证180金融ETF,2016-10-10,0.8474,0.8474,0.8474,0.8474,0.0108,0,0
510230.OF,国泰上证180金融ETF,2016-10-11,0.8479,0.8479,0.8479,0.8479,0.0006,0,0
510230.OF,国泰上证180金融ETF,2016-10-12,0.8452,0.8452,0.8452,0.8452,-0.0033,0,0
510230.OF,国泰上证180金融ETF,2016-10-13,0.8435,0.8435,0.8435,0.8435,-0.0019,0,0
510230.OF,国泰上证180金融ETF,2016-10-14,0.8435,0.8435,0.8435,0.8435,0.0,0,0
510230.OF,国泰上证180金融ETF,2016-10-17,0.8362,0.8362,0.8362,0.8362,-0.0087,0,0
510230.OF,国泰上证180金融ETF,2016-10-18,0.8454,0.8454,0.8454,0.8454,0.011,0,0
510230.OF,国泰上证180金融ETF,2016-10-19,0.843,0.843,0.843,0.843,-0.0029,0,0
510230.OF,国泰上证180金融ETF,2016-10-20,0.8434,0.8434,0.8434,0.8434,0.0006,0,0
510230.OF,国泰上证180金融ETF,2016-10-21,0.8471,0.8471,0.8471,0.8471,0.0043,0,0
510230.OF,国泰上证180金融ETF,2016-10-24,0.8577,0.8577,0.8577,0.8577,0.0126,0,0
510230.OF,国泰上证180金融ETF,2016-10-25,0.8555,0.8555,0.8555,0.8555,-0.0026,0,0
510230.OF,国泰上证180金融ETF,2016-10-26,0.8513,0.8513,0.8513,0.8513,-0.005,0,0
510230.OF,国泰上证180金融ETF,2016-10-27,0.8495,0.8495,0.8495,0.8495,-0.002,0,0
510230.OF,国泰上证180金融ETF,2016-10-28,0.8548,0.8548,0.8548,0.8548,0.0062,0,0
510230.OF,国泰上证180金融ETF,2016-10-31,0.8532,0.8532,0.8532,0.8532,-0.0019,0,0
510230.OF,国泰上证180金融ETF,2016-11-01,0.8593,0.8593,0.8593,0.8593,0.0071,0,0
510230.OF,国泰上证180金融ETF,2016-11-02,0.8536,0.8536,0.8536,0.8536,-0.0066,0,0
510230.OF,国泰上证180金融ETF,2016-11-03,0.8624,0.8624,0.8624,0.8624,0.0103,0,0
510230.OF,国泰上证180金融ETF,2016-11-04,0.8604,0.8604,0.8604,0.8604,-0.0023,0,0
510230.OF,国泰上证180金融ETF,2016-11-07,0.8611,0.8611,0.8611,0.8611,0.0008,0,0
510230.OF,国泰上证180金融ETF,2016-11-08,0.8644,0.8644,0.8644,0.8644,0.0038,0,0
510230.OF,国泰上证180金融ETF,2016-11-09,0.8561,0.8561,0.8561,0.8561,-0.0096,0,0
510230.OF,国泰上证180金融ETF,2016-11-10,0.8656,0.8656,0.8656,0.8656,0.0111,0,0
510230.OF,国泰上证180金融ETF,2016-11-11,0.8739,0.8739,0.8739,0.8739,0.0096,0,0
510230.OF,国泰上证180金融ETF,2016-11-14,0.876,0.876,0.876,0.876,0.0025,0,0
510230.OF,国泰上证180金融ETF,2016-11-15,0.8744,0.8744,0.8744,0.8744,-0.0018,0,0
510230.OF,国泰上证180金融ETF,2016-11-16,0.8745,0.8745,0.8745,0.8745,0.0001,0,0
510230.OF,国泰上证180金融ETF,2016-11-17,0.874,0.874,0.874,0.874,-0.0006,0,0
510230.OF,国泰上证180金融ETF,2016-11-18,0.8699,0.8699,0.8699,0.8699,-0.0047,0,0
510230.OF,国泰上证180金融ETF,2016-11-21,0.88,0.88,0.88,0.88,0.0116,0,0
510230.OF,国泰上证180金融ETF,2016-11-22,0.8873,0.8873,0.8873,0.8873,0.0082,0,0
510230.OF,国泰上证180金融ETF,2016-11-23,0.8915,0.8915,0.8915,0.8915,0.0048,0,0
510230.OF,国泰上证180金融ETF,2016-11-24,0.8942,0.8942,0.8942,0.8942,0.003,0,0
510230.OF,国泰上证180金融ETF,2016-11-25,0.904,0.904,0.904,0.904,0.011,0,0
510230.OF,国泰上证180金融ETF,2016-11-28,0.9006,0.9006,0.9006,0.9006,-0.0038,0,0
510230.OF,国泰上证180金融ETF,2016-11-29,0.9041,0.9041,0.9041,0.9041,0.0039,0,0
510230.OF,国泰上证180金融ETF,2016-11-30,0.8956,0.8956,0.8956,0.8956,-0.0094,0,0
510230.OF,国泰上证180金融ETF,2016-12-01,0.8988,0.8988,0.8988,0.8988,0.0035,0,0
510230.OF,国泰上证180金融ETF,2016-12-02,0.8938,0.8938,0.8938,0.8938,-0.0056,0,0
510230.OF,国泰上证180金融ETF,2016-12-05,0.888,0.888,0.888,0.888,-0.0065,0,0
510230.OF,国泰上证180金融ETF,2016-12-06,0.8838,0.8838,0.8838,0.8838,-0.0048,0,0
510230.OF,国泰上证180金融ETF,2016-12-07,0.8852,0.8852,0.8852,0.8852,0.0016,0,0
510230.OF,国泰上证180金融ETF,2016-12-08,0.8875,0.8875,0.8875,0.8875,0.0027,0,0
510230.OF,国泰上证180金融ETF,2016-12-09,0.8995,0.8995,0.8995,0.8995,0.0135,0,0
510230.OF,国泰上证180金融ETF,2016-12-12,0.8962,0.8962,0.8962,0.8962,-0.0036,0,0
510230.OF,国泰上证180金融ETF,2016-12-13,0.8875,0.8875,0.8875,0.8875,-0.0097,0,0
510230.OF,国泰上证180金融ETF,2016-12-14,0.8874,0.8874,0.8874,0.8874,-0.0001,0,0
510230.OF,国泰上证180金融ETF,2016-12-15,0.8643,0.8643,0.8643,0.8643,-0.0261,0,0
510230.OF,国泰上证180金融ETF,2016-12-16,0.8599,0.8599,0.8599,0.8599,-0.005,0,0
510230.OF,国泰上证180金融ETF,2016-12-19,0.8559,0.8559,0.8559,0.8559,-0.0047,0,0
510230.OF,国泰上证180金融ETF,2016-12-20,0.8495,0.8495,0.8495,0.8495,-0.0074,0,0
510230.OF,国泰上证180金融ETF,2016-12-21,0.853,0.853,0.853,0.853,0.0042,0,0
510230.OF,国泰上证180金融ETF,2016-12-22,0.849,0.849,0.849,0.849,-0.0047,0,0
510230.OF,国泰上证180金融ETF,2016-12-23,0.8436,0.8436,0.8436,0.8436,-0.0063,0,0
510230.OF,国泰上证180金融ETF,2016-12-26,0.8484,0.8484,0.8484,0.8484,0.0056,0,0
510230.OF,国泰上证180金融ETF,2016-12-27,0.8455,0.8455,0.8455,0.8455,-0.0034,0,0
510230.OF,国泰上证180金融ETF,2016-12-28,0.8435,0.8435,0.8435,0.8435,-0.0024,0,0
510230.OF,国泰上证180金融ETF,2016-12-29,0.8418,0.8418,0.8418,0.8418,-0.002,0,0
510230.OF,国泰上证180金融ETF,2016-12-30,0.8481,0.8481,0.8481,0.8481,0.0075,0,0
510230.OF,国泰上证180金融ETF,2016-12-31,0.8481,0.8481,0.8481,0.8481,0.0,0,0
510230.OF,国泰上证180金融ETF,2017-01-03,0.8569,0.8569,0.8569,0.8569,0.0104,0,0
510230.OF,国泰上证180金融ETF,2017-01-04,0.8588,0.8588,0.8588,0.8588,0.0022,0,0
510230.OF,国泰上证180金融ETF,2017-01-05,0.8578,0.8578,0.8578,0.8578,-0.0012,0,0
510230.OF,国泰上证180金融ETF,2017-01-06,0.8509,0.8509,0.8509,0.8509,-0.008,0,0
510230.OF,国泰上证180金融ETF,2017-01-09,0.8537,0.8537,0.8537,0.8537,0.0033,0,0
510230.OF,国泰上证180金融ETF,2017-01-10,0.8523,0.8523,0.8523,0.8523,-0.0016,0,0
510230.OF,国泰上证180金融ETF,2017-01-11,0.8501,0.8501,0.8501,0.8501,-0.0026,0,0
510230.OF,国泰上证180金融ETF,2017-01-12,0.8496,0.8496,0.8496,0.8496,-0.0005,0,0
510230.OF,国泰上证180金融ETF,2017-01-13,0.8562,0.8562,0.8562,0.8562,0.0077,0,0
510230.OF,国泰上证180金融ETF,2017-01-16,0.8687,0.8687,0.8687,0.8687,0.0146,0,0
510230.OF,国泰上证180金融ETF,2017-01-17,0.8642,0.8642,0.8642,0.8642,-0.0053,0,0
510230.OF,国泰上证180金融ETF,2017-01-18,0.8682,0.8682,0.8682,0.8682,0.0047,0,0
510230.OF,国泰上证180金融ETF,2017-01-19,0.8667,0.8667,0.8667,0.8667,-0.0018,0,0
510230.OF,国泰上证180金融ETF,2017-01-20,0.8715,0.8715,0.8715,0.8715,0.0056,0,0
510230.OF,国泰上证180金融ETF,2017-01-23,0.8706,0.8706,0.8706,0.8706,-0.0011,0,0
510230.OF,国泰上证180金融ETF,2017-01-24,0.8738,0.8738,0.8738,0.8738,0.0037,0,0
510230.OF,国泰上证180金融ETF,2017-01-25,0.8751,0.8751,0.8751,0.8751,0.0015,0,0
510230.OF,国泰上证180金融ETF,2017-01-26,0.8789,0.8789,0.8789,0.8789,0.0043,0,0
510230.OF,国泰上证180金融ETF,2017-02-03,0.8677,0.8677,0.8677,0.8677,-0.0127,0,0
510230.OF,国泰上证180金融ETF,2017-02-06,0.8689,0.8689,0.8689,0.8689,0.0013,0,0
510230.OF,国泰上证180金融ETF,2017-02-07,0.8674,0.8674,0.8674,0.8674,-0.0017,0,0
510230.OF,国泰上证180金融ETF,2017-02-08,0.8706,0.8706,0.8706,0.8706,0.0037,0,0
510230.OF,国泰上证180金融ETF,2017-02-09,0.872,0.872,0.872,0.872,0.0016,0,0
510230.OF,国泰上证180金融ETF,2017-02-10,0.8754,0.8754,0.8754,0.8754,0.004,0,0
510230.OF,国泰上证180金融ETF,2017-02-13,0.88,0.88,0.88,0.88,0.0052,0,0
510230.OF,国泰上证180金融ETF,2017-02-14,0.8766,0.8766,0.8766,0.8766,-0.0039,0,0
510230.OF,国泰上证180金融ETF,2017-02-15,0.8809,0.8809,0.8809,0.8809,0.0049,0,0
510230.OF,国泰上证180金融ETF,2017-02-16,0.8829,0.8829,0.8829,0.8829,0.0024,0,0
510230.OF,国泰上证180金融ETF,2017-02-17,0.8784,0.8784,0.8784,0.8784,-0.0051,0,0
510230.OF,国泰上证180金融ETF,2017-02-20,0.8897,0.8897,0.8897,0.8897,0.0129,0,0
510230.OF,国泰上证180金融ETF,2017-02-21,0.8911,0.8911,0.8911,0.8911,0.0015,0,0
510230.OF,国泰上证180金融ETF,2017-02-22,0.89,0.89,0.89,0.89,-0.0012,0,0
510230.OF,国泰上证180金融ETF,2017-02-23,0.886,0.886,0.886,0.886,-0.0044,0,0
510230.OF,国泰上证180金融ETF,2017-02-24,0.8856,0.8856,0.8856,0.8856,-0.0005,0,0
510230.OF,国泰上证180金融ETF,2017-02-27,0.8798,0.8798,0.8798,0.8798,-0.0065,0,0
510230.OF,国泰上证180金融ETF,2017-02-28,0.8794,0.8794,0.8794,0.8794,-0.0005,0,0
510230.OF,国泰上证180金融ETF,2017-03-01,0.8788,0.8788,0.8788,0.8788,-0.0007,0,0
510230.OF,国泰上证180金融ETF,2017-03-02,0.8728,0.8728,0.8728,0.8728,-0.0068,0,0
510230.OF,国泰上证180金融ETF,2017-03-03,0.8699,0.8699,0.8699,0.8699,-0.0033,0,0
510230.OF,国泰上证180金融ETF,2017-03-06,0.871,0.871,0.871,0.871,0.0013,0,0
510230.OF,国泰上证180金融ETF,2017-03-07,0.8739,0.8739,0.8739,0.8739,0.0033,0,0
510230.OF,国泰上证180金融ETF,2017-03-08,0.8719,0.8719,0.8719,0.8719,-0.0023,0,0
510230.OF,国泰上证180金融ETF,2017-03-09,0.8675,0.8675,0.8675,0.8675,-0.005,0,0
510230.OF,国泰上证180金融ETF,2017-03-10,0.8652,0.8652,0.8652,0.8652,-0.0027,0,0
510230.OF,国泰上证180金融ETF,2017-03-13,0.8714,0.8714,0.8714,0.8714,0.0072,0,0
510230.OF,国泰上证180金融ETF,2017-03-14,0.871,0.871,0.871,0.871,-0.0005,0,0
510230.OF,国泰上证180金融ETF,2017-03-15,0.8701,0.8701,0.8701,0.8701,-0.001,0,0
510230.OF,国泰上证180金融ETF,2017-03-16,0.8756,0.8756,0.8756,0.8756,0.0064,0,0
510230.OF,国泰上证180金融ETF,2017-03-17,0.8656,0.8656,0.8656,0.8656,-0.0115,0,0
510230.OF,国泰上证180金融ETF,2017-03-20,0.862,0.862,0.862,0.862,-0.0041,0,0
510230.OF,国泰上证180金融ETF,2017-03-21,0.8603,0.8603,0.8603,0.8603,-0.0019,0,0
510230.OF,国泰上证180金融ETF,2017-03-22,0.8493,0.8493,0.8493,0.8493,-0.0129,0,0
510230.OF,国泰上证180金融ETF,2017-03-23,0.854,0.854,0.854,0.854,0.0055,0,0
510230.OF,国泰上证180金融ETF,2017-03-24,0.8586,0.8586,0.8586,0.8586,0.0054,0,0
510230.OF,国泰上证180金融ETF,2017-03-27,0.8623,0.8623,0.8623,0.8623,0.0044,0,0
510230.OF,国泰上证180金融ETF,2017-03-28,0.8592,0.8592,0.8592,0.8592,-0.0037,0,0
510230.OF,国泰上证180金融ETF,2017-03-29,0.856,0.856,0.856,0.856,-0.0037,0,0
510230.OF,国泰上证180金融ETF,2017-03-30,0.8554,0.8554,0.8554,0.8554,-0.0007,0,0
510230.OF,国泰上证180金融ETF,2017-03-31,0.8609,0.8609,0.8609,0.8609,0.0064,0,0
510230.OF,国泰上证180金融ETF,2017-04-05,0.8674,0.8674,0.8674,0.8674,0.0075,0,0
510230.OF,国泰上证180金融ETF,2017-04-06,0.8642,0.8642,0.8642,0.8642,-0.0036,0,0
510230.OF,国泰上证180金融ETF,2017-04-07,0.8634,0.8634,0.8634,0.8634,-0.0009,0,0
510230.OF,国泰上证180金融ETF,2017-04-10,0.8581,0.8581,0.8581,0.8581,-0.0061,0,0
510230.OF,国泰上证180金融ETF,2017-04-11,0.8565,0.8565,0.8565,0.8565,-0.0019,0,0
510230.OF,国泰上证180金融ETF,2017-04-12,0.8564,0.8564,0.8564,0.8564,-0.0002,0,0
510230.OF,国泰上证180金融ETF,2017-04-13,0.8525,0.8525,0.8525,0.8525,-0.0046,0,0
510230.OF,国泰上证180金融ETF,2017-04-14,0.8472,0.8472,0.8472,0.8472,-0.0062,0,0
510230.OF,国泰上证180金融ETF,2017-04-17,0.8476,0.8476,0.8476,0.8476,0.0005,0,0
510230.OF,国泰上证180金融ETF,2017-04-18,0.8358,0.8358,0.8358,0.8358,-0.014,0,0
510230.OF,国泰上证180金融ETF,2017-04-19,0.8305,0.8305,0.8305,0.8305,-0.0064,0,0
510230.OF,国泰上证180金融ETF,2017-04-20,0.8295,0.8295,0.8295,0.8295,-0.0012,0,0
510230.OF,国泰上证180金融ETF,2017-04-21,0.8383,0.8383,0.8383,0.8383,0.0107,0,0
510230.OF,国泰上证180金融ETF,2017-04-24,0.8408,0.8408,0.8408,0.8408,0.0029,0,0
510230.OF,国泰上证180金融ETF,2017-04-25,0.8409,0.8409,0.8409,0.8409,0.0002,0,0
510230.OF,国泰上证180金融ETF,2017-04-26,0.8433,0.8433,0.8433,0.8433,0.0028,0,0
510230.OF,国泰上证180金融ETF,2017-04-27,0.8465,0.8465,0.8465,0.8465,0.0038,0,0
510230.OF,国泰上证180金融ETF,2017-04-28,0.847,0.847,0.847,0.847,0.0006,0,0
510230.OF,国泰上证180金融ETF,2017-05-02,0.8407,0.8407,0.8407,0.8407,-0.0074,0,0
510230.OF,国泰上证180金融ETF,2017-05-03,0.8375,0.8375,0.8375,0.8375,-0.0039,0,0
510230.OF,国泰上证180金融ETF,2017-05-04,0.8343,0.8343,0.8343,0.8343,-0.0038,0,0
510230.OF,国泰上证180金融ETF,2017-05-05,0.8314,0.8314,0.8314,0.8314,-0.0034,0,0
510230.OF,国泰上证180金融ETF,2017-05-08,0.8355,0.8355,0.8355,0.8355,0.0049,0,0
510230.OF,国泰上证180金融ETF,2017-05-09,0.8341,0.8341,0.8341,0.8341,-0.0017,0,0
510230.OF,国泰上证180金融ETF,2017-05-10,0.8412,0.8412,0.8412,0.8412,0.0085,0,0
510230.OF,国泰上证180金融ETF,2017-05-11,0.8452,0.8452,0.8452,0.8452,0.0048,0,0
510230.OF,国泰上证180金融ETF,2017-05-12,0.8636,0.8636,0.8636,0.8636,0.0217,0,0
510230.OF,国泰上证180金融ETF,2017-05-15,0.8645,0.8645,0.8645,0.8645,0.0011,0,0
510230.OF,国泰上证180金融ETF,2017-05-16,0.8629,0.8629,0.8629,0.8629,-0.0019,0,0
510230.OF,国泰上证180金融ETF,2017-05-17,0.8559,0.8559,0.8559,0.8559,-0.0081,0,0
510230.OF,国泰上证180金融ETF,2017-05-18,0.8521,0.8521,0.8521,0.8521,-0.0045,0,0
510230.OF,国泰上证180金融ETF,2017-05-19,0.8535,0.8535,0.8535,0.8535,0.0017,0,0
510230.OF,国泰上证180金融ETF,2017-05-22,0.8618,0.8618,0.8618,0.8618,0.0098,0,0
510230.OF,国泰上证180金融ETF,2017-05-23,0.874,0.874,0.874,0.874,0.0141,0,0
510230.OF,国泰上证180金融ETF,2017-05-24,0.8731,0.8731,0.8731,0.8731,-0.001,0,0
510230.OF,国泰上证180金融ETF,2017-05-25,0.9048,0.9048,0.9048,0.9048,0.0364,0,0
510230.OF,国泰上证180金融ETF,2017-05-26,0.9027,0.9027,0.9027,0.9027,-0.0023,0,0
510230.OF,国泰上证180金融ETF,2017-05-31,0.905,0.905,0.905,0.905,0.0025,0,0
510230.OF,国泰上证180金融ETF,2017-06-01,0.9106,0.9106,0.9106,0.9106,0.0062,0,0
510230.OF,国泰上证180金融ETF,2017-06-02,0.9009,0.9009,0.9009,0.9009,-0.0106,0,0
510230.OF,国泰上证180金融ETF,2017-06-05,0.8908,0.8908,0.8908,0.8908,-0.0112,0,0
510230.OF,国泰上证180金融ETF,2017-06-06,0.8963,0.8963,0.8963,0.8963,0.0061,0,0
510230.OF,国泰上证180金融ETF,2017-06-07,0.9033,0.9033,0.9033,0.9033,0.0078,0,0
510230.OF,国泰上证180金融ETF,2017-06-08,0.9108,0.9108,0.9108,0.9108,0.0083,0,0
510230.OF,国泰上证180金融ETF,2017-06-09,0.915,0.915,0.915,0.915,0.0047,0,0
510230.OF,国泰上证180金融ETF,2017-06-12,0.9135,0.9135,0.9135,0.9135,-0.0016,0,0
510230.OF,国泰上证180金融ETF,2017-06-13,0.9105,0.9105,0.9105,0.9105,-0.0032,0,0
510230.OF,国泰上证180金融ETF,2017-06-14,0.9019,0.9019,0.9019,0.9019,-0.0095,0,0
510230.OF,国泰上证180金融ETF,2017-06-15,0.8966,0.8966,0.8966,0.8966,-0.0059,0,0
510230.OF,国泰上证180金融ETF,2017-06-16,0.8973,0.8973,0.8973,0.8973,0.0008,0,0
510230.OF,国泰上证180金融ETF,2017-06-19,0.9103,0.9103,0.9103,0.9103,0.0145,0,0
510230.OF,国泰上证180金融ETF,2017-06-20,0.9079,0.9079,0.9079,0.9079,-0.0027,0,0
510230.OF,国泰上证180金融ETF,2017-06-21,0.9144,0.9144,0.9144,0.9144,0.0072,0,0
510230.OF,国泰上证180金融ETF,2017-06-22,0.9244,0.9244,0.9244,0.9244,0.0109,0,0
510230.OF,国泰上证180金融ETF,2017-06-23,0.9285,0.9285,0.9285,0.9285,0.0045,0,0
510230.OF,国泰上证180金融ETF,2017-06-26,0.9322,0.9322,0.9322,0.9322,0.004,0,0
510230.OF,国泰上证180金融ETF,2017-06-27,0.9374,0.9374,0.9374,0.9374,0.0056,0,0
510230.OF,国泰上证180金融ETF,2017-06-28,0.9335,0.9335,0.9335,0.9335,-0.0041,0,0
510230.OF,国泰上证180金融ETF,2017-06-29,0.9407,0.9407,0.9407,0.9407,0.0077,0,0
510230.OF,国泰上证180金融ETF,2017-06-30,0.9384,0.9384,0.9384,0.9384,-0.0025,0,0
510230.OF,国泰上证180金融ETF,2017-07-03,0.9325,0.9325,0.9325,0.9325,-0.0062,0,0
510230.OF,国泰上证180金融ETF,2017-07-04,0.9243,0.9243,0.9243,0.9243,-0.0088,0,0
510230.OF,国泰上证180金融ETF,2017-07-05,0.9404,0.9404,0.9404,0.9404,0.0174,0,0
510230.OF,国泰上证180金融ETF,2017-07-06,0.9447,0.9447,0.9447,0.9447,0.0046,0,0
510230.OF,国泰上证180金融ETF,2017-07-07,0.9427,0.9427,0.9427,0.9427,-0.0021,0,0
510230.OF,国泰上证180金融ETF,2017-07-10,0.9441,0.9441,0.9441,0.9441,0.0014,0,0
510230.OF,国泰上证180金融ETF,2017-07-11,0.9574,0.9574,0.9574,0.9574,0.0141,0,0
510230.OF,国泰上证180金融ETF,2017-07-12,0.9574,0.9574,0.9574,0.9574,0.0,0,0
510230.OF,国泰上证180金融ETF,2017-07-13,0.9763,0.9763,0.9763,0.9763,0.0197,0,0
510230.OF,国泰上证180金融ETF,2017-07-14,0.986,0.986,0.986,0.986,0.01,0,0
510230.OF,国泰上证180金融ETF,2017-07-17,0.9934,0.9934,0.9934,0.9934,0.0075,0,0
510230.OF,国泰上证180金融ETF,2017-07-18,0.9856,0.9856,0.9856,0.9856,-0.0078,0,0
510230.OF,国泰上证180金融ETF,2017-07-19,1.0049,1.0049,1.0049,1.0049,0.0196,0,0
510230.OF,国泰上证180金融ETF,2017-07-20,1.0037,1.0037,1.0037,1.0037,-0.0012,0,0
510230.OF,国泰上证180金融ETF,2017-07-21,0.9888,0.9888,0.9888,0.9888,-0.0148,0,0
510230.OF,国泰上证180金融ETF,2017-07-24,0.9976,0.9976,0.9976,0.9976,0.0089,0,0
510230.OF,国泰上证180金融ETF,2017-07-25,0.9946,0.9946,0.9946,0.9946,-0.003,0,0
510230.OF,国泰上证180金融ETF,2017-07-26,0.9942,0.9942,0.9942,0.9942,-0.0004,0,0
510230.OF,国泰上证180金融ETF,2017-07-27,0.9955,0.9955,0.9955,0.9955,0.0013,0,0
510230.OF,国泰上证180金融ETF,2017-07-28,0.9923,0.9923,0.9923,0.9923,-0.0032,0,0
510230.OF,国泰上证180金融ETF,2017-07-31,0.9925,0.9925,0.9925,0.9925,0.0002,0,0
510230.OF,国泰上证180金融ETF,2017-08-01,1.0131,1.0131,1.0131,1.0131,0.0208,0,0
510230.OF,国泰上证180金融ETF,2017-08-02,1.0187,1.0187,1.0187,1.0187,0.0055,0,0
510230.OF,国泰上证180金融ETF,2017-08-03,1.0032,1.0032,1.0032,1.0032,-0.0152,0,0
510230.OF,国泰上证180金融ETF,2017-08-04,0.9961,0.9961,0.9961,0.9961,-0.007,0,0
510230.OF,国泰上证180金融ETF,2017-08-07,0.9952,0.9952,0.9952,0.9952,-0.0009,0,0
510230.OF,国泰上证180金融ETF,2017-08-08,0.9951,0.9951,0.9951,0.9951,-0.0001,0,0
510230.OF,国泰上证180金融ETF,2017-08-09,0.9819,0.9819,0.9819,0.9819,-0.0132,0,0
510230.OF,国泰上证180金融ETF,2017-08-10,0.9765,0.9765,0.9765,0.9765,-0.0055,0,0
510230.OF,国泰上证180金融ETF,2017-08-11,0.9604,0.9604,0.9604,0.9604,-0.0165,0,0
510230.OF,国泰上证180金融ETF,2017-08-14,0.9658,0.9658,0.9658,0.9658,0.0056,0,0
510230.OF,国泰上证180金融ETF,2017-08-15,0.9741,0.9741,0.9741,0.9741,0.0086,0,0
510230.OF,国泰上证180金融ETF,2017-08-16,0.9705,0.9705,0.9705,0.9705,-0.0037,0,0
510230.OF,国泰上证180金融ETF,2017-08-17,0.9729,0.9729,0.9729,0.9729,0.0025,0,0
510230.OF,国泰上证180金融ETF,2017-08-18,0.9773,0.9773,0.9773,0.9773,0.0045,0,0
510230.OF,国泰上证180金融ETF,2017-08-21,0.9768,0.9768,0.9768,0.9768,-0.0005,0,0
510230.OF,国泰上证180金融ETF,2017-08-22,0.9877,0.9877,0.9877,0.9877,0.0111,0,0
510230.OF,国泰上证180金融ETF,2017-08-23,0.998,0.998,0.998,0.998,0.0104,0,0
510230.OF,国泰上证180金融ETF,2017-08-24,0.9927,0.9927,0.9927,0.9927,-0.0054,0,0
510230.OF,国泰上证180金融ETF,2017-08-25,1.0214,1.0214,1.0214,1.0214,0.029,0,0
510230.OF,国泰上证180金融ETF,2017-08-28,1.0386,1.0386,1.0386,1.0386,0.0168,0,0
510230.OF,国泰上证180金融ETF,2017-08-29,1.041,1.041,1.041,1.041,0.0022,0,0
510230.OF,国泰上证180金融ETF,2017-08-30,1.0343,1.0343,1.0343,1.0343,-0.0064,0,0
510230.OF,国泰上证180金融ETF,2017-08-31,1.0297,1.0297,1.0297,1.0297,-0.0044,0,0
510230.OF,国泰上证180金融ETF,2017-09-01,1.0274,1.0274,1.0274,1.0274,-0.0022,0,0
510230.OF,国泰上证180金融ETF,2017-09-04,1.0281,1.0281,1.0281,1.0281,0.0007,0,0
510230.OF,国泰上证180金融ETF,2017-09-05,1.0381,1.0381,1.0381,1.0381,0.0097,0,0
510230.OF,国泰上证180金融ETF,2017-09-06,1.0298,1.0298,1.0298,1.0298,-0.008,0,0
510230.OF,国泰上证180金融ETF,2017-09-07,1.0204,1.0204,1.0204,1.0204,-0.0091,0,0
510230.OF,国泰上证180金融ETF,2017-09-08,1.0187,1.0187,1.0187,1.0187,-0.0016,0,0
510230.OF,国泰上证180金融ETF,2017-09-11,1.0136,1.0136,1.0136,1.0136,-0.005,0,0
510230.OF,国泰上证180金融ETF,2017-09-12,1.021,1.021,1.021,1.021,0.0073,0,0
510230.OF,国泰上证180金融ETF,2017-09-13,1.017,1.017,1.017,1.017,-0.0039,0,0
510230.OF,国泰上证180金融ETF,2017-09-14,1.0083,1.0083,1.0083,1.0083,-0.0085,0,0
510230.OF,国泰上证180金融ETF,2017-09-15,1.0055,1.0055,1.0055,1.0055,-0.0028,0,0
510230.OF,国泰上证180金融ETF,2017-09-18,1.0065,1.0065,1.0065,1.0065,0.001,0,0
510230.OF,国泰上证180金融ETF,2017-09-19,1.0053,1.0053,1.0053,1.0053,-0.0012,0,0
510230.OF,国泰上证180金融ETF,2017-09-20,1.0021,1.0021,1.0021,1.0021,-0.0031,0,0
510230.OF,国泰上证180金融ETF,2017-09-21,1.0082,1.0082,1.0082,1.0082,0.0061,0,0
510230.OF,国泰上证180金融ETF,2017-09-22,1.0101,1.0101,1.0101,1.0101,0.0019,0,0
510230.OF,国泰上证180金融ETF,2017-09-25,1.0125,1.0125,1.0125,1.0125,0.0023,0,0
510230.OF,国泰上证180金融ETF,2017-09-26,1.0106,1.0106,1.0106,1.0106,-0.0019,0,0
510230.OF,国泰上证180金融ETF,2017-09-27,1.0021,1.0021,1.0021,1.0021,-0.0084,0,0
510230.OF,国泰上证180金融ETF,2017-09-28,1.0012,1.0012,1.0012,1.0012,-0.0009,0,0
510230.OF,国泰上证180金融ETF,2017-09-29,1.006,1.006,1.006,1.006,0.0049,0,0
510230.OF,国泰上证180金融ETF,2017-09-30,1.006,1.006,1.006,1.006,0.0,0,0
510230.OF,国泰上证180金融ETF,2017-10-09,1.0121,1.0121,1.0121,1.0121,0.006,0,0
510230.OF,国泰上证180金融ETF,2017-10-10,1.0142,1.0142,1.0142,1.0142,0.0021,0,0
510230.OF,国泰上证180金融ETF,2017-10-11,1.0158,1.0158,1.0158,1.0158,0.0016,0,0
510230.OF,国泰上证180金融ETF,2017-10-12,1.0211,1.0211,1.0211,1.0211,0.0052,0,0
510230.OF,国泰上证180金融ETF,2017-10-13,1.0193,1.0193,1.0193,1.0193,-0.0018,0,0
510230.OF,国泰上证180金融ETF,2017-10-16,1.0244,1.0244,1.0244,1.0244,0.0051,0,0
510230.OF,国泰上证180金融ETF,2017-10-17,1.0236,1.0236,1.0236,1.0236,-0.0008,0,0
510230.OF,国泰上证180金融ETF,2017-10-18,1.0325,1.0325,1.0325,1.0325,0.0087,0,0
510230.OF,国泰上证180金融ETF,2017-10-19,1.0311,1.0311,1.0311,1.0311,-0.0013,0,0
510230.OF,国泰上证180金融ETF,2017-10-20,1.024,1.024,1.024,1.024,-0.0069,0,0
510230.OF,国泰上证180金融ETF,2017-10-23,1.021,1.021,1.021,1.021,-0.0029,0,0
510230.OF,国泰上证180金融ETF,2017-10-24,1.0281,1.0281,1.0281,1.0281,0.007,0,0
510230.OF,国泰上证180金融ETF,2017-10-25,1.0269,1.0269,1.0269,1.0269,-0.0012,0,0
510230.OF,国泰上证180金融ETF,2017-10-26,1.0273,1.0273,1.0273,1.0273,0.0004,0,0
510230.OF,国泰上证180金融ETF,2017-10-27,1.0426,1.0426,1.0426,1.0426,0.0149,0,0
510230.OF,国泰上证180金融ETF,2017-10-30,1.0392,1.0392,1.0392,1.0392,-0.0032,0,0
510230.OF,国泰上证180金融ETF,2017-10-31,1.0335,1.0335,1.0335,1.0335,-0.0055,0,0
510230.OF,国泰上证180金融ETF,2017-11-01,1.029,1.029,1.029,1.029,-0.0043,0,0
510230.OF,国泰上证180金融ETF,2017-11-02,1.03,1.03,1.03,1.03,0.001,0,0
510230.OF,国泰上证180金融ETF,2017-11-03,1.0321,1.0321,1.0321,1.0321,0.002,0,0
510230.OF,国泰上证180金融ETF,2017-11-06,1.0222,1.0222,1.0222,1.0222,-0.0096,0,0
510230.OF,国泰上证180金融ETF,2017-11-07,1.0366,1.0366,1.0366,1.0366,0.0141,0,0
510230.OF,国泰上证180金融ETF,2017-11-08,1.038,1.038,1.038,1.038,0.0013,0,0
510230.OF,国泰上证180金融ETF,2017-11-09,1.041,1.041,1.041,1.041,0.0029,0,0
510230.OF,国泰上证180金融ETF,2017-11-10,1.0526,1.0526,1.0526,1.0526,0.0111,0,0
510230.OF,国泰上证180金融ETF,2017-11-13,1.0577,1.0577,1.0577,1.0577,0.0049,0,0
510230.OF,国泰上证180金融ETF,2017-11-14,1.0547,1.0547,1.0547,1.0547,-0.0029,0,0
510230.OF,国泰上证180金融ETF,2017-11-15,1.0475,1.0475,1.0475,1.0475,-0.0068,0,0
510230.OF,国泰上证180金融ETF,2017-11-16,1.0547,1.0547,1.0547,1.0547,0.0069,0,0
510230.OF,国泰上证180金融ETF,2017-11-17,1.0843,1.0843,1.0843,1.0843,0.0281,0,0
510230.OF,国泰上证180金融ETF,2017-11-20,1.0873,1.0873,1.0873,1.0873,0.0027,0,0
510230.OF,国泰上证180金融ETF,2017-11-21,1.1072,1.1072,1.1072,1.1072,0.0183,0,0
510230.OF,国泰上证180金融ETF,2017-11-22,1.1155,1.1155,1.1155,1.1155,0.0075,0,0
510230.OF,国泰上证180金融ETF,2017-11-23,1.0912,1.0912,1.0912,1.0912,-0.0218,0,0
510230.OF,国泰上证180金融ETF,2017-11-24,1.0921,1.0921,1.0921,1.0921,0.0008,0,0
510230.OF,国泰上证180金融ETF,2017-11-27,1.0869,1.0869,1.0869,1.0869,-0.0048,0,0
510230.OF,国泰上证180金融ETF,2017-11-28,1.0749,1.0749,1.0749,1.0749,-0.0111,0,0
510230.OF,国泰上证180金融ETF,2017-11-29,1.0723,1.0723,1.0723,1.0723,-0.0024,0,0
510230.OF,国泰上证180金融ETF,2017-11-30,1.0608,1.0608,1.0608,1.0608,-0.0107,0,0
510230.OF,国泰上证180金融ETF,2017-12-01,1.0512,1.0512,1.0512,1.0512,-0.0091,0,0
510230.OF,国泰上证180金融ETF,2017-12-04,1.057,1.057,1.057,1.057,0.0056,0,0
510230.OF,国泰上证180金融ETF,2017-12-05,1.0785,1.0785,1.0785,1.0785,0.0203,0,0
510230.OF,国泰上证180金融ETF,2017-12-06,1.065,1.065,1.065,1.065,-0.0124,0,0
510230.OF,国泰上证180金融ETF,2017-12-07,1.0538,1.0538,1.0538,1.0538,-0.0105,0,0
510230.OF,国泰上证180金融ETF,2017-12-08,1.0609,1.0609,1.0609,1.0609,0.0067,0,0
510230.OF,国泰上证180金融ETF,2017-12-11,1.0683,1.0683,1.0683,1.0683,0.007,0,0
510230.OF,国泰上证180金融ETF,2017-12-12,1.0488,1.0488,1.0488,1.0488,-0.0183,0,0
510230.OF,国泰上证180金融ETF,2017-12-13,1.0535,1.0535,1.0535,1.0535,0.0045,0,0
510230.OF,国泰上证180金融ETF,2017-12-14,1.0431,1.0431,1.0431,1.0431,-0.0099,0,0
510230.OF,国泰上证180金融ETF,2017-12-15,1.0331,1.0331,1.0331,1.0331,-0.0096,0,0
510230.OF,国泰上证180金融ETF,2017-12-18,1.0344,1.0344,1.0344,1.0344,0.0013,0,0
510230.OF,国泰上证180金融ETF,2017-12-19,1.0533,1.0533,1.0533,1.0533,0.0183,0,0
510230.OF,国泰上证180金融ETF,2017-12-20,1.0518,1.0518,1.0518,1.0518,-0.0014,0,0
510230.OF,国泰上证180金融ETF,2017-12-21,1.0561,1.0561,1.0561,1.0561,0.004,0,0
510230.OF,国泰上证180金融ETF,2017-12-22,1.0473,1.0473,1.0473,1.0473,-0.0083,0,0
510230.OF,国泰上证180金融ETF,2017-12-25,1.0436,1.0436,1.0436,1.0436,-0.0036,0,0
510230.OF,国泰上证180金融ETF,2017-12-26,1.052,1.052,1.052,1.052,0.0081,0,0
510230.OF,国泰上证180金融ETF,2017-12-27,1.0314,1.0314,1.0314,1.0314,-0.0196,0,0
510230.OF,国泰上证180金融ETF,2017-12-28,1.0319,1.0319,1.0319,1.0319,0.0005,0,0
510230.OF,国泰上证180金融ETF,2017-12-29,1.0338,1.0338,1.0338,1.0338,0.0019,0,0
510230.OF,国泰上证180金融ETF,2017-12-31,1.0338,1.0338,1.0338,1.0338,0.0,0,0
510230.OF,国泰上证180金融ETF,2018-01-02,1.0504,1.0504,1.0504,1.0504,0.016,0,0
510230.OF,国泰上证180金融ETF,2018-01-03,1.051,1.051,1.051,1.051,0.0006,0,0
510230.OF,国泰上证180金融ETF,2018-01-04,1.0477,1.0477,1.0477,1.0477,-0.0032,0,0
510230.OF,国泰上证180金融ETF,2018-01-05,1.0491,1.0491,1.0491,1.0491,0.0013,0,0
510230.OF,国泰上证180金融ETF,2018-01-08,1.0507,1.0507,1.0507,1.0507,0.0015,0,0
510230.OF,国泰上证180金融ETF,2018-01-09,1.0537,1.0537,1.0537,1.0537,0.0029,0,0
510230.OF,国泰上证180金融ETF,2018-01-10,1.0643,1.0643,1.0643,1.0643,0.0101,0,0
510230.OF,国泰上证180金融ETF,2018-01-11,1.0683,1.0683,1.0683,1.0683,0.0038,0,0
510230.OF,国泰上证180金融ETF,2018-01-12,1.0755,1.0755,1.0755,1.0755,0.0067,0,0
510230.OF,国泰上证180金融ETF,2018-01-15,1.0908,1.0908,1.0908,1.0908,0.0142,0,0
510230.OF,国泰上证180金融ETF,2018-01-16,1.0979,1.0979,1.0979,1.0979,0.0065,0,0
510230.OF,国泰上证180金融ETF,2018-01-17,1.1105,1.1105,1.1105,1.1105,0.0116,0,0
510230.OF,国泰上证180金融ETF,2018-01-18,1.124,1.124,1.124,1.124,0.0121,0,0
510230.OF,国泰上证180金融ETF,2018-01-19,1.1348,1.1348,1.1348,1.1348,0.0096,0,0
510230.OF,国泰上证180金融ETF,2018-01-22,1.1309,1.1309,1.1309,1.1309,-0.0035,0,0
510230.OF,国泰上证180金融ETF,2018-01-23,1.1531,1.1531,1.1531,1.1531,0.0196,0,0
510230.OF,国泰上证180金融ETF,2018-01-24,1.1608,1.1608,1.1608,1.1608,0.0067,0,0
510230.OF,国泰上证180金融ETF,2018-01-25,1.1477,1.1477,1.1477,1.1477,-0.0113,0,0
510230.OF,国泰上证180金融ETF,2018-01-26,1.1524,1.1524,1.1524,1.1524,0.0041,0,0
510230.OF,国泰上证180金融ETF,2018-01-29,1.1371,1.1371,1.1371,1.1371,-0.0133,0,0
510230.OF,国泰上证180金融ETF,2018-01-30,1.1211,1.1211,1.1211,1.1211,-0.014,0,0
510230.OF,国泰上证180金融ETF,2018-01-31,1.1328,1.1328,1.1328,1.1328,0.0104,0,0
510230.OF,国泰上证180金融ETF,2018-02-01,1.1419,1.1419,1.1419,1.1419,0.008,0,0
510230.OF,国泰上证180金融ETF,2018-02-02,1.1408,1.1408,1.1408,1.1408,-0.0009,0,0
510230.OF,国泰上证180金融ETF,2018-02-05,1.1651,1.1651,1.1651,1.1651,0.0213,0,0
510230.OF,国泰上证180金融ETF,2018-02-06,1.139,1.139,1.139,1.139,-0.0224,0,0
510230.OF,国泰上证180金融ETF,2018-02-07,1.1094,1.1094,1.1094,1.1094,-0.026,0,0
510230.OF,国泰上证180金融ETF,2018-02-08,1.0769,1.0769,1.0769,1.0769,-0.0293,0,0
510230.OF,国泰上证180金融ETF,2018-02-09,1.0249,1.0249,1.0249,1.0249,-0.0482,0,0
510230.OF,国泰上证180金融ETF,2018-02-12,1.0176,1.0176,1.0176,1.0176,-0.0072,0,0
510230.OF,国泰上证180金融ETF,2018-02-13,1.0341,1.0341,1.0341,1.0341,0.0162,0,0
510230.OF,国泰上证180金融ETF,2018-02-14,1.0399,1.0399,1.0399,1.0399,0.0057,0,0
510230.OF,国泰上证180金融ETF,2018-02-22,1.0572,1.0572,1.0572,1.0572,0.0166,0,0
510230.OF,国泰上证180金融ETF,2018-02-23,1.067,1.067,1.067,1.067,0.0093,0,0
510230.OF,国泰上证180金融ETF,2018-02-26,1.0738,1.0738,1.0738,1.0738,0.0063,0,0
510230.OF,国泰上证180金融ETF,2018-02-27,1.0555,1.0555,1.0555,1.0555,-0.017,0,0
510230.OF,国泰上证180金融ETF,2018-02-28,1.0386,1.0386,1.0386,1.0386,-0.016,0,0
510230.OF,国泰上证180金融ETF,2018-03-01,1.0435,1.0435,1.0435,1.0435,0.0046,0,0
510230.OF,国泰上证180金融ETF,2018-03-02,1.0322,1.0322,1.0322,1.0322,-0.0108,0,0
510230.OF,国泰上证180金融ETF,2018-03-05,1.0323,1.0323,1.0323,1.0323,0.0002,0,0
510230.OF,国泰上证180金融ETF,2018-03-06,1.043,1.043,1.043,1.043,0.0104,0,0
510230.OF,国泰上证180金融ETF,2018-03-07,1.0416,1.0416,1.0416,1.0416,-0.0014,0,0
510230.OF,国泰上证180金融ETF,2018-03-08,1.0465,1.0465,1.0465,1.0465,0.0047,0,0
510230.OF,国泰上证180金融ETF,2018-03-09,1.0521,1.0521,1.0521,1.0521,0.0053,0,0
510230.OF,国泰上证180金融ETF,2018-03-12,1.0531,1.0531,1.0531,1.0531,0.0009,0,0
510230.OF,国泰上证180金融ETF,2018-03-13,1.0441,1.0441,1.0441,1.0441,-0.0085,0,0
510230.OF,国泰上证180金融ETF,2018-03-14,1.0353,1.0353,1.0353,1.0353,-0.0085,0,0
510230.OF,国泰上证180金融ETF,2018-03-15,1.0409,1.0409,1.0409,1.0409,0.0054,0,0
510230.OF,国泰上证180金融ETF,2018-03-16,1.0323,1.0323,1.0323,1.0323,-0.0083,0,0
510230.OF,国泰上证180金融ETF,2018-03-19,1.0442,1.0442,1.0442,1.0442,0.0116,0,0
510230.OF,国泰上证180金融ETF,2018-03-20,1.047,1.047,1.047,1.047,0.0027,0,0
510230.OF,国泰上证180金融ETF,2018-03-21,1.045,1.045,1.045,1.045,-0.0019,0,0
510230.OF,国泰上证180金融ETF,2018-03-22,1.039,1.039,1.039,1.039,-0.0057,0,0
510230.OF,国泰上证180金融ETF,2018-03-23,1.0055,1.0055,1.0055,1.0055,-0.0323,0,0
510230.OF,国泰上证180金融ETF,2018-03-26,0.9863,0.9863,0.9863,0.9863,-0.0191,0,0
510230.OF,国泰上证180金融ETF,2018-03-27,0.9876,0.9876,0.9876,0.9876,0.0013,0,0
510230.OF,国泰上证180金融ETF,2018-03-28,0.9756,0.9756,0.9756,0.9756,-0.0121,0,0
510230.OF,国泰上证180金融ETF,2018-03-29,0.9915,0.9915,0.9915,0.9915,0.0163,0,0
510230.OF,国泰上证180金融ETF,2018-03-30,0.9844,0.9844,0.9844,0.9844,-0.0071,0,0
510230.OF,国泰上证180金融ETF,2018-03-31,0.9844,0.9844,0.9844,0.9844,0.0,0,0
510230.OF,国泰上证180金融ETF,2018-04-02,0.9811,0.9811,0.9811,0.9811,-0.0033,0,0
510230.OF,国泰上证180金融ETF,2018-04-03,0.9766,0.9766,0.9766,0.9766,-0.0046,0,0
510230.OF,国泰上证180金融ETF,2018-04-04,0.9736,0.9736,0.9736,0.9736,-0.0032,0,0
510230.OF,国泰上证180金融ETF,2018-04-09,0.9794,0.9794,0.9794,0.9794,0.006,0,0
510230.OF,国泰上证180金融ETF,2018-04-10,1.0057,1.0057,1.0057,1.0057,0.0269,0,0
510230.OF,国泰上证180金融ETF,2018-04-11,1.0078,1.0078,1.0078,1.0078,0.0022,0,0
510230.OF,国泰上证180金融ETF,2018-04-12,0.9947,0.9947,0.9947,0.9947,-0.0131,0,0
510230.OF,国泰上证180金融ETF,2018-04-13,0.9857,0.9857,0.9857,0.9857,-0.009,0,0
510230.OF,国泰上证180金融ETF,2018-04-16,0.9603,0.9603,0.9603,0.9603,-0.0258,0,0
510230.OF,国泰上证180金融ETF,2018-04-17,0.9542,0.9542,0.9542,0.9542,-0.0064,0,0
510230.OF,国泰上证180金融ETF,2018-04-18,0.9636,0.9636,0.9636,0.9636,0.0098,0,0
510230.OF,国泰上证180金融ETF,2018-04-19,0.9691,0.9691,0.9691,0.9691,0.0057,0,0
510230.OF,国泰上证180金融ETF,2018-04-20,0.9552,0.9552,0.9552,0.9552,-0.0144,0,0
510230.OF,国泰上证180金融ETF,2018-04-23,0.9617,0.9617,0.9617,0.9617,0.0069,0,0
510230.OF,国泰上证180金融ETF,2018-04-24,0.9824,0.9824,0.9824,0.9824,0.0215,0,0
510230.OF,国泰上证180金融ETF,2018-04-25,0.9727,0.9727,0.9727,0.9727,-0.0098,0,0
510230.OF,国泰上证180金融ETF,2018-04-26,0.9592,0.9592,0.9592,0.9592,-0.0139,0,0
510230.OF,国泰上证180金融ETF,2018-04-27,0.9626,0.9626,0.9626,0.9626,0.0036,0,0
510230.OF,国泰上证180金融ETF,2018-05-02,0.963,0.963,0.963,0.963,0.0004,0,0
510230.OF,国泰上证180金融ETF,2018-05-03,0.9688,0.9688,0.9688,0.9688,0.006,0,0
510230.OF,国泰上证180金融ETF,2018-05-04,0.9608,0.9608,0.9608,0.9608,-0.0083,0,0
510230.OF,国泰上证180金融ETF,2018-05-07,0.9691,0.9691,0.9691,0.9691,0.0086,0,0
510230.OF,国泰上证180金融ETF,2018-05-08,0.9837,0.9837,0.9837,0.9837,0.0151,0,0
510230.OF,国泰上证180金融ETF,2018-05-09,0.9815,0.9815,0.9815,0.9815,-0.0022,0,0
510230.OF,国泰上证180金融ETF,2018-05-10,0.9843,0.9843,0.9843,0.9843,0.0028,0,0
510230.OF,国泰上证180金融ETF,2018-05-11,0.9827,0.9827,0.9827,0.9827,-0.0016,0,0
510230.OF,国泰上证180金融ETF,2018-05-14,0.9916,0.9916,0.9916,0.9916,0.0091,0,0
510230.OF,国泰上证180金融ETF,2018-05-15,0.9886,0.9886,0.9886,0.9886,-0.0031,0,0
510230.OF,国泰上证180金融ETF,2018-05-16,0.9737,0.9737,0.9737,0.9737,-0.0151,0,0
510230.OF,国泰上证180金融ETF,2018-05-17,0.9687,0.9687,0.9687,0.9687,-0.0051,0,0
510230.OF,国泰上证180金融ETF,2018-05-18,0.9821,0.9821,0.9821,0.9821,0.0139,0,0
510230.OF,国泰上证180金融ETF,2018-05-21,0.9855,0.9855,0.9855,0.9855,0.0034,0,0
510230.OF,国泰上证180金融ETF,2018-05-22,0.9767,0.9767,0.9767,0.9767,-0.0089,0,0
510230.OF,国泰上证180金融ETF,2018-05-23,0.9633,0.9633,0.9633,0.9633,-0.0137,0,0
510230.OF,国泰上证180金融ETF,2018-05-24,0.9567,0.9567,0.9567,0.9567,-0.0069,0,0
510230.OF,国泰上证180金融ETF,2018-05-25,0.9553,0.9553,0.9553,0.9553,-0.0014,0,0
510230.OF,国泰上证180金融ETF,2018-05-28,0.956,0.956,0.956,0.956,0.0007,0,0
510230.OF,国泰上证180金融ETF,2018-05-29,0.9517,0.9517,0.9517,0.9517,-0.0044,0,0
510230.OF,国泰上证180金融ETF,2018-05-30,0.9276,0.9276,0.9276,0.9276,-0.0254,0,0
510230.OF,国泰上证180金融ETF,2018-05-31,0.9405,0.9405,0.9405,0.9405,0.0139,0,0
510230.OF,国泰上证180金融ETF,2018-06-01,0.9389,0.9389,0.9389,0.9389,-0.0017,0,0
510230.OF,国泰上证180金融ETF,2018-06-04,0.9498,0.9498,0.9498,0.9498,0.0116,0,0
510230.OF,国泰上证180金融ETF,2018-06-05,0.9524,0.9524,0.9524,0.9524,0.0027,0,0
510230.OF,国泰上证180金融ETF,2018-06-06,0.9456,0.9456,0.9456,0.9456,-0.0072,0,0
510230.OF,国泰上证180金融ETF,2018-06-07,0.9507,0.9507,0.9507,0.9507,0.0055,0,0
510230.OF,国泰上证180金融ETF,2018-06-08,0.9327,0.9327,0.9327,0.9327,-0.019,0,0
510230.OF,国泰上证180金融ETF,2018-06-11,0.9359,0.9359,0.9359,0.9359,0.0034,0,0
510230.OF,国泰上证180金融ETF,2018-06-12,0.9401,0.9401,0.9401,0.9401,0.0045,0,0
510230.OF,国泰上证180金融ETF,2018-06-13,0.9339,0.9339,0.9339,0.9339,-0.0066,0,0
510230.OF,国泰上证180金融ETF,2018-06-14,0.9387,0.9387,0.9387,0.9387,0.0051,0,0
510230.OF,国泰上证180金融ETF,2018-06-15,0.9407,0.9407,0.9407,0.9407,0.0022,0,0
510230.OF,国泰上证180金融ETF,2018-06-19,0.9165,0.9165,0.9165,0.9165,-0.0257,0,0
510230.OF,国泰上证180金融ETF,2018-06-20,0.9096,0.9096,0.9096,0.9096,-0.0076,0,0
510230.OF,国泰上证180金融ETF,2018-06-21,0.8995,0.8995,0.8995,0.8995,-0.0111,0,0
510230.OF,国泰上证180金融ETF,2018-06-22,0.9018,0.9018,0.9018,0.9018,0.0026,0,0
510230.OF,国泰上证180金融ETF,2018-06-25,0.8843,0.8843,0.8843,0.8843,-0.0194,0,0
510230.OF,国泰上证180金融ETF,2018-06-26,0.8755,0.8755,0.8755,0.8755,-0.01,0,0
510230.OF,国泰上证180金融ETF,2018-06-27,0.8614,0.8614,0.8614,0.8614,-0.0161,0,0
510230.OF,国泰上证180金融ETF,2018-06-28,0.858,0.858,0.858,0.858,-0.0039,0,0
510230.OF,国泰上证180金融ETF,2018-06-29,0.8745,0.8745,0.8745,0.8745,0.0192,0,0
510230.OF,国泰上证180金融ETF,2018-06-30,0.8744,0.8744,0.8744,0.8744,0.0,0,0
510230.OF,国泰上证180金融ETF,2018-07-02,0.8422,0.8422,0.8422,0.8422,-0.0368,0,0
510230.OF,国泰上证180金融ETF,2018-07-03,0.8507,0.8507,0.8507,0.8507,0.0101,0,0
510230.OF,国泰上证180金融ETF,2018-07-04,0.8443,0.8443,0.8443,0.8443,-0.0075,0,0
510230.OF,国泰上证180金融ETF,2018-07-05,0.8465,0.8465,0.8465,0.8465,0.0026,0,0
510230.OF,国泰上证180金融ETF,2018-07-06,0.8558,0.8558,0.8558,0.8558,0.011,0,0
510230.OF,国泰上证180金融ETF,2018-07-09,0.8819,0.8819,0.8819,0.8819,0.0305,0,0
510230.OF,国泰上证180金融ETF,2018-07-10,0.8786,0.8786,0.8786,0.8786,-0.0037,0,0
510230.OF,国泰上证180金融ETF,2018-07-11,0.8636,0.8636,0.8636,0.8636,-0.0171,0,0
510230.OF,国泰上证180金融ETF,2018-07-12,0.8832,0.8832,0.8832,0.8832,0.0227,0,0
510230.OF,国泰上证180金融ETF,2018-07-13,0.8815,0.8815,0.8815,0.8815,-0.002,0,0
510230.OF,国泰上证180金融ETF,2018-07-16,0.8694,0.8694,0.8694,0.8694,-0.0137,0,0
510230.OF,国泰上证180金融ETF,2018-07-17,0.8661,0.8661,0.8661,0.8661,-0.0037,0,0
510230.OF,国泰上证180金融ETF,2018-07-18,0.8633,0.8633,0.8633,0.8633,-0.0032,0,0
510230.OF,国泰上证180金融ETF,2018-07-19,0.8652,0.8652,0.8652,0.8652,0.0022,0,0
510230.OF,国泰上证180金融ETF,2018-07-20,0.9014,0.9014,0.9014,0.9014,0.0418,0,0
510230.OF,国泰上证180金融ETF,2018-07-23,0.9146,0.9146,0.9146,0.9146,0.0146,0,0
510230.OF,国泰上证180金融ETF,2018-07-24,0.9212,0.9212,0.9212,0.9212,0.0072,0,0
510230.OF,国泰上证180金融ETF,2018-07-25,0.9224,0.9224,0.9224,0.9224,0.0013,0,0
510230.OF,国泰上证180金融ETF,2018-07-26,0.9126,0.9126,0.9126,0.9126,-0.0107,0,0
510230.OF,国泰上证180金融ETF,2018-07-27,0.9117,0.9117,0.9117,0.9117,-0.0009,0,0
510230.OF,国泰上证180金融ETF,2018-07-30,0.9188,0.9188,0.9188,0.9188,0.0078,0,0
510230.OF,国泰上证180金融ETF,2018-07-31,0.9202,0.9202,0.9202,0.9202,0.0015,0,0
510230.OF,国泰上证180金融ETF,2018-08-01,0.9,0.9,0.9,0.9,-0.022,0,0
510230.OF,国泰上证180金融ETF,2018-08-02,0.8794,0.8794,0.8794,0.8794,-0.0229,0,0
510230.OF,国泰上证180金融ETF,2018-08-03,0.8774,0.8774,0.8774,0.8774,-0.0022,0,0
510230.OF,国泰上证180金融ETF,2018-08-06,0.8783,0.8783,0.8783,0.8783,0.001,0,0
510230.OF,国泰上证180金融ETF,2018-08-07,0.8993,0.8993,0.8993,0.8993,0.0239,0,0
510230.OF,国泰上证180金融ETF,2018-08-08,0.8867,0.8867,0.8867,0.8867,-0.014,0,0
510230.OF,国泰上证180金融ETF,2018-08-09,0.9049,0.9049,0.9049,0.9049,0.0205,0,0
510230.OF,国泰上证180金融ETF,2018-08-10,0.9013,0.9013,0.9013,0.9013,-0.0039,0,0
510230.OF,国泰上证180金融ETF,2018-08-13,0.8894,0.8894,0.8894,0.8894,-0.0132,0,0
510230.OF,国泰上证180金融ETF,2018-08-14,0.8867,0.8867,0.8867,0.8867,-0.0031,0,0
510230.OF,国泰上证180金融ETF,2018-08-15,0.8667,0.8667,0.8667,0.8667,-0.0225,0,0
510230.OF,国泰上证180金融ETF,2018-08-16,0.8701,0.8701,0.8701,0.8701,0.0039,0,0
510230.OF,国泰上证180金融ETF,2018-08-17,0.8638,0.8638,0.8638,0.8638,-0.0072,0,0
510230.OF,国泰上证180金融ETF,2018-08-20,0.879,0.879,0.879,0.879,0.0176,0,0
510230.OF,国泰上证180金融ETF,2018-08-21,0.8881,0.8881,0.8881,0.8881,0.0103,0,0
510230.OF,国泰上证180金融ETF,2018-08-22,0.8879,0.8879,0.8879,0.8879,-0.0002,0,0
510230.OF,国泰上证180金融ETF,2018-08-23,0.8933,0.8933,0.8933,0.8933,0.006,0,0
510230.OF,国泰上证180金融ETF,2018-08-24,0.9049,0.9049,0.9049,0.9049,0.013,0,0
510230.OF,国泰上证180金融ETF,2018-08-27,0.916,0.916,0.916,0.916,0.0123,0,0
510230.OF,国泰上证180金融ETF,2018-08-28,0.911,0.911,0.911,0.911,-0.0054,0,0
510230.OF,国泰上证180金融ETF,2018-08-29,0.9087,0.9087,0.9087,0.9087,-0.0025,0,0
510230.OF,国泰上证180金融ETF,2018-08-30,0.8994,0.8994,0.8994,0.8994,-0.0103,0,0
510230.OF,国泰上证180金融ETF,2018-08-31,0.9037,0.9037,0.9037,0.9037,0.0048,0,0
510230.OF,国泰上证180金融ETF,2018-09-03,0.9022,0.9022,0.9022,0.9022,-0.0017,0,0
510230.OF,国泰上证180金融ETF,2018-09-04,0.9152,0.9152,0.9152,0.9152,0.0144,0,0
510230.OF,国泰上证180金融ETF,2018-09-05,0.8948,0.8948,0.8948,0.8948,-0.0223,0,0
510230.OF,国泰上证180金融ETF,2018-09-06,0.8901,0.8901,0.8901,0.8901,-0.0052,0,0
510230.OF,国泰上证180金融ETF,2018-09-07,0.8965,0.8965,0.8965,0.8965,0.0072,0,0
510230.OF,国泰上证180金融ETF,2018-09-10,0.8863,0.8863,0.8863,0.8863,-0.0114,0,0
510230.OF,国泰上证180金融ETF,2018-09-11,0.881,0.881,0.881,0.881,-0.0061,0,0
510230.OF,国泰上证180金融ETF,2018-09-12,0.8802,0.8802,0.8802,0.8802,-0.0009,0,0
510230.OF,国泰上证180金融ETF,2018-09-13,0.8948,0.8948,0.8948,0.8948,0.0166,0,0
510230.OF,国泰上证180金融ETF,2018-09-14,0.8956,0.8956,0.8956,0.8956,0.001,0,0
510230.OF,国泰上证180金融ETF,2018-09-17,0.8878,0.8878,0.8878,0.8878,-0.0087,0,0
510230.OF,国泰上证180金融ETF,2018-09-18,0.904,0.904,0.904,0.904,0.0183,0,0
510230.OF,国泰上证180金融ETF,2018-09-19,0.9107,0.9107,0.9107,0.9107,0.0074,0,0
510230.OF,国泰上证180金融ETF,2018-09-20,0.9113,0.9113,0.9113,0.9113,0.0007,0,0
510230.OF,国泰上证180金融ETF,2018-09-21,0.9454,0.9454,0.9454,0.9454,0.0374,0,0
510230.OF,国泰上证180金融ETF,2018-09-25,0.935,0.935,0.935,0.935,-0.0111,0,0
510230.OF,国泰上证180金融ETF,2018-09-26,0.9448,0.9448,0.9448,0.9448,0.0105,0,0
510230.OF,国泰上证180金融ETF,2018-09-27,0.9414,0.9414,0.9414,0.9414,-0.0035,0,0
510230.OF,国泰上证180金融ETF,2018-09-28,0.9537,0.9537,0.9537,0.9537,0.013,0,0
510230.OF,国泰上证180金融ETF,2018-09-30,0.9537,0.9537,0.9537,0.9537,0.0,0,0
510230.OF,国泰上证180金融ETF,2018-10-08,0.9162,0.9162,0.9162,0.9162,-0.0393,0,0
510230.OF,国泰上证180金融ETF,2018-10-09,0.9151,0.9151,0.9151,0.9151,-0.0011,0,0
510230.OF,国泰上证180金融ETF,2018-10-10,0.9179,0.9179,0.9179,0.9179,0.0031,0,0
510230.OF,国泰上证180金融ETF,2018-10-11,0.8785,0.8785,0.8785,0.8785,-0.043,0,0
510230.OF,国泰上证180金融ETF,2018-10-12,0.8918,0.8918,0.8918,0.8918,0.0152,0,0
510230.OF,国泰上证180金融ETF,2018-10-15,0.8807,0.8807,0.8807,0.8807,-0.0124,0,0
510230.OF,国泰上证180金融ETF,2018-10-16,0.8853,0.8853,0.8853,0.8853,0.0052,0,0
510230.OF,国泰上证180金融ETF,2018-10-17,0.8914,0.8914,0.8914,0.8914,0.0069,0,0
510230.OF,国泰上证180金融ETF,2018-10-18,0.8733,0.8733,0.8733,0.8733,-0.0202,0,0
510230.OF,国泰上证180金融ETF,2018-10-19,0.906,0.906,0.906,0.906,0.0374,0,0
510230.OF,国泰上证180金融ETF,2018-10-22,0.9441,0.9441,0.9441,0.9441,0.0421,0,0
510230.OF,国泰上证180金融ETF,2018-10-23,0.9239,0.9239,0.9239,0.9239,-0.0214,0,0
510230.OF,国泰上证180金融ETF,2018-10-24,0.9402,0.9402,0.9402,0.9402,0.0176,0,0
510230.OF,国泰上证180金融ETF,2018-10-25,0.9542,0.9542,0.9542,0.9542,0.015,0,0
510230.OF,国泰上证180金融ETF,2018-10-26,0.9438,0.9438,0.9438,0.9438,-0.0109,0,0
510230.OF,国泰上证180金融ETF,2018-10-29,0.9204,0.9204,0.9204,0.9204,-0.0248,0,0
510230.OF,国泰上证180金融ETF,2018-10-30,0.9387,0.9387,0.9387,0.9387,0.0199,0,0
510230.OF,国泰上证180金融ETF,2018-10-31,0.9403,0.9403,0.9403,0.9403,0.0017,0,0
510230.OF,国泰上证180金融ETF,2018-11-01,0.939,0.939,0.939,0.939,-0.0014,0,0
510230.OF,国泰上证180金融ETF,2018-11-02,0.9658,0.9658,0.9658,0.9658,0.0286,0,0
510230.OF,国泰上证180金融ETF,2018-11-05,0.9577,0.9577,0.9577,0.9577,-0.0084,0,0
510230.OF,国泰上证180金融ETF,2018-11-06,0.9522,0.9522,0.9522,0.9522,-0.0057,0,0
510230.OF,国泰上证180金融ETF,2018-11-07,0.9443,0.9443,0.9443,0.9443,-0.0083,0,0
510230.OF,国泰上证180金融ETF,2018-11-08,0.9448,0.9448,0.9448,0.9448,0.0005,0,0
510230.OF,国泰上证180金融ETF,2018-11-09,0.9223,0.9223,0.9223,0.9223,-0.0238,0,0
510230.OF,国泰上证180金融ETF,2018-11-12,0.9273,0.9273,0.9273,0.9273,0.0054,0,0
510230.OF,国泰上证180金融ETF,2018-11-13,0.935,0.935,0.935,0.935,0.0083,0,0
510230.OF,国泰上证180金融ETF,2018-11-14,0.9227,0.9227,0.9227,0.9227,-0.0131,0,0
510230.OF,国泰上证180金融ETF,2018-11-15,0.9367,0.9367,0.9367,0.9367,0.0151,0,0
510230.OF,国泰上证180金融ETF,2018-11-16,0.9409,0.9409,0.9409,0.9409,0.0045,0,0
510230.OF,国泰上证180金融ETF,2018-11-19,0.9541,0.9541,0.9541,0.9541,0.014,0,0
510230.OF,国泰上证180金融ETF,2018-11-20,0.9327,0.9327,0.9327,0.9327,-0.0224,0,0
510230.OF,国泰上证180金融ETF,2018-11-21,0.9329,0.9329,0.9329,0.9329,0.0002,0,0
510230.OF,国泰上证180金融ETF,2018-11-22,0.9267,0.9267,0.9267,0.9267,-0.0067,0,0
510230.OF,国泰上证180金融ETF,2018-11-23,0.9122,0.9122,0.9122,0.9122,-0.0157,0,0
510230.OF,国泰上证180金融ETF,2018-11-26,0.9149,0.9149,0.9149,0.9149,0.003,0,0
510230.OF,国泰上证180金融ETF,2018-11-27,0.9128,0.9128,0.9128,0.9128,-0.0022,0,0
510230.OF,国泰上证180金融ETF,2018-11-28,0.9225,0.9225,0.9225,0.9225,0.0106,0,0
510230.OF,国泰上证180金融ETF,2018-11-29,0.9121,0.9121,0.9121,0.9121,-0.0113,0,0
510230.OF,国泰上证180金融ETF,2018-11-30,0.9208,0.9208,0.9208,0.9208,0.0095,0,0
510230.OF,国泰上证180金融ETF,2018-12-03,0.9409,0.9409,0.9409,0.9409,0.0218,0,0
510230.OF,国泰上证180金融ETF,2018-12-04,0.944,0.944,0.944,0.944,0.0033,0,0
510230.OF,国泰上证180金融ETF,2018-12-05,0.9357,0.9357,0.9357,0.9357,-0.0087,0,0
510230.OF,国泰上证180金融ETF,2018-12-06,0.9207,0.9207,0.9207,0.9207,-0.0161,0,0
510230.OF,国泰上证180金融ETF,2018-12-07,0.9203,0.9203,0.9203,0.9203,-0.0005,0,0
510230.OF,国泰上证180金融ETF,2018-12-10,0.9101,0.9101,0.9101,0.9101,-0.0111,0,0
510230.OF,国泰上证180金融ETF,2018-12-11,0.9111,0.9111,0.9111,0.9111,0.0012,0,0
510230.OF,国泰上证180金融ETF,2018-12-12,0.9134,0.9134,0.9134,0.9134,0.0025,0,0
510230.OF,国泰上证180金融ETF,2018-12-13,0.9213,0.9213,0.9213,0.9213,0.0086,0,0
510230.OF,国泰上证180金融ETF,2018-12-14,0.9069,0.9069,0.9069,0.9069,-0.0156,0,0
510230.OF,国泰上证180金融ETF,2018-12-17,0.9081,0.9081,0.9081,0.9081,0.0013,0,0
510230.OF,国泰上证180金融ETF,2018-12-18,0.8977,0.8977,0.8977,0.8977,-0.0114,0,0
510230.OF,国泰上证180金融ETF,2018-12-19,0.8885,0.8885,0.8885,0.8885,-0.0102,0,0
510230.OF,国泰上证180金融ETF,2018-12-20,0.8773,0.8773,0.8773,0.8773,-0.0126,0,0
510230.OF,国泰上证180金融ETF,2018-12-21,0.8654,0.8654,0.8654,0.8654,-0.0136,0,0
510230.OF,国泰上证180金融ETF,2018-12-24,0.8621,0.8621,0.8621,0.8621,-0.0038,0,0
510230.OF,国泰上证180金融ETF,2018-12-25,0.8559,0.8559,0.8559,0.8559,-0.0072,0,0
510230.OF,国泰上证180金融ETF,2018-12-26,0.8507,0.8507,0.8507,0.8507,-0.006,0,0
510230.OF,国泰上证180金融ETF,2018-12-27,0.8508,0.8508,0.8508,0.8508,0.0001,0,0
510230.OF,国泰上证180金融ETF,2018-12-28,0.857,0.857,0.857,0.857,0.0073,0,0
510230.OF,国泰上证180金融ETF,2018-12-31,0.857,0.857,0.857,0.857,-0.0001,0,0
510230.OF,国泰上证180金融ETF,2019-01-02,0.8445,0.8445,0.8445,0.8445,-0.0145,0,0
510230.OF,国泰上证180金融ETF,2019-01-03,0.8547,0.8547,0.8547,0.8547,0.012,0,0
510230.OF,国泰上证180金融ETF,2019-01-04,0.8788,0.8788,0.8788,0.8788,0.0283,0,0
510230.OF,国泰上证180金融ETF,2019-01-07,0.8757,0.8757,0.8757,0.8757,-0.0036,0,0
510230.OF,国泰上证180金融ETF,2019-01-08,0.8723,0.8723,0.8723,0.8723,-0.0039,0,0
510230.OF,国泰上证180金融ETF,2019-01-09,0.8799,0.8799,0.8799,0.8799,0.0087,0,0
510230.OF,国泰上证180金融ETF,2019-01-10,0.8773,0.8773,0.8773,0.8773,-0.003,0,0
510230.OF,国泰上证180金融ETF,2019-01-11,0.8842,0.8842,0.8842,0.8842,0.0079,0,0
510230.OF,国泰上证180金融ETF,2019-01-14,0.8776,0.8776,0.8776,0.8776,-0.0075,0,0
510230.OF,国泰上证180金融ETF,2019-01-15,0.8925,0.8925,0.8925,0.8925,0.017,0,0
510230.OF,国泰上证180金融ETF,2019-01-16,0.8923,0.8923,0.8923,0.8923,-0.0002,0,0
510230.OF,国泰上证180金融ETF,2019-01-17,0.8883,0.8883,0.8883,0.8883,-0.0045,0,0
510230.OF,国泰上证180金融ETF,2019-01-18,0.9044,0.9044,0.9044,0.9044,0.018,0,0
510230.OF,国泰上证180金融ETF,2019-01-21,0.9076,0.9076,0.9076,0.9076,0.0035,0,0
510230.OF,国泰上证180金融ETF,2019-01-22,0.8976,0.8976,0.8976,0.8976,-0.011,0,0
510230.OF,国泰上证180金融ETF,2019-01-23,0.8973,0.8973,0.8973,0.8973,-0.0003,0,0
510230.OF,国泰上证180金融ETF,2019-01-24,0.9068,0.9068,0.9068,0.9068,0.0105,0,0
510230.OF,国泰上证180金融ETF,2019-01-25,0.9171,0.9171,0.9171,0.9171,0.0114,0,0
510230.OF,国泰上证180金融ETF,2019-01-28,0.917,0.917,0.917,0.917,-0.0001,0,0
510230.OF,国泰上证180金融ETF,2019-01-29,0.9201,0.9201,0.9201,0.9201,0.0033,0,0
510230.OF,国泰上证180金融ETF,2019-01-30,0.9141,0.9141,0.9141,0.9141,-0.0065,0,0
510230.OF,国泰上证180金融ETF,2019-01-31,0.9321,0.9321,0.9321,0.9321,0.0198,0,0
510230.OF,国泰上证180金融ETF,2019-02-01,0.938,0.938,0.938,0.938,0.0063,0,0
510230.OF,国泰上证180金融ETF,2019-02-11,0.9437,0.9437,0.9437,0.9437,0.0061,0,0
510230.OF,国泰上证180金融ETF,2019-02-12,0.9458,0.9458,0.9458,0.9458,0.0022,0,0
510230.OF,国泰上证180金融ETF,2019-02-13,0.9638,0.9638,0.9638,0.9638,0.0191,0,0
510230.OF,国泰上证180金融ETF,2019-02-14,0.9593,0.9593,0.9593,0.9593,-0.0047,0,0
510230.OF,国泰上证180金融ETF,2019-02-15,0.9381,0.9381,0.9381,0.9381,-0.0221,0,0
510230.OF,国泰上证180金融ETF,2019-02-18,0.9669,0.9669,0.9669,0.9669,0.0307,0,0
510230.OF,国泰上证180金融ETF,2019-02-19,0.9701,0.9701,0.9701,0.9701,0.0033,0,0
510230.OF,国泰上证180金融ETF,2019-02-20,0.9738,0.9738,0.9738,0.9738,0.0038,0,0
510230.OF,国泰上证180金融ETF,2019-02-21,0.9724,0.9724,0.9724,0.9724,-0.0014,0,0
510230.OF,国泰上证180金融ETF,2019-02-22,1.007,1.007,1.007,1.007,0.0356,0,0
510230.OF,国泰上证180金融ETF,2019-02-25,1.087,1.087,1.087,1.087,0.0794,0,0
510230.OF,国泰上证180金融ETF,2019-02-26,1.0611,1.0611,1.0611,1.0611,-0.0238,0,0
510230.OF,国泰上证180金融ETF,2019-02-27,1.0681,1.0681,1.0681,1.0681,0.0065,0,0
510230.OF,国泰上证180金融ETF,2019-02-28,1.0542,1.0542,1.0542,1.0542,-0.013,0,0
510230.OF,国泰上证180金融ETF,2019-03-01,1.0904,1.0904,1.0904,1.0904,0.0344,0,0
510230.OF,国泰上证180金融ETF,2019-03-04,1.0954,1.0954,1.0954,1.0954,0.0046,0,0
510230.OF,国泰上证180金融ETF,2019-03-05,1.0915,1.0915,1.0915,1.0915,-0.0036,0,0
510230.OF,国泰上证180金融ETF,2019-03-06,1.1095,1.1095,1.1095,1.1095,0.0165,0,0
510230.OF,国泰上证180金融ETF,2019-03-07,1.1034,1.1034,1.1034,1.1034,-0.0055,0,0
510230.OF,国泰上证180金融ETF,2019-03-08,1.0493,1.0493,1.0493,1.0493,-0.049,0,0
510230.OF,国泰上证180金融ETF,2019-03-11,1.0532,1.0532,1.0532,1.0532,0.0038,0,0
510230.OF,国泰上证180金融ETF,2019-03-12,1.0592,1.0592,1.0592,1.0592,0.0057,0,0
510230.OF,国泰上证180金融ETF,2019-03-13,1.0588,1.0588,1.0588,1.0588,-0.0003,0,0
510230.OF,国泰上证180金融ETF,2019-03-14,1.0523,1.0523,1.0523,1.0523,-0.0061,0,0
510230.OF,国泰上证180金融ETF,2019-03-15,1.0618,1.0618,1.0618,1.0618,0.009,0,0
510230.OF,国泰上证180金融ETF,2019-03-18,1.0818,1.0818,1.0818,1.0818,0.0188,0,0
510230.OF,国泰上证180金融ETF,2019-03-19,1.0758,1.0758,1.0758,1.0758,-0.0055,0,0
510230.OF,国泰上证180金融ETF,2019-03-20,1.0823,1.0823,1.0823,1.0823,0.0061,0,0
510230.OF,国泰上证180金融ETF,2019-03-21,1.081,1.081,1.081,1.081,-0.0012,0,0
510230.OF,国泰上证180金融ETF,2019-03-22,1.0743,1.0743,1.0743,1.0743,-0.0062,0,0
510230.OF,国泰上证180金融ETF,2019-03-25,1.0416,1.0416,1.0416,1.0416,-0.0304,0,0
510230.OF,国泰上证180金融ETF,2019-03-26,1.0332,1.0332,1.0332,1.0332,-0.0081,0,0
510230.OF,国泰上证180金融ETF,2019-03-27,1.0425,1.0425,1.0425,1.0425,0.009,0,0
510230.OF,国泰上证180金融ETF,2019-03-28,1.0347,1.0347,1.0347,1.0347,-0.0075,0,0
510230.OF,国泰上证180金融ETF,2019-03-29,1.0816,1.0816,1.0816,1.0816,0.0453,0,0
510230.OF,国泰上证180金融ETF,2019-03-31,1.0815,1.0815,1.0815,1.0815,0.0,0,0
510230.OF,国泰上证180金融ETF,2019-04-01,1.1011,1.1011,1.1011,1.1011,0.0181,0,0
510230.OF,国泰上证180金融ETF,2019-04-02,1.1036,1.1036,1.1036,1.1036,0.0022,0,0
510230.OF,国泰上证180金融ETF,2019-04-03,1.1241,1.1241,1.1241,1.1241,0.0185,0,0
510230.OF,国泰上证180金融ETF,2019-04-04,1.1348,1.1348,1.1348,1.1348,0.0095,0,0
510230.OF,国泰上证180金融ETF,2019-04-08,1.134,1.134,1.134,1.134,-0.0007,0,0
510230.OF,国泰上证180金融ETF,2019-04-09,1.1265,1.1265,1.1265,1.1265,-0.0066,0,0
510230.OF,国泰上证180金融ETF,2019-04-10,1.1217,1.1217,1.1217,1.1217,-0.0042,0,0
510230.OF,国泰上证180金融ETF,2019-04-11,1.1084,1.1084,1.1084,1.1084,-0.0118,0,0
510230.OF,国泰上证180金融ETF,2019-04-12,1.1099,1.1099,1.1099,1.1099,0.0013,0,0
510230.OF,国泰上证180金融ETF,2019-04-15,1.1107,1.1107,1.1107,1.1107,0.0007,0,0
510230.OF,国泰上证180金融ETF,2019-04-16,1.1514,1.1514,1.1514,1.1514,0.0367,0,0
510230.OF,国泰上证180金融ETF,2019-04-17,1.1445,1.1445,1.1445,1.1445,-0.0059,0,0
510230.OF,国泰上证180金融ETF,2019-04-18,1.1382,1.1382,1.1382,1.1382,-0.0055,0,0
510230.OF,国泰上证180金融ETF,2019-04-19,1.1535,1.1535,1.1535,1.1535,0.0134,0,0
510230.OF,国泰上证180金融ETF,2019-04-22,1.1221,1.1221,1.1221,1.1221,-0.0272,0,0
510230.OF,国泰上证180金融ETF,2019-04-23,1.127,1.127,1.127,1.127,0.0044,0,0
510230.OF,国泰上证180金融ETF,2019-04-24,1.1274,1.1274,1.1274,1.1274,0.0003,0,0
510230.OF,国泰上证180金融ETF,2019-04-25,1.1085,1.1085,1.1085,1.1085,-0.0167,0,0
510230.OF,国泰上证180金融ETF,2019-04-26,1.0995,1.0995,1.0995,1.0995,-0.0081,0,0
510230.OF,国泰上证180金融ETF,2019-04-29,1.1075,1.1075,1.1075,1.1075,0.0073,0,0
510230.OF,国泰上证180金融ETF,2019-04-30,1.1085,1.1085,1.1085,1.1085,0.0009,0,0
510230.OF,国泰上证180金融ETF,2019-05-06,1.0546,1.0546,1.0546,1.0546,-0.0486,0,0
510230.OF,国泰上证180金融ETF,2019-05-07,1.0546,1.0546,1.0546,1.0546,0.0,0,0
510230.OF,国泰上证180金融ETF,2019-05-08,1.035,1.035,1.035,1.035,-0.0186,0,0
510230.OF,国泰上证180金融ETF,2019-05-09,1.014,1.014,1.014,1.014,-0.0203,0,0
510230.OF,国泰上证180金融ETF,2019-05-10,1.0494,1.0494,1.0494,1.0494,0.035,0,0
510230.OF,国泰上证180金融ETF,2019-05-13,1.027,1.027,1.027,1.027,-0.0214,0,0
510230.OF,国泰上证180金融ETF,2019-05-14,1.0213,1.0213,1.0213,1.0213,-0.0055,0,0
510230.OF,国泰上证180金融ETF,2019-05-15,1.0403,1.0403,1.0403,1.0403,0.0186,0,0
510230.OF,国泰上证180金融ETF,2019-05-16,1.0412,1.0412,1.0412,1.0412,0.0009,0,0
510230.OF,国泰上证180金融ETF,2019-05-17,1.0202,1.0202,1.0202,1.0202,-0.0201,0,0
510230.OF,国泰上证180金融ETF,2019-05-20,1.0212,1.0212,1.0212,1.0212,0.0009,0,0
510230.OF,国泰上证180金融ETF,2019-05-21,1.0297,1.0297,1.0297,1.0297,0.0084,0,0
510230.OF,国泰上证180金融ETF,2019-05-22,1.0245,1.0245,1.0245,1.0245,-0.005,0,0
510230.OF,国泰上证180金融ETF,2019-05-23,1.0173,1.0173,1.0173,1.0173,-0.007,0,0
510230.OF,国泰上证180金融ETF,2019-05-24,1.0236,1.0236,1.0236,1.0236,0.0062,0,0
510230.OF,国泰上证180金融ETF,2019-05-27,1.0334,1.0334,1.0334,1.0334,0.0095,0,0
510230.OF,国泰上证180金融ETF,2019-05-28,1.0392,1.0392,1.0392,1.0392,0.0057,0,0
510230.OF,国泰上证180金融ETF,2019-05-29,1.0407,1.0407,1.0407,1.0407,0.0014,0,0
510230.OF,国泰上证180金融ETF,2019-05-30,1.0343,1.0343,1.0343,1.0343,-0.0062,0,0
510230.OF,国泰上证180金融ETF,2019-05-31,1.0299,1.0299,1.0299,1.0299,-0.0043,0,0
510230.OF,国泰上证180金融ETF,2019-06-03,1.0348,1.0348,1.0348,1.0348,0.0047,0,0
510230.OF,国泰上证180金融ETF,2019-06-04,1.0305,1.0305,1.0305,1.0305,-0.0042,0,0
510230.OF,国泰上证180金融ETF,2019-06-05,1.0326,1.0326,1.0326,1.0326,0.0021,0,0
510230.OF,国泰上证180金融ETF,2019-06-06,1.0289,1.0289,1.0289,1.0289,-0.0036,0,0
510230.OF,国泰上证180金融ETF,2019-06-10,1.0385,1.0385,1.0385,1.0385,0.0093,0,0
510230.OF,国泰上证180金融ETF,2019-06-11,1.0639,1.0639,1.0639,1.0639,0.0244,0,0
510230.OF,国泰上证180金融ETF,2019-06-12,1.057,1.057,1.057,1.057,-0.0065,0,0
510230.OF,国泰上证180金融ETF,2019-06-13,1.0578,1.0578,1.0578,1.0578,0.0008,0,0
510230.OF,国泰上证180金融ETF,2019-06-14,1.0507,1.0507,1.0507,1.0507,-0.0067,0,0
510230.OF,国泰上证180金融ETF,2019-06-17,1.055,1.055,1.055,1.055,0.0042,0,0
510230.OF,国泰上证180金融ETF,2019-06-18,1.0598,1.0598,1.0598,1.0598,0.0045,0,0
510230.OF,国泰上证180金融ETF,2019-06-19,1.0777,1.0777,1.0777,1.0777,0.0169,0,0
510230.OF,国泰上证180金融ETF,2019-06-20,1.1197,1.1197,1.1197,1.1197,0.039,0,0
510230.OF,国泰上证180金融ETF,2019-06-21,1.1185,1.1185,1.1185,1.1185,-0.001,0,0
510230.OF,国泰上证180金融ETF,2019-06-24,1.1196,1.1196,1.1196,1.1196,0.0009,0,0
510230.OF,国泰上证180金融ETF,2019-06-25,1.1013,1.1013,1.1013,1.1013,-0.0164,0,0
510230.OF,国泰上证180金融ETF,2019-06-26,1.0927,1.0927,1.0927,1.0927,-0.0077,0,0
510230.OF,国泰上证180金融ETF,2019-06-27,1.1061,1.1061,1.1061,1.1061,0.0122,0,0
510230.OF,国泰上证180金融ETF,2019-06-28,1.1038,1.1038,1.1038,1.1038,-0.0021,0,0
510230.OF,国泰上证180金融ETF,2019-06-30,1.1038,1.1038,1.1038,1.1038,0.0,0,0
510230.OF,国泰上证180金融ETF,2019-07-01,1.1262,1.1262,1.1262,1.1262,0.0203,0,0
510230.OF,国泰上证180金融ETF,2019-07-02,1.1201,1.1201,1.1201,1.1201,-0.0054,0,0
510230.OF,国泰上证180金融ETF,2019-07-03,1.1115,1.1115,1.1115,1.1115,-0.0078,0,0
510230.OF,国泰上证180金融ETF,2019-07-04,1.1092,1.1092,1.1092,1.1092,-0.0021,0,0
510230.OF,国泰上证180金融ETF,2019-07-05,1.1116,1.1116,1.1116,1.1116,0.0022,0,0
510230.OF,国泰上证180金融ETF,2019-07-08,1.0872,1.0872,1.0872,1.0872,-0.022,0,0
510230.OF,国泰上证180金融ETF,2019-07-09,1.0847,1.0847,1.0847,1.0847,-0.0023,0,0
510230.OF,国泰上证180金融ETF,2019-07-10,1.0833,1.0833,1.0833,1.0833,-0.0012,0,0
510230.OF,国泰上证180金融ETF,2019-07-11,1.0878,1.0878,1.0878,1.0878,0.0041,0,0
510230.OF,国泰上证180金融ETF,2019-07-12,1.0992,1.0992,1.0992,1.0992,0.0105,0,0
510230.OF,国泰上证180金融ETF,2019-07-15,1.1024,1.1024,1.1024,1.1024,0.0029,0,0
510230.OF,国泰上证180金融ETF,2019-07-16,1.0981,1.0981,1.0981,1.0981,-0.0039,0,0
510230.OF,国泰上证180金融ETF,2019-07-17,1.0944,1.0944,1.0944,1.0944,-0.0033,0,0
510230.OF,国泰上证180金融ETF,2019-07-18,1.0901,1.0901,1.0901,1.0901,-0.004,0,0
510230.OF,国泰上证180金融ETF,2019-07-19,1.1061,1.1061,1.1061,1.1061,0.0146,0,0
510230.OF,国泰上证180金融ETF,2019-07-22,1.0983,1.0983,1.0983,1.0983,-0.007,0,0
510230.OF,国泰上证180金融ETF,2019-07-23,1.1002,1.1002,1.1002,1.1002,0.0017,0,0
510230.OF,国泰上证180金融ETF,2019-07-24,1.1105,1.1105,1.1105,1.1105,0.0093,0,0
510230.OF,国泰上证180金融ETF,2019-07-25,1.122,1.122,1.122,1.122,0.0103,0,0
510230.OF,国泰上证180金融ETF,2019-07-26,1.1219,1.1219,1.1219,1.1219,-0.0001,0,0
510230.OF,国泰上证180金融ETF,2019-07-29,1.1152,1.1152,1.1152,1.1152,-0.006,0,0
510230.OF,国泰上证180金融ETF,2019-07-30,1.1235,1.1235,1.1235,1.1235,0.0074,0,0
510230.OF,国泰上证180金融ETF,2019-07-31,1.1132,1.1132,1.1132,1.1132,-0.0092,0,0
510230.OF,国泰上证180金融ETF,2019-08-01,1.1029,1.1029,1.1029,1.1029,-0.0093,0,0
510230.OF,国泰上证180金融ETF,2019-08-02,1.0836,1.0836,1.0836,1.0836,-0.0175,0,0
510230.OF,国泰上证180金融ETF,2019-08-05,1.0626,1.0626,1.0626,1.0626,-0.0194,0,0
510230.OF,国泰上证180金融ETF,2019-08-06,1.0536,1.0536,1.0536,1.0536,-0.0084,0,0
510230.OF,国泰上证180金融ETF,2019-08-07,1.045,1.045,1.045,1.045,-0.0082,0,0
510230.OF,国泰上证180金融ETF,2019-08-08,1.0597,1.0597,1.0597,1.0597,0.0141,0,0
510230.OF,国泰上证180金融ETF,2019-08-09,1.0547,1.0547,1.0547,1.0547,-0.0048,0,0
510230.OF,国泰上证180金融ETF,2019-08-12,1.0711,1.0711,1.0711,1.0711,0.0156,0,0
510230.OF,国泰上证180金融ETF,2019-08-13,1.0567,1.0567,1.0567,1.0567,-0.0135,0,0
510230.OF,国泰上证180金融ETF,2019-08-14,1.0554,1.0554,1.0554,1.0554,-0.0012,0,0
510230.OF,国泰上证180金融ETF,2019-08-15,1.0578,1.0578,1.0578,1.0578,0.0023,0,0
510230.OF,国泰上证180金融ETF,2019-08-16,1.0597,1.0597,1.0597,1.0597,0.0018,0,0
510230.OF,国泰上证180金融ETF,2019-08-19,1.0844,1.0844,1.0844,1.0844,0.0233,0,0
510230.OF,国泰上证180金融ETF,2019-08-20,1.079,1.079,1.079,1.079,-0.005,0,0
510230.OF,国泰上证180金融ETF,2019-08-21,1.0779,1.0779,1.0779,1.0779,-0.001,0,0
510230.OF,国泰上证180金融ETF,2019-08-22,1.0779,1.0779,1.0779,1.0779,0.0,0,0
510230.OF,国泰上证180金融ETF,2019-08-23,1.0876,1.0876,1.0876,1.0876,0.009,0,0
510230.OF,国泰上证180金融ETF,2019-08-26,1.0671,1.0671,1.0671,1.0671,-0.0189,0,0
510230.OF,国泰上证180金融ETF,2019-08-27,1.075,1.075,1.075,1.075,0.0074,0,0
510230.OF,国泰上证180金融ETF,2019-08-28,1.0641,1.0641,1.0641,1.0641,-0.0102,0,0
510230.OF,国泰上证180金融ETF,2019-08-29,1.0581,1.0581,1.0581,1.0581,-0.0056,0,0
510230.OF,国泰上证180金融ETF,2019-08-30,1.06,1.06,1.06,1.06,0.0017,0,0
510230.OF,国泰上证180金融ETF,2019-09-02,1.0704,1.0704,1.0704,1.0704,0.0098,0,0
510230.OF,国泰上证180金融ETF,2019-09-03,1.0703,1.0703,1.0703,1.0703,-0.0001,0,0
510230.OF,国泰上证180金融ETF,2019-09-04,1.0868,1.0868,1.0868,1.0868,0.0155,0,0
510230.OF,国泰上证180金融ETF,2019-09-05,1.1046,1.1046,1.1046,1.1046,0.0164,0,0
510230.OF,国泰上证180金融ETF,2019-09-06,1.1147,1.1147,1.1147,1.1147,0.0091,0,0
510230.OF,国泰上证180金融ETF,2019-09-09,1.1153,1.1153,1.1153,1.1153,0.0006,0,0
510230.OF,国泰上证180金融ETF,2019-09-10,1.1112,1.1112,1.1112,1.1112,-0.0037,0,0
510230.OF,国泰上证180金融ETF,2019-09-11,1.1191,1.1191,1.1191,1.1191,0.007,0,0
510230.OF,国泰上证180金融ETF,2019-09-12,1.1324,1.1324,1.1324,1.1324,0.0119,0,0
510230.OF,国泰上证180金融ETF,2019-09-16,1.1216,1.1216,1.1216,1.1216,-0.0095,0,0
510230.OF,国泰上证180金融ETF,2019-09-17,1.1015,1.1015,1.1015,1.1015,-0.0179,0,0
510230.OF,国泰上证180金融ETF,2019-09-18,1.1,1.1,1.1,1.1,-0.0013,0,0
510230.OF,国泰上证180金融ETF,2019-09-19,1.1011,1.1011,1.1011,1.1011,0.001,0,0
510230.OF,国泰上证180金融ETF,2019-09-20,1.1016,1.1016,1.1016,1.1016,0.0005,0,0
510230.OF,国泰上证180金融ETF,2019-09-23,1.0886,1.0886,1.0886,1.0886,-0.0118,0,0
510230.OF,国泰上证180金融ETF,2019-09-24,1.0875,1.0875,1.0875,1.0875,-0.001,0,0
510230.OF,国泰上证180金融ETF,2019-09-25,1.086,1.086,1.086,1.086,-0.0014,0,0
510230.OF,国泰上证180金融ETF,2019-09-26,1.0899,1.0899,1.0899,1.0899,0.0036,0,0
510230.OF,国泰上证180金融ETF,2019-09-27,1.0914,1.0914,1.0914,1.0914,0.0014,0,0
510230.OF,国泰上证180金融ETF,2019-09-30,1.0762,1.0762,1.0762,1.0762,-0.0139,0,0
510230.OF,国泰上证180金融ETF,2019-10-08,1.083,1.083,1.083,1.083,0.0062,0,0
510230.OF,国泰上证180金融ETF,2019-10-09,1.0908,1.0908,1.0908,1.0908,0.0072,0,0
510230.OF,国泰上证180金融ETF,2019-10-10,1.0931,1.0931,1.0931,1.0931,0.0021,0,0
510230.OF,国泰上证180金融ETF,2019-10-11,1.1132,1.1132,1.1132,1.1132,0.0184,0,0
510230.OF,国泰上证180金融ETF,2019-10-14,1.131,1.131,1.131,1.131,0.0159,0,0
510230.OF,国泰上证180金融ETF,2019-10-15,1.1279,1.1279,1.1279,1.1279,-0.0028,0,0
510230.OF,国泰上证180金融ETF,2019-10-16,1.1262,1.1262,1.1262,1.1262,-0.0015,0,0
510230.OF,国泰上证180金融ETF,2019-10-17,1.1263,1.1263,1.1263,1.1263,0.0001,0,0
510230.OF,国泰上证180金融ETF,2019-10-18,1.1051,1.1051,1.1051,1.1051,-0.0188,0,0
510230.OF,国泰上证180金融ETF,2019-10-21,1.1108,1.1108,1.1108,1.1108,0.0052,0,0
510230.OF,国泰上证180金融ETF,2019-10-22,1.1119,1.1119,1.1119,1.1119,0.001,0,0
510230.OF,国泰上证180金融ETF,2019-10-23,1.1076,1.1076,1.1076,1.1076,-0.0039,0,0
510230.OF,国泰上证180金融ETF,2019-10-24,1.1146,1.1146,1.1146,1.1146,0.0063,0,0
510230.OF,国泰上证180金融ETF,2019-10-25,1.1112,1.1112,1.1112,1.1112,-0.003,0,0
510230.OF,国泰上证180金融ETF,2019-10-28,1.1135,1.1135,1.1135,1.1135,0.002,0,0
510230.OF,国泰上证180金融ETF,2019-10-29,1.1033,1.1033,1.1033,1.1033,-0.0091,0,0
510230.OF,国泰上证180金融ETF,2019-10-30,1.1006,1.1006,1.1006,1.1006,-0.0025,0,0
510230.OF,国泰上证180金融ETF,2019-10-31,1.098,1.098,1.098,1.098,-0.0024,0,0
510230.OF,国泰上证180金融ETF,2019-11-01,1.1174,1.1174,1.1174,1.1174,0.0177,0,0
510230.OF,国泰上证180金融ETF,2019-11-04,1.1241,1.1241,1.1241,1.1241,0.006,0,0
510230.OF,国泰上证180金融ETF,2019-11-05,1.1349,1.1349,1.1349,1.1349,0.0097,0,0
510230.OF,国泰上证180金融ETF,2019-11-06,1.1346,1.1346,1.1346,1.1346,-0.0003,0,0
510230.OF,国泰上证180金融ETF,2019-11-07,1.1341,1.1341,1.1341,1.1341,-0.0004,0,0
510230.OF,国泰上证180金融ETF,2019-11-08,1.122,1.122,1.122,1.122,-0.0106,0,0
510230.OF,国泰上证180金融ETF,2019-11-11,1.1057,1.1057,1.1057,1.1057,-0.0146,0,0
510230.OF,国泰上证180金融ETF,2019-11-12,1.1075,1.1075,1.1075,1.1075,0.0016,0,0
510230.OF,国泰上证180金融ETF,2019-11-13,1.0996,1.0996,1.0996,1.0996,-0.0071,0,0
510230.OF,国泰上证180金融ETF,2019-11-14,1.0955,1.0955,1.0955,1.0955,-0.0037,0,0
510230.OF,国泰上证180金融ETF,2019-11-15,1.0933,1.0933,1.0933,1.0933,-0.002,0,0
510230.OF,国泰上证180金融ETF,2019-11-18,1.1063,1.1063,1.1063,1.1063,0.0118,0,0
510230.OF,国泰上证180金融ETF,2019-11-19,1.1084,1.1084,1.1084,1.1084,0.0019,0,0
510230.OF,国泰上证180金融ETF,2019-11-20,1.0907,1.0907,1.0907,1.0907,-0.0159,0,0
510230.OF,国泰上证180金融ETF,2019-11-21,1.0849,1.0849,1.0849,1.0849,-0.0053,0,0
510230.OF,国泰上证180金融ETF,2019-11-22,1.0795,1.0795,1.0795,1.0795,-0.005,0,0
510230.OF,国泰上证180金融ETF,2019-11-25,1.0903,1.0903,1.0903,1.0903,0.01,0,0
510230.OF,国泰上证180金融ETF,2019-11-26,1.0872,1.0872,1.0872,1.0872,-0.0029,0,0
510230.OF,国泰上证180金融ETF,2019-11-27,1.0853,1.0853,1.0853,1.0853,-0.0017,0,0
510230.OF,国泰上证180金融ETF,2019-11-28,1.081,1.081,1.081,1.081,-0.004,0,0
510230.OF,国泰上证180金融ETF,2019-11-29,1.0761,1.0761,1.0761,1.0761,-0.0046,0,0
510230.OF,国泰上证180金融ETF,2019-12-02,1.0782,1.0782,1.0782,1.0782,0.002,0,0
510230.OF,国泰上证180金融ETF,2019-12-03,1.0838,1.0838,1.0838,1.0838,0.0052,0,0
510230.OF,国泰上证180金融ETF,2019-12-04,1.079,1.079,1.079,1.079,-0.0045,0,0
510230.OF,国泰上证180金融ETF,2019-12-05,1.0882,1.0882,1.0882,1.0882,0.0085,0,0
510230.OF,国泰上证180金融ETF,2019-12-06,1.0891,1.0891,1.0891,1.0891,0.0009,0,0
510230.OF,国泰上证180金融ETF,2019-12-09,1.0862,1.0862,1.0862,1.0862,-0.0027,0,0
510230.OF,国泰上证180金融ETF,2019-12-10,1.0839,1.0839,1.0839,1.0839,-0.0021,0,0
510230.OF,国泰上证180金融ETF,2019-12-11,1.0914,1.0914,1.0914,1.0914,0.0069,0,0
510230.OF,国泰上证180金融ETF,2019-12-12,1.0892,1.0892,1.0892,1.0892,-0.002,0,0
510230.OF,国泰上证180金融ETF,2019-12-13,1.1179,1.1179,1.1179,1.1179,0.0264,0,0
510230.OF,国泰上证180金融ETF,2019-12-16,1.1188,1.1188,1.1188,1.1188,0.0008,0,0
510230.OF,国泰上证180金融ETF,2019-12-17,1.1361,1.1361,1.1361,1.1361,0.0154,0,0
510230.OF,国泰上证180金融ETF,2019-12-18,1.1381,1.1381,1.1381,1.1381,0.0018,0,0
510230.OF,国泰上证180金融ETF,2019-12-19,1.136,1.136,1.136,1.136,-0.0019,0,0
510230.OF,国泰上证180金融ETF,2019-12-20,1.1367,1.1367,1.1367,1.1367,0.0007,0,0
510230.OF,国泰上证180金融ETF,2019-12-23,1.1197,1.1197,1.1197,1.1197,-0.015,0,0
510230.OF,国泰上证180金融ETF,2019-12-24,1.1258,1.1258,1.1258,1.1258,0.0055,0,0
510230.OF,国泰上证180金融ETF,2019-12-25,1.1224,1.1224,1.1224,1.1224,-0.003,0,0
510230.OF,国泰上证180金融ETF,2019-12-26,1.1359,1.1359,1.1359,1.1359,0.012,0,0
510230.OF,国泰上证180金融ETF,2019-12-27,1.1311,1.1311,1.1311,1.1311,-0.0042,0,0
510230.OF,国泰上证180金融ETF,2019-12-30,1.1526,1.1526,1.1526,1.1526,0.019,0,0
510230.OF,国泰上证180金融ETF,2019-12-31,1.1492,1.1492,1.1492,1.1492,-0.003,0,0
510230.OF,国泰上证180金融ETF,2020-01-02,1.1636,1.1636,1.1636,1.1636,0.0125,0,0
510230.OF,国泰上证180金融ETF,2020-01-03,1.165,1.165,1.165,1.165,0.0012,0,0
510230.OF,国泰上证180金融ETF,2020-01-06,1.1577,1.1577,1.1577,1.1577,-0.0062,0,0
510230.OF,国泰上证180金融ETF,2020-01-07,1.1647,1.1647,1.1647,1.1647,0.006,0,0
510230.OF,国泰上证180金融ETF,2020-01-08,1.1418,1.1418,1.1418,1.1418,-0.0196,0,0
510230.OF,国泰上证180金融ETF,2020-01-09,1.1501,1.1501,1.1501,1.1501,0.0073,0,0
510230.OF,国泰上证180金融ETF,2020-01-10,1.1502,1.1502,1.1502,1.1502,0.0001,0,0
510230.OF,国泰上证180金融ETF,2020-01-13,1.1594,1.1594,1.1594,1.1594,0.008,0,0
510230.OF,国泰上证180金融ETF,2020-01-14,1.1556,1.1556,1.1556,1.1556,-0.0033,0,0
510230.OF,国泰上证180金融ETF,2020-01-15,1.1451,1.1451,1.1451,1.1451,-0.0092,0,0
510230.OF,国泰上证180金融ETF,2020-01-16,1.1373,1.1373,1.1373,1.1373,-0.0067,0,0
510230.OF,国泰上证180金融ETF,2020-01-17,1.1395,1.1395,1.1395,1.1395,0.0019,0,0
510230.OF,国泰上证180金融ETF,2020-01-20,1.151,1.151,1.151,1.151,0.0101,0,0
510230.OF,国泰上证180金融ETF,2020-01-21,1.1317,1.1317,1.1317,1.1317,-0.0168,0,0
510230.OF,国泰上证180金融ETF,2020-01-22,1.1323,1.1323,1.1323,1.1323,0.0005,0,0
510230.OF,国泰上证180金融ETF,2020-01-23,1.1,1.1,1.1,1.1,-0.0285,0,0
510230.OF,国泰上证180金融ETF,2020-02-03,1.0176,1.0176,1.0176,1.0176,-0.075,0,0
510230.OF,国泰上证180金融ETF,2020-02-04,1.0354,1.0354,1.0354,1.0354,0.0175,0,0
510230.OF,国泰上证180金融ETF,2020-02-05,1.0387,1.0387,1.0387,1.0387,0.0031,0,0
510230.OF,国泰上证180金融ETF,2020-02-06,1.0521,1.0521,1.0521,1.0521,0.013,0,0
510230.OF,国泰上证180金融ETF,2020-02-07,1.0499,1.0499,1.0499,1.0499,-0.0021,0,0
510230.OF,国泰上证180金融ETF,2020-02-10,1.0479,1.0479,1.0479,1.0479,-0.0019,0,0
510230.OF,国泰上证180金融ETF,2020-02-11,1.0547,1.0547,1.0547,1.0547,0.0064,0,0
510230.OF,国泰上证180金融ETF,2020-02-12,1.0598,1.0598,1.0598,1.0598,0.0049,0,0
510230.OF,国泰上证180金融ETF,2020-02-13,1.0488,1.0488,1.0488,1.0488,-0.0104,0,0
510230.OF,国泰上证180金融ETF,2020-02-14,1.0589,1.0589,1.0589,1.0589,0.0096,0,0
510230.OF,国泰上证180金融ETF,2020-02-17,1.0864,1.0864,1.0864,1.0864,0.026,0,0
510230.OF,国泰上证180金融ETF,2020-02-18,1.0769,1.0769,1.0769,1.0769,-0.0087,0,0
510230.OF,国泰上证180金融ETF,2020-02-19,1.0778,1.0778,1.0778,1.0778,0.0009,0,0
510230.OF,国泰上证180金融ETF,2020-02-20,1.1063,1.1063,1.1063,1.1063,0.0264,0,0
510230.OF,国泰上证180金融ETF,2020-02-21,1.1015,1.1015,1.1015,1.1015,-0.0043,0,0
510230.OF,国泰上证180金融ETF,2020-02-24,1.09,1.09,1.09,1.09,-0.0104,0,0
510230.OF,国泰上证180金融ETF,2020-02-25,1.0836,1.0836,1.0836,1.0836,-0.0059,0,0
510230.OF,国泰上证180金融ETF,2020-02-26,1.0802,1.0802,1.0802,1.0802,-0.0031,0,0
510230.OF,国泰上证180金融ETF,2020-02-27,1.0833,1.0833,1.0833,1.0833,0.0029,0,0
510230.OF,国泰上证180金融ETF,2020-02-28,1.0439,1.0439,1.0439,1.0439,-0.0364,0,0
510230.OF,国泰上证180金融ETF,2020-03-02,1.0713,1.0713,1.0713,1.0713,0.0262,0,0
510230.OF,国泰上证180金融ETF,2020-03-03,1.0746,1.0746,1.0746,1.0746,0.0031,0,0
510230.OF,国泰上证180金融ETF,2020-03-04,1.0867,1.0867,1.0867,1.0867,0.0113,0,0
510230.OF,国泰上证180金融ETF,2020-03-05,1.1147,1.1147,1.1147,1.1147,0.0258,0,0
510230.OF,国泰上证180金融ETF,2020-03-06,1.0911,1.0911,1.0911,1.0911,-0.0212,0,0
510230.OF,国泰上证180金融ETF,2020-03-09,1.0595,1.0595,1.0595,1.0595,-0.0289,0,0
510230.OF,国泰上证180金融ETF,2020-03-10,1.0773,1.0773,1.0773,1.0773,0.0168,0,0
510230.OF,国泰上证180金融ETF,2020-03-11,1.061,1.061,1.061,1.061,-0.0152,0,0
510230.OF,国泰上证180金融ETF,2020-03-12,1.0497,1.0497,1.0497,1.0497,-0.0106,0,0
510230.OF,国泰上证180金融ETF,2020-03-13,1.0363,1.0363,1.0363,1.0363,-0.0127,0,0
510230.OF,国泰上证180金融ETF,2020-03-16,0.9982,0.9982,0.9982,0.9982,-0.0368,0,0
510230.OF,国泰上证180金融ETF,2020-03-17,0.9987,0.9987,0.9987,0.9987,0.0004,0,0
510230.OF,国泰上证180金融ETF,2020-03-18,0.9749,0.9749,0.9749,0.9749,-0.0238,0,0
510230.OF,国泰上证180金融ETF,2020-03-19,0.9569,0.9569,0.9569,0.9569,-0.0185,0,0
510230.OF,国泰上证180金融ETF,2020-03-20,0.9743,0.9743,0.9743,0.9743,0.0182,0,0
510230.OF,国泰上证180金融ETF,2020-03-23,0.947,0.947,0.947,0.947,-0.028,0,0
510230.OF,国泰上证180金融ETF,2020-03-24,0.9716,0.9716,0.9716,0.9716,0.0259,0,0
510230.OF,国泰上证180金融ETF,2020-03-25,0.9896,0.9896,0.9896,0.9896,0.0185,0,0
510230.OF,国泰上证180金融ETF,2020-03-26,0.9879,0.9879,0.9879,0.9879,-0.0017,0,0
510230.OF,国泰上证180金融ETF,2020-03-27,0.9904,0.9904,0.9904,0.9904,0.0025,0,0
510230.OF,国泰上证180金融ETF,2020-03-30,0.9855,0.9855,0.9855,0.9855,-0.0049,0,0
510230.OF,国泰上证180金融ETF,2020-03-31,0.9783,0.9783,0.9783,0.9783,-0.0074,0,0
510230.OF,国泰上证180金融ETF,2020-04-01,0.977,0.977,0.977,0.977,-0.0013,0,0
510230.OF,国泰上证180金融ETF,2020-04-02,0.9868,0.9868,0.9868,0.9868,0.01,0,0
510230.OF,国泰上证180金融ETF,2020-04-03,0.9782,0.9782,0.9782,0.9782,-0.0088,0,0
510230.OF,国泰上证180金融ETF,2020-04-07,0.9918,0.9918,0.9918,0.9918,0.0139,0,0
510230.OF,国泰上证180金融ETF,2020-04-08,0.9862,0.9862,0.9862,0.9862,-0.0056,0,0
510230.OF,国泰上证180金融ETF,2020-04-09,0.9884,0.9884,0.9884,0.9884,0.0022,0,0
510230.OF,国泰上证180金融ETF,2020-04-10,0.9868,0.9868,0.9868,0.9868,-0.0016,0,0
510230.OF,国泰上证180金融ETF,2020-04-13,0.9789,0.9789,0.9789,0.9789,-0.0079,0,0
510230.OF,国泰上证180金融ETF,2020-04-14,0.995,0.995,0.995,0.995,0.0164,0,0
510230.OF,国泰上证180金融ETF,2020-04-15,0.9885,0.9885,0.9885,0.9885,-0.0066,0,0
510230.OF,国泰上证180金融ETF,2020-04-16,0.9898,0.9898,0.9898,0.9898,0.0013,0,0
510230.OF,国泰上证180金融ETF,2020-04-17,0.9987,0.9987,0.9987,0.9987,0.009,0,0
510230.OF,国泰上证180金融ETF,2020-04-20,0.9996,0.9996,0.9996,0.9996,0.0009,0,0
510230.OF,国泰上证180金融ETF,2020-04-21,0.9886,0.9886,0.9886,0.9886,-0.011,0,0
510230.OF,国泰上证180金融ETF,2020-04-22,0.9893,0.9893,0.9893,0.9893,0.0008,0,0
510230.OF,国泰上证180金融ETF,2020-04-23,0.9854,0.9854,0.9854,0.9854,-0.004,0,0
510230.OF,国泰上证180金融ETF,2020-04-24,0.975,0.975,0.975,0.975,-0.0105,0,0
510230.OF,国泰上证180金融ETF,2020-04-27,0.9859,0.9859,0.9859,0.9859,0.0112,0,0
510230.OF,国泰上证180金融ETF,2020-04-28,0.9933,0.9933,0.9933,0.9933,0.0074,0,0
510230.OF,国泰上证180金融ETF,2020-04-29,1.0106,1.0106,1.0106,1.0106,0.0175,0,0
510230.OF,国泰上证180金融ETF,2020-04-30,1.0187,1.0187,1.0187,1.0187,0.008,0,0
510230.OF,国泰上证180金融ETF,2020-05-06,1.0107,1.0107,1.0107,1.0107,-0.0079,0,0
510230.OF,国泰上证180金融ETF,2020-05-07,1.0047,1.0047,1.0047,1.0047,-0.0059,0,0
510230.OF,国泰上证180金融ETF,2020-05-08,1.016,1.016,1.016,1.016,0.0112,0,0
510230.OF,国泰上证180金融ETF,2020-05-11,1.0161,1.0161,1.0161,1.0161,0.0,0,0
510230.OF,国泰上证180金融ETF,2020-05-12,1.0107,1.0107,1.0107,1.0107,-0.0053,0,0
510230.OF,国泰上证180金融ETF,2020-05-13,1.0102,1.0102,1.0102,1.0102,-0.0005,0,0
510230.OF,国泰上证180金融ETF,2020-05-14,0.9983,0.9983,0.9983,0.9983,-0.0118,0,0
510230.OF,国泰上证180金融ETF,2020-05-15,0.9978,0.9978,0.9978,0.9978,-0.0006,0,0
510230.OF,国泰上证180金融ETF,2020-05-18,0.9962,0.9962,0.9962,0.9962,-0.0016,0,0
510230.OF,国泰上证180金融ETF,2020-05-19,1.0027,1.0027,1.0027,1.0027,0.0065,0,0
510230.OF,国泰上证180金融ETF,2020-05-20,1.004,1.004,1.004,1.004,0.0013,0,0
510230.OF,国泰上证180金融ETF,2020-05-21,0.9982,0.9982,0.9982,0.9982,-0.0058,0,0
510230.OF,国泰上证180金融ETF,2020-05-22,0.976,0.976,0.976,0.976,-0.0222,0,0
510230.OF,国泰上证180金融ETF,2020-05-25,0.9739,0.9739,0.9739,0.9739,-0.0021,0,0
510230.OF,国泰上证180金融ETF,2020-05-26,0.9795,0.9795,0.9795,0.9795,0.0057,0,0
510230.OF,国泰上证180金融ETF,2020-05-27,0.9802,0.9802,0.9802,0.9802,0.0007,0,0
510230.OF,国泰上证180金融ETF,2020-05-28,0.9936,0.9936,0.9936,0.9936,0.0136,0,0
510230.OF,国泰上证180金融ETF,2020-05-29,0.9857,0.9857,0.9857,0.9857,-0.008,0,0
510230.OF,国泰上证180金融ETF,2020-06-01,1.0067,1.0067,1.0067,1.0067,0.0213,0,0
510230.OF,国泰上证180金融ETF,2020-06-02,1.014,1.014,1.014,1.014,0.0073,0,0
510230.OF,国泰上证180金融ETF,2020-06-03,1.0131,1.0131,1.0131,1.0131,-0.0009,0,0
510230.OF,国泰上证180金融ETF,2020-06-04,1.0096,1.0096,1.0096,1.0096,-0.0034,0,0
510230.OF,国泰上证180金融ETF,2020-06-05,1.0134,1.0134,1.0134,1.0134,0.0037,0,0
510230.OF,国泰上证180金融ETF,2020-06-08,1.0178,1.0178,1.0178,1.0178,0.0044,0,0
510230.OF,国泰上证180金融ETF,2020-06-09,1.0213,1.0213,1.0213,1.0213,0.0034,0,0
510230.OF,国泰上证180金融ETF,2020-06-10,1.0127,1.0127,1.0127,1.0127,-0.0084,0,0
510230.OF,国泰上证180金融ETF,2020-06-11,1.0012,1.0012,1.0012,1.0012,-0.0113,0,0
510230.OF,国泰上证180金融ETF,2020-06-12,0.9987,0.9987,0.9987,0.9987,-0.0026,0,0
510230.OF,国泰上证180金融ETF,2020-06-15,0.9879,0.9879,0.9879,0.9879,-0.0107,0,0
510230.OF,国泰上证180金融ETF,2020-06-16,0.9983,0.9983,0.9983,0.9983,0.0105,0,0
510230.OF,国泰上证180金融ETF,2020-06-17,0.9963,0.9963,0.9963,0.9963,-0.002,0,0
510230.OF,国泰上证180金融ETF,2020-06-18,0.9978,0.9978,0.9978,0.9978,0.0015,0,0
510230.OF,国泰上证180金融ETF,2020-06-19,1.0094,1.0094,1.0094,1.0094,0.0115,0,0
510230.OF,国泰上证180金融ETF,2020-06-22,1.0132,1.0132,1.0132,1.0132,0.0038,0,0
510230.OF,国泰上证180金融ETF,2020-06-23,1.0116,1.0116,1.0116,1.0116,-0.0015,0,0
510230.OF,国泰上证180金融ETF,2020-06-24,1.0194,1.0194,1.0194,1.0194,0.0077,0,0
510230.OF,国泰上证180金融ETF,2020-06-29,1.0054,1.0054,1.0054,1.0054,-0.0137,0,0
510230.OF,国泰上证180金融ETF,2020-06-30,1.0169,1.0169,1.0169,1.0169,0.0114,0,0
510230.OF,国泰上证180金融ETF,2020-07-01,1.038,1.038,1.038,1.038,0.0208,0,0
510230.OF,国泰上证180金融ETF,2020-07-02,1.0772,1.0772,1.0772,1.0772,0.0377,0,0
510230.OF,国泰上证180金融ETF,2020-07-03,1.1233,1.1233,1.1233,1.1233,0.0428,0,0
510230.OF,国泰上证180金融ETF,2020-07-06,1.224,1.224,1.224,1.224,0.0897,0,0
510230.OF,国泰上证180金融ETF,2020-07-07,1.2124,1.2124,1.2124,1.2124,-0.0095,0,0
510230.OF,国泰上证180金融ETF,2020-07-08,1.2449,1.2449,1.2449,1.2449,0.0268,0,0
510230.OF,国泰上证180金融ETF,2020-07-09,1.2382,1.2382,1.2382,1.2382,-0.0054,0,0
510230.OF,国泰上证180金融ETF,2020-07-10,1.1976,1.1976,1.1976,1.1976,-0.0328,0,0
510230.OF,国泰上证180金融ETF,2020-07-13,1.2045,1.2045,1.2045,1.2045,0.0057,0,0
510230.OF,国泰上证180金融ETF,2020-07-14,1.1905,1.1905,1.1905,1.1905,-0.0116,0,0
510230.OF,国泰上证180金融ETF,2020-07-15,1.1704,1.1704,1.1704,1.1704,-0.0169,0,0
510230.OF,国泰上证180金融ETF,2020-07-16,1.1405,1.1405,1.1405,1.1405,-0.0255,0,0
510230.OF,国泰上证180金融ETF,2020-07-17,1.1279,1.1279,1.1279,1.1279,-0.011,0,0
510230.OF,国泰上证180金融ETF,2020-07-20,1.1736,1.1736,1.1736,1.1736,0.0405,0,0
510230.OF,国泰上证180金融ETF,2020-07-21,1.1587,1.1587,1.1587,1.1587,-0.0127,0,0
510230.OF,国泰上证180金融ETF,2020-07-22,1.1577,1.1577,1.1577,1.1577,-0.0009,0,0
510230.OF,国泰上证180金融ETF,2020-07-23,1.147,1.147,1.147,1.147,-0.0092,0,0
510230.OF,国泰上证180金融ETF,2020-07-24,1.1033,1.1033,1.1033,1.1033,-0.0381,0,0
510230.OF,国泰上证180金融ETF,2020-07-27,1.1005,1.1005,1.1005,1.1005,-0.0025,0,0
510230.OF,国泰上证180金融ETF,2020-07-28,1.1024,1.1024,1.1024,1.1024,0.0017,0,0
510230.OF,国泰上证180金融ETF,2020-07-29,1.1271,1.1271,1.1271,1.1271,0.0224,0,0
510230.OF,国泰上证180金融ETF,2020-07-30,1.1142,1.1142,1.1142,1.1142,-0.0115,0,0
510230.OF,国泰上证180金融ETF,2020-07-31,1.1209,1.1209,1.1209,1.1209,0.006,0,0
510230.OF,国泰上证180金融ETF,2020-08-03,1.1344,1.1344,1.1344,1.1344,0.012,0,0
510230.OF,国泰上证180金融ETF,2020-08-04,1.1517,1.1517,1.1517,1.1517,0.0152,0,0
510230.OF,国泰上证180金融ETF,2020-08-05,1.139,1.139,1.139,1.139,-0.011,0,0
510230.OF,国泰上证180金融ETF,2020-08-06,1.1578,1.1578,1.1578,1.1578,0.0165,0,0
510230.OF,国泰上证180金融ETF,2020-08-07,1.1374,1.1374,1.1374,1.1374,-0.0177,0,0
510230.OF,国泰上证180金融ETF,2020-08-10,1.1503,1.1503,1.1503,1.1503,0.0113,0,0
510230.OF,国泰上证180金融ETF,2020-08-11,1.1367,1.1367,1.1367,1.1367,-0.0118,0,0
510230.OF,国泰上证180金融ETF,2020-08-12,1.1387,1.1387,1.1387,1.1387,0.0017,0,0
510230.OF,国泰上证180金融ETF,2020-08-13,1.1361,1.1361,1.1361,1.1361,-0.0022,0,0
510230.OF,国泰上证180金融ETF,2020-08-14,1.1565,1.1565,1.1565,1.1565,0.0179,0,0
510230.OF,国泰上证180金融ETF,2020-08-17,1.1987,1.1987,1.1987,1.1987,0.0365,0,0
510230.OF,国泰上证180金融ETF,2020-08-18,1.1892,1.1892,1.1892,1.1892,-0.0079,0,0
510230.OF,国泰上证180金融ETF,2020-08-19,1.1693,1.1693,1.1693,1.1693,-0.0167,0,0
510230.OF,国泰上证180金融ETF,2020-08-20,1.1536,1.1536,1.1536,1.1536,-0.0134,0,0
510230.OF,国泰上证180金融ETF,2020-08-21,1.1622,1.1622,1.1622,1.1622,0.0075,0,0
510230.OF,国泰上证180金融ETF,2020-08-24,1.1553,1.1553,1.1553,1.1553,-0.0059,0,0
510230.OF,国泰上证180金融ETF,2020-08-25,1.1539,1.1539,1.1539,1.1539,-0.0012,0,0
510230.OF,国泰上证180金融ETF,2020-08-26,1.1365,1.1365,1.1365,1.1365,-0.0151,0,0
510230.OF,国泰上证180金融ETF,2020-08-27,1.1377,1.1377,1.1377,1.1377,0.0011,0,0
510230.OF,国泰上证180金融ETF,2020-08-28,1.1643,1.1643,1.1643,1.1643,0.0234,0,0
510230.OF,国泰上证180金融ETF,2020-08-31,1.1533,1.1533,1.1533,1.1533,-0.0094,0,0
510230.OF,国泰上证180金融ETF,2020-09-01,1.1552,1.1552,1.1552,1.1552,0.0016,0,0
510230.OF,国泰上证180金融ETF,2020-09-02,1.1486,1.1486,1.1486,1.1486,-0.0057,0,0
510230.OF,国泰上证180金融ETF,2020-09-03,1.1428,1.1428,1.1428,1.1428,-0.005,0,0
510230.OF,国泰上证180金融ETF,2020-09-04,1.1344,1.1344,1.1344,1.1344,-0.0074,0,0
510230.OF,国泰上证180金融ETF,2020-09-07,1.1194,1.1194,1.1194,1.1194,-0.0132,0,0
510230.OF,国泰上证180金融ETF,2020-09-08,1.1416,1.1416,1.1416,1.1416,0.0198,0,0
510230.OF,国泰上证180金融ETF,2020-09-09,1.1281,1.1281,1.1281,1.1281,-0.0118,0,0
510230.OF,国泰上证180金融ETF,2020-09-10,1.1213,1.1213,1.1213,1.1213,-0.006,0,0
510230.OF,国泰上证180金融ETF,2020-09-11,1.1204,1.1204,1.1204,1.1204,-0.0008,0,0
510230.OF,国泰上证180金融ETF,2020-09-14,1.1238,1.1238,1.1238,1.1238,0.003,0,0
510230.OF,国泰上证180金融ETF,2020-09-15,1.1292,1.1292,1.1292,1.1292,0.0048,0,0
510230.OF,国泰上证180金融ETF,2020-09-16,1.1278,1.1278,1.1278,1.1278,-0.0012,0,0
510230.OF,国泰上证180金融ETF,2020-09-17,1.122,1.122,1.122,1.122,-0.0051,0,0
510230.OF,国泰上证180金融ETF,2020-09-18,1.1631,1.1631,1.1631,1.1631,0.0366,0,0
510230.OF,国泰上证180金融ETF,2020-09-21,1.1533,1.1533,1.1533,1.1533,-0.0084,0,0
510230.OF,国泰上证180金融ETF,2020-09-22,1.1409,1.1409,1.1409,1.1409,-0.0108,0,0
510230.OF,国泰上证180金融ETF,2020-09-23,1.1333,1.1333,1.1333,1.1333,-0.0067,0,0
510230.OF,国泰上证180金融ETF,2020-09-24,1.1204,1.1204,1.1204,1.1204,-0.0114,0,0
510230.OF,国泰上证180金融ETF,2020-09-25,1.1281,1.1281,1.1281,1.1281,0.0069,0,0
510230.OF,国泰上证180金融ETF,2020-09-28,1.1303,1.1303,1.1303,1.1303,0.002,0,0
510230.OF,国泰上证180金融ETF,2020-09-29,1.1229,1.1229,1.1229,1.1229,-0.0065,0,0
510230.OF,国泰上证180金融ETF,2020-09-30,1.1158,1.1158,1.1158,1.1158,-0.0063,0,0
510230.OF,国泰上证180金融ETF,2020-10-09,1.1273,1.1273,1.1273,1.1273,0.0103,0,0
510230.OF,国泰上证180金融ETF,2020-10-12,1.1616,1.1616,1.1616,1.1616,0.0304,0,0
510230.OF,国泰上证180金融ETF,2020-10-13,1.1574,1.1574,1.1574,1.1574,-0.0036,0,0
510230.OF,国泰上证180金融ETF,2020-10-14,1.1516,1.1516,1.1516,1.1516,-0.005,0,0
510230.OF,国泰上证180金融ETF,2020-10-15,1.1574,1.1574,1.1574,1.1574,0.005,0,0
510230.OF,国泰上证180金融ETF,2020-10-16,1.1707,1.1707,1.1707,1.1707,0.0115,0,0
510230.OF,国泰上证180金融ETF,2020-10-19,1.1677,1.1677,1.1677,1.1677,-0.0026,0,0
510230.OF,国泰上证180金融ETF,2020-10-20,1.1632,1.1632,1.1632,1.1632,-0.0039,0,0
510230.OF,国泰上证180金融ETF,2020-10-21,1.1744,1.1744,1.1744,1.1744,0.0096,0,0
510230.OF,国泰上证180金融ETF,2020-10-22,1.1762,1.1762,1.1762,1.1762,0.0015,0,0
510230.OF,国泰上证180金融ETF,2020-10-23,1.1751,1.1751,1.1751,1.1751,-0.0009,0,0
510230.OF,国泰上证180金融ETF,2020-10-26,1.1493,1.1493,1.1493,1.1493,-0.022,0,0
510230.OF,国泰上证180金融ETF,2020-10-27,1.1453,1.1453,1.1453,1.1453,-0.0035,0,0
510230.OF,国泰上证180金融ETF,2020-10-28,1.1396,1.1396,1.1396,1.1396,-0.005,0,0
510230.OF,国泰上证180金融ETF,2020-10-29,1.1395,1.1395,1.1395,1.1395,-0.0001,0,0
510230.OF,国泰上证180金融ETF,2020-10-30,1.1217,1.1217,1.1217,1.1217,-0.0156,0,0
510230.OF,国泰上证180金融ETF,2020-11-02,1.1141,1.1141,1.1141,1.1141,-0.0068,0,0
510230.OF,国泰上证180金融ETF,2020-11-03,1.1338,1.1338,1.1338,1.1338,0.0177,0,0
510230.OF,国泰上证180金融ETF,2020-11-04,1.1371,1.1371,1.1371,1.1371,0.0029,0,0
510230.OF,国泰上证180金融ETF,2020-11-05,1.1458,1.1458,1.1458,1.1458,0.0077,0,0
510230.OF,国泰上证180金融ETF,2020-11-06,1.1455,1.1455,1.1455,1.1455,-0.0003,0,0
510230.OF,国泰上证180金融ETF,2020-11-09,1.1677,1.1677,1.1677,1.1677,0.0194,0,0
510230.OF,国泰上证180金融ETF,2020-11-10,1.1664,1.1664,1.1664,1.1664,-0.0011,0,0
510230.OF,国泰上证180金融ETF,2020-11-11,1.1643,1.1643,1.1643,1.1643,-0.0018,0,0
510230.OF,国泰上证180金融ETF,2020-11-12,1.152,1.152,1.152,1.152,-0.0106,0,0
510230.OF,国泰上证180金融ETF,2020-11-13,1.1326,1.1326,1.1326,1.1326,-0.0168,0,0
510230.OF,国泰上证180金融ETF,2020-11-16,1.145,1.145,1.145,1.145,0.0109,0,0
510230.OF,国泰上证180金融ETF,2020-11-17,1.1528,1.1528,1.1528,1.1528,0.0068,0,0
510230.OF,国泰上证180金融ETF,2020-11-18,1.1703,1.1703,1.1703,1.1703,0.0152,0,0
510230.OF,国泰上证180金融ETF,2020-11-19,1.1738,1.1738,1.1738,1.1738,0.003,0,0
510230.OF,国泰上证180金融ETF,2020-11-20,1.1681,1.1681,1.1681,1.1681,-0.0049,0,0
510230.OF,国泰上证180金融ETF,2020-11-23,1.1882,1.1882,1.1882,1.1882,0.0172,0,0
510230.OF,国泰上证180金融ETF,2020-11-24,1.1786,1.1786,1.1786,1.1786,-0.0081,0,0
510230.OF,国泰上证180金融ETF,2020-11-25,1.1753,1.1753,1.1753,1.1753,-0.0028,0,0
510230.OF,国泰上证180金融ETF,2020-11-26,1.189,1.189,1.189,1.189,0.0117,0,0
510230.OF,国泰上证180金融ETF,2020-11-27,1.2132,1.2132,1.2132,1.2132,0.0204,0,0
510230.OF,国泰上证180金融ETF,2020-11-30,1.2077,1.2077,1.2077,1.2077,-0.0045,0,0
510230.OF,国泰上证180金融ETF,2020-12-01,1.2447,1.2447,1.2447,1.2447,0.0306,0,0
510230.OF,国泰上证180金融ETF,2020-12-02,1.2417,1.2417,1.2417,1.2417,-0.0024,0,0
510230.OF,国泰上证180金融ETF,2020-12-03,1.2366,1.2366,1.2366,1.2366,-0.0041,0,0
510230.OF,国泰上证180金融ETF,2020-12-04,1.2242,1.2242,1.2242,1.2242,-0.01,0,0
510230.OF,国泰上证180金融ETF,2020-12-07,1.2013,1.2013,1.2013,1.2013,-0.0187,0,0
510230.OF,国泰上证180金融ETF,2020-12-08,1.1931,1.1931,1.1931,1.1931,-0.0068,0,0
510230.OF,国泰上证180金融ETF,2020-12-09,1.1823,1.1823,1.1823,1.1823,-0.0091,0,0
510230.OF,国泰上证180金融ETF,2020-12-10,1.1771,1.1771,1.1771,1.1771,-0.0044,0,0
510230.OF,国泰上证180金融ETF,2020-12-11,1.1597,1.1597,1.1597,1.1597,-0.0148,0,0
510230.OF,国泰上证180金融ETF,2020-12-14,1.1705,1.1705,1.1705,1.1705,0.0093,0,0
510230.OF,国泰上证180金融ETF,2020-12-15,1.1628,1.1628,1.1628,1.1628,-0.0066,0,0
510230.OF,国泰上证180金融ETF,2020-12-16,1.1619,1.1619,1.1619,1.1619,-0.0008,0,0
510230.OF,国泰上证180金融ETF,2020-12-17,1.1784,1.1784,1.1784,1.1784,0.0142,0,0
510230.OF,国泰上证180金融ETF,2020-12-18,1.1642,1.1642,1.1642,1.1642,-0.0121,0,0
510230.OF,国泰上证180金融ETF,2020-12-21,1.1626,1.1626,1.1626,1.1626,-0.0014,0,0
510230.OF,国泰上证180金融ETF,2020-12-22,1.13,1.13,1.13,1.13,-0.028,0,0
510230.OF,国泰上证180金融ETF,2020-12-23,1.136,1.136,1.136,1.136,0.0053,0,0
510230.OF,国泰上证180金融ETF,2020-12-24,1.1341,1.1341,1.1341,1.1341,-0.0017,0,0
510230.OF,国泰上证180金融ETF,2020-12-25,1.1352,1.1352,1.1352,1.1352,0.001,0,0
510230.OF,国泰上证180金融ETF,2020-12-28,1.1382,1.1382,1.1382,1.1382,0.0026,0,0
510230.OF,国泰上证180金融ETF,2020-12-29,1.1415,1.1415,1.1415,1.1415,0.0029,0,0
510230.OF,国泰上证180金融ETF,2020-12-30,1.1498,1.1498,1.1498,1.1498,0.0073,0,0
510230.OF,国泰上证180金融ETF,2020-12-31,1.1751,1.1751,1.1751,1.1751,0.022,0,0
510230.OF,国泰上证180金融ETF,2021-01-04,1.1624,1.1624,1.1624,1.1624,-0.0108,0,0
510230.OF,国泰上证180金融ETF,2021-01-05,1.1514,1.1514,1.1514,1.1514,-0.0095,0,0
510230.OF,国泰上证180金融ETF,2021-01-06,1.1684,1.1684,1.1684,1.1684,0.0148,0,0
510230.OF,国泰上证180金融ETF,2021-01-07,1.1806,1.1806,1.1806,1.1806,0.0104,0,0
510230.OF,国泰上证180金融ETF,2021-01-08,1.1817,1.1817,1.1817,1.1817,0.0009,0,0
510230.OF,国泰上证180金融ETF,2021-01-11,1.1759,1.1759,1.1759,1.1759,-0.0049,0,0
510230.OF,国泰上证180金融ETF,2021-01-12,1.2159,1.2159,1.2159,1.2159,0.034,0,0
510230.OF,国泰上证180金融ETF,2021-01-13,1.2055,1.2055,1.2055,1.2055,-0.0086,0,0
510230.OF,国泰上证180金融ETF,2021-01-14,1.1935,1.1935,1.1935,1.1935,-0.01,0,0
510230.OF,国泰上证180金融ETF,2021-01-15,1.216,1.216,1.216,1.216,0.0189,0,0
510230.OF,国泰上证180金融ETF,2021-01-18,1.2282,1.2282,1.2282,1.2282,0.01,0,0
510230.OF,国泰上证180金融ETF,2021-01-19,1.2303,1.2303,1.2303,1.2303,0.0017,0,0
510230.OF,国泰上证180金融ETF,2021-01-20,1.2173,1.2173,1.2173,1.2173,-0.0106,0,0
510230.OF,国泰上证180金融ETF,2021-01-21,1.2224,1.2224,1.2224,1.2224,0.0042,0,0
510230.OF,国泰上证180金融ETF,2021-01-22,1.1982,1.1982,1.1982,1.1982,-0.0198,0,0
510230.OF,国泰上证180金融ETF,2021-01-25,1.2002,1.2002,1.2002,1.2002,0.0017,0,0
510230.OF,国泰上证180金融ETF,2021-01-26,1.1797,1.1797,1.1797,1.1797,-0.0171,0,0
510230.OF,国泰上证180金融ETF,2021-01-27,1.1863,1.1863,1.1863,1.1863,0.0056,0,0
510230.OF,国泰上证180金融ETF,2021-01-28,1.1746,1.1746,1.1746,1.1746,-0.0099,0,0
510230.OF,国泰上证180金融ETF,2021-01-29,1.1665,1.1665,1.1665,1.1665,-0.0069,0,0
510230.OF,国泰上证180金融ETF,2021-02-01,1.1785,1.1785,1.1785,1.1785,0.0103,0,0
510230.OF,国泰上证180金融ETF,2021-02-02,1.1702,1.1702,1.1702,1.1702,-0.007,0,0
510230.OF,国泰上证180金融ETF,2021-02-03,1.1734,1.1734,1.1734,1.1734,0.0027,0,0
510230.OF,国泰上证180金融ETF,2021-02-04,1.1732,1.1732,1.1732,1.1732,-0.0002,0,0
510230.OF,国泰上证180金融ETF,2021-02-05,1.1904,1.1904,1.1904,1.1904,0.0147,0,0
510230.OF,国泰上证180金融ETF,2021-02-08,1.1917,1.1917,1.1917,1.1917,0.0011,0,0
510230.OF,国泰上证180金融ETF,2021-02-09,1.1984,1.1984,1.1984,1.1984,0.0056,0,0
510230.OF,国泰上证180金融ETF,2021-02-10,1.1992,1.1992,1.1992,1.1992,0.0007,0,0
510230.OF,国泰上证180金融ETF,2021-02-18,1.2218,1.2218,1.2218,1.2218,0.0188,0,0
510230.OF,国泰上证180金融ETF,2021-02-19,1.2314,1.2314,1.2314,1.2314,0.0079,0,0
510230.OF,国泰上证180金融ETF,2021-02-22,1.2144,1.2144,1.2144,1.2144,-0.0138,0,0
510230.OF,国泰上证180金融ETF,2021-02-23,1.2251,1.2251,1.2251,1.2251,0.0088,0,0
510230.OF,国泰上证180金融ETF,2021-02-24,1.2077,1.2077,1.2077,1.2077,-0.0142,0,0
510230.OF,国泰上证180金融ETF,2021-02-25,1.2314,1.2314,1.2314,1.2314,0.0196,0,0
510230.OF,国泰上证180金融ETF,2021-02-26,1.1946,1.1946,1.1946,1.1946,-0.0299,0,0
510230.OF,国泰上证180金融ETF,2021-03-01,1.1861,1.1861,1.1861,1.1861,-0.0071,0,0
510230.OF,国泰上证180金融ETF,2021-03-02,1.1741,1.1741,1.1741,1.1741,-0.0101,0,0
510230.OF,国泰上证180金融ETF,2021-03-03,1.2157,1.2157,1.2157,1.2157,0.0354,0,0
510230.OF,国泰上证180金融ETF,2021-03-04,1.2048,1.2048,1.2048,1.2048,-0.009,0,0
510230.OF,国泰上证180金融ETF,2021-03-05,1.2011,1.2011,1.2011,1.2011,-0.0031,0,0
510230.OF,国泰上证180金融ETF,2021-03-08,1.1864,1.1864,1.1864,1.1864,-0.0122,0,0
510230.OF,国泰上证180金融ETF,2021-03-09,1.1658,1.1658,1.1658,1.1658,-0.0174,0,0
510230.OF,国泰上证180金融ETF,2021-03-10,1.1601,1.1601,1.1601,1.1601,-0.0049,0,0
510230.OF,国泰上证180金融ETF,2021-03-11,1.1922,1.1922,1.1922,1.1922,0.0277,0,0
510230.OF,国泰上证180金融ETF,2021-03-12,1.1978,1.1978,1.1978,1.1978,0.0047,0,0
510230.OF,国泰上证180金融ETF,2021-03-15,1.1943,1.1943,1.1943,1.1943,-0.0029,0,0
510230.OF,国泰上证180金融ETF,2021-03-16,1.2061,1.2061,1.2061,1.2061,0.0099,0,0
510230.OF,国泰上证180金融ETF,2021-03-17,1.1896,1.1896,1.1896,1.1896,-0.0137,0,0
510230.OF,国泰上证180金融ETF,2021-03-18,1.1872,1.1872,1.1872,1.1872,-0.002,0,0
510230.OF,国泰上证180金融ETF,2021-03-19,1.1609,1.1609,1.1609,1.1609,-0.0222,0,0
510230.OF,国泰上证180金融ETF,2021-03-22,1.1792,1.1792,1.1792,1.1792,0.0158,0,0
510230.OF,国泰上证180金融ETF,2021-03-23,1.1807,1.1807,1.1807,1.1807,0.0013,0,0
510230.OF,国泰上证180金融ETF,2021-03-24,1.1683,1.1683,1.1683,1.1683,-0.0105,0,0
510230.OF,国泰上证180金融ETF,2021-03-25,1.1588,1.1588,1.1588,1.1588,-0.0081,0,0
510230.OF,国泰上证180金融ETF,2021-03-26,1.1684,1.1684,1.1684,1.1684,0.0083,0,0
510230.OF,国泰上证180金融ETF,2021-03-29,1.1684,1.1684,1.1684,1.1684,0.0,0,0
510230.OF,国泰上证180金融ETF,2021-03-30,1.1728,1.1728,1.1728,1.1728,0.0038,0,0
510230.OF,国泰上证180金融ETF,2021-03-31,1.1681,1.1681,1.1681,1.1681,-0.004,0,0
510230.OF,国泰上证180金融ETF,2021-04-01,1.1689,1.1689,1.1689,1.1689,0.0007,0,0
510230.OF,国泰上证180金融ETF,2021-04-02,1.1604,1.1604,1.1604,1.1604,-0.0073,0,0
510230.OF,国泰上证180金融ETF,2021-04-06,1.1618,1.1618,1.1618,1.1618,0.0012,0,0
510230.OF,国泰上证180金融ETF,2021-04-07,1.1556,1.1556,1.1556,1.1556,-0.0053,0,0
510230.OF,国泰上证180金融ETF,2021-04-08,1.1566,1.1566,1.1566,1.1566,0.0009,0,0
510230.OF,国泰上证180金融ETF,2021-04-09,1.1463,1.1463,1.1463,1.1463,-0.0089,0,0
510230.OF,国泰上证180金融ETF,2021-04-12,1.14,1.14,1.14,1.14,-0.0055,0,0
510230.OF,国泰上证180金融ETF,2021-04-13,1.1354,1.1354,1.1354,1.1354,-0.004,0,0
510230.OF,国泰上证180金融ETF,2021-04-14,1.1295,1.1295,1.1295,1.1295,-0.0052,0,0
510230.OF,国泰上证180金融ETF,2021-04-15,1.1166,1.1166,1.1166,1.1166,-0.0114,0,0
510230.OF,国泰上证180金融ETF,2021-04-16,1.1221,1.1221,1.1221,1.1221,0.0049,0,0
510230.OF,国泰上证180金融ETF,2021-04-19,1.1393,1.1393,1.1393,1.1393,0.0153,0,0
510230.OF,国泰上证180金融ETF,2021-04-20,1.1367,1.1367,1.1367,1.1367,-0.0023,0,0
510230.OF,国泰上证180金融ETF,2021-04-21,1.1423,1.1423,1.1423,1.1423,0.0049,0,0
510230.OF,国泰上证180金融ETF,2021-04-22,1.1371,1.1371,1.1371,1.1371,-0.0046,0,0
510230.OF,国泰上证180金融ETF,2021-04-23,1.1386,1.1386,1.1386,1.1386,0.0013,0,0
510230.OF,国泰上证180金融ETF,2021-04-26,1.1202,1.1202,1.1202,1.1202,-0.0162,0,0
510230.OF,国泰上证180金融ETF,2021-04-27,1.1208,1.1208,1.1208,1.1208,0.0005,0,0
510230.OF,国泰上证180金融ETF,2021-04-28,1.117,1.117,1.117,1.117,-0.0034,0,0
510230.OF,国泰上证180金融ETF,2021-04-29,1.142,1.142,1.142,1.142,0.0224,0,0
510230.OF,国泰上证180金融ETF,2021-04-30,1.1234,1.1234,1.1234,1.1234,-0.0163,0,0
510230.OF,国泰上证180金融ETF,2021-05-06,1.1244,1.1244,1.1244,1.1244,0.0009,0,0
510230.OF,国泰上证180金融ETF,2021-05-07,1.1248,1.1248,1.1248,1.1248,0.0004,0,0
510230.OF,国泰上证180金融ETF,2021-05-10,1.1188,1.1188,1.1188,1.1188,-0.0053,0,0
510230.OF,国泰上证180金融ETF,2021-05-11,1.1259,1.1259,1.1259,1.1259,0.0063,0,0
510230.OF,国泰上证180金融ETF,2021-05-12,1.1271,1.1271,1.1271,1.1271,0.0011,0,0
510230.OF,国泰上证180金融ETF,2021-05-13,1.1207,1.1207,1.1207,1.1207,-0.0057,0,0
510230.OF,国泰上证180金融ETF,2021-05-14,1.1586,1.1586,1.1586,1.1586,0.0338,0,0
510230.OF,国泰上证180金融ETF,2021-05-17,1.1524,1.1524,1.1524,1.1524,-0.0054,0,0
510230.OF,国泰上证180金融ETF,2021-05-18,1.1527,1.1527,1.1527,1.1527,0.0003,0,0
510230.OF,国泰上证180金融ETF,2021-05-19,1.1381,1.1381,1.1381,1.1381,-0.0127,0,0
510230.OF,国泰上证180金融ETF,2021-05-20,1.1506,1.1506,1.1506,1.1506,0.011,0,0
510230.OF,国泰上证180金融ETF,2021-05-21,1.1338,1.1338,1.1338,1.1338,-0.0146,0,0
510230.OF,国泰上证180金融ETF,2021-05-24,1.1408,1.1408,1.1408,1.1408,0.0062,0,0
510230.OF,国泰上证180金融ETF,2021-05-25,1.1856,1.1856,1.1856,1.1856,0.0393,0,0
510230.OF,国泰上证180金融ETF,2021-05-26,1.1921,1.1921,1.1921,1.1921,0.0055,0,0
510230.OF,国泰上证180金融ETF,2021-05-27,1.1874,1.1874,1.1874,1.1874,-0.0039,0,0
510230.OF,国泰上证180金融ETF,2021-05-28,1.1974,1.1974,1.1974,1.1974,0.0084,0,0
510230.OF,国泰上证180金融ETF,2021-05-31,1.191,1.191,1.191,1.191,-0.0053,0,0
510230.OF,国泰上证180金融ETF,2021-06-01,1.1754,1.1754,1.1754,1.1754,-0.0131,0,0
510230.OF,国泰上证180金融ETF,2021-06-02,1.1701,1.1701,1.1701,1.1701,-0.0045,0,0
510230.OF,国泰上证180金融ETF,2021-06-03,1.1621,1.1621,1.1621,1.1621,-0.0068,0,0
510230.OF,国泰上证180金融ETF,2021-06-04,1.1732,1.1732,1.1732,1.1732,0.0096,0,0
510230.OF,国泰上证180金融ETF,2021-06-07,1.1709,1.1709,1.1709,1.1709,-0.002,0,0
510230.OF,国泰上证180金融ETF,2021-06-08,1.1723,1.1723,1.1723,1.1723,0.0012,0,0
510230.OF,国泰上证180金融ETF,2021-06-09,1.1655,1.1655,1.1655,1.1655,-0.0058,0,0
510230.OF,国泰上证180金融ETF,2021-06-10,1.1627,1.1627,1.1627,1.1627,-0.0024,0,0
510230.OF,国泰上证180金融ETF,2021-06-11,1.149,1.149,1.149,1.149,-0.0118,0,0
510230.OF,国泰上证180金融ETF,2021-06-15,1.1263,1.1263,1.1263,1.1263,-0.0198,0,0
510230.OF,国泰上证180金融ETF,2021-06-16,1.1314,1.1314,1.1314,1.1314,0.0045,0,0
510230.OF,国泰上证180金融ETF,2021-06-17,1.1256,1.1256,1.1256,1.1256,-0.0051,0,0
510230.OF,国泰上证180金融ETF,2021-06-18,1.1198,1.1198,1.1198,1.1198,-0.0052,0,0
510230.OF,国泰上证180金融ETF,2021-06-21,1.1092,1.1092,1.1092,1.1092,-0.0095,0,0
510230.OF,国泰上证180金融ETF,2021-06-22,1.1182,1.1182,1.1182,1.1182,0.0081,0,0
510230.OF,国泰上证180金融ETF,2021-06-23,1.1199,1.1199,1.1199,1.1199,0.0015,0,0
510230.OF,国泰上证180金融ETF,2021-06-24,1.1265,1.1265,1.1265,1.1265,0.0059,0,0
510230.OF,国泰上证180金融ETF,2021-06-25,1.1449,1.1449,1.1449,1.1449,0.0163,0,0
510230.OF,国泰上证180金融ETF,2021-06-28,1.1268,1.1268,1.1268,1.1268,-0.0158,0,0
510230.OF,国泰上证180金融ETF,2021-06-29,1.1163,1.1163,1.1163,1.1163,-0.0093,0,0
510230.OF,国泰上证180金融ETF,2021-06-30,1.1238,1.1238,1.1238,1.1238,0.0067,0,0
510230.OF,国泰上证180金融ETF,2021-07-01,1.1299,1.1299,1.1299,1.1299,0.0054,0,0
510230.OF,国泰上证180金融ETF,2021-07-02,1.1003,1.1003,1.1003,1.1003,-0.0262,0,0
510230.OF,国泰上证180金融ETF,2021-07-05,1.0997,1.0997,1.0997,1.0997,-0.0005,0,0
510230.OF,国泰上证180金融ETF,2021-07-06,1.1106,1.1106,1.1106,1.1106,0.0099,0,0
510230.OF,国泰上证180金融ETF,2021-07-07,1.1077,1.1077,1.1077,1.1077,-0.0026,0,0
510230.OF,国泰上证180金融ETF,2021-07-08,1.0843,1.0843,1.0843,1.0843,-0.0211,0,0
510230.OF,国泰上证180金融ETF,2021-07-09,1.0769,1.0769,1.0769,1.0769,-0.0068,0,0
510230.OF,国泰上证180金融ETF,2021-07-12,1.079,1.079,1.079,1.079,0.002,0,0
510230.OF,国泰上证180金融ETF,2021-07-13,1.0829,1.0829,1.0829,1.0829,0.0036,0,0
510230.OF,国泰上证180金融ETF,2021-07-14,1.0627,1.0627,1.0627,1.0627,-0.0187,0,0
510230.OF,国泰上证180金融ETF,2021-07-15,1.0891,1.0891,1.0891,1.0891,0.0248,0,0
510230.OF,国泰上证180金融ETF,2021-07-16,1.0867,1.0867,1.0867,1.0867,-0.0022,0,0
510230.OF,国泰上证180金融ETF,2021-07-19,1.0844,1.0844,1.0844,1.0844,-0.0021,0,0
510230.OF,国泰上证180金融ETF,2021-07-20,1.0736,1.0736,1.0736,1.0736,-0.01,0,0
510230.OF,国泰上证180金融ETF,2021-07-21,1.0722,1.0722,1.0722,1.0722,-0.0013,0,0
510230.OF,国泰上证180金融ETF,2021-07-22,1.0851,1.0851,1.0851,1.0851,0.012,0,0
510230.OF,国泰上证180金融ETF,2021-07-23,1.085,1.085,1.085,1.085,-0.0001,0,0
510230.OF,国泰上证180金融ETF,2021-07-26,1.0466,1.0466,1.0466,1.0466,-0.0354,0,0
510230.OF,国泰上证180金融ETF,2021-07-27,1.0179,1.0179,1.0179,1.0179,-0.0274,0,0
510230.OF,国泰上证180金融ETF,2021-07-28,1.0234,1.0234,1.0234,1.0234,0.0054,0,0
510230.OF,国泰上证180金融ETF,2021-07-29,1.0217,1.0217,1.0217,1.0217,-0.0017,0,0
510230.OF,国泰上证180金融ETF,2021-07-30,1.0087,1.0087,1.0087,1.0087,-0.0127,0,0
510230.OF,国泰上证180金融ETF,2021-08-02,1.0281,1.0281,1.0281,1.0281,0.0192,0,0
510230.OF,国泰上证180金融ETF,2021-08-03,1.0272,1.0272,1.0272,1.0272,-0.0009,0,0
510230.OF,国泰上证180金融ETF,2021-08-04,1.0201,1.0201,1.0201,1.0201,-0.0069,0,0
510230.OF,国泰上证180金融ETF,2021-08-05,1.0158,1.0158,1.0158,1.0158,-0.0042,0,0
510230.OF,国泰上证180金融ETF,2021-08-06,1.0182,1.0182,1.0182,1.0182,0.0024,0,0
510230.OF,国泰上证180金融ETF,2021-08-09,1.0417,1.0417,1.0417,1.0417,0.0231,0,0
510230.OF,国泰上证180金融ETF,2021-08-10,1.0589,1.0589,1.0589,1.0589,0.0165,0,0
510230.OF,国泰上证180金融ETF,2021-08-11,1.063,1.063,1.063,1.063,0.0039,0,0
510230.OF,国泰上证180金融ETF,2021-08-12,1.056,1.056,1.056,1.056,-0.0066,0,0
510230.OF,国泰上证180金融ETF,2021-08-13,1.0554,1.0554,1.0554,1.0554,-0.0006,0,0
510230.OF,国泰上证180金融ETF,2021-08-16,1.0603,1.0603,1.0603,1.0603,0.0046,0,0
510230.OF,国泰上证180金融ETF,2021-08-17,1.0505,1.0505,1.0505,1.0505,-0.0092,0,0
510230.OF,国泰上证180金融ETF,2021-08-18,1.0975,1.0975,1.0975,1.0975,0.0447,0,0
510230.OF,国泰上证180金融ETF,2021-08-19,1.0727,1.0727,1.0727,1.0727,-0.0226,0,0
510230.OF,国泰上证180金融ETF,2021-08-20,1.0687,1.0687,1.0687,1.0687,-0.0037,0,0
510230.OF,国泰上证180金融ETF,2021-08-23,1.07,1.07,1.07,1.07,0.0012,0,0
510230.OF,国泰上证180金融ETF,2021-08-24,1.0795,1.0795,1.0795,1.0795,0.0089,0,0
510230.OF,国泰上证180金融ETF,2021-08-25,1.0669,1.0669,1.0669,1.0669,-0.0117,0,0
510230.OF,国泰上证180金融ETF,2021-08-26,1.0496,1.0496,1.0496,1.0496,-0.0162,0,0
510230.OF,国泰上证180金融ETF,2021-08-27,1.0564,1.0564,1.0564,1.0564,0.0065,0,0
510230.OF,国泰上证180金融ETF,2021-08-30,1.0389,1.0389,1.0389,1.0389,-0.0166,0,0
510230.OF,国泰上证180金融ETF,2021-08-31,1.0534,1.0534,1.0534,1.0534,0.014,0,0
510230.OF,国泰上证180金融ETF,2021-09-01,1.0872,1.0872,1.0872,1.0872,0.0321,0,0
510230.OF,国泰上证180金融ETF,2021-09-02,1.0971,1.0971,1.0971,1.0971,0.0091,0,0
510230.OF,国泰上证180金融ETF,2021-09-03,1.0961,1.0961,1.0961,1.0961,-0.0009,0,0
510230.OF,国泰上证180金融ETF,2021-09-06,1.1012,1.1012,1.1012,1.1012,0.0047,0,0
510230.OF,国泰上证180金融ETF,2021-09-07,1.1217,1.1217,1.1217,1.1217,0.0186,0,0
510230.OF,国泰上证180金融ETF,2021-09-08,1.118,1.118,1.118,1.118,-0.0033,0,0
510230.OF,国泰上证180金融ETF,2021-09-09,1.1084,1.1084,1.1084,1.1084,-0.0086,0,0
510230.OF,国泰上证180金融ETF,2021-09-10,1.1239,1.1239,1.1239,1.1239,0.014,0,0
510230.OF,国泰上证180金融ETF,2021-09-13,1.1226,1.1226,1.1226,1.1226,-0.0012,0,0
510230.OF,国泰上证180金融ETF,2021-09-14,1.0909,1.0909,1.0909,1.0909,-0.0282,0,0
510230.OF,国泰上证180金融ETF,2021-09-15,1.0835,1.0835,1.0835,1.0835,-0.0068,0,0
510230.OF,国泰上证180金融ETF,2021-09-16,1.0714,1.0714,1.0714,1.0714,-0.0112,0,0
510230.OF,国泰上证180金融ETF,2021-09-17,1.0751,1.0751,1.0751,1.0751,0.0035,0,0
510230.OF,国泰上证180金融ETF,2021-09-22,1.0561,1.0561,1.0561,1.0561,-0.0177,0,0
510230.OF,国泰上证180金融ETF,2021-09-23,1.0625,1.0625,1.0625,1.0625,0.0061,0,0
510230.OF,国泰上证180金融ETF,2021-09-24,1.0536,1.0536,1.0536,1.0536,-0.0084,0,0
510230.OF,国泰上证180金融ETF,2021-09-27,1.0505,1.0505,1.0505,1.0505,-0.0029,0,0
510230.OF,国泰上证180金融ETF,2021-09-28,1.0645,1.0645,1.0645,1.0645,0.0133,0,0
510230.OF,国泰上证180金融ETF,2021-09-29,1.0652,1.0652,1.0652,1.0652,0.0007,0,0
510230.OF,国泰上证180金融ETF,2021-09-30,1.0534,1.0534,1.0534,1.0534,-0.0111,0,0
510230.OF,国泰上证180金融ETF,2021-10-08,1.0773,1.0773,1.0773,1.0773,0.0227,0,0
510230.OF,国泰上证180金融ETF,2021-10-11,1.0908,1.0908,1.0908,1.0908,0.0125,0,0
510230.OF,国泰上证180金融ETF,2021-10-12,1.0805,1.0805,1.0805,1.0805,-0.0094,0,0
510230.OF,国泰上证180金融ETF,2021-10-13,1.0763,1.0763,1.0763,1.0763,-0.0039,0,0
510230.OF,国泰上证180金融ETF,2021-10-14,1.0703,1.0703,1.0703,1.0703,-0.0056,0,0
510230.OF,国泰上证180金融ETF,2021-10-15,1.073,1.073,1.073,1.073,0.0025,0,0
510230.OF,国泰上证180金融ETF,2021-10-18,1.0652,1.0652,1.0652,1.0652,-0.0073,0,0
510230.OF,国泰上证180金融ETF,2021-10-19,1.0767,1.0767,1.0767,1.0767,0.0108,0,0
510230.OF,国泰上证180金融ETF,2021-10-20,1.0718,1.0718,1.0718,1.0718,-0.0046,0,0
510230.OF,国泰上证180金融ETF,2021-10-21,1.093,1.093,1.093,1.093,0.0198,0,0
510230.OF,国泰上证180金融ETF,2021-10-22,1.0963,1.0963,1.0963,1.0963,0.003,0,0
510230.OF,国泰上证180金融ETF,2021-10-25,1.0992,1.0992,1.0992,1.0992,0.0026,0,0
510230.OF,国泰上证180金融ETF,2021-10-26,1.0915,1.0915,1.0915,1.0915,-0.007,0,0
510230.OF,国泰上证180金融ETF,2021-10-27,1.0769,1.0769,1.0769,1.0769,-0.0134,0,0
510230.OF,国泰上证180金融ETF,2021-10-28,1.071,1.071,1.071,1.071,-0.0055,0,0
510230.OF,国泰上证180金融ETF,2021-10-29,1.0628,1.0628,1.0628,1.0628,-0.0077,0,0
510230.OF,国泰上证180金融ETF,2021-11-01,1.0739,1.0739,1.0739,1.0739,0.0104,0,0
510230.OF,国泰上证180金融ETF,2021-11-02,1.0508,1.0508,1.0508,1.0508,-0.0215,0,0
510230.OF,国泰上证180金融ETF,2021-11-03,1.0499,1.0499,1.0499,1.0499,-0.0009,0,0
510230.OF,国泰上证180金融ETF,2021-11-04,1.0468,1.0468,1.0468,1.0468,-0.003,0,0
510230.OF,国泰上证180金融ETF,2021-11-05,1.0443,1.0443,1.0443,1.0443,-0.0024,0,0
510230.OF,国泰上证180金融ETF,2021-11-08,1.0459,1.0459,1.0459,1.0459,0.0015,0,0
510230.OF,国泰上证180金融ETF,2021-11-09,1.046,1.046,1.046,1.046,0.0001,0,0
510230.OF,国泰上证180金融ETF,2021-11-10,1.0395,1.0395,1.0395,1.0395,-0.0062,0,0
510230.OF,国泰上证180金融ETF,2021-11-11,1.068,1.068,1.068,1.068,0.0274,0,0
510230.OF,国泰上证180金融ETF,2021-11-12,1.0623,1.0623,1.0623,1.0623,-0.0053,0,0
510230.OF,国泰上证180金融ETF,2021-11-15,1.0636,1.0636,1.0636,1.0636,0.0012,0,0
510230.OF,国泰上证180金融ETF,2021-11-16,1.0545,1.0545,1.0545,1.0545,-0.0086,0,0
510230.OF,国泰上证180金融ETF,2021-11-17,1.0486,1.0486,1.0486,1.0486,-0.0056,0,0
510230.OF,国泰上证180金融ETF,2021-11-18,1.0402,1.0402,1.0402,1.0402,-0.008,0,0
510230.OF,国泰上证180金融ETF,2021-11-19,1.0536,1.0536,1.0536,1.0536,0.0129,0,0
510230.OF,国泰上证180金融ETF,2021-11-22,1.0477,1.0477,1.0477,1.0477,-0.0056,0,0
510230.OF,国泰上证180金融ETF,2021-11-23,1.0489,1.0489,1.0489,1.0489,0.0011,0,0
510230.OF,国泰上证180金融ETF,2021-11-24,1.05,1.05,1.05,1.05,0.001,0,0
510230.OF,国泰上证180金融ETF,2021-11-25,1.0458,1.0458,1.0458,1.0458,-0.004,0,0
510230.OF,国泰上证180金融ETF,2021-11-26,1.0343,1.0343,1.0343,1.0343,-0.011,0,0
510230.OF,国泰上证180金融ETF,2021-11-29,1.028,1.028,1.028,1.028,-0.0061,0,0
510230.OF,国泰上证180金融ETF,2021-11-30,1.0252,1.0252,1.0252,1.0252,-0.0027,0,0
510230.OF,国泰上证180金融ETF,2021-12-01,1.0366,1.0366,1.0366,1.0366,0.0111,0,0
510230.OF,国泰上证180金融ETF,2021-12-02,1.0432,1.0432,1.0432,1.0432,0.0064,0,0
510230.OF,国泰上证180金融ETF,2021-12-03,1.0471,1.0471,1.0471,1.0471,0.0037,0,0
510230.OF,国泰上证180金融ETF,2021-12-06,1.0561,1.0561,1.0561,1.0561,0.0086,0,0
510230.OF,国泰上证180金融ETF,2021-12-07,1.0671,1.0671,1.0671,1.0671,0.0104,0,0
510230.OF,国泰上证180金融ETF,2021-12-08,1.0706,1.0706,1.0706,1.0706,0.0033,0,0
510230.OF,国泰上证180金融ETF,2021-12-09,1.0853,1.0853,1.0853,1.0853,0.0137,0,0
510230.OF,国泰上证180金融ETF,2021-12-10,1.0797,1.0797,1.0797,1.0797,-0.0052,0,0
510230.OF,国泰上证180金融ETF,2021-12-13,1.0757,1.0757,1.0757,1.0757,-0.0037,0,0
510230.OF,国泰上证180金融ETF,2021-12-14,1.0646,1.0646,1.0646,1.0646,-0.0103,0,0
510230.OF,国泰上证180金融ETF,2021-12-15,1.0638,1.0638,1.0638,1.0638,-0.0008,0,0
510230.OF,国泰上证180金融ETF,2021-12-16,1.0714,1.0714,1.0714,1.0714,0.0071,0,0
510230.OF,国泰上证180金融ETF,2021-12-17,1.063,1.063,1.063,1.063,-0.0078,0,0
510230.OF,国泰上证180金融ETF,2021-12-20,1.0564,1.0564,1.0564,1.0564,-0.0062,0,0
510230.OF,国泰上证180金融ETF,2021-12-21,1.0643,1.0643,1.0643,1.0643,0.0075,0,0
510230.OF,国泰上证180金融ETF,2021-12-22,1.055,1.055,1.055,1.055,-0.0087,0,0
510230.OF,国泰上证180金融ETF,2021-12-23,1.0557,1.0557,1.0557,1.0557,0.0007,0,0
510230.OF,国泰上证180金融ETF,2021-12-24,1.0494,1.0494,1.0494,1.0494,-0.006,0,0
510230.OF,国泰上证180金融ETF,2021-12-27,1.0489,1.0489,1.0489,1.0489,-0.0005,0,0
510230.OF,国泰上证180金融ETF,2021-12-28,1.0563,1.0563,1.0563,1.0563,0.0071,0,0
510230.OF,国泰上证180金融ETF,2021-12-29,1.046,1.046,1.046,1.046,-0.0098,0,0
510230.OF,国泰上证180金融ETF,2021-12-30,1.0528,1.0528,1.0528,1.0528,0.0065,0,0
510230.OF,国泰上证180金融ETF,2021-12-31,1.0532,1.0532,1.0532,1.0532,0.0004,0,0
510230.OF,国泰上证180金融ETF,2022-01-04,1.0567,1.0567,1.0567,1.0567,0.0033,0,0
510230.OF,国泰上证180金融ETF,2022-01-05,1.0675,1.0675,1.0675,1.0675,0.0102,0,0
510230.OF,国泰上证180金融ETF,2022-01-06,1.0549,1.0549,1.0549,1.0549,-0.0118,0,0
510230.OF,国泰上证180金融ETF,2022-01-07,1.0714,1.0714,1.0714,1.0714,0.0156,0,0
510230.OF,国泰上证180金融ETF,2022-01-10,1.075,1.075,1.075,1.075,0.0034,0,0
510230.OF,国泰上证180金融ETF,2022-01-11,1.082,1.082,1.082,1.082,0.0065,0,0
510230.OF,国泰上证180金融ETF,2022-01-12,1.0806,1.0806,1.0806,1.0806,-0.0013,0,0
510230.OF,国泰上证180金融ETF,2022-01-13,1.0793,1.0793,1.0793,1.0793,-0.0012,0,0
510230.OF,国泰上证180金融ETF,2022-01-14,1.0538,1.0538,1.0538,1.0538,-0.0236,0,0
510230.OF,国泰上证180金融ETF,2022-01-17,1.0558,1.0558,1.0558,1.0558,0.0019,0,0
510230.OF,国泰上证180金融ETF,2022-01-18,1.0675,1.0675,1.0675,1.0675,0.0111,0,0
510230.OF,国泰上证180金融ETF,2022-01-19,1.0733,1.0733,1.0733,1.0733,0.0054,0,0
510230.OF,国泰上证180金融ETF,2022-01-20,1.097,1.097,1.097,1.097,0.0221,0,0
510230.OF,国泰上证180金融ETF,2022-01-21,1.0924,1.0924,1.0924,1.0924,-0.0042,0,0
510230.OF,国泰上证180金融ETF,2022-01-24,1.0895,1.0895,1.0895,1.0895,-0.0027,0,0
510230.OF,国泰上证180金融ETF,2022-01-25,1.0655,1.0655,1.0655,1.0655,-0.022,0,0
510230.OF,国泰上证180金融ETF,2022-01-26,1.0736,1.0736,1.0736,1.0736,0.0076,0,0
510230.OF,国泰上证180金融ETF,2022-01-27,1.0611,1.0611,1.0611,1.0611,-0.0116,0,0
510230.OF,国泰上证180金融ETF,2022-01-28,1.0471,1.0471,1.0471,1.0471,-0.0132,0,0
510230.OF,国泰上证180金融ETF,2022-02-07,1.0761,1.0761,1.0761,1.0761,0.0277,0,0
510230.OF,国泰上证180金融ETF,2022-02-08,1.0931,1.0931,1.0931,1.0931,0.0158,0,0
510230.OF,国泰上证180金融ETF,2022-02-09,1.0908,1.0908,1.0908,1.0908,-0.0021,0,0
510230.OF,国泰上证180金融ETF,2022-02-10,1.1009,1.1009,1.1009,1.1009,0.0093,0,0
510230.OF,国泰上证180金融ETF,2022-02-11,1.1149,1.1149,1.1149,1.1149,0.0127,0,0
510230.OF,国泰上证180金融ETF,2022-02-14,1.0853,1.0853,1.0853,1.0853,-0.0265,0,0
510230.OF,国泰上证180金融ETF,2022-02-15,1.0759,1.0759,1.0759,1.0759,-0.0087,0,0
510230.OF,国泰上证180金融ETF,2022-02-16,1.084,1.084,1.084,1.084,0.0075,0,0
510230.OF,国泰上证180金融ETF,2022-02-17,1.082,1.082,1.082,1.082,-0.0018,0,0
510230.OF,国泰上证180金融ETF,2022-02-18,1.0946,1.0946,1.0946,1.0946,0.0116,0,0
510230.OF,国泰上证180金融ETF,2022-02-21,1.0912,1.0912,1.0912,1.0912,-0.0031,0,0
510230.OF,国泰上证180金融ETF,2022-02-22,1.0793,1.0793,1.0793,1.0793,-0.0109,0,0
510230.OF,国泰上证180金融ETF,2022-02-23,1.076,1.076,1.076,1.076,-0.0031,0,0
510230.OF,国泰上证180金融ETF,2022-02-24,1.0533,1.0533,1.0533,1.0533,-0.0211,0,0
510230.OF,国泰上证180金融ETF,2022-02-25,1.0498,1.0498,1.0498,1.0498,-0.0033,0,0
510230.OF,国泰上证180金融ETF,2022-02-28,1.0461,1.0461,1.0461,1.0461,-0.0035,0,0
510230.OF,国泰上证180金融ETF,2022-03-01,1.0552,1.0552,1.0552,1.0552,0.0087,0,0
510230.OF,国泰上证180金融ETF,2022-03-02,1.0489,1.0489,1.0489,1.0489,-0.006,0,0
510230.OF,国泰上证180金融ETF,2022-03-03,1.0538,1.0538,1.0538,1.0538,0.0047,0,0
510230.OF,国泰上证180金融ETF,2022-03-04,1.0417,1.0417,1.0417,1.0417,-0.0115,0,0
510230.OF,国泰上证180金融ETF,2022-03-07,1.0185,1.0185,1.0185,1.0185,-0.0223,0,0
510230.OF,国泰上证180金融ETF,2022-03-08,0.9941,0.9941,0.9941,0.9941,-0.024,0,0
510230.OF,国泰上证180金融ETF,2022-03-09,0.975,0.975,0.975,0.975,-0.0192,0,0
510230.OF,国泰上证180金融ETF,2022-03-10,0.9767,0.9767,0.9767,0.9767,0.0017,0,0
510230.OF,国泰上证180金融ETF,2022-03-11,0.9862,0.9862,0.9862,0.9862,0.0097,0,0
510230.OF,国泰上证180金融ETF,2022-03-14,0.9647,0.9647,0.9647,0.9647,-0.0218,0,0
510230.OF,国泰上证180金融ETF,2022-03-15,0.919,0.919,0.919,0.919,-0.0474,0,0
510230.OF,国泰上证180金融ETF,2022-03-16,0.959,0.959,0.959,0.959,0.0435,0,0
510230.OF,国泰上证180金融ETF,2022-03-17,0.9672,0.9672,0.9672,0.9672,0.0086,0,0
510230.OF,国泰上证180金融ETF,2022-03-18,0.993,0.993,0.993,0.993,0.0267,0,0
510230.OF,国泰上证180金融ETF,2022-03-21,0.9766,0.9766,0.9766,0.9766,-0.0165,0,0
510230.OF,国泰上证180金融ETF,2022-03-22,0.9891,0.9891,0.9891,0.9891,0.0128,0,0
510230.OF,国泰上证180金融ETF,2022-03-23,0.9843,0.9843,0.9843,0.9843,-0.0049,0,0
510230.OF,国泰上证180金融ETF,2022-03-24,0.9833,0.9833,0.9833,0.9833,-0.001,0,0
510230.OF,国泰上证180金融ETF,2022-03-25,0.9783,0.9783,0.9783,0.9783,-0.0051,0,0
510230.OF,国泰上证180金融ETF,2022-03-28,0.9816,0.9816,0.9816,0.9816,0.0034,0,0
510230.OF,国泰上证180金融ETF,2022-03-29,0.9774,0.9774,0.9774,0.9774,-0.0043,0,0
510230.OF,国泰上证180金融ETF,2022-03-30,0.9986,0.9986,0.9986,0.9986,0.0217,0,0
510230.OF,国泰上证180金融ETF,2022-03-31,1.0035,1.0035,1.0035,1.0035,0.0049,0,0
510230.OF,国泰上证180金融ETF,2022-04-01,1.0175,1.0175,1.0175,1.0175,0.014,0,0
510230.OF,国泰上证180金融ETF,2022-04-06,1.0274,1.0274,1.0274,1.0274,0.0097,0,0
510230.OF,国泰上证180金融ETF,2022-04-07,1.0117,1.0117,1.0117,1.0117,-0.0153,0,0
510230.OF,国泰上证180金融ETF,2022-04-08,1.0221,1.0221,1.0221,1.0221,0.0103,0,0
510230.OF,国泰上证180金融ETF,2022-04-11,1.0001,1.0001,1.0001,1.0001,-0.0215,0,0
510230.OF,国泰上证180金融ETF,2022-04-12,1.0115,1.0115,1.0115,1.0115,0.0114,0,0
510230.OF,国泰上证180金融ETF,2022-04-13,1.0064,1.0064,1.0064,1.0064,-0.005,0,0
510230.OF,国泰上证180金融ETF,2022-04-14,1.0099,1.0099,1.0099,1.0099,0.0035,0,0
510230.OF,国泰上证180金融ETF,2022-04-15,1.017,1.017,1.017,1.017,0.007,0,0
510230.OF,国泰上证180金融ETF,2022-04-18,0.9871,0.9871,0.9871,0.9871,-0.0294,0,0
510230.OF,国泰上证180金融ETF,2022-04-19,0.9802,0.9802,0.9802,0.9802,-0.007,0,0
510230.OF,国泰上证180金融ETF,2022-04-20,0.969,0.969,0.969,0.969,-0.0114,0,0
510230.OF,国泰上证180金融ETF,2022-04-21,0.9689,0.9689,0.9689,0.9689,-0.0001,0,0
510230.OF,国泰上证180金融ETF,2022-04-22,0.9807,0.9807,0.9807,0.9807,0.0122,0,0
510230.OF,国泰上证180金融ETF,2022-04-25,0.9398,0.9398,0.9398,0.9398,-0.0417,0,0
510230.OF,国泰上证180金融ETF,2022-04-26,0.9221,0.9221,0.9221,0.9221,-0.0188,0,0
510230.OF,国泰上证180金融ETF,2022-04-27,0.9231,0.9231,0.9231,0.9231,0.0011,0,0
510230.OF,国泰上证180金融ETF,2022-04-28,0.9288,0.9288,0.9288,0.9288,0.0062,0,0
510230.OF,国泰上证180金融ETF,2022-04-29,0.9404,0.9404,0.9404,0.9404,0.0125,0,0
510230.OF,国泰上证180金融ETF,2022-05-05,0.9352,0.9352,0.9352,0.9352,-0.0055,0,0
510230.OF,国泰上证180金融ETF,2022-05-06,0.9137,0.9137,0.9137,0.9137,-0.023,0,0
510230.OF,国泰上证180金融ETF,2022-05-09,0.9085,0.9085,0.9085,0.9085,-0.0057,0,0
510230.OF,国泰上证180金融ETF,2022-05-10,0.9173,0.9173,0.9173,0.9173,0.0097,0,0
510230.OF,国泰上证180金融ETF,2022-05-11,0.9171,0.9171,0.9171,0.9171,-0.0002,0,0
510230.OF,国泰上证180金融ETF,2022-05-12,0.9116,0.9116,0.9116,0.9116,-0.006,0,0
510230.OF,国泰上证180金融ETF,2022-05-13,0.9197,0.9197,0.9197,0.9197,0.0089,0,0
510230.OF,国泰上证180金融ETF,2022-05-16,0.9107,0.9107,0.9107,0.9107,-0.0098,0,0
510230.OF,国泰上证180金融ETF,2022-05-17,0.9204,0.9204,0.9204,0.9204,0.0107,0,0
510230.OF,国泰上证180金融ETF,2022-05-18,0.9173,0.9173,0.9173,0.9173,-0.0034,0,0
510230.OF,国泰上证180金融ETF,2022-05-19,0.9127,0.9127,0.9127,0.9127,-0.005,0,0
510230.OF,国泰上证180金融ETF,2022-05-20,0.9295,0.9295,0.9295,0.9295,0.0184,0,0
510230.OF,国泰上证180金融ETF,2022-05-23,0.9257,0.9257,0.9257,0.9257,-0.0041,0,0
510230.OF,国泰上证180金融ETF,2022-05-24,0.9123,0.9123,0.9123,0.9123,-0.0145,0,0
510230.OF,国泰上证180金融ETF,2022-05-25,0.9144,0.9144,0.9144,0.9144,0.0023,0,0
510230.OF,国泰上证180金融ETF,2022-05-26,0.9191,0.9191,0.9191,0.9191,0.0051,0,0
510230.OF,国泰上证180金融ETF,2022-05-27,0.9241,0.9241,0.9241,0.9241,0.0054,0,0
510230.OF,国泰上证180金融ETF,2022-05-30,0.9206,0.9206,0.9206,0.9206,-0.0038,0,0
510230.OF,国泰上证180金融ETF,2022-05-31,0.9269,0.9269,0.9269,0.9269,0.0068,0,0
510230.OF,国泰上证180金融ETF,2022-06-01,0.9236,0.9236,0.9236,0.9236,-0.0036,0,0
510230.OF,国泰上证180金融ETF,2022-06-02,0.9209,0.9209,0.9209,0.9209,-0.0029,0,0
510230.OF,国泰上证180金融ETF,2022-06-06,0.9244,0.9244,0.9244,0.9244,0.0038,0,0
510230.OF,国泰上证180金融ETF,2022-06-07,0.9299,0.9299,0.9299,0.9299,0.0059,0,0
510230.OF,国泰上证180金融ETF,2022-06-08,0.938,0.938,0.938,0.938,0.0087,0,0
510230.OF,国泰上证180金融ETF,2022-06-09,0.9459,0.9459,0.9459,0.9459,0.0084,0,0
510230.OF,国泰上证180金融ETF,2022-06-10,0.9563,0.9563,0.9563,0.9563,0.011,0,0
510230.OF,国泰上证180金融ETF,2022-06-13,0.9389,0.9389,0.9389,0.9389,-0.0182,0,0
510230.OF,国泰上证180金融ETF,2022-06-14,0.9644,0.9644,0.9644,0.9644,0.0272,0,0
510230.OF,国泰上证180金融ETF,2022-06-15,0.9931,0.9931,0.9931,0.9931,0.0298,0,0
510230.OF,国泰上证180金融ETF,2022-06-16,0.9691,0.9691,0.9691,0.9691,-0.0242,0,0
510230.OF,国泰上证180金融ETF,2022-06-17,0.9708,0.9708,0.9708,0.9708,0.0018,0,0
510230.OF,国泰上证180金融ETF,2022-06-20,0.965,0.965,0.965,0.965,-0.006,0,0
510230.OF,国泰上证180金融ETF,2022-06-21,0.976,0.976,0.976,0.976,0.0114,0,0
510230.OF,国泰上证180金融ETF,2022-06-22,0.9627,0.9627,0.9627,0.9627,-0.0136,0,0
510230.OF,国泰上证180金融ETF,2022-06-23,0.9814,0.9814,0.9814,0.9814,0.0194,0,0
510230.OF,国泰上证180金融ETF,2022-06-24,0.981,0.981,0.981,0.981,-0.0004,0,0
510230.OF,国泰上证180金融ETF,2022-06-27,0.9871,0.9871,0.9871,0.9871,0.0062,0,0
510230.OF,国泰上证180金融ETF,2022-06-28,0.9902,0.9902,0.9902,0.9902,0.0031,0,0
510230.OF,国泰上证180金融ETF,2022-06-29,0.9862,0.9862,0.9862,0.9862,-0.004,0,0
510230.OF,国泰上证180金融ETF,2022-06-30,0.9931,0.9931,0.9931,0.9931,0.007,0,0
510230.OF,国泰上证180金融ETF,2022-07-01,0.9849,0.9849,0.9849,0.9849,-0.0083,0,0
510230.OF,国泰上证180金融ETF,2022-07-04,0.9835,0.9835,0.9835,0.9835,-0.0014,0,0
510230.OF,国泰上证180金融ETF,2022-07-05,0.9816,0.9816,0.9816,0.9816,-0.0019,0,0
510230.OF,国泰上证180金融ETF,2022-07-06,0.9691,0.9691,0.9691,0.9691,-0.0127,0,0
510230.OF,国泰上证180金融ETF,2022-07-07,0.9654,0.9654,0.9654,0.9654,-0.0038,0,0
510230.OF,国泰上证180金融ETF,2022-07-08,0.9664,0.9664,0.9664,0.9664,0.001,0,0
510230.OF,国泰上证180金融ETF,2022-07-11,0.9613,0.9613,0.9613,0.9613,-0.0053,0,0
510230.OF,国泰上证180金融ETF,2022-07-12,0.9641,0.9641,0.9641,0.9641,0.0029,0,0
510230.OF,国泰上证180金融ETF,2022-07-13,0.9488,0.9488,0.9488,0.9488,-0.0159,0,0
510230.OF,国泰上证180金融ETF,2022-07-14,0.93,0.93,0.93,0.93,-0.0198,0,0
510230.OF,国泰上证180金融ETF,2022-07-15,0.9157,0.9157,0.9157,0.9157,-0.0154,0,0
510230.OF,国泰上证180金融ETF,2022-07-18,0.9314,0.9314,0.9314,0.9314,0.0171,0,0
510230.OF,国泰上证180金融ETF,2022-07-19,0.9347,0.9347,0.9347,0.9347,0.0035,0,0
510230.OF,国泰上证180金融ETF,2022-07-20,0.9376,0.9376,0.9376,0.9376,0.0031,0,0
510230.OF,国泰上证180金融ETF,2022-07-21,0.9252,0.9252,0.9252,0.9252,-0.0132,0,0
510230.OF,国泰上证180金融ETF,2022-07-22,0.9303,0.9303,0.9303,0.9303,0.0055,0,0
510230.OF,国泰上证180金融ETF,2022-07-25,0.9294,0.9294,0.9294,0.9294,-0.001,0,0
510230.OF,国泰上证180金融ETF,2022-07-26,0.9362,0.9362,0.9362,0.9362,0.0073,0,0
510230.OF,国泰上证180金融ETF,2022-07-27,0.9314,0.9314,0.9314,0.9314,-0.0051,0,0
510230.OF,国泰上证180金融ETF,2022-07-28,0.9324,0.9324,0.9324,0.9324,0.0011,0,0
510230.OF,国泰上证180金融ETF,2022-07-29,0.9239,0.9239,0.9239,0.9239,-0.0091,0,0
510230.OF,国泰上证180金融ETF,2022-08-01,0.9162,0.9162,0.9162,0.9162,-0.0083,0,0
510230.OF,国泰上证180金融ETF,2022-08-02,0.8992,0.8992,0.8992,0.8992,-0.0186,0,0
510230.OF,国泰上证180金融ETF,2022-08-03,0.8906,0.8906,0.8906,0.8906,-0.0096,0,0
510230.OF,国泰上证180金融ETF,2022-08-04,0.8997,0.8997,0.8997,0.8997,0.0102,0,0
510230.OF,国泰上证180金融ETF,2022-08-05,0.9127,0.9127,0.9127,0.9127,0.0144,0,0
510230.OF,国泰上证180金融ETF,2022-08-08,0.9086,0.9086,0.9086,0.9086,-0.0045,0,0
510230.OF,国泰上证180金融ETF,2022-08-09,0.9042,0.9042,0.9042,0.9042,-0.0048,0,0
510230.OF,国泰上证180金融ETF,2022-08-10,0.899,0.899,0.899,0.899,-0.0058,0,0
510230.OF,国泰上证180金融ETF,2022-08-11,0.925,0.925,0.925,0.925,0.0289,0,0
510230.OF,国泰上证180金融ETF,2022-08-12,0.9256,0.9256,0.9256,0.9256,0.0006,0,0
510230.OF,国泰上证180金融ETF,2022-08-15,0.9158,0.9158,0.9158,0.9158,-0.0106,0,0
510230.OF,国泰上证180金融ETF,2022-08-16,0.9146,0.9146,0.9146,0.9146,-0.0013,0,0
510230.OF,国泰上证180金融ETF,2022-08-17,0.9249,0.9249,0.9249,0.9249,0.0113,0,0
510230.OF,国泰上证180金融ETF,2022-08-18,0.9155,0.9155,0.9155,0.9155,-0.0102,0,0
510230.OF,国泰上证180金融ETF,2022-08-19,0.9169,0.9169,0.9169,0.9169,0.0015,0,0
510230.OF,国泰上证180金融ETF,2022-08-22,0.9156,0.9156,0.9156,0.9156,-0.0014,0,0
510230.OF,国泰上证180金融ETF,2022-08-23,0.911,0.911,0.911,0.911,-0.005,0,0
510230.OF,国泰上证180金融ETF,2022-08-24,0.9089,0.9089,0.9089,0.9089,-0.0023,0,0
510230.OF,国泰上证180金融ETF,2022-08-25,0.9266,0.9266,0.9266,0.9266,0.0195,0,0
510230.OF,国泰上证180金融ETF,2022-08-26,0.9259,0.9259,0.9259,0.9259,-0.0008,0,0
510230.OF,国泰上证180金融ETF,2022-08-29,0.9171,0.9171,0.9171,0.9171,-0.0095,0,0
510230.OF,国泰上证180金融ETF,2022-08-30,0.9199,0.9199,0.9199,0.9199,0.0031,0,0
510230.OF,国泰上证180金融ETF,2022-08-31,0.9347,0.9347,0.9347,0.9347,0.0161,0,0
510230.OF,国泰上证180金融ETF,2022-09-01,0.9278,0.9278,0.9278,0.9278,-0.0074,0,0
510230.OF,国泰上证180金融ETF,2022-09-02,0.926,0.926,0.926,0.926,-0.0019,0,0
510230.OF,国泰上证180金融ETF,2022-09-05,0.9301,0.9301,0.9301,0.9301,0.0044,0,0
510230.OF,国泰上证180金融ETF,2022-09-06,0.9314,0.9314,0.9314,0.9314,0.0014,0,0
510230.OF,国泰上证180金融ETF,2022-09-07,0.9268,0.9268,0.9268,0.9268,-0.0049,0,0
510230.OF,国泰上证180金融ETF,2022-09-08,0.9268,0.9268,0.9268,0.9268,0.0,0,0
510230.OF,国泰上证180金融ETF,2022-09-09,0.9434,0.9434,0.9434,0.9434,0.0179,0,0
510230.OF,国泰上证180金融ETF,2022-09-13,0.949,0.949,0.949,0.949,0.0059,0,0
510230.OF,国泰上证180金融ETF,2022-09-14,0.9389,0.9389,0.9389,0.9389,-0.0106,0,0
510230.OF,国泰上证180金融ETF,2022-09-15,0.9471,0.9471,0.9471,0.9471,0.0087,0,0
510230.OF,国泰上证180金融ETF,2022-09-16,0.9191,0.9191,0.9191,0.9191,-0.0296,0,0
510230.OF,国泰上证180金融ETF,2022-09-19,0.9197,0.9197,0.9197,0.9197,0.0007,0,0
510230.OF,国泰上证180金融ETF,2022-09-20,0.9118,0.9118,0.9118,0.9118,-0.0086,0,0
510230.OF,国泰上证180金融ETF,2022-09-21,0.9124,0.9124,0.9124,0.9124,0.0007,0,0
510230.OF,国泰上证180金融ETF,2022-09-22,0.9093,0.9093,0.9093,0.9093,-0.0034,0,0
510230.OF,国泰上证180金融ETF,2022-09-23,0.9138,0.9138,0.9138,0.9138,0.0049,0,0
510230.OF,国泰上证180金融ETF,2022-09-26,0.8993,0.8993,0.8993,0.8993,-0.0159,0,0
510230.OF,国泰上证180金融ETF,2022-09-27,0.9018,0.9018,0.9018,0.9018,0.0028,0,0
510230.OF,国泰上证180金融ETF,2022-09-28,0.8964,0.8964,0.8964,0.8964,-0.006,0,0
510230.OF,国泰上证180金融ETF,2022-09-29,0.8849,0.8849,0.8849,0.8849,-0.0128,0,0
510230.OF,国泰上证180金融ETF,2022-09-30,0.8902,0.8902,0.8902,0.8902,0.006,0,0
510230.OF,国泰上证180金融ETF,2022-10-10,0.8793,0.8793,0.8793,0.8793,-0.0122,0,0
510230.OF,国泰上证180金融ETF,2022-10-11,0.8764,0.8764,0.8764,0.8764,-0.0033,0,0
510230.OF,国泰上证180金融ETF,2022-10-12,0.8862,0.8862,0.8862,0.8862,0.0112,0,0
510230.OF,国泰上证180金融ETF,2022-10-13,0.8761,0.8761,0.8761,0.8761,-0.0114,0,0
510230.OF,国泰上证180金融ETF,2022-10-14,0.8869,0.8869,0.8869,0.8869,0.0123,0,0
510230.OF,国泰上证180金融ETF,2022-10-17,0.8883,0.8883,0.8883,0.8883,0.0016,0,0
510230.OF,国泰上证180金融ETF,2022-10-18,0.8846,0.8846,0.8846,0.8846,-0.0042,0,0
510230.OF,国泰上证180金融ETF,2022-10-19,0.8757,0.8757,0.8757,0.8757,-0.0101,0,0
510230.OF,国泰上证180金融ETF,2022-10-20,0.8746,0.8746,0.8746,0.8746,-0.0013,0,0
510230.OF,国泰上证180金融ETF,2022-10-21,0.8712,0.8712,0.8712,0.8712,-0.0039,0,0
510230.OF,国泰上证180金融ETF,2022-10-24,0.8463,0.8463,0.8463,0.8463,-0.0286,0,0
510230.OF,国泰上证180金融ETF,2022-10-25,0.8456,0.8456,0.8456,0.8456,-0.0008,0,0
510230.OF,国泰上证180金融ETF,2022-10-26,0.8425,0.8425,0.8425,0.8425,-0.0037,0,0
510230.OF,国泰上证180金融ETF,2022-10-27,0.8426,0.8426,0.8426,0.8426,0.0001,0,0
510230.OF,国泰上证180金融ETF,2022-10-28,0.831,0.831,0.831,0.831,-0.0138,0,0
510230.OF,国泰上证180金融ETF,2022-10-31,0.8255,0.8255,0.8255,0.8255,-0.0066,0,0
510230.OF,国泰上证180金融ETF,2022-11-01,0.8465,0.8465,0.8465,0.8465,0.0254,0,0
510230.OF,国泰上证180金融ETF,2022-11-02,0.8458,0.8458,0.8458,0.8458,-0.0008,0,0
510230.OF,国泰上证180金融ETF,2022-11-03,0.8391,0.8391,0.8391,0.8391,-0.0079,0,0
510230.OF,国泰上证180金融ETF,2022-11-04,0.8602,0.8602,0.8602,0.8602,0.0251,0,0
510230.OF,国泰上证180金融ETF,2022-11-07,0.8614,0.8614,0.8614,0.8614,0.0014,0,0
510230.OF,国泰上证180金融ETF,2022-11-08,0.86,0.86,0.86,0.86,-0.0016,0,0
510230.OF,国泰上证180金融ETF,2022-11-09,0.8571,0.8571,0.8571,0.8571,-0.0034,0,0
510230.OF,国泰上证180金融ETF,2022-11-10,0.8605,0.8605,0.8605,0.8605,0.004,0,0
510230.OF,国泰上证180金融ETF,2022-11-11,0.8894,0.8894,0.8894,0.8894,0.0336,0,0
510230.OF,国泰上证180金融ETF,2022-11-14,0.9067,0.9067,0.9067,0.9067,0.0195,0,0
510230.OF,国泰上证180金融ETF,2022-11-15,0.9199,0.9199,0.9199,0.9199,0.0146,0,0
510230.OF,国泰上证180金融ETF,2022-11-16,0.9117,0.9117,0.9117,0.9117,-0.0089,0,0
510230.OF,国泰上证180金融ETF,2022-11-17,0.9098,0.9098,0.9098,0.9098,-0.0021,0,0
510230.OF,国泰上证180金融ETF,2022-11-18,0.9016,0.9016,0.9016,0.9016,-0.009,0,0
510230.OF,国泰上证180金融ETF,2022-11-21,0.8925,0.8925,0.8925,0.8925,-0.0101,0,0
510230.OF,国泰上证180金融ETF,2022-11-22,0.9061,0.9061,0.9061,0.9061,0.0152,0,0
510230.OF,国泰上证180金融ETF,2022-11-23,0.9072,0.9072,0.9072,0.9072,0.0012,0,0
510230.OF,国泰上证180金融ETF,2022-11-24,0.9047,0.9047,0.9047,0.9047,-0.0028,0,0
510230.OF,国泰上证180金融ETF,2022-11-25,0.9219,0.9219,0.9219,0.9219,0.019,0,0
510230.OF,国泰上证180金融ETF,2022-11-28,0.9046,0.9046,0.9046,0.9046,-0.0188,0,0
510230.OF,国泰上证180金融ETF,2022-11-29,0.9478,0.9478,0.9478,0.9478,0.0478,0,0
510230.OF,国泰上证180金融ETF,2022-11-30,0.9461,0.9461,0.9461,0.9461,-0.0018,0,0
510230.OF,国泰上证180金融ETF,2022-12-01,0.9439,0.9439,0.9439,0.9439,-0.0023,0,0
510230.OF,国泰上证180金融ETF,2022-12-02,0.9375,0.9375,0.9375,0.9375,-0.0068,0,0
510230.OF,国泰上证180金融ETF,2022-12-05,0.9714,0.9714,0.9714,0.9714,0.0362,0,0
510230.OF,国泰上证180金融ETF,2022-12-06,0.9704,0.9704,0.9704,0.9704,-0.001,0,0
510230.OF,国泰上证180金融ETF,2022-12-07,0.9593,0.9593,0.9593,0.9593,-0.0114,0,0
510230.OF,国泰上证180金融ETF,2022-12-08,0.9638,0.9638,0.9638,0.9638,0.0047,0,0
510230.OF,国泰上证180金融ETF,2022-12-09,0.9722,0.9722,0.9722,0.9722,0.0087,0,0
510230.OF,国泰上证180金融ETF,2022-12-12,0.951,0.951,0.951,0.951,-0.0218,0,0
510230.OF,国泰上证180金融ETF,2022-12-13,0.9576,0.9576,0.9576,0.9576,0.0069,0,0
510230.OF,国泰上证180金融ETF,2022-12-14,0.9632,0.9632,0.9632,0.9632,0.0058,0,0
510230.OF,国泰上证180金融ETF,2022-12-15,0.9527,0.9527,0.9527,0.9527,-0.0109,0,0
510230.OF,国泰上证180金融ETF,2022-12-16,0.9626,0.9626,0.9626,0.9626,0.0104,0,0
510230.OF,国泰上证180金融ETF,2022-12-19,0.9431,0.9431,0.9431,0.9431,-0.0203,0,0
510230.OF,国泰上证180金融ETF,2022-12-20,0.9308,0.9308,0.9308,0.9308,-0.013,0,0
510230.OF,国泰上证180金融ETF,2022-12-21,0.9345,0.9345,0.9345,0.9345,0.004,0,0
510230.OF,国泰上证180金融ETF,2022-12-22,0.9401,0.9401,0.9401,0.9401,0.006,0,0
510230.OF,国泰上证180金融ETF,2022-12-23,0.9376,0.9376,0.9376,0.9376,-0.0027,0,0
510230.OF,国泰上证180金融ETF,2022-12-26,0.93,0.93,0.93,0.93,-0.0081,0,0
510230.OF,国泰上证180金融ETF,2022-12-27,0.9465,0.9465,0.9465,0.9465,0.0177,0,0
510230.OF,国泰上证180金融ETF,2022-12-28,0.9527,0.9527,0.9527,0.9527,0.0066,0,0
510230.OF,国泰上证180金融ETF,2022-12-29,0.9465,0.9465,0.9465,0.9465,-0.0065,0,0
510230.OF,国泰上证180金融ETF,2022-12-30,0.9555,0.9555,0.9555,0.9555,0.0095,0,0
510230.OF,国泰上证180金融ETF,2022-12-31,0.9555,0.9555,0.9555,0.9555,0.0,0,0
510230.OF,国泰上证180金融ETF,2023-01-03,0.955,0.955,0.955,0.955,-0.0005,0,0
510230.OF,国泰上证180金融ETF,2023-01-04,0.9715,0.9715,0.9715,0.9715,0.0173,0,0
510230.OF,国泰上证180金融ETF,2023-01-05,0.976,0.976,0.976,0.976,0.0046,0,0
510230.OF,国泰上证180金融ETF,2023-01-06,0.9772,0.9772,0.9772,0.9772,0.0012,0,0
510230.OF,国泰上证180金融ETF,2023-01-09,0.9862,0.9862,0.9862,0.9862,0.0092,0,0
510230.OF,国泰上证180金融ETF,2023-01-10,0.973,0.973,0.973,0.973,-0.0134,0,0
510230.OF,国泰上证180金融ETF,2023-01-11,0.9826,0.9826,0.9826,0.9826,0.0099,0,0
510230.OF,国泰上证180金融ETF,2023-01-12,0.987,0.987,0.987,0.987,0.0045,0,0
510230.OF,国泰上证180金融ETF,2023-01-13,1.0023,1.0023,1.0023,1.0023,0.0155,0,0
510230.OF,国泰上证180金融ETF,2023-01-16,1.0097,1.0097,1.0097,1.0097,0.0074,0,0
510230.OF,国泰上证180金融ETF,2023-01-17,1.0095,1.0095,1.0095,1.0095,-0.0002,0,0
510230.OF,国泰上证180金融ETF,2023-01-18,1.0067,1.0067,1.0067,1.0067,-0.0028,0,0
510230.OF,国泰上证180金融ETF,2023-01-19,1.0126,1.0126,1.0126,1.0126,0.0059,0,0
510230.OF,国泰上证180金融ETF,2023-01-20,1.0152,1.0152,1.0152,1.0152,0.0026,0,0
510230.OF,国泰上证180金融ETF,2023-01-30,1.0133,1.0133,1.0133,1.0133,-0.0019,0,0
510230.OF,国泰上证180金融ETF,2023-01-31,1.0032,1.0032,1.0032,1.0032,-0.01,0,0
510230.OF,国泰上证180金融ETF,2023-02-01,1.0081,1.0081,1.0081,1.0081,0.0049,0,0
510230.OF,国泰上证180金融ETF,2023-02-02,0.9973,0.9973,0.9973,0.9973,-0.0107,0,0
510230.OF,国泰上证180金融ETF,2023-02-03,0.9861,0.9861,0.9861,0.9861,-0.0112,0,0
510230.OF,国泰上证180金融ETF,2023-02-06,0.9715,0.9715,0.9715,0.9715,-0.0148,0,0
510230.OF,国泰上证180金融ETF,2023-02-07,0.9752,0.9752,0.9752,0.9752,0.0038,0,0
510230.OF,国泰上证180金融ETF,2023-02-08,0.9725,0.9725,0.9725,0.9725,-0.0028,0,0
510230.OF,国泰上证180金融ETF,2023-02-09,0.9808,0.9808,0.9808,0.9808,0.0085,0,0
510230.OF,国泰上证180金融ETF,2023-02-10,0.9776,0.9776,0.9776,0.9776,-0.0033,0,0
510230.OF,国泰上证180金融ETF,2023-02-13,0.9754,0.9754,0.9754,0.9754,-0.0023,0,0
510230.OF,国泰上证180金融ETF,2023-02-14,0.9797,0.9797,0.9797,0.9797,0.0044,0,0
510230.OF,国泰上证180金融ETF,2023-02-15,0.9692,0.9692,0.9692,0.9692,-0.0107,0,0
510230.OF,国泰上证180金融ETF,2023-02-16,0.9671,0.9671,0.9671,0.9671,-0.0022,0,0
510230.OF,国泰上证180金融ETF,2023-02-17,0.9578,0.9578,0.9578,0.9578,-0.0096,0,0
510230.OF,国泰上证180金融ETF,2023-02-20,0.987,0.987,0.987,0.987,0.0305,0,0
510230.OF,国泰上证180金融ETF,2023-02-21,0.9894,0.9894,0.9894,0.9894,0.0024,0,0
510230.OF,国泰上证180金融ETF,2023-02-22,0.9796,0.9796,0.9796,0.9796,-0.0099,0,0
510230.OF,国泰上证180金融ETF,2023-02-23,0.981,0.981,0.981,0.981,0.0014,0,0
510230.OF,国泰上证180金融ETF,2023-02-24,0.9694,0.9694,0.9694,0.9694,-0.0118,0,0
510230.OF,国泰上证180金融ETF,2023-02-27,0.9633,0.9633,0.9633,0.9633,-0.0063,0,0
510230.OF,国泰上证180金融ETF,2023-02-28,0.9694,0.9694,0.9694,0.9694,0.0063,0,0
510230.OF,国泰上证180金融ETF,2023-03-01,0.986,0.986,0.986,0.986,0.0171,0,0
510230.OF,国泰上证180金融ETF,2023-03-02,0.9875,0.9875,0.9875,0.9875,0.0015,0,0
510230.OF,国泰上证180金融ETF,2023-03-03,0.9941,0.9941,0.9941,0.9941,0.0067,0,0
510230.OF,国泰上证180金融ETF,2023-03-06,0.9756,0.9756,0.9756,0.9756,-0.0186,0,0
510230.OF,国泰上证180金融ETF,2023-03-07,0.9705,0.9705,0.9705,0.9705,-0.0052,0,0
510230.OF,国泰上证180金融ETF,2023-03-08,0.964,0.964,0.964,0.964,-0.0067,0,0
510230.OF,国泰上证180金融ETF,2023-03-09,0.9576,0.9576,0.9576,0.9576,-0.0066,0,0
510230.OF,国泰上证180金融ETF,2023-03-10,0.9436,0.9436,0.9436,0.9436,-0.0146,0,0
510230.OF,国泰上证180金融ETF,2023-03-13,0.9499,0.9499,0.9499,0.9499,0.0067,0,0
510230.OF,国泰上证180金融ETF,2023-03-14,0.9386,0.9386,0.9386,0.9386,-0.0119,0,0
510230.OF,国泰上证180金融ETF,2023-03-15,0.947,0.947,0.947,0.947,0.0089,0,0
510230.OF,国泰上证180金融ETF,2023-03-16,0.9432,0.9432,0.9432,0.9432,-0.004,0,0
510230.OF,国泰上证180金融ETF,2023-03-17,0.9512,0.9512,0.9512,0.9512,0.0085,0,0
510230.OF,国泰上证180金融ETF,2023-03-20,0.9457,0.9457,0.9457,0.9457,-0.0058,0,0
510230.OF,国泰上证180金融ETF,2023-03-21,0.9454,0.9454,0.9454,0.9454,-0.0003,0,0
510230.OF,国泰上证180金融ETF,2023-03-22,0.9522,0.9522,0.9522,0.9522,0.0072,0,0
510230.OF,国泰上证180金融ETF,2023-03-23,0.962,0.962,0.962,0.962,0.0103,0,0
510230.OF,国泰上证180金融ETF,2023-03-24,0.9511,0.9511,0.9511,0.9511,-0.0113,0,0
510230.OF,国泰上证180金融ETF,2023-03-27,0.9454,0.9454,0.9454,0.9454,-0.006,0,0
510230.OF,国泰上证180金融ETF,2023-03-28,0.946,0.946,0.946,0.946,0.0006,0,0
510230.OF,国泰上证180金融ETF,2023-03-29,0.9414,0.9414,0.9414,0.9414,-0.0049,0,0
510230.OF,国泰上证180金融ETF,2023-03-30,0.9462,0.9462,0.9462,0.9462,0.0051,0,0
510230.OF,国泰上证180金融ETF,2023-03-31,0.9457,0.9457,0.9457,0.9457,-0.0005,0,0
510230.OF,国泰上证180金融ETF,2023-04-03,0.9541,0.9541,0.9541,0.9541,0.0089,0,0
510230.OF,国泰上证180金融ETF,2023-04-04,0.9601,0.9601,0.9601,0.9601,0.0063,0,0
510230.OF,国泰上证180金融ETF,2023-04-06,0.9544,0.9544,0.9544,0.9544,-0.0059,0,0
510230.OF,国泰上证180金融ETF,2023-04-07,0.9615,0.9615,0.9615,0.9615,0.0074,0,0
510230.OF,国泰上证180金融ETF,2023-04-10,0.9637,0.9637,0.9637,0.9637,0.0023,0,0
510230.OF,国泰上证180金融ETF,2023-04-11,0.9633,0.9633,0.9633,0.9633,-0.0004,0,0
510230.OF,国泰上证180金融ETF,2023-04-12,0.9663,0.9663,0.9663,0.9663,0.0031,0,0
510230.OF,国泰上证180金融ETF,2023-04-13,0.9661,0.9661,0.9661,0.9661,-0.0002,0,0
510230.OF,国泰上证180金融ETF,2023-04-14,0.9692,0.9692,0.9692,0.9692,0.0032,0,0
510230.OF,国泰上证180金融ETF,2023-04-17,0.9975,0.9975,0.9975,0.9975,0.0292,0,0
510230.OF,国泰上证180金融ETF,2023-04-18,1.0081,1.0081,1.0081,1.0081,0.0106,0,0
510230.OF,国泰上证180金融ETF,2023-04-19,1.0038,1.0038,1.0038,1.0038,-0.0043,0,0
510230.OF,国泰上证180金融ETF,2023-04-20,1.0053,1.0053,1.0053,1.0053,0.0015,0,0
510230.OF,国泰上证180金融ETF,2023-04-21,0.9817,0.9817,0.9817,0.9817,-0.0235,0,0
510230.OF,国泰上证180金融ETF,2023-04-24,0.9762,0.9762,0.9762,0.9762,-0.0056,0,0
510230.OF,国泰上证180金融ETF,2023-04-25,0.9853,0.9853,0.9853,0.9853,0.0093,0,0
510230.OF,国泰上证180金融ETF,2023-04-26,0.9779,0.9779,0.9779,0.9779,-0.0075,0,0
510230.OF,国泰上证180金融ETF,2023-04-27,0.9959,0.9959,0.9959,0.9959,0.0184,0,0
510230.OF,国泰上证180金融ETF,2023-04-28,1.0104,1.0104,1.0104,1.0104,0.0146,0,0
510230.OF,国泰上证180金融ETF,2023-05-04,1.0386,1.0386,1.0386,1.0386,0.0279,0,0
510230.OF,国泰上证180金融ETF,2023-05-05,1.0519,1.0519,1.0519,1.0519,0.0128,0,0
510230.OF,国泰上证180金融ETF,2023-05-08,1.0887,1.0887,1.0887,1.0887,0.035,0,0
510230.OF,国泰上证180金融ETF,2023-05-09,1.0773,1.0773,1.0773,1.0773,-0.0105,0,0
510230.OF,国泰上证180金融ETF,2023-05-10,1.0447,1.0447,1.0447,1.0447,-0.0303,0,0
510230.OF,国泰上证180金融ETF,2023-05-11,1.0424,1.0424,1.0424,1.0424,-0.0022,0,0
510230.OF,国泰上证180金融ETF,2023-05-12,1.0291,1.0291,1.0291,1.0291,-0.0128,0,0
510230.OF,国泰上证180金融ETF,2023-05-15,1.0515,1.0515,1.0515,1.0515,0.0218,0,0
510230.OF,国泰上证180金融ETF,2023-05-16,1.0472,1.0472,1.0472,1.0472,-0.0041,0,0
510230.OF,国泰上证180金融ETF,2023-05-17,1.035,1.035,1.035,1.035,-0.0117,0,0
510230.OF,国泰上证180金融ETF,2023-05-18,1.0413,1.0413,1.0413,1.0413,0.0061,0,0
510230.OF,国泰上证180金融ETF,2023-05-19,1.026,1.026,1.026,1.026,-0.0147,0,0
510230.OF,国泰上证180金融ETF,2023-05-22,1.0281,1.0281,1.0281,1.0281,0.002,0,0
510230.OF,国泰上证180金融ETF,2023-05-23,1.0062,1.0062,1.0062,1.0062,-0.0213,0,0
510230.OF,国泰上证180金融ETF,2023-05-24,0.9826,0.9826,0.9826,0.9826,-0.0235,0,0
510230.OF,国泰上证180金融ETF,2023-05-25,0.9807,0.9807,0.9807,0.9807,-0.0019,0,0
510230.OF,国泰上证180金融ETF,2023-05-26,0.9867,0.9867,0.9867,0.9867,0.0061,0,0
510230.OF,国泰上证180金融ETF,2023-05-29,0.9875,0.9875,0.9875,0.9875,0.0008,0,0
510230.OF,国泰上证180金融ETF,2023-05-30,0.9851,0.9851,0.9851,0.9851,-0.0024,0,0
510230.OF,国泰上证180金融ETF,2023-05-31,0.9777,0.9777,0.9777,0.9777,-0.0075,0,0
510230.OF,国泰上证180金融ETF,2023-06-01,0.9777,0.9777,0.9777,0.9777,0.0,0,0
510230.OF,国泰上证180金融ETF,2023-06-02,0.9904,0.9904,0.9904,0.9904,0.013,0,0
510230.OF,国泰上证180金融ETF,2023-06-05,0.9911,0.9911,0.9911,0.9911,0.0007,0,0
510230.OF,国泰上证180金融ETF,2023-06-06,0.9895,0.9895,0.9895,0.9895,-0.0016,0,0
510230.OF,国泰上证180金融ETF,2023-06-07,0.9952,0.9952,0.9952,0.9952,0.0058,0,0
510230.OF,国泰上证180金融ETF,2023-06-08,1.0124,1.0124,1.0124,1.0124,0.0173,0,0
510230.OF,国泰上证180金融ETF,2023-06-09,1.0084,1.0084,1.0084,1.0084,-0.004,0,0
510230.OF,国泰上证180金融ETF,2023-06-12,0.9988,0.9988,0.9988,0.9988,-0.0095,0,0
510230.OF,国泰上证180金融ETF,2023-06-13,1.0025,1.0025,1.0025,1.0025,0.0037,0,0
510230.OF,国泰上证180金融ETF,2023-06-14,0.9939,0.9939,0.9939,0.9939,-0.0086,0,0
510230.OF,国泰上证180金融ETF,2023-06-15,1.0004,1.0004,1.0004,1.0004,0.0065,0,0
510230.OF,国泰上证180金融ETF,2023-06-16,1.0005,1.0005,1.0005,1.0005,0.0001,0,0
510230.OF,国泰上证180金融ETF,2023-06-19,0.9871,0.9871,0.9871,0.9871,-0.0134,0,0
510230.OF,国泰上证180金融ETF,2023-06-20,0.9803,0.9803,0.9803,0.9803,-0.0069,0,0
510230.OF,国泰上证180金融ETF,2023-06-21,0.9746,0.9746,0.9746,0.9746,-0.0058,0,0
510230.OF,国泰上证180金融ETF,2023-06-26,0.9576,0.9576,0.9576,0.9576,-0.0174,0,0
510230.OF,国泰上证180金融ETF,2023-06-27,0.9675,0.9675,0.9675,0.9675,0.0103,0,0
510230.OF,国泰上证180金融ETF,2023-06-28,0.9695,0.9695,0.9695,0.9695,0.0021,0,0
510230.OF,国泰上证180金融ETF,2023-06-29,0.9653,0.9653,0.9653,0.9653,-0.0043,0,0
510230.OF,国泰上证180金融ETF,2023-06-30,0.9725,0.9725,0.9725,0.9725,0.0075,0,0
510230.OF,国泰上证180金融ETF,2023-07-03,0.995,0.995,0.995,0.995,0.0231,0,0
510230.OF,国泰上证180金融ETF,2023-07-04,0.989,0.989,0.989,0.989,-0.006,0,0
510230.OF,国泰上证180金融ETF,2023-07-05,0.9818,0.9818,0.9818,0.9818,-0.0073,0,0
510230.OF,国泰上证180金融ETF,2023-07-06,0.9768,0.9768,0.9768,0.9768,-0.0051,0,0
510230.OF,国泰上证180金融ETF,2023-07-07,0.9782,0.9782,0.9782,0.9782,0.0014,0,0
510230.OF,国泰上证180金融ETF,2023-07-10,0.9759,0.9759,0.9759,0.9759,-0.0024,0,0
510230.OF,国泰上证180金融ETF,2023-07-11,0.9833,0.9833,0.9833,0.9833,0.0076,0,0
510230.OF,国泰上证180金融ETF,2023-07-12,0.9838,0.9838,0.9838,0.9838,0.0005,0,0
510230.OF,国泰上证180金融ETF,2023-07-13,1.0015,1.0015,1.0015,1.0015,0.018,0,0
510230.OF,国泰上证180金融ETF,2023-07-14,1.0028,1.0028,1.0028,1.0028,0.0013,0,0
510230.OF,国泰上证180金融ETF,2023-07-17,0.9959,0.9959,0.9959,0.9959,-0.0069,0,0
510230.OF,国泰上证180金融ETF,2023-07-18,0.992,0.992,0.992,0.992,-0.0039,0,0
510230.OF,国泰上证180金融ETF,2023-07-19,0.9968,0.9968,0.9968,0.9968,0.0048,0,0
510230.OF,国泰上证180金融ETF,2023-07-20,0.994,0.994,0.994,0.994,-0.0028,0,0
510230.OF,国泰上证180金融ETF,2023-07-21,0.9927,0.9927,0.9927,0.9927,-0.0013,0,0
510230.OF,国泰上证180金融ETF,2023-07-24,0.988,0.988,0.988,0.988,-0.0047,0,0
510230.OF,国泰上证180金融ETF,2023-07-25,1.0293,1.0293,1.0293,1.0293,0.0418,0,0
510230.OF,国泰上证180金融ETF,2023-07-26,1.0304,1.0304,1.0304,1.0304,0.0011,0,0
510230.OF,国泰上证180金融ETF,2023-07-27,1.0337,1.0337,1.0337,1.0337,0.0032,0,0
510230.OF,国泰上证180金融ETF,2023-07-28,1.0791,1.0791,1.0791,1.0791,0.0439,0,0
510230.OF,国泰上证180金融ETF,2023-07-31,1.0851,1.0851,1.0851,1.0851,0.0056,0,0
510230.OF,国泰上证180金融ETF,2023-08-01,1.0759,1.0759,1.0759,1.0759,-0.0085,0,0
510230.OF,国泰上证180金融ETF,2023-08-02,1.0632,1.0632,1.0632,1.0632,-0.0118,0,0
510230.OF,国泰上证180金融ETF,2023-08-03,1.0837,1.0837,1.0837,1.0837,0.0193,0,0
510230.OF,国泰上证180金融ETF,2023-08-04,1.0873,1.0873,1.0873,1.0873,0.0033,0,0
510230.OF,国泰上证180金融ETF,2023-08-07,1.0792,1.0792,1.0792,1.0792,-0.0074,0,0
510230.OF,国泰上证180金融ETF,2023-08-08,1.0766,1.0766,1.0766,1.0766,-0.0024,0,0
510230.OF,国泰上证180金融ETF,2023-08-09,1.0764,1.0764,1.0764,1.0764,-0.0002,0,0
510230.OF,国泰上证180金融ETF,2023-08-10,1.0807,1.0807,1.0807,1.0807,0.004,0,0
510230.OF,国泰上证180金融ETF,2023-08-11,1.0493,1.0493,1.0493,1.0493,-0.0291,0,0
510230.OF,国泰上证180金融ETF,2023-08-14,1.0361,1.0361,1.0361,1.0361,-0.0126,0,0
510230.OF,国泰上证180金融ETF,2023-08-15,1.0487,1.0487,1.0487,1.0487,0.0122,0,0
510230.OF,国泰上证180金融ETF,2023-08-16,1.0457,1.0457,1.0457,1.0457,-0.0029,0,0
510230.OF,国泰上证180金融ETF,2023-08-17,1.038,1.038,1.038,1.038,-0.0074,0,0
510230.OF,国泰上证180金融ETF,2023-08-18,1.0376,1.0376,1.0376,1.0376,-0.0004,0,0
510230.OF,国泰上证180金融ETF,2023-08-21,1.0137,1.0137,1.0137,1.0137,-0.023,0,0
510230.OF,国泰上证180金融ETF,2023-08-22,1.0266,1.0266,1.0266,1.0266,0.0127,0,0
510230.OF,国泰上证180金融ETF,2023-08-23,1.0177,1.0177,1.0177,1.0177,-0.0087,0,0
510230.OF,国泰上证180金融ETF,2023-08-24,1.019,1.019,1.019,1.019,0.0013,0,0
510230.OF,国泰上证180金融ETF,2023-08-25,1.0283,1.0283,1.0283,1.0283,0.0091,0,0
510230.OF,国泰上证180金融ETF,2023-08-28,1.0455,1.0455,1.0455,1.0455,0.0167,0,0
510230.OF,国泰上证180金融ETF,2023-08-29,1.0363,1.0363,1.0363,1.0363,-0.0088,0,0
510230.OF,国泰上证180金融ETF,2023-08-30,1.024,1.024,1.024,1.024,-0.0119,0,0
510230.OF,国泰上证180金融ETF,2023-08-31,1.019,1.019,1.019,1.019,-0.0049,0,0
510230.OF,国泰上证180金融ETF,2023-09-01,1.0309,1.0309,1.0309,1.0309,0.0117,0,0
510230.OF,国泰上证180金融ETF,2023-09-04,1.0497,1.0497,1.0497,1.0497,0.0182,0,0
510230.OF,国泰上证180金融ETF,2023-09-05,1.0356,1.0356,1.0356,1.0356,-0.0134,0,0
510230.OF,国泰上证180金融ETF,2023-09-06,1.0402,1.0402,1.0402,1.0402,0.0044,0,0
510230.OF,国泰上证180金融ETF,2023-09-07,1.0344,1.0344,1.0344,1.0344,-0.0056,0,0
510230.OF,国泰上证180金融ETF,2023-09-08,1.0341,1.0341,1.0341,1.0341,-0.0003,0,0
510230.OF,国泰上证180金融ETF,2023-09-11,1.0395,1.0395,1.0395,1.0395,0.0052,0,0
510230.OF,国泰上证180金融ETF,2023-09-12,1.0335,1.0335,1.0335,1.0335,-0.0058,0,0
510230.OF,国泰上证180金融ETF,2023-09-13,1.0293,1.0293,1.0293,1.0293,-0.0041,0,0
510230.OF,国泰上证180金融ETF,2023-09-14,1.0355,1.0355,1.0355,1.0355,0.006,0,0
510230.OF,国泰上证180金融ETF,2023-09-15,1.029,1.029,1.029,1.029,-0.0063,0,0
510230.OF,国泰上证180金融ETF,2023-09-18,1.0312,1.0312,1.0312,1.0312,0.0021,0,0
510230.OF,国泰上证180金融ETF,2023-09-19,1.0352,1.0352,1.0352,1.0352,0.0039,0,0
510230.OF,国泰上证180金融ETF,2023-09-20,1.034,1.034,1.034,1.034,-0.0012,0,0
510230.OF,国泰上证180金融ETF,2023-09-21,1.0273,1.0273,1.0273,1.0273,-0.0065,0,0
510230.OF,国泰上证180金融ETF,2023-09-22,1.0487,1.0487,1.0487,1.0487,0.0208,0,0
510230.OF,国泰上证180金融ETF,2023-09-25,1.0379,1.0379,1.0379,1.0379,-0.0103,0,0
510230.OF,国泰上证180金融ETF,2023-09-26,1.0341,1.0341,1.0341,1.0341,-0.0037,0,0
510230.OF,国泰上证180金融ETF,2023-09-27,1.031,1.031,1.031,1.031,-0.003,0,0
510230.OF,国泰上证180金融ETF,2023-09-28,1.0281,1.0281,1.0281,1.0281,-0.0028,0,0
510230.OF,国泰上证180金融ETF,2023-09-30,1.0281,1.0281,1.0281,1.0281,0.0,0,0
510230.OF,国泰上证180金融ETF,2023-10-09,1.021,1.021,1.021,1.021,-0.0069,0,0
510230.OF,国泰上证180金融ETF,2023-10-10,1.0163,1.0163,1.0163,1.0163,-0.0046,0,0
510230.OF,国泰上证180金融ETF,2023-10-11,1.0165,1.0165,1.0165,1.0165,0.0002,0,0
510230.OF,国泰上证180金融ETF,2023-10-12,1.0346,1.0346,1.0346,1.0346,0.0178,0,0
510230.OF,国泰上证180金融ETF,2023-10-13,1.0307,1.0307,1.0307,1.0307,-0.0038,0,0
510230.OF,国泰上证180金融ETF,2023-10-16,1.0276,1.0276,1.0276,1.0276,-0.003,0,0
510230.OF,国泰上证180金融ETF,2023-10-17,1.0341,1.0341,1.0341,1.0341,0.0063,0,0
510230.OF,国泰上证180金融ETF,2023-10-18,1.0315,1.0315,1.0315,1.0315,-0.0025,0,0
510230.OF,国泰上证180金融ETF,2023-10-19,1.0094,1.0094,1.0094,1.0094,-0.0214,0,0
510230.OF,国泰上证180金融ETF,2023-10-20,1.006,1.006,1.006,1.006,-0.0034,0,0
510230.OF,国泰上证180金融ETF,2023-10-23,0.9991,0.9991,0.9991,0.9991,-0.0069,0,0
510230.OF,国泰上证180金融ETF,2023-10-24,1.0013,1.0013,1.0013,1.0013,0.0022,0,0
510230.OF,国泰上证180金融ETF,2023-10-25,1.0041,1.0041,1.0041,1.0041,0.0028,0,0
510230.OF,国泰上证180金融ETF,2023-10-26,1.0095,1.0095,1.0095,1.0095,0.0054,0,0
510230.OF,国泰上证180金融ETF,2023-10-27,1.0063,1.0063,1.0063,1.0063,-0.0032,0,0
510230.OF,国泰上证180金融ETF,2023-10-30,0.9925,0.9925,0.9925,0.9925,-0.0137,0,0
510230.OF,国泰上证180金融ETF,2023-10-31,0.9948,0.9948,0.9948,0.9948,0.0023,0,0
510230.OF,国泰上证180金融ETF,2023-11-01,0.9931,0.9931,0.9931,0.9931,-0.0017,0,0
510230.OF,国泰上证180金融ETF,2023-11-02,0.9951,0.9951,0.9951,0.9951,0.002,0,0
510230.OF,国泰上证180金融ETF,2023-11-03,0.997,0.997,0.997,0.997,0.0019,0,0
510230.OF,国泰上证180金融ETF,2023-11-06,1.0096,1.0096,1.0096,1.0096,0.0126,0,0
510230.OF,国泰上证180金融ETF,2023-11-07,1.0056,1.0056,1.0056,1.0056,-0.004,0,0
510230.OF,国泰上证180金融ETF,2023-11-08,0.9977,0.9977,0.9977,0.9977,-0.0079,0,0
510230.OF,国泰上证180金融ETF,2023-11-09,0.9954,0.9954,0.9954,0.9954,-0.0023,0,0
510230.OF,国泰上证180金融ETF,2023-11-10,0.9865,0.9865,0.9865,0.9865,-0.0089,0,0
510230.OF,国泰上证180金融ETF,2023-11-13,0.9833,0.9833,0.9833,0.9833,-0.0032,0,0
510230.OF,国泰上证180金融ETF,2023-11-14,0.9887,0.9887,0.9887,0.9887,0.0055,0,0
510230.OF,国泰上证180金融ETF,2023-11-15,0.9953,0.9953,0.9953,0.9953,0.0067,0,0
510230.OF,国泰上证180金融ETF,2023-11-16,0.9911,0.9911,0.9911,0.9911,-0.0042,0,0
510230.OF,国泰上证180金融ETF,2023-11-17,0.9873,0.9873,0.9873,0.9873,-0.0038,0,0
510230.OF,国泰上证180金融ETF,2023-11-20,0.9903,0.9903,0.9903,0.9903,0.003,0,0
510230.OF,国泰上证180金融ETF,2023-11-21,0.9923,0.9923,0.9923,0.9923,0.002,0,0
510230.OF,国泰上证180金融ETF,2023-11-22,0.987,0.987,0.987,0.987,-0.0053,0,0
510230.OF,国泰上证180金融ETF,2023-11-23,0.9882,0.9882,0.9882,0.9882,0.0012,0,0
510230.OF,国泰上证180金融ETF,2023-11-24,0.9842,0.9842,0.9842,0.9842,-0.004,0,0
510230.OF,国泰上证180金融ETF,2023-11-27,0.9735,0.9735,0.9735,0.9735,-0.0109,0,0
510230.OF,国泰上证180金融ETF,2023-11-28,0.9698,0.9698,0.9698,0.9698,-0.0038,0,0
510230.OF,国泰上证180金融ETF,2023-11-29,0.9579,0.9579,0.9579,0.9579,-0.0123,0,0
510230.OF,国泰上证180金融ETF,2023-11-30,0.962,0.962,0.962,0.962,0.0043,0,0
510230.OF,国泰上证180金融ETF,2023-12-01,0.9621,0.9621,0.9621,0.9621,0.0001,0,0
510230.OF,国泰上证180金融ETF,2023-12-04,0.9569,0.9569,0.9569,0.9569,-0.0054,0,0
510230.OF,国泰上证180金融ETF,2023-12-05,0.9422,0.9422,0.9422,0.9422,-0.0154,0,0
510230.OF,国泰上证180金融ETF,2023-12-06,0.9383,0.9383,0.9383,0.9383,-0.0041,0,0
510230.OF,国泰上证180金融ETF,2023-12-07,0.9406,0.9406,0.9406,0.9406,0.0025,0,0
510230.OF,国泰上证180金融ETF,2023-12-08,0.9373,0.9373,0.9373,0.9373,-0.0035,0,0
510230.OF,国泰上证180金融ETF,2023-12-11,0.9452,0.9452,0.9452,0.9452,0.0084,0,0
510230.OF,国泰上证180金融ETF,2023-12-12,0.9524,0.9524,0.9524,0.9524,0.0076,0,0
510230.OF,国泰上证180金融ETF,2023-12-13,0.9395,0.9395,0.9395,0.9395,-0.0135,0,0
510230.OF,国泰上证180金融ETF,2023-12-14,0.9347,0.9347,0.9347,0.9347,-0.0051,0,0
510230.OF,国泰上证180金融ETF,2023-12-15,0.932,0.932,0.932,0.932,-0.0029,0,0
510230.OF,国泰上证180金融ETF,2023-12-18,0.9331,0.9331,0.9331,0.9331,0.0012,0,0
510230.OF,国泰上证180金融ETF,2023-12-19,0.9336,0.9336,0.9336,0.9336,0.0005,0,0
510230.OF,国泰上证180金融ETF,2023-12-20,0.9242,0.9242,0.9242,0.9242,-0.0101,0,0
510230.OF,国泰上证180金融ETF,2023-12-21,0.9285,0.9285,0.9285,0.9285,0.0047,0,0
510230.OF,国泰上证180金融ETF,2023-12-22,0.931,0.931,0.931,0.931,0.0027,0,0
510230.OF,国泰上证180金融ETF,2023-12-25,0.9301,0.9301,0.9301,0.9301,-0.001,0,0
510230.OF,国泰上证180金融ETF,2023-12-26,0.9258,0.9258,0.9258,0.9258,-0.0046,0,0
510230.OF,国泰上证180金融ETF,2023-12-27,0.9288,0.9288,0.9288,0.9288,0.0032,0,0
510230.OF,国泰上证180金融ETF,2023-12-28,0.9429,0.9429,0.9429,0.9429,0.0152,0,0
510230.OF,国泰上证180金融ETF,2023-12-29,0.949,0.949,0.949,0.949,0.0065,0,0
510230.OF,国泰上证180金融ETF,2023-12-31,0.9489,0.9489,0.9489,0.9489,-0.0001,0,0
510230.OF,国泰上证180金融ETF,2024-01-02,0.9365,0.9365,0.9365,0.9365,-0.0131,0,0
510230.OF,国泰上证180金融ETF,2024-01-03,0.9408,0.9408,0.9408,0.9408,0.0046,0,0
510230.OF,国泰上证180金融ETF,2024-01-04,0.9388,0.9388,0.9388,0.9388,-0.0021,0,0
510230.OF,国泰上证180金融ETF,2024-01-05,0.9414,0.9414,0.9414,0.9414,0.0028,0,0
510230.OF,国泰上证180金融ETF,2024-01-08,0.9316,0.9316,0.9316,0.9316,-0.0104,0,0
510230.OF,国泰上证180金融ETF,2024-01-09,0.9304,0.9304,0.9304,0.9304,-0.0013,0,0
510230.OF,国泰上证180金融ETF,2024-01-10,0.9234,0.9234,0.9234,0.9234,-0.0075,0,0
510230.OF,国泰上证180金融ETF,2024-01-11,0.9249,0.9249,0.9249,0.9249,0.0016,0,0
510230.OF,国泰上证180金融ETF,2024-01-12,0.924,0.924,0.924,0.924,-0.001,0,0
510230.OF,国泰上证180金融ETF,2024-01-15,0.9271,0.9271,0.9271,0.9271,0.0034,0,0
510230.OF,国泰上证180金融ETF,2024-01-16,0.9383,0.9383,0.9383,0.9383,0.0121,0,0
510230.OF,国泰上证180金融ETF,2024-01-17,0.9284,0.9284,0.9284,0.9284,-0.0106,0,0
510230.OF,国泰上证180金融ETF,2024-01-18,0.937,0.937,0.937,0.937,0.0093,0,0
510230.OF,国泰上证180金融ETF,2024-01-19,0.9372,0.9372,0.9372,0.9372,0.0002,0,0
510230.OF,国泰上证180金融ETF,2024-01-22,0.935,0.935,0.935,0.935,-0.0023,0,0
510230.OF,国泰上证180金融ETF,2024-01-23,0.937,0.937,0.937,0.937,0.0021,0,0
510230.OF,国泰上证180金融ETF,2024-01-24,0.959,0.959,0.959,0.959,0.0235,0,0
510230.OF,国泰上证180金融ETF,2024-01-25,0.9765,0.9765,0.9765,0.9765,0.0182,0,0
510230.OF,国泰上证180金融ETF,2024-01-26,0.9853,0.9853,0.9853,0.9853,0.009,0,0
510230.OF,国泰上证180金融ETF,2024-01-29,0.987,0.987,0.987,0.987,0.0017,0,0
510230.OF,国泰上证180金融ETF,2024-01-30,0.9761,0.9761,0.9761,0.9761,-0.011,0,0
510230.OF,国泰上证180金融ETF,2024-01-31,0.9765,0.9765,0.9765,0.9765,0.0004,0,0
510230.OF,国泰上证180金融ETF,2024-02-01,0.9699,0.9699,0.9699,0.9699,-0.0068,0,0
510230.OF,国泰上证180金融ETF,2024-02-02,0.9663,0.9663,0.9663,0.9663,-0.0037,0,0
510230.OF,国泰上证180金融ETF,2024-02-05,0.9748,0.9748,0.9748,0.9748,0.0088,0,0
510230.OF,国泰上证180金融ETF,2024-02-06,0.9967,0.9967,0.9967,0.9967,0.0225,0,0
510230.OF,国泰上证180金融ETF,2024-02-07,0.9957,0.9957,0.9957,0.9957,-0.001,0,0
510230.OF,国泰上证180金融ETF,2024-02-08,0.9979,0.9979,0.9979,0.9979,0.0022,0,0
510230.OF,国泰上证180金融ETF,2024-02-19,1.0063,1.0063,1.0063,1.0063,0.0084,0,0
510230.OF,国泰上证180金融ETF,2024-02-20,1.0118,1.0118,1.0118,1.0118,0.0055,0,0
510230.OF,国泰上证180金融ETF,2024-02-21,1.0335,1.0335,1.0335,1.0335,0.0214,0,0
510230.OF,国泰上证180金融ETF,2024-02-22,1.0383,1.0383,1.0383,1.0383,0.0046,0,0
510230.OF,国泰上证180金融ETF,2024-02-23,1.0426,1.0426,1.0426,1.0426,0.0041,0,0
510230.OF,国泰上证180金融ETF,2024-02-26,1.0194,1.0194,1.0194,1.0194,-0.0223,0,0
510230.OF,国泰上证180金融ETF,2024-02-27,1.0226,1.0226,1.0226,1.0226,0.0031,0,0
510230.OF,国泰上证180金融ETF,2024-02-28,1.0149,1.0149,1.0149,1.0149,-0.0075,0,0
510230.OF,国泰上证180金融ETF,2024-02-29,1.0219,1.0219,1.0219,1.0219,0.0069,0,0
510230.OF,国泰上证180金融ETF,2024-03-01,1.0237,1.0237,1.0237,1.0237,0.0018,0,0
510230.OF,国泰上证180金融ETF,2024-03-04,1.0138,1.0138,1.0138,1.0138,-0.0097,0,0
510230.OF,国泰上证180金融ETF,2024-03-05,1.0268,1.0268,1.0268,1.0268,0.0128,0,0
510230.OF,国泰上证180金融ETF,2024-03-06,1.0192,1.0192,1.0192,1.0192,-0.0074,0,0
510230.OF,国泰上证180金融ETF,2024-03-07,1.0207,1.0207,1.0207,1.0207,0.0015,0,0
510230.OF,国泰上证180金融ETF,2024-03-08,1.0185,1.0185,1.0185,1.0185,-0.0022,0,0
510230.OF,国泰上证180金融ETF,2024-03-11,1.021,1.021,1.021,1.021,0.0025,0,0
510230.OF,国泰上证180金融ETF,2024-03-12,1.0194,1.0194,1.0194,1.0194,-0.0016,0,0
510230.OF,国泰上证180金融ETF,2024-03-13,1.0047,1.0047,1.0047,1.0047,-0.0144,0,0
510230.OF,国泰上证180金融ETF,2024-03-14,1.0008,1.0008,1.0008,1.0008,-0.0039,0,0
510230.OF,国泰上证180金融ETF,2024-03-15,1.0041,1.0041,1.0041,1.0041,0.0033,0,0
510230.OF,国泰上证180金融ETF,2024-03-18,1.0087,1.0087,1.0087,1.0087,0.0046,0,0
510230.OF,国泰上证180金融ETF,2024-03-19,0.9963,0.9963,0.9963,0.9963,-0.0123,0,0
510230.OF,国泰上证180金融ETF,2024-03-20,1.0022,1.0022,1.0022,1.0022,0.0059,0,0
510230.OF,国泰上证180金融ETF,2024-03-21,1.0074,1.0074,1.0074,1.0074,0.0052,0,0
510230.OF,国泰上证180金融ETF,2024-03-22,0.9966,0.9966,0.9966,0.9966,-0.0107,0,0
510230.OF,国泰上证180金融ETF,2024-03-25,0.9907,0.9907,0.9907,0.9907,-0.0059,0,0
510230.OF,国泰上证180金融ETF,2024-03-26,1.0026,1.0026,1.0026,1.0026,0.012,0,0
510230.OF,国泰上证180金融ETF,2024-03-27,1.0011,1.0011,1.0011,1.0011,-0.0015,0,0
510230.OF,国泰上证180金融ETF,2024-03-28,0.9926,0.9926,0.9926,0.9926,-0.0085,0,0
510230.OF,国泰上证180金融ETF,2024-03-29,0.9936,0.9936,0.9936,0.9936,0.001,0,0
510230.OF,国泰上证180金融ETF,2024-03-31,0.9936,0.9936,0.9936,0.9936,0.0,0,0
510230.OF,国泰上证180金融ETF,2024-04-01,1.0036,1.0036,1.0036,1.0036,0.0101,0,0
510230.OF,国泰上证180金融ETF,2024-04-02,1.0017,1.0017,1.0017,1.0017,-0.0019,0,0
510230.OF,国泰上证180金融ETF,2024-04-03,0.9947,0.9947,0.9947,0.9947,-0.007,0,0
510230.OF,国泰上证180金融ETF,2024-04-08,0.9931,0.9931,0.9931,0.9931,-0.0016,0,0
510230.OF,国泰上证180金融ETF,2024-04-09,0.989,0.989,0.989,0.989,-0.0041,0,0
510230.OF,国泰上证180金融ETF,2024-04-10,0.9827,0.9827,0.9827,0.9827,-0.0064,0,0
510230.OF,国泰上证180金融ETF,2024-04-11,0.9788,0.9788,0.9788,0.9788,-0.004,0,0
510230.OF,国泰上证180金融ETF,2024-04-12,0.9658,0.9658,0.9658,0.9658,-0.0133,0,0
510230.OF,国泰上证180金融ETF,2024-04-15,0.9845,0.9845,0.9845,0.9845,0.0194,0,0
510230.OF,国泰上证180金融ETF,2024-04-16,0.9824,0.9824,0.9824,0.9824,-0.0021,0,0
510230.OF,国泰上证180金融ETF,2024-04-17,0.9973,0.9973,0.9973,0.9973,0.0152,0,0
510230.OF,国泰上证180金融ETF,2024-04-18,1.0095,1.0095,1.0095,1.0095,0.0122,0,0
510230.OF,国泰上证180金融ETF,2024-04-19,1.0055,1.0055,1.0055,1.0055,-0.004,0,0
510230.OF,国泰上证180金融ETF,2024-04-22,1.0028,1.0028,1.0028,1.0028,-0.0027,0,0
510230.OF,国泰上证180金融ETF,2024-04-23,1.0021,1.0021,1.0021,1.0021,-0.0007,0,0
510230.OF,国泰上证180金融ETF,2024-04-24,1.0042,1.0042,1.0042,1.0042,0.0021,0,0
510230.OF,国泰上证180金融ETF,2024-04-25,1.0144,1.0144,1.0144,1.0144,0.0102,0,0
510230.OF,国泰上证180金融ETF,2024-04-26,1.021,1.021,1.021,1.021,0.0065,0,0
510230.OF,国泰上证180金融ETF,2024-04-29,1.0307,1.0307,1.0307,1.0307,0.0095,0,0
510230.OF,国泰上证180金融ETF,2024-04-30,1.0249,1.0249,1.0249,1.0249,-0.0056,0,0
510230.OF,国泰上证180金融ETF,2024-05-06,1.0314,1.0314,1.0314,1.0314,0.0063,0,0
510230.OF,国泰上证180金融ETF,2024-05-07,1.0324,1.0324,1.0324,1.0324,0.001,0,0
510230.OF,国泰上证180金融ETF,2024-05-08,1.0265,1.0265,1.0265,1.0265,-0.0057,0,0
510230.OF,国泰上证180金融ETF,2024-05-09,1.0296,1.0296,1.0296,1.0296,0.003,0,0
510230.OF,国泰上证180金融ETF,2024-05-10,1.0412,1.0412,1.0412,1.0412,0.0113,0,0
510230.OF,国泰上证180金融ETF,2024-05-13,1.044,1.044,1.044,1.044,0.0027,0,0
510230.OF,国泰上证180金融ETF,2024-05-14,1.039,1.039,1.039,1.039,-0.0048,0,0
510230.OF,国泰上证180金融ETF,2024-05-15,1.0292,1.0292,1.0292,1.0292,-0.0094,0,0
510230.OF,国泰上证180金融ETF,2024-05-16,1.0449,1.0449,1.0449,1.0449,0.0153,0,0
510230.OF,国泰上证180金融ETF,2024-05-17,1.0649,1.0649,1.0649,1.0649,0.0191,0,0
510230.OF,国泰上证180金融ETF,2024-05-20,1.0659,1.0659,1.0659,1.0659,0.0009,0,0
510230.OF,国泰上证180金融ETF,2024-05-21,1.0676,1.0676,1.0676,1.0676,0.0016,0,0
510230.OF,国泰上证180金融ETF,2024-05-22,1.0704,1.0704,1.0704,1.0704,0.0026,0,0
510230.OF,国泰上证180金融ETF,2024-05-23,1.0591,1.0591,1.0591,1.0591,-0.0106,0,0
510230.OF,国泰上证180金融ETF,2024-05-24,1.045,1.045,1.045,1.045,-0.0133,0,0
510230.OF,国泰上证180金融ETF,2024-05-27,1.0566,1.0566,1.0566,1.0566,0.0111,0,0
510230.OF,国泰上证180金融ETF,2024-05-28,1.051,1.051,1.051,1.051,-0.0053,0,0
510230.OF,国泰上证180金融ETF,2024-05-29,1.0456,1.0456,1.0456,1.0456,-0.0051,0,0
510230.OF,国泰上证180金融ETF,2024-05-30,1.0387,1.0387,1.0387,1.0387,-0.0066,0,0
510230.OF,国泰上证180金融ETF,2024-05-31,1.0388,1.0388,1.0388,1.0388,0.0001,0,0
510230.OF,国泰上证180金融ETF,2024-06-03,1.0331,1.0331,1.0331,1.0331,-0.0055,0,0
510230.OF,国泰上证180金融ETF,2024-06-04,1.0377,1.0377,1.0377,1.0377,0.0045,0,0
510230.OF,国泰上证180金融ETF,2024-06-05,1.0316,1.0316,1.0316,1.0316,-0.0059,0,0
510230.OF,国泰上证180金融ETF,2024-06-06,1.0264,1.0264,1.0264,1.0264,-0.005,0,0
510230.OF,国泰上证180金融ETF,2024-06-07,1.0297,1.0297,1.0297,1.0297,0.0032,0,0
510230.OF,国泰上证180金融ETF,2024-06-11,1.0169,1.0169,1.0169,1.0169,-0.0124,0,0
510230.OF,国泰上证180金融ETF,2024-06-12,1.0113,1.0113,1.0113,1.0113,-0.0055,0,0
510230.OF,国泰上证180金融ETF,2024-06-13,1.0087,1.0087,1.0087,1.0087,-0.0026,0,0
510230.OF,国泰上证180金融ETF,2024-06-14,1.0242,1.0242,1.0242,1.0242,0.0154,0,0
510230.OF,国泰上证180金融ETF,2024-06-17,1.019,1.019,1.019,1.019,-0.0051,0,0
510230.OF,国泰上证180金融ETF,2024-06-18,1.0233,1.0233,1.0233,1.0233,0.0042,0,0
510230.OF,国泰上证180金融ETF,2024-06-19,1.0275,1.0275,1.0275,1.0275,0.0041,0,0
510230.OF,国泰上证180金融ETF,2024-06-20,1.0222,1.0222,1.0222,1.0222,-0.0052,0,0
510230.OF,国泰上证180金融ETF,2024-06-21,1.0215,1.0215,1.0215,1.0215,-0.0007,0,0
510230.OF,国泰上证180金融ETF,2024-06-24,1.0234,1.0234,1.0234,1.0234,0.0019,0,0
510230.OF,国泰上证180金融ETF,2024-06-25,1.0203,1.0203,1.0203,1.0203,-0.003,0,0
510230.OF,国泰上证180金融ETF,2024-06-26,1.0239,1.0239,1.0239,1.0239,0.0035,0,0
510230.OF,国泰上证180金融ETF,2024-06-27,1.027,1.027,1.027,1.027,0.003,0,0
510230.OF,国泰上证180金融ETF,2024-06-28,1.0256,1.0256,1.0256,1.0256,-0.0014,0,0
510230.OF,国泰上证180金融ETF,2024-06-30,1.0255,1.0255,1.0255,1.0255,-0.0001,0,0
510230.OF,国泰上证180金融ETF,2024-07-01,1.0336,1.0336,1.0336,1.0336,0.0079,0,0
510230.OF,国泰上证180金融ETF,2024-07-02,1.0449,1.0449,1.0449,1.0449,0.0109,0,0
510230.OF,国泰上证180金融ETF,2024-07-03,1.0408,1.0408,1.0408,1.0408,-0.0039,0,0
510230.OF,国泰上证180金融ETF,2024-07-04,1.0389,1.0389,1.0389,1.0389,-0.0018,0,0
510230.OF,国泰上证180金融ETF,2024-07-05,1.0214,1.0214,1.0214,1.0214,-0.0168,0,0
510230.OF,国泰上证180金融ETF,2024-07-08,1.0197,1.0197,1.0197,1.0197,-0.0017,0,0
510230.OF,国泰上证180金融ETF,2024-07-09,1.0336,1.0336,1.0336,1.0336,0.0136,0,0
510230.OF,国泰上证180金融ETF,2024-07-10,1.0399,1.0399,1.0399,1.0399,0.0061,0,0
510230.OF,国泰上证180金融ETF,2024-07-11,1.0387,1.0387,1.0387,1.0387,-0.0012,0,0
510230.OF,国泰上证180金融ETF,2024-07-12,1.0555,1.0555,1.0555,1.0555,0.0162,0,0
510230.OF,国泰上证180金融ETF,2024-07-15,1.0617,1.0617,1.0617,1.0617,0.0059,0,0
510230.OF,国泰上证180金融ETF,2024-07-16,1.059,1.059,1.059,1.059,-0.0025,0,0
510230.OF,国泰上证180金融ETF,2024-07-17,1.0707,1.0707,1.0707,1.0707,0.011,0,0
510230.OF,国泰上证180金融ETF,2024-07-18,1.0729,1.0729,1.0729,1.0729,0.0021,0,0
510230.OF,国泰上证180金融ETF,2024-07-19,1.078,1.078,1.078,1.078,0.0048,0,0
510230.OF,国泰上证180金融ETF,2024-07-22,1.0708,1.0708,1.0708,1.0708,-0.0067,0,0
510230.OF,国泰上证180金融ETF,2024-07-23,1.0688,1.0688,1.0688,1.0688,-0.0019,0,0
510230.OF,国泰上证180金融ETF,2024-07-24,1.0646,1.0646,1.0646,1.0646,-0.0039,0,0
510230.OF,国泰上证180金融ETF,2024-07-25,1.0608,1.0608,1.0608,1.0608,-0.0036,0,0
510230.OF,国泰上证180金融ETF,2024-07-26,1.0541,1.0541,1.0541,1.0541,-0.0063,0,0
510230.OF,国泰上证180金融ETF,2024-07-29,1.0609,1.0609,1.0609,1.0609,0.0065,0,0
510230.OF,国泰上证180金融ETF,2024-07-30,1.0597,1.0597,1.0597,1.0597,-0.0011,0,0
510230.OF,国泰上证180金融ETF,2024-07-31,1.0732,1.0732,1.0732,1.0732,0.0127,0,0
510230.OF,国泰上证180金融ETF,2024-08-01,1.074,1.074,1.074,1.074,0.0007,0,0
510230.OF,国泰上证180金融ETF,2024-08-02,1.0621,1.0621,1.0621,1.0621,-0.0111,0,0
510230.OF,国泰上证180金融ETF,2024-08-05,1.0575,1.0575,1.0575,1.0575,-0.0043,0,0
510230.OF,国泰上证180金融ETF,2024-08-06,1.0441,1.0441,1.0441,1.0441,-0.0127,0,0
510230.OF,国泰上证180金融ETF,2024-08-07,1.0435,1.0435,1.0435,1.0435,-0.0006,0,0
510230.OF,国泰上证180金融ETF,2024-08-08,1.047,1.047,1.047,1.047,0.0034,0,0
510230.OF,国泰上证180金融ETF,2024-08-09,1.0477,1.0477,1.0477,1.0477,0.0007,0,0
510230.OF,国泰上证180金融ETF,2024-08-12,1.0471,1.0471,1.0471,1.0471,-0.0006,0,0
510230.OF,国泰上证180金融ETF,2024-08-13,1.0531,1.0531,1.0531,1.0531,0.0057,0,0
510230.OF,国泰上证180金融ETF,2024-08-14,1.0502,1.0502,1.0502,1.0502,-0.0028,0,0
510230.OF,国泰上证180金融ETF,2024-08-15,1.0658,1.0658,1.0658,1.0658,0.0149,0,0
510230.OF,国泰上证180金融ETF,2024-08-16,1.0742,1.0742,1.0742,1.0742,0.0079,0,0
510230.OF,国泰上证180金融ETF,2024-08-19,1.088,1.088,1.088,1.088,0.0128,0,0
510230.OF,国泰上证180金融ETF,2024-08-20,1.0869,1.0869,1.0869,1.0869,-0.001,0,0
510230.OF,国泰上证180金融ETF,2024-08-21,1.0821,1.0821,1.0821,1.0821,-0.0044,0,0
510230.OF,国泰上证180金融ETF,2024-08-22,1.0828,1.0828,1.0828,1.0828,0.0006,0,0
510230.OF,国泰上证180金融ETF,2024-08-23,1.0975,1.0975,1.0975,1.0975,0.0136,0,0
510230.OF,国泰上证180金融ETF,2024-08-26,1.0984,1.0984,1.0984,1.0984,0.0008,0,0
510230.OF,国泰上证180金融ETF,2024-08-27,1.0984,1.0984,1.0984,1.0984,0.0,0,0
510230.OF,国泰上证180金融ETF,2024-08-28,1.0939,1.0939,1.0939,1.0939,-0.0041,0,0
510230.OF,国泰上证180金融ETF,2024-08-29,1.0695,1.0695,1.0695,1.0695,-0.0223,0,0
510230.OF,国泰上证180金融ETF,2024-08-30,1.0673,1.0673,1.0673,1.0673,-0.0021,0,0
510230.OF,国泰上证180金融ETF,2024-09-02,1.0621,1.0621,1.0621,1.0621,-0.0049,0,0
510230.OF,国泰上证180金融ETF,2024-09-03,1.0515,1.0515,1.0515,1.0515,-0.01,0,0
510230.OF,国泰上证180金融ETF,2024-09-04,1.0461,1.0461,1.0461,1.0461,-0.0051,0,0
510230.OF,国泰上证180金融ETF,2024-09-05,1.0514,1.0514,1.0514,1.0514,0.0051,0,0
510230.OF,国泰上证180金融ETF,2024-09-06,1.0544,1.0544,1.0544,1.0544,0.0029,0,0
510230.OF,国泰上证180金融ETF,2024-09-09,1.0392,1.0392,1.0392,1.0392,-0.0144,0,0
510230.OF,国泰上证180金融ETF,2024-09-10,1.0427,1.0427,1.0427,1.0427,0.0034,0,0
510230.OF,国泰上证180金融ETF,2024-09-11,1.0299,1.0299,1.0299,1.0299,-0.0123,0,0
510230.OF,国泰上证180金融ETF,2024-09-12,1.0333,1.0333,1.0333,1.0333,0.0033,0,0
510230.OF,国泰上证180金融ETF,2024-09-13,1.0336,1.0336,1.0336,1.0336,0.0003,0,0
510230.OF,国泰上证180金融ETF,2024-09-18,1.0451,1.0451,1.0451,1.0451,0.0111,0,0
510230.OF,国泰上证180金融ETF,2024-09-19,1.0481,1.0481,1.0481,1.0481,0.0029,0,0
510230.OF,国泰上证180金融ETF,2024-09-20,1.0523,1.0523,1.0523,1.0523,0.004,0,0
510230.OF,国泰上证180金融ETF,2024-09-23,1.062,1.062,1.062,1.062,0.0092,0,0
510230.OF,国泰上证180金融ETF,2024-09-24,1.1135,1.1135,1.1135,1.1135,0.0485,0,0
510230.OF,国泰上证180金融ETF,2024-09-25,1.1329,1.1329,1.1329,1.1329,0.0174,0,0
510230.OF,国泰上证180金融ETF,2024-09-26,1.1804,1.1804,1.1804,1.1804,0.0419,0,0
510230.OF,国泰上证180金融ETF,2024-09-27,1.1981,1.1981,1.1981,1.1981,0.015,0,0
510230.OF,国泰上证180金融ETF,2024-09-30,1.274,1.274,1.274,1.274,0.0634,0,0
510230.OF,国泰上证180金融ETF,2024-10-08,1.3395,1.3395,1.3395,1.3395,0.0514,0,0
510230.OF,国泰上证180金融ETF,2024-10-09,1.2598,1.2598,1.2598,1.2598,-0.0595,0,0
510230.OF,国泰上证180金融ETF,2024-10-10,1.2886,1.2886,1.2886,1.2886,0.0229,0,0
510230.OF,国泰上证180金融ETF,2024-10-11,1.281,1.281,1.281,1.281,-0.0059,0,0
510230.OF,国泰上证180金融ETF,2024-10-14,1.3087,1.3087,1.3087,1.3087,0.0216,0,0
510230.OF,国泰上证180金融ETF,2024-10-15,1.2741,1.2741,1.2741,1.2741,-0.0264,0,0
510230.OF,国泰上证180金融ETF,2024-10-16,1.2915,1.2915,1.2915,1.2915,0.0137,0,0
510230.OF,国泰上证180金融ETF,2024-10-17,1.2816,1.2816,1.2816,1.2816,-0.0077,0,0
510230.OF,国泰上证180金融ETF,2024-10-18,1.3081,1.3081,1.3081,1.3081,0.0207,0,0
510230.OF,国泰上证180金融ETF,2024-10-21,1.2905,1.2905,1.2905,1.2905,-0.0135,0,0
510230.OF,国泰上证180金融ETF,2024-10-22,1.2936,1.2936,1.2936,1.2936,0.0024,0,0
510230.OF,国泰上证180金融ETF,2024-10-23,1.2991,1.2991,1.2991,1.2991,0.0043,0,0
510230.OF,国泰上证180金融ETF,2024-10-24,1.2956,1.2956,1.2956,1.2956,-0.0027,0,0
510230.OF,国泰上证180金融ETF,2024-10-25,1.2898,1.2898,1.2898,1.2898,-0.0045,0,0
510230.OF,国泰上证180金融ETF,2024-10-28,1.2821,1.2821,1.2821,1.2821,-0.006,0,0
510230.OF,国泰上证180金融ETF,2024-10-29,1.2814,1.2814,1.2814,1.2814,-0.0005,0,0
510230.OF,国泰上证180金融ETF,2024-10-30,1.2649,1.2649,1.2649,1.2649,-0.0129,0,0
510230.OF,国泰上证180金融ETF,2024-10-31,1.2622,1.2622,1.2622,1.2622,-0.0021,0,0
510230.OF,国泰上证180金融ETF,2024-11-01,1.2676,1.2676,1.2676,1.2676,0.0043,0,0
510230.OF,国泰上证180金融ETF,2024-11-04,1.2864,1.2864,1.2864,1.2864,0.0148,0,0
510230.OF,国泰上证180金融ETF,2024-11-05,1.3162,1.3162,1.3162,1.3162,0.0232,0,0
510230.OF,国泰上证180金融ETF,2024-11-06,1.3068,1.3068,1.3068,1.3068,-0.0071,0,0
510230.OF,国泰上证180金融ETF,2024-11-07,1.3628,1.3628,1.3628,1.3628,0.0429,0,0
510230.OF,国泰上证180金融ETF,2024-11-08,1.3405,1.3405,1.3405,1.3405,-0.0164,0,0
510230.OF,国泰上证180金融ETF,2024-11-11,1.3246,1.3246,1.3246,1.3246,-0.0119,0,0
510230.OF,国泰上证180金融ETF,2024-11-12,1.301,1.301,1.301,1.301,-0.0178,0,0
510230.OF,国泰上证180金融ETF,2024-11-13,1.303,1.303,1.303,1.303,0.0015,0,0
510230.OF,国泰上证180金融ETF,2024-11-14,1.3014,1.3014,1.3014,1.3014,-0.0012,0,0
510230.OF,国泰上证180金融ETF,2024-11-15,1.2802,1.2802,1.2802,1.2802,-0.0163,0,0
510230.OF,国泰上证180金融ETF,2024-11-18,1.2892,1.2892,1.2892,1.2892,0.007,0,0
510230.OF,国泰上证180金融ETF,2024-11-19,1.2895,1.2895,1.2895,1.2895,0.0002,0,0
510230.OF,国泰上证180金融ETF,2024-11-20,1.287,1.287,1.287,1.287,-0.0019,0,0
510230.OF,国泰上证180金融ETF,2024-11-21,1.2892,1.2892,1.2892,1.2892,0.0017,0,0
510230.OF,国泰上证180金融ETF,2024-11-22,1.2466,1.2466,1.2466,1.2466,-0.033,0,0
510230.OF,国泰上证180金融ETF,2024-11-25,1.2412,1.2412,1.2412,1.2412,-0.0043,0,0
510230.OF,国泰上证180金融ETF,2024-11-26,1.2508,1.2508,1.2508,1.2508,0.0077,0,0
510230.OF,国泰上证180金融ETF,2024-11-27,1.2657,1.2657,1.2657,1.2657,0.0119,0,0
510230.OF,国泰上证180金融ETF,2024-11-28,1.2584,1.2584,1.2584,1.2584,-0.0058,0,0
510230.OF,国泰上证180金融ETF,2024-11-29,1.2647,1.2647,1.2647,1.2647,0.005,0,0
510230.OF,国泰上证180金融ETF,2024-12-02,1.2716,1.2716,1.2716,1.2716,0.0055,0,0
510230.OF,国泰上证180金融ETF,2024-12-03,1.2849,1.2849,1.2849,1.2849,0.0105,0,0
510230.OF,国泰上证180金融ETF,2024-12-04,1.28,1.28,1.28,1.28,-0.0038,0,0
510230.OF,国泰上证180金融ETF,2024-12-05,1.2788,1.2788,1.2788,1.2788,-0.0009,0,0
510230.OF,国泰上证180金融ETF,2024-12-06,1.2999,1.2999,1.2999,1.2999,0.0165,0,0
510230.OF,国泰上证180金融ETF,2024-12-09,1.2986,1.2986,1.2986,1.2986,-0.001,0,0
510230.OF,国泰上证180金融ETF,2024-12-10,1.3141,1.3141,1.3141,1.3141,0.0119,0,0
510230.OF,国泰上证180金融ETF,2024-12-11,1.3,1.3,1.3,1.3,-0.0107,0,0
510230.OF,国泰上证180金融ETF,2024-12-12,1.3173,1.3173,1.3173,1.3173,0.0133,0,0
510230.OF,国泰上证180金融ETF,2024-12-13,1.2828,1.2828,1.2828,1.2828,-0.0262,0,0
510230.OF,国泰上证180金融ETF,2024-12-16,1.2837,1.2837,1.2837,1.2837,0.0007,0,0
510230.OF,国泰上证180金融ETF,2024-12-17,1.2829,1.2829,1.2829,1.2829,-0.0006,0,0
510230.OF,国泰上证180金融ETF,2024-12-18,1.2921,1.2921,1.2921,1.2921,0.0072,0,0
510230.OF,国泰上证180金融ETF,2024-12-19,1.2841,1.2841,1.2841,1.2841,-0.0062,0,0
510230.OF,国泰上证180金融ETF,2024-12-20,1.2832,1.2832,1.2832,1.2832,-0.0007,0,0
510230.OF,国泰上证180金融ETF,2024-12-23,1.2939,1.2939,1.2939,1.2939,0.0083,0,0
510230.OF,国泰上证180金融ETF,2024-12-24,1.3137,1.3137,1.3137,1.3137,0.0153,0,0
510230.OF,国泰上证180金融ETF,2024-12-25,1.3218,1.3218,1.3218,1.3218,0.0062,0,0
510230.OF,国泰上证180金融ETF,2024-12-26,1.3191,1.3191,1.3191,1.3191,-0.002,0,0
510230.OF,国泰上证180金融ETF,2024-12-27,1.3189,1.3189,1.3189,1.3189,-0.0002,0,0
510230.OF,国泰上证180金融ETF,2024-12-30,1.3337,1.3337,1.3337,1.3337,0.0112,0,0
510230.OF,国泰上证180金融ETF,2024-12-31,1.3067,1.3067,1.3067,1.3067,-0.0202,0,0
510230.OF,国泰上证180金融ETF,2025-01-02,1.2652,1.2652,1.2652,1.2652,-0.0318,0,0
510230.OF,国泰上证180金融ETF,2025-01-03,1.2517,1.2517,1.2517,1.2517,-0.0107,0,0
510230.OF,国泰上证180金融ETF,2025-01-06,1.2575,1.2575,1.2575,1.2575,0.0046,0,0
510230.OF,国泰上证180金融ETF,2025-01-07,1.2639,1.2639,1.2639,1.2639,0.0051,0,0
510230.OF,国泰上证180金融ETF,2025-01-08,1.2688,1.2688,1.2688,1.2688,0.0039,0,0
510230.OF,国泰上证180金融ETF,2025-01-09,1.2591,1.2591,1.2591,1.2591,-0.0076,0,0
510230.OF,国泰上证180金融ETF,2025-01-10,1.2479,1.2479,1.2479,1.2479,-0.0089,0,0
510230.OF,国泰上证180金融ETF,2025-01-13,1.2388,1.2388,1.2388,1.2388,-0.0073,0,0
510230.OF,国泰上证180金融ETF,2025-01-14,1.2623,1.2623,1.2623,1.2623,0.019,0,0
510230.OF,国泰上证180金融ETF,2025-01-15,1.2651,1.2651,1.2651,1.2651,0.0022,0,0
510230.OF,国泰上证180金融ETF,2025-01-16,1.2712,1.2712,1.2712,1.2712,0.0048,0,0
510230.OF,国泰上证180金融ETF,2025-01-17,1.2682,1.2682,1.2682,1.2682,-0.0024,0,0
510230.OF,国泰上证180金融ETF,2025-01-20,1.2688,1.2688,1.2688,1.2688,0.0005,0,0
510230.OF,国泰上证180金融ETF,2025-01-21,1.2692,1.2692,1.2692,1.2692,0.0003,0,0
510230.OF,国泰上证180金融ETF,2025-01-22,1.2505,1.2505,1.2505,1.2505,-0.0147,0,0
510230.OF,国泰上证180金融ETF,2025-01-23,1.2767,1.2767,1.2767,1.2767,0.021,0,0
510230.OF,国泰上证180金融ETF,2025-01-24,1.2848,1.2848,1.2848,1.2848,0.0063,0,0
510230.OF,国泰上证180金融ETF,2025-01-27,1.2879,1.2879,1.2879,1.2879,0.0024,0,0
510230.OF,国泰上证180金融ETF,2025-02-05,1.2699,1.2699,1.2699,1.2699,-0.014,0,0
510230.OF,国泰上证180金融ETF,2025-02-06,1.2762,1.2762,1.2762,1.2762,0.005,0,0
510230.OF,国泰上证180金融ETF,2025-02-07,1.2824,1.2824,1.2824,1.2824,0.0049,0,0
510230.OF,国泰上证180金融ETF,2025-02-10,1.2842,1.2842,1.2842,1.2842,0.0014,0,0
510230.OF,国泰上证180金融ETF,2025-02-11,1.2874,1.2874,1.2874,1.2874,0.0025,0,0
510230.OF,国泰上证180金融ETF,2025-02-12,1.2996,1.2996,1.2996,1.2996,0.0095,0,0
510230.OF,国泰上证180金融ETF,2025-02-13,1.2989,1.2989,1.2989,1.2989,-0.0005,0,0
510230.OF,国泰上证180金融ETF,2025-02-14,1.3079,1.3079,1.3079,1.3079,0.0069,0,0
510230.OF,国泰上证180金融ETF,2025-02-17,1.3066,1.3066,1.3066,1.3066,-0.001,0,0
510230.OF,国泰上证180金融ETF,2025-02-18,1.3064,1.3064,1.3064,1.3064,-0.0002,0,0
510230.OF,国泰上证180金融ETF,2025-02-19,1.3078,1.3078,1.3078,1.3078,0.0011,0,0
510230.OF,国泰上证180金融ETF,2025-02-20,1.3025,1.3025,1.3025,1.3025,-0.0041,0,0
510230.OF,国泰上证180金融ETF,2025-02-21,1.3003,1.3003,1.3003,1.3003,-0.0017,0,0
510230.OF,国泰上证180金融ETF,2025-02-24,1.2972,1.2972,1.2972,1.2972,-0.0024,0,0
510230.OF,国泰上证180金融ETF,2025-02-25,1.2828,1.2828,1.2828,1.2828,-0.0111,0,0
510230.OF,国泰上证180金融ETF,2025-02-26,1.298,1.298,1.298,1.298,0.0118,0,0
510230.OF,国泰上证180金融ETF,2025-02-27,1.3093,1.3093,1.3093,1.3093,0.0087,0,0
510230.OF,国泰上证180金融ETF,2025-02-28,1.2876,1.2876,1.2876,1.2876,-0.0166,0,0
510230.OF,国泰上证180金融ETF,2025-03-03,1.2869,1.2869,1.2869,1.2869,-0.0005,0,0
510230.OF,国泰上证180金融ETF,2025-03-04,1.2868,1.2868,1.2868,1.2868,-0.0001,0,0
510230.OF,国泰上证180金融ETF,2025-03-05,1.3017,1.3017,1.3017,1.3017,0.0116,0,0
510230.OF,国泰上证180金融ETF,2025-03-06,1.3094,1.3094,1.3094,1.3094,0.0059,0,0
510230.OF,国泰上证180金融ETF,2025-03-07,1.3055,1.3055,1.3055,1.3055,-0.003,0,0
510230.OF,国泰上证180金融ETF,2025-03-10,1.2934,1.2934,1.2934,1.2934,-0.0093,0,0
510230.OF,国泰上证180金融ETF,2025-03-11,1.3011,1.3011,1.3011,1.3011,0.006,0,0
510230.OF,国泰上证180金融ETF,2025-03-12,1.2983,1.2983,1.2983,1.2983,-0.0022,0,0
510230.OF,国泰上证180金融ETF,2025-03-13,1.3007,1.3007,1.3007,1.3007,0.0018,0,0
510230.OF,国泰上证180金融ETF,2025-03-14,1.3328,1.3328,1.3328,1.3328,0.0247,0,0
510230.OF,国泰上证180金融ETF,2025-03-17,1.3322,1.3322,1.3322,1.3322,-0.0005,0,0
510230.OF,国泰上证180金融ETF,2025-03-18,1.3329,1.3329,1.3329,1.3329,0.0005,0,0
510230.OF,国泰上证180金融ETF,2025-03-19,1.3442,1.3442,1.3442,1.3442,0.0085,0,0
510230.OF,国泰上证180金融ETF,2025-03-20,1.3287,1.3287,1.3287,1.3287,-0.0115,0,0
510230.OF,国泰上证180金融ETF,2025-03-21,1.3108,1.3108,1.3108,1.3108,-0.0135,0,0
510230.OF,国泰上证180金融ETF,2025-03-24,1.3207,1.3207,1.3207,1.3207,0.0076,0,0
510230.OF,国泰上证180金融ETF,2025-03-25,1.3216,1.3216,1.3216,1.3216,0.0007,0,0
510230.OF,国泰上证180金融ETF,2025-03-26,1.3064,1.3064,1.3064,1.3064,-0.0115,0,0
510230.OF,国泰上证180金融ETF,2025-03-27,1.3131,1.3131,1.3131,1.3131,0.0051,0,0
510230.OF,国泰上证180金融ETF,2025-03-28,1.3093,1.3093,1.3093,1.3093,-0.0029,0,0
510230.OF,国泰上证180金融ETF,2025-03-31,1.3052,1.3052,1.3052,1.3052,-0.0031,0,0
510230.OF,国泰上证180金融ETF,2025-04-01,1.3002,1.3002,1.3002,1.3002,-0.0038,0,0
510230.OF,国泰上证180金融ETF,2025-04-02,1.3082,1.3082,1.3082,1.3082,0.0062,0,0
510230.OF,国泰上证180金融ETF,2025-04-03,1.308,1.308,1.308,1.308,-0.0002,0,0
510230.OF,国泰上证180金融ETF,2025-04-07,1.2322,1.2322,1.2322,1.2322,-0.058,0,0
510230.OF,国泰上证180金融ETF,2025-04-08,1.2534,1.2534,1.2534,1.2534,0.0172,0,0
510230.OF,国泰上证180金融ETF,2025-04-09,1.2493,1.2493,1.2493,1.2493,-0.0033,0,0
510230.OF,国泰上证180金融ETF,2025-04-10,1.2612,1.2612,1.2612,1.2612,0.0095,0,0
510230.OF,国泰上证180金融ETF,2025-04-11,1.2647,1.2647,1.2647,1.2647,0.0028,0,0
510230.OF,国泰上证180金融ETF,2025-04-14,1.2694,1.2694,1.2694,1.2694,0.0037,0,0
