代码,名称,日期,开盘价(元),最高价(元),最低价(元),收盘价(元),涨跌幅,成交额(百万),成交量(股)
512200.OF,南方中证全指房地产ETF,2017-08-25,2.7928,2.7928,2.7928,2.7928,0.0,0,0
512200.OF,南方中证全指房地产ETF,2017-09-01,2.7942,2.7942,2.7942,2.7942,0.0005,0,0
512200.OF,南方中证全指房地产ETF,2017-09-08,2.7962,2.7962,2.7962,2.7962,0.0007,0,0
512200.OF,南方中证全指房地产ETF,2017-09-15,2.8163,2.8163,2.8163,2.8163,0.0072,0,0
512200.OF,南方中证全指房地产ETF,2017-09-18,2.8127,2.8127,2.8127,2.8127,-0.0013,0,0
512200.OF,南方中证全指房地产ETF,2017-09-22,2.7688,2.7688,2.7688,2.7688,-0.0156,0,0
512200.OF,南方中证全指房地产ETF,2017-09-25,2.6604,2.6604,2.6604,2.6604,-0.0391,0,0
512200.OF,南方中证全指房地产ETF,2017-09-26,2.6761,2.6761,2.6761,2.6761,0.0059,0,0
512200.OF,南方中证全指房地产ETF,2017-09-27,2.6945,2.6945,2.6945,2.6945,0.0069,0,0
512200.OF,南方中证全指房地产ETF,2017-09-28,2.6537,2.6537,2.6537,2.6537,-0.0151,0,0
512200.OF,南方中证全指房地产ETF,2017-09-29,2.6596,2.6596,2.6596,2.6596,0.0022,0,0
512200.OF,南方中证全指房地产ETF,2017-10-09,2.6831,2.6831,2.6831,2.6831,0.0088,0,0
512200.OF,南方中证全指房地产ETF,2017-10-10,2.685,2.685,2.685,2.685,0.0007,0,0
512200.OF,南方中证全指房地产ETF,2017-10-11,2.6811,2.6811,2.6811,2.6811,-0.0015,0,0
512200.OF,南方中证全指房地产ETF,2017-10-12,2.6713,2.6713,2.6713,2.6713,-0.0036,0,0
512200.OF,南方中证全指房地产ETF,2017-10-13,2.6739,2.6739,2.6739,2.6739,0.0009,0,0
512200.OF,南方中证全指房地产ETF,2017-10-16,2.6322,2.6322,2.6322,2.6322,-0.0156,0,0
512200.OF,南方中证全指房地产ETF,2017-10-17,2.6375,2.6375,2.6375,2.6375,0.002,0,0
512200.OF,南方中证全指房地产ETF,2017-10-18,2.6334,2.6334,2.6334,2.6334,-0.0016,0,0
512200.OF,南方中证全指房地产ETF,2017-10-19,2.6088,2.6088,2.6088,2.6088,-0.0093,0,0
512200.OF,南方中证全指房地产ETF,2017-10-20,2.6403,2.6403,2.6403,2.6403,0.0121,0,0
512200.OF,南方中证全指房地产ETF,2017-10-23,2.6448,2.6448,2.6448,2.6448,0.0017,0,0
512200.OF,南方中证全指房地产ETF,2017-10-24,2.6764,2.6764,2.6764,2.6764,0.0119,0,0
512200.OF,南方中证全指房地产ETF,2017-10-25,2.6912,2.6912,2.6912,2.6912,0.0055,0,0
512200.OF,南方中证全指房地产ETF,2017-10-26,2.6847,2.6847,2.6847,2.6847,-0.0024,0,0
512200.OF,南方中证全指房地产ETF,2017-10-27,2.6741,2.6741,2.6741,2.6741,-0.004,0,0
512200.OF,南方中证全指房地产ETF,2017-10-30,2.6616,2.6616,2.6616,2.6616,-0.0047,0,0
512200.OF,南方中证全指房地产ETF,2017-10-31,2.6775,2.6775,2.6775,2.6775,0.006,0,0
512200.OF,南方中证全指房地产ETF,2017-11-01,2.6775,2.6775,2.6775,2.6775,0.0,0,0
512200.OF,南方中证全指房地产ETF,2017-11-02,2.6669,2.6669,2.6669,2.6669,-0.004,0,0
512200.OF,南方中证全指房地产ETF,2017-11-03,2.6297,2.6297,2.6297,2.6297,-0.0139,0,0
512200.OF,南方中证全指房地产ETF,2017-11-06,2.6102,2.6102,2.6102,2.6102,-0.0074,0,0
512200.OF,南方中证全指房地产ETF,2017-11-07,2.6272,2.6272,2.6272,2.6272,0.0065,0,0
512200.OF,南方中证全指房地产ETF,2017-11-08,2.6317,2.6317,2.6317,2.6317,0.0017,0,0
512200.OF,南方中证全指房地产ETF,2017-11-09,2.6445,2.6445,2.6445,2.6445,0.0049,0,0
512200.OF,南方中证全指房地产ETF,2017-11-10,2.6303,2.6303,2.6303,2.6303,-0.0054,0,0
512200.OF,南方中证全指房地产ETF,2017-11-13,2.6258,2.6258,2.6258,2.6258,-0.0017,0,0
512200.OF,南方中证全指房地产ETF,2017-11-14,2.6462,2.6462,2.6462,2.6462,0.0078,0,0
512200.OF,南方中证全指房地产ETF,2017-11-15,2.6462,2.6462,2.6462,2.6462,0.0,0,0
512200.OF,南方中证全指房地产ETF,2017-11-16,2.6775,2.6775,2.6775,2.6775,0.0118,0,0
512200.OF,南方中证全指房地产ETF,2017-11-17,2.6571,2.6571,2.6571,2.6571,-0.0076,0,0
512200.OF,南方中证全指房地产ETF,2017-11-20,2.6523,2.6523,2.6523,2.6523,-0.0018,0,0
512200.OF,南方中证全指房地产ETF,2017-11-21,2.7222,2.7222,2.7222,2.7222,0.0263,0,0
512200.OF,南方中证全指房地产ETF,2017-11-22,2.735,2.735,2.735,2.735,0.0047,0,0
512200.OF,南方中证全指房地产ETF,2017-11-23,2.6764,2.6764,2.6764,2.6764,-0.0214,0,0
512200.OF,南方中证全指房地产ETF,2017-11-24,2.6979,2.6979,2.6979,2.6979,0.008,0,0
512200.OF,南方中证全指房地产ETF,2017-11-27,2.678,2.678,2.678,2.678,-0.0073,0,0
512200.OF,南方中证全指房地产ETF,2017-11-28,2.6669,2.6669,2.6669,2.6669,-0.0042,0,0
512200.OF,南方中证全指房地产ETF,2017-11-29,2.7761,2.7761,2.7761,2.7761,0.0409,0,0
512200.OF,南方中证全指房地产ETF,2017-11-30,2.7035,2.7035,2.7035,2.7035,-0.0262,0,0
512200.OF,南方中证全指房地产ETF,2017-12-01,2.7074,2.7074,2.7074,2.7074,0.0014,0,0
512200.OF,南方中证全指房地产ETF,2017-12-04,2.6881,2.6881,2.6881,2.6881,-0.0071,0,0
512200.OF,南方中证全指房地产ETF,2017-12-05,2.6741,2.6741,2.6741,2.6741,-0.0052,0,0
512200.OF,南方中证全指房地产ETF,2017-12-06,2.6711,2.6711,2.6711,2.6711,-0.0011,0,0
512200.OF,南方中证全指房地产ETF,2017-12-07,2.6669,2.6669,2.6669,2.6669,-0.0016,0,0
512200.OF,南方中证全指房地产ETF,2017-12-08,2.6691,2.6691,2.6691,2.6691,0.0008,0,0
512200.OF,南方中证全指房地产ETF,2017-12-11,2.6847,2.6847,2.6847,2.6847,0.0059,0,0
512200.OF,南方中证全指房地产ETF,2017-12-12,2.6705,2.6705,2.6705,2.6705,-0.0053,0,0
512200.OF,南方中证全指房地产ETF,2017-12-13,2.675,2.675,2.675,2.675,0.0017,0,0
512200.OF,南方中证全指房地产ETF,2017-12-14,2.6697,2.6697,2.6697,2.6697,-0.002,0,0
512200.OF,南方中证全指房地产ETF,2017-12-15,2.6401,2.6401,2.6401,2.6401,-0.0111,0,0
512200.OF,南方中证全指房地产ETF,2017-12-18,2.6191,2.6191,2.6191,2.6191,-0.0079,0,0
512200.OF,南方中证全指房地产ETF,2017-12-19,2.6415,2.6415,2.6415,2.6415,0.0085,0,0
512200.OF,南方中证全指房地产ETF,2017-12-20,2.613,2.613,2.613,2.613,-0.0108,0,0
512200.OF,南方中证全指房地产ETF,2017-12-21,2.6549,2.6549,2.6549,2.6549,0.016,0,0
512200.OF,南方中证全指房地产ETF,2017-12-22,2.6521,2.6521,2.6521,2.6521,-0.0011,0,0
512200.OF,南方中证全指房地产ETF,2017-12-25,2.6699,2.6699,2.6699,2.6699,0.0067,0,0
512200.OF,南方中证全指房地产ETF,2017-12-26,2.682,2.682,2.682,2.682,0.0045,0,0
512200.OF,南方中证全指房地产ETF,2017-12-27,2.6736,2.6736,2.6736,2.6736,-0.0031,0,0
512200.OF,南方中证全指房地产ETF,2017-12-28,2.6727,2.6727,2.6727,2.6727,-0.0003,0,0
512200.OF,南方中证全指房地产ETF,2017-12-29,2.709,2.709,2.709,2.709,0.0136,0,0
512200.OF,南方中证全指房地产ETF,2017-12-31,2.7088,2.7088,2.7088,2.7088,-0.0001,0,0
512200.OF,南方中证全指房地产ETF,2018-01-02,2.7783,2.7783,2.7783,2.7783,0.0257,0,0
512200.OF,南方中证全指房地产ETF,2018-01-03,2.7965,2.7965,2.7965,2.7965,0.0065,0,0
512200.OF,南方中证全指房地产ETF,2018-01-04,2.8143,2.8143,2.8143,2.8143,0.0064,0,0
512200.OF,南方中证全指房地产ETF,2018-01-05,2.9118,2.9118,2.9118,2.9118,0.0346,0,0
512200.OF,南方中证全指房地产ETF,2018-01-08,2.9802,2.9802,2.9802,2.9802,0.0235,0,0
512200.OF,南方中证全指房地产ETF,2018-01-09,2.9906,2.9906,2.9906,2.9906,0.0035,0,0
512200.OF,南方中证全指房地产ETF,2018-01-10,2.9827,2.9827,2.9827,2.9827,-0.0026,0,0
512200.OF,南方中证全指房地产ETF,2018-01-11,2.9774,2.9774,2.9774,2.9774,-0.0018,0,0
512200.OF,南方中证全指房地产ETF,2018-01-12,2.9998,2.9998,2.9998,2.9998,0.0075,0,0
512200.OF,南方中证全指房地产ETF,2018-01-15,3.0048,3.0048,3.0048,3.0048,0.0017,0,0
512200.OF,南方中证全指房地产ETF,2018-01-16,3.169,3.169,3.169,3.169,0.0547,0,0
512200.OF,南方中证全指房地产ETF,2018-01-17,3.1246,3.1246,3.1246,3.1246,-0.014,0,0
512200.OF,南方中证全指房地产ETF,2018-01-18,3.1051,3.1051,3.1051,3.1051,-0.0063,0,0
512200.OF,南方中证全指房地产ETF,2018-01-19,3.085,3.085,3.085,3.085,-0.0065,0,0
512200.OF,南方中证全指房地产ETF,2018-01-22,3.0995,3.0995,3.0995,3.0995,0.0047,0,0
512200.OF,南方中证全指房地产ETF,2018-01-23,3.1715,3.1715,3.1715,3.1715,0.0232,0,0
512200.OF,南方中证全指房地产ETF,2018-01-24,3.1604,3.1604,3.1604,3.1604,-0.0035,0,0
512200.OF,南方中证全指房地产ETF,2018-01-25,3.1168,3.1168,3.1168,3.1168,-0.0138,0,0
512200.OF,南方中证全指房地产ETF,2018-01-26,3.1531,3.1531,3.1531,3.1531,0.0116,0,0
512200.OF,南方中证全指房地产ETF,2018-01-29,3.1246,3.1246,3.1246,3.1246,-0.009,0,0
512200.OF,南方中证全指房地产ETF,2018-01-30,3.0554,3.0554,3.0554,3.0554,-0.0222,0,0
512200.OF,南方中证全指房地产ETF,2018-01-31,3.081,3.081,3.081,3.081,0.0084,0,0
512200.OF,南方中证全指房地产ETF,2018-02-01,3.0246,3.0246,3.0246,3.0246,-0.0183,0,0
512200.OF,南方中证全指房地产ETF,2018-02-02,3.0235,3.0235,3.0235,3.0235,-0.0004,0,0
512200.OF,南方中证全指房地产ETF,2018-02-05,3.0327,3.0327,3.0327,3.0327,0.003,0,0
512200.OF,南方中证全指房地产ETF,2018-02-06,2.8875,2.8875,2.8875,2.8875,-0.0479,0,0
512200.OF,南方中证全指房地产ETF,2018-02-07,2.7576,2.7576,2.7576,2.7576,-0.045,0,0
512200.OF,南方中证全指房地产ETF,2018-02-08,2.7414,2.7414,2.7414,2.7414,-0.0059,0,0
512200.OF,南方中证全指房地产ETF,2018-02-09,2.5976,2.5976,2.5976,2.5976,-0.0525,0,0
512200.OF,南方中证全指房地产ETF,2018-02-12,2.6429,2.6429,2.6429,2.6429,0.0174,0,0
512200.OF,南方中证全指房地产ETF,2018-02-13,2.6926,2.6926,2.6926,2.6926,0.0188,0,0
512200.OF,南方中证全指房地产ETF,2018-02-14,2.709,2.709,2.709,2.709,0.0061,0,0
512200.OF,南方中证全指房地产ETF,2018-02-22,2.7548,2.7548,2.7548,2.7548,0.0169,0,0
512200.OF,南方中证全指房地产ETF,2018-02-23,2.7881,2.7881,2.7881,2.7881,0.0121,0,0
512200.OF,南方中证全指房地产ETF,2018-02-26,2.7772,2.7772,2.7772,2.7772,-0.0039,0,0
512200.OF,南方中证全指房地产ETF,2018-02-27,2.7266,2.7266,2.7266,2.7266,-0.0182,0,0
512200.OF,南方中证全指房地产ETF,2018-02-28,2.7406,2.7406,2.7406,2.7406,0.0051,0,0
512200.OF,南方中证全指房地产ETF,2018-03-01,2.7345,2.7345,2.7345,2.7345,-0.0022,0,0
512200.OF,南方中证全指房地产ETF,2018-03-02,2.7269,2.7269,2.7269,2.7269,-0.0028,0,0
512200.OF,南方中证全指房地产ETF,2018-03-05,2.7317,2.7317,2.7317,2.7317,0.0017,0,0
512200.OF,南方中证全指房地产ETF,2018-03-06,2.8121,2.8121,2.8121,2.8121,0.0294,0,0
512200.OF,南方中证全指房地产ETF,2018-03-07,2.7814,2.7814,2.7814,2.7814,-0.0109,0,0
512200.OF,南方中证全指房地产ETF,2018-03-08,2.8104,2.8104,2.8104,2.8104,0.0104,0,0
512200.OF,南方中证全指房地产ETF,2018-03-09,2.809,2.809,2.809,2.809,-0.0005,0,0
512200.OF,南方中证全指房地产ETF,2018-03-12,2.7671,2.7671,2.7671,2.7671,-0.0149,0,0
512200.OF,南方中证全指房地产ETF,2018-03-13,2.7585,2.7585,2.7585,2.7585,-0.0031,0,0
512200.OF,南方中证全指房地产ETF,2018-03-14,2.754,2.754,2.754,2.754,-0.0016,0,0
512200.OF,南方中证全指房地产ETF,2018-03-15,2.7445,2.7445,2.7445,2.7445,-0.0034,0,0
512200.OF,南方中证全指房地产ETF,2018-03-16,2.756,2.756,2.756,2.756,0.0042,0,0
512200.OF,南方中证全指房地产ETF,2018-03-19,2.7143,2.7143,2.7143,2.7143,-0.0151,0,0
512200.OF,南方中证全指房地产ETF,2018-03-20,2.7035,2.7035,2.7035,2.7035,-0.004,0,0
512200.OF,南方中证全指房地产ETF,2018-03-21,2.7135,2.7135,2.7135,2.7135,0.0037,0,0
512200.OF,南方中证全指房地产ETF,2018-03-22,2.6839,2.6839,2.6839,2.6839,-0.0109,0,0
512200.OF,南方中证全指房地产ETF,2018-03-23,2.5903,2.5903,2.5903,2.5903,-0.0349,0,0
512200.OF,南方中证全指房地产ETF,2018-03-26,2.5789,2.5789,2.5789,2.5789,-0.0044,0,0
512200.OF,南方中证全指房地产ETF,2018-03-27,2.6166,2.6166,2.6166,2.6166,0.0146,0,0
512200.OF,南方中证全指房地产ETF,2018-03-28,2.6093,2.6093,2.6093,2.6093,-0.0028,0,0
512200.OF,南方中证全指房地产ETF,2018-03-29,2.7071,2.7071,2.7071,2.7071,0.0375,0,0
512200.OF,南方中证全指房地产ETF,2018-03-30,2.6806,2.6806,2.6806,2.6806,-0.0098,0,0
512200.OF,南方中证全指房地产ETF,2018-03-31,2.68,2.68,2.68,2.68,-0.0002,0,0
512200.OF,南方中证全指房地产ETF,2018-04-02,2.6859,2.6859,2.6859,2.6859,0.0022,0,0
512200.OF,南方中证全指房地产ETF,2018-04-03,2.6616,2.6616,2.6616,2.6616,-0.009,0,0
512200.OF,南方中证全指房地产ETF,2018-04-04,2.647,2.647,2.647,2.647,-0.0055,0,0
512200.OF,南方中证全指房地产ETF,2018-04-09,2.6267,2.6267,2.6267,2.6267,-0.0077,0,0
512200.OF,南方中证全指房地产ETF,2018-04-10,2.6775,2.6775,2.6775,2.6775,0.0194,0,0
512200.OF,南方中证全指房地产ETF,2018-04-11,2.7054,2.7054,2.7054,2.7054,0.0104,0,0
512200.OF,南方中证全指房地产ETF,2018-04-12,2.6817,2.6817,2.6817,2.6817,-0.0088,0,0
512200.OF,南方中证全指房地产ETF,2018-04-13,2.6635,2.6635,2.6635,2.6635,-0.0068,0,0
512200.OF,南方中证全指房地产ETF,2018-04-16,2.5931,2.5931,2.5931,2.5931,-0.0264,0,0
512200.OF,南方中证全指房地产ETF,2018-04-17,2.5529,2.5529,2.5529,2.5529,-0.0155,0,0
512200.OF,南方中证全指房地产ETF,2018-04-18,2.5661,2.5661,2.5661,2.5661,0.0051,0,0
512200.OF,南方中证全指房地产ETF,2018-04-19,2.5769,2.5769,2.5769,2.5769,0.0042,0,0
512200.OF,南方中证全指房地产ETF,2018-04-20,2.539,2.539,2.539,2.539,-0.0147,0,0
512200.OF,南方中证全指房地产ETF,2018-04-23,2.5339,2.5339,2.5339,2.5339,-0.002,0,0
512200.OF,南方中证全指房地产ETF,2018-04-24,2.599,2.599,2.599,2.599,0.0257,0,0
512200.OF,南方中证全指房地产ETF,2018-04-25,2.5747,2.5747,2.5747,2.5747,-0.0093,0,0
512200.OF,南方中证全指房地产ETF,2018-04-26,2.5303,2.5303,2.5303,2.5303,-0.0172,0,0
512200.OF,南方中证全指房地产ETF,2018-04-27,2.5205,2.5205,2.5205,2.5205,-0.0039,0,0
512200.OF,南方中证全指房地产ETF,2018-05-02,2.5155,2.5155,2.5155,2.5155,-0.002,0,0
512200.OF,南方中证全指房地产ETF,2018-05-03,2.5216,2.5216,2.5216,2.5216,0.0024,0,0
512200.OF,南方中证全指房地产ETF,2018-05-04,2.5175,2.5175,2.5175,2.5175,-0.0017,0,0
512200.OF,南方中证全指房地产ETF,2018-05-07,2.5554,2.5554,2.5554,2.5554,0.0151,0,0
512200.OF,南方中证全指房地产ETF,2018-05-08,2.5943,2.5943,2.5943,2.5943,0.0152,0,0
512200.OF,南方中证全指房地产ETF,2018-05-09,2.5806,2.5806,2.5806,2.5806,-0.0053,0,0
512200.OF,南方中证全指房地产ETF,2018-05-10,2.5973,2.5973,2.5973,2.5973,0.0065,0,0
512200.OF,南方中证全指房地产ETF,2018-05-11,2.5769,2.5769,2.5769,2.5769,-0.0078,0,0
512200.OF,南方中证全指房地产ETF,2018-05-14,2.5627,2.5627,2.5627,2.5627,-0.0055,0,0
512200.OF,南方中证全指房地产ETF,2018-05-15,2.5755,2.5755,2.5755,2.5755,0.005,0,0
512200.OF,南方中证全指房地产ETF,2018-05-16,2.5557,2.5557,2.5557,2.5557,-0.0077,0,0
512200.OF,南方中证全指房地产ETF,2018-05-17,2.5476,2.5476,2.5476,2.5476,-0.0032,0,0
512200.OF,南方中证全指房地产ETF,2018-05-18,2.563,2.563,2.563,2.563,0.006,0,0
512200.OF,南方中证全指房地产ETF,2018-05-21,2.5641,2.5641,2.5641,2.5641,0.0004,0,0
512200.OF,南方中证全指房地产ETF,2018-05-22,2.5353,2.5353,2.5353,2.5353,-0.0112,0,0
512200.OF,南方中证全指房地产ETF,2018-05-23,2.504,2.504,2.504,2.504,-0.0123,0,0
512200.OF,南方中证全指房地产ETF,2018-05-24,2.494,2.494,2.494,2.494,-0.004,0,0
512200.OF,南方中证全指房地产ETF,2018-05-25,2.4859,2.4859,2.4859,2.4859,-0.0032,0,0
512200.OF,南方中证全指房地产ETF,2018-05-28,2.4644,2.4644,2.4644,2.4644,-0.0087,0,0
512200.OF,南方中证全指房地产ETF,2018-05-29,2.4348,2.4348,2.4348,2.4348,-0.012,0,0
512200.OF,南方中证全指房地产ETF,2018-05-30,2.3605,2.3605,2.3605,2.3605,-0.0305,0,0
512200.OF,南方中证全指房地产ETF,2018-05-31,2.3943,2.3943,2.3943,2.3943,0.0143,0,0
512200.OF,南方中证全指房地产ETF,2018-06-01,2.3971,2.3971,2.3971,2.3971,0.0012,0,0
512200.OF,南方中证全指房地产ETF,2018-06-04,2.4381,2.4381,2.4381,2.4381,0.0171,0,0
512200.OF,南方中证全指房地产ETF,2018-06-05,2.4532,2.4532,2.4532,2.4532,0.0062,0,0
512200.OF,南方中证全指房地产ETF,2018-06-06,2.4362,2.4362,2.4362,2.4362,-0.0069,0,0
512200.OF,南方中证全指房地产ETF,2018-06-07,2.461,2.461,2.461,2.461,0.0102,0,0
512200.OF,南方中证全指房地产ETF,2018-06-08,2.4178,2.4178,2.4178,2.4178,-0.0176,0,0
512200.OF,南方中证全指房地产ETF,2018-06-11,2.4415,2.4415,2.4415,2.4415,0.0098,0,0
512200.OF,南方中证全指房地产ETF,2018-06-12,2.4546,2.4546,2.4546,2.4546,0.0054,0,0
512200.OF,南方中证全指房地产ETF,2018-06-13,2.4451,2.4451,2.4451,2.4451,-0.0039,0,0
512200.OF,南方中证全指房地产ETF,2018-06-14,2.4337,2.4337,2.4337,2.4337,-0.0047,0,0
512200.OF,南方中证全指房地产ETF,2018-06-15,2.4465,2.4465,2.4465,2.4465,0.0053,0,0
512200.OF,南方中证全指房地产ETF,2018-06-19,2.3261,2.3261,2.3261,2.3261,-0.0492,0,0
512200.OF,南方中证全指房地产ETF,2018-06-20,2.3608,2.3608,2.3608,2.3608,0.0149,0,0
512200.OF,南方中证全指房地产ETF,2018-06-21,2.3549,2.3549,2.3549,2.3549,-0.0025,0,0
512200.OF,南方中证全指房地产ETF,2018-06-22,2.3798,2.3798,2.3798,2.3798,0.0106,0,0
512200.OF,南方中证全指房地产ETF,2018-06-25,2.308,2.308,2.308,2.308,-0.0302,0,0
512200.OF,南方中证全指房地产ETF,2018-06-26,2.2446,2.2446,2.2446,2.2446,-0.0275,0,0
512200.OF,南方中证全指房地产ETF,2018-06-27,2.1893,2.1893,2.1893,2.1893,-0.0246,0,0
512200.OF,南方中证全指房地产ETF,2018-06-28,2.1628,2.1628,2.1628,2.1628,-0.0121,0,0
512200.OF,南方中证全指房地产ETF,2018-06-29,2.2217,2.2217,2.2217,2.2217,0.0272,0,0
512200.OF,南方中证全指房地产ETF,2018-06-30,2.2214,2.2214,2.2214,2.2214,-0.0001,0,0
512200.OF,南方中证全指房地产ETF,2018-07-02,2.1217,2.1217,2.1217,2.1217,-0.0449,0,0
512200.OF,南方中证全指房地产ETF,2018-07-03,2.1387,2.1387,2.1387,2.1387,0.008,0,0
512200.OF,南方中证全指房地产ETF,2018-07-04,2.0977,2.0977,2.0977,2.0977,-0.0192,0,0
512200.OF,南方中证全指房地产ETF,2018-07-05,2.0653,2.0653,2.0653,2.0653,-0.0154,0,0
512200.OF,南方中证全指房地产ETF,2018-07-06,2.0645,2.0645,2.0645,2.0645,-0.0004,0,0
512200.OF,南方中证全指房地产ETF,2018-07-09,2.1145,2.1145,2.1145,2.1145,0.0242,0,0
512200.OF,南方中证全指房地产ETF,2018-07-10,2.1401,2.1401,2.1401,2.1401,0.0122,0,0
512200.OF,南方中证全指房地产ETF,2018-07-11,2.0902,2.0902,2.0902,2.0902,-0.0234,0,0
512200.OF,南方中证全指房地产ETF,2018-07-12,2.1306,2.1306,2.1306,2.1306,0.0194,0,0
512200.OF,南方中证全指房地产ETF,2018-07-13,2.134,2.134,2.134,2.134,0.0016,0,0
512200.OF,南方中证全指房地产ETF,2018-07-16,2.1038,2.1038,2.1038,2.1038,-0.0141,0,0
512200.OF,南方中证全指房地产ETF,2018-07-17,2.1041,2.1041,2.1041,2.1041,0.0001,0,0
512200.OF,南方中证全指房地产ETF,2018-07-18,2.0762,2.0762,2.0762,2.0762,-0.0133,0,0
512200.OF,南方中证全指房地产ETF,2018-07-19,2.0692,2.0692,2.0692,2.0692,-0.0034,0,0
512200.OF,南方中证全指房地产ETF,2018-07-20,2.1022,2.1022,2.1022,2.1022,0.0159,0,0
512200.OF,南方中证全指房地产ETF,2018-07-23,2.1457,2.1457,2.1457,2.1457,0.0207,0,0
512200.OF,南方中证全指房地产ETF,2018-07-24,2.1946,2.1946,2.1946,2.1946,0.0228,0,0
512200.OF,南方中证全指房地产ETF,2018-07-25,2.1929,2.1929,2.1929,2.1929,-0.0008,0,0
512200.OF,南方中证全指房地产ETF,2018-07-26,2.1848,2.1848,2.1848,2.1848,-0.0037,0,0
512200.OF,南方中证全指房地产ETF,2018-07-27,2.177,2.177,2.177,2.177,-0.0036,0,0
512200.OF,南方中证全指房地产ETF,2018-07-30,2.1628,2.1628,2.1628,2.1628,-0.0065,0,0
512200.OF,南方中证全指房地产ETF,2018-07-31,2.1904,2.1904,2.1904,2.1904,0.0128,0,0
512200.OF,南方中证全指房地产ETF,2018-08-01,2.1189,2.1189,2.1189,2.1189,-0.0326,0,0
512200.OF,南方中证全指房地产ETF,2018-08-02,2.0575,2.0575,2.0575,2.0575,-0.029,0,0
512200.OF,南方中证全指房地产ETF,2018-08-03,2.0351,2.0351,2.0351,2.0351,-0.0109,0,0
512200.OF,南方中证全指房地产ETF,2018-08-06,1.9938,1.9938,1.9938,1.9938,-0.0203,0,0
512200.OF,南方中证全指房地产ETF,2018-08-07,2.0561,2.0561,2.0561,2.0561,0.0312,0,0
512200.OF,南方中证全指房地产ETF,2018-08-08,2.0295,2.0295,2.0295,2.0295,-0.0129,0,0
512200.OF,南方中证全指房地产ETF,2018-08-09,2.0815,2.0815,2.0815,2.0815,0.0256,0,0
512200.OF,南方中证全指房地产ETF,2018-08-10,2.1128,2.1128,2.1128,2.1128,0.015,0,0
512200.OF,南方中证全指房地产ETF,2018-08-13,2.0918,2.0918,2.0918,2.0918,-0.0099,0,0
512200.OF,南方中证全指房地产ETF,2018-08-14,2.0706,2.0706,2.0706,2.0706,-0.0101,0,0
512200.OF,南方中证全指房地产ETF,2018-08-15,2.0427,2.0427,2.0427,2.0427,-0.0135,0,0
512200.OF,南方中证全指房地产ETF,2018-08-16,2.0452,2.0452,2.0452,2.0452,0.0012,0,0
512200.OF,南方中证全指房地产ETF,2018-08-17,2.0248,2.0248,2.0248,2.0248,-0.01,0,0
512200.OF,南方中证全指房地产ETF,2018-08-20,2.0463,2.0463,2.0463,2.0463,0.0106,0,0
512200.OF,南方中证全指房地产ETF,2018-08-21,2.0689,2.0689,2.0689,2.0689,0.0111,0,0
512200.OF,南方中证全指房地产ETF,2018-08-22,2.0552,2.0552,2.0552,2.0552,-0.0066,0,0
512200.OF,南方中证全指房地产ETF,2018-08-23,2.0527,2.0527,2.0527,2.0527,-0.0012,0,0
512200.OF,南方中证全指房地产ETF,2018-08-24,2.053,2.053,2.053,2.053,0.0001,0,0
512200.OF,南方中证全指房地产ETF,2018-08-27,2.1105,2.1105,2.1105,2.1105,0.028,0,0
512200.OF,南方中证全指房地产ETF,2018-08-28,2.1103,2.1103,2.1103,2.1103,-0.0001,0,0
512200.OF,南方中证全指房地产ETF,2018-08-29,2.1175,2.1175,2.1175,2.1175,0.0034,0,0
512200.OF,南方中证全指房地产ETF,2018-08-30,2.0935,2.0935,2.0935,2.0935,-0.0113,0,0
512200.OF,南方中证全指房地产ETF,2018-08-31,2.1066,2.1066,2.1066,2.1066,0.0063,0,0
512200.OF,南方中证全指房地产ETF,2018-09-03,2.0996,2.0996,2.0996,2.0996,-0.0033,0,0
512200.OF,南方中证全指房地产ETF,2018-09-04,2.1281,2.1281,2.1281,2.1281,0.0136,0,0
512200.OF,南方中证全指房地产ETF,2018-09-05,2.0857,2.0857,2.0857,2.0857,-0.0199,0,0
512200.OF,南方中证全指房地产ETF,2018-09-06,2.0533,2.0533,2.0533,2.0533,-0.0155,0,0
512200.OF,南方中证全指房地产ETF,2018-09-07,2.0667,2.0667,2.0667,2.0667,0.0065,0,0
512200.OF,南方中证全指房地产ETF,2018-09-10,2.0667,2.0667,2.0667,2.0667,0.0,0,0
512200.OF,南方中证全指房地产ETF,2018-09-11,2.0513,2.0513,2.0513,2.0513,-0.0074,0,0
512200.OF,南方中证全指房地产ETF,2018-09-12,2.0469,2.0469,2.0469,2.0469,-0.0022,0,0
512200.OF,南方中证全指房地产ETF,2018-09-13,2.0603,2.0603,2.0603,2.0603,0.0065,0,0
512200.OF,南方中证全指房地产ETF,2018-09-14,2.0622,2.0622,2.0622,2.0622,0.0009,0,0
512200.OF,南方中证全指房地产ETF,2018-09-17,2.0335,2.0335,2.0335,2.0335,-0.0139,0,0
512200.OF,南方中证全指房地产ETF,2018-09-18,2.0605,2.0605,2.0605,2.0605,0.0133,0,0
512200.OF,南方中证全指房地产ETF,2018-09-19,2.1295,2.1295,2.1295,2.1295,0.0335,0,0
512200.OF,南方中证全指房地产ETF,2018-09-20,2.1217,2.1217,2.1217,2.1217,-0.0037,0,0
512200.OF,南方中证全指房地产ETF,2018-09-21,2.1815,2.1815,2.1815,2.1815,0.0282,0,0
512200.OF,南方中证全指房地产ETF,2018-09-25,2.1136,2.1136,2.1136,2.1136,-0.0311,0,0
512200.OF,南方中证全指房地产ETF,2018-09-26,2.1161,2.1161,2.1161,2.1161,0.0012,0,0
512200.OF,南方中证全指房地产ETF,2018-09-27,2.0955,2.0955,2.0955,2.0955,-0.0098,0,0
512200.OF,南方中证全指房地产ETF,2018-09-28,2.098,2.098,2.098,2.098,0.0012,0,0
512200.OF,南方中证全指房地产ETF,2018-09-30,2.0974,2.0974,2.0974,2.0974,-0.0003,0,0
512200.OF,南方中证全指房地产ETF,2018-10-08,2.0005,2.0005,2.0005,2.0005,-0.0462,0,0
512200.OF,南方中证全指房地产ETF,2018-10-09,1.9896,1.9896,1.9896,1.9896,-0.0054,0,0
512200.OF,南方中证全指房地产ETF,2018-10-10,1.9879,1.9879,1.9879,1.9879,-0.0008,0,0
512200.OF,南方中证全指房地产ETF,2018-10-11,1.86,1.86,1.86,1.86,-0.0643,0,0
512200.OF,南方中证全指房地产ETF,2018-10-12,1.8768,1.8768,1.8768,1.8768,0.009,0,0
512200.OF,南方中证全指房地产ETF,2018-10-15,1.8391,1.8391,1.8391,1.8391,-0.0201,0,0
512200.OF,南方中证全指房地产ETF,2018-10-16,1.7924,1.7924,1.7924,1.7924,-0.0254,0,0
512200.OF,南方中证全指房地产ETF,2018-10-17,1.8095,1.8095,1.8095,1.8095,0.0095,0,0
512200.OF,南方中证全指房地产ETF,2018-10-18,1.7707,1.7707,1.7707,1.7707,-0.0215,0,0
512200.OF,南方中证全指房地产ETF,2018-10-19,1.8271,1.8271,1.8271,1.8271,0.0319,0,0
512200.OF,南方中证全指房地产ETF,2018-10-22,1.9097,1.9097,1.9097,1.9097,0.0452,0,0
512200.OF,南方中证全指房地产ETF,2018-10-23,1.8737,1.8737,1.8737,1.8737,-0.0189,0,0
512200.OF,南方中证全指房地产ETF,2018-10-24,1.8893,1.8893,1.8893,1.8893,0.0083,0,0
512200.OF,南方中证全指房地产ETF,2018-10-25,1.9312,1.9312,1.9312,1.9312,0.0222,0,0
512200.OF,南方中证全指房地产ETF,2018-10-26,1.9734,1.9734,1.9734,1.9734,0.0218,0,0
512200.OF,南方中证全指房地产ETF,2018-10-29,1.9349,1.9349,1.9349,1.9349,-0.0195,0,0
512200.OF,南方中证全指房地产ETF,2018-10-30,1.9689,1.9689,1.9689,1.9689,0.0176,0,0
512200.OF,南方中证全指房地产ETF,2018-10-31,1.9916,1.9916,1.9916,1.9916,0.0115,0,0
512200.OF,南方中证全指房地产ETF,2018-11-01,2.003,2.003,2.003,2.003,0.0057,0,0
512200.OF,南方中证全指房地产ETF,2018-11-02,2.0242,2.0242,2.0242,2.0242,0.0106,0,0
512200.OF,南方中证全指房地产ETF,2018-11-05,2.0156,2.0156,2.0156,2.0156,-0.0043,0,0
512200.OF,南方中证全指房地产ETF,2018-11-06,2.0404,2.0404,2.0404,2.0404,0.0123,0,0
512200.OF,南方中证全指房地产ETF,2018-11-07,2.022,2.022,2.022,2.022,-0.009,0,0
512200.OF,南方中证全指房地产ETF,2018-11-08,2.0203,2.0203,2.0203,2.0203,-0.0008,0,0
512200.OF,南方中证全指房地产ETF,2018-11-09,2.0083,2.0083,2.0083,2.0083,-0.0059,0,0
512200.OF,南方中证全指房地产ETF,2018-11-12,2.0449,2.0449,2.0449,2.0449,0.0182,0,0
512200.OF,南方中证全指房地产ETF,2018-11-13,2.0745,2.0745,2.0745,2.0745,0.0145,0,0
512200.OF,南方中证全指房地产ETF,2018-11-14,2.0904,2.0904,2.0904,2.0904,0.0077,0,0
512200.OF,南方中证全指房地产ETF,2018-11-15,2.1198,2.1198,2.1198,2.1198,0.014,0,0
512200.OF,南方中证全指房地产ETF,2018-11-16,2.1614,2.1614,2.1614,2.1614,0.0196,0,0
512200.OF,南方中证全指房地产ETF,2018-11-19,2.2295,2.2295,2.2295,2.2295,0.0315,0,0
512200.OF,南方中证全指房地产ETF,2018-11-20,2.1709,2.1709,2.1709,2.1709,-0.0263,0,0
512200.OF,南方中证全指房地产ETF,2018-11-21,2.1938,2.1938,2.1938,2.1938,0.0105,0,0
512200.OF,南方中证全指房地产ETF,2018-11-22,2.1784,2.1784,2.1784,2.1784,-0.007,0,0
512200.OF,南方中证全指房地产ETF,2018-11-23,2.0974,2.0974,2.0974,2.0974,-0.0372,0,0
512200.OF,南方中证全指房地产ETF,2018-11-26,2.1019,2.1019,2.1019,2.1019,0.0021,0,0
512200.OF,南方中证全指房地产ETF,2018-11-27,2.0927,2.0927,2.0927,2.0927,-0.0044,0,0
512200.OF,南方中证全指房地产ETF,2018-11-28,2.1284,2.1284,2.1284,2.1284,0.0171,0,0
512200.OF,南方中证全指房地产ETF,2018-11-29,2.0751,2.0751,2.0751,2.0751,-0.0251,0,0
512200.OF,南方中证全指房地产ETF,2018-11-30,2.0857,2.0857,2.0857,2.0857,0.0051,0,0
512200.OF,南方中证全指房地产ETF,2018-12-03,2.1156,2.1156,2.1156,2.1156,0.0143,0,0
512200.OF,南方中证全指房地产ETF,2018-12-04,2.0963,2.0963,2.0963,2.0963,-0.0091,0,0
512200.OF,南方中证全指房地产ETF,2018-12-05,2.0918,2.0918,2.0918,2.0918,-0.0021,0,0
512200.OF,南方中证全指房地产ETF,2018-12-06,2.0659,2.0659,2.0659,2.0659,-0.0124,0,0
512200.OF,南方中证全指房地产ETF,2018-12-07,2.0726,2.0726,2.0726,2.0726,0.0032,0,0
512200.OF,南方中证全指房地产ETF,2018-12-10,2.0418,2.0418,2.0418,2.0418,-0.0148,0,0
512200.OF,南方中证全指房地产ETF,2018-12-11,2.0815,2.0815,2.0815,2.0815,0.0194,0,0
512200.OF,南方中证全指房地产ETF,2018-12-12,2.0991,2.0991,2.0991,2.0991,0.0085,0,0
512200.OF,南方中证全指房地产ETF,2018-12-13,2.1387,2.1387,2.1387,2.1387,0.0189,0,0
512200.OF,南方中证全指房地产ETF,2018-12-14,2.0902,2.0902,2.0902,2.0902,-0.0227,0,0
512200.OF,南方中证全指房地产ETF,2018-12-17,2.0994,2.0994,2.0994,2.0994,0.0044,0,0
512200.OF,南方中证全指房地产ETF,2018-12-18,2.0497,2.0497,2.0497,2.0497,-0.0237,0,0
512200.OF,南方中证全指房地产ETF,2018-12-19,2.0418,2.0418,2.0418,2.0418,-0.0038,0,0
512200.OF,南方中证全指房地产ETF,2018-12-20,2.0435,2.0435,2.0435,2.0435,0.0008,0,0
512200.OF,南方中证全指房地产ETF,2018-12-21,1.9983,1.9983,1.9983,1.9983,-0.0221,0,0
512200.OF,南方中证全指房地产ETF,2018-12-24,1.9958,1.9958,1.9958,1.9958,-0.0013,0,0
512200.OF,南方中证全指房地产ETF,2018-12-25,1.9818,1.9818,1.9818,1.9818,-0.007,0,0
512200.OF,南方中证全指房地产ETF,2018-12-26,1.9801,1.9801,1.9801,1.9801,-0.0008,0,0
512200.OF,南方中证全指房地产ETF,2018-12-27,1.9603,1.9603,1.9603,1.9603,-0.01,0,0
512200.OF,南方中证全指房地产ETF,2018-12-28,1.9776,1.9776,1.9776,1.9776,0.0088,0,0
512200.OF,南方中证全指房地产ETF,2018-12-31,1.9779,1.9779,1.9779,1.9779,0.0001,0,0
512200.OF,南方中证全指房地产ETF,2019-01-02,1.962,1.962,1.962,1.962,-0.008,0,0
512200.OF,南方中证全指房地产ETF,2019-01-03,1.9628,1.9628,1.9628,1.9628,0.0004,0,0
512200.OF,南方中证全指房地产ETF,2019-01-04,2.0153,2.0153,2.0153,2.0153,0.0268,0,0
512200.OF,南方中证全指房地产ETF,2019-01-07,2.0315,2.0315,2.0315,2.0315,0.008,0,0
512200.OF,南方中证全指房地产ETF,2019-01-08,2.0217,2.0217,2.0217,2.0217,-0.0048,0,0
512200.OF,南方中证全指房地产ETF,2019-01-09,2.0335,2.0335,2.0335,2.0335,0.0058,0,0
512200.OF,南方中证全指房地产ETF,2019-01-10,2.0173,2.0173,2.0173,2.0173,-0.008,0,0
512200.OF,南方中证全指房地产ETF,2019-01-11,2.0321,2.0321,2.0321,2.0321,0.0073,0,0
512200.OF,南方中证全指房地产ETF,2019-01-14,2.0173,2.0173,2.0173,2.0173,-0.0073,0,0
512200.OF,南方中证全指房地产ETF,2019-01-15,2.0335,2.0335,2.0335,2.0335,0.008,0,0
512200.OF,南方中证全指房地产ETF,2019-01-16,2.0413,2.0413,2.0413,2.0413,0.0038,0,0
512200.OF,南方中证全指房地产ETF,2019-01-17,2.0315,2.0315,2.0315,2.0315,-0.0048,0,0
512200.OF,南方中证全指房地产ETF,2019-01-18,2.0497,2.0497,2.0497,2.0497,0.0089,0,0
512200.OF,南方中证全指房地产ETF,2019-01-21,2.0427,2.0427,2.0427,2.0427,-0.0034,0,0
512200.OF,南方中证全指房地产ETF,2019-01-22,2.0351,2.0351,2.0351,2.0351,-0.0037,0,0
512200.OF,南方中证全指房地产ETF,2019-01-23,2.0329,2.0329,2.0329,2.0329,-0.0011,0,0
512200.OF,南方中证全指房地产ETF,2019-01-24,2.0315,2.0315,2.0315,2.0315,-0.0007,0,0
512200.OF,南方中证全指房地产ETF,2019-01-25,2.0457,2.0457,2.0457,2.0457,0.007,0,0
512200.OF,南方中证全指房地产ETF,2019-01-28,2.0413,2.0413,2.0413,2.0413,-0.0022,0,0
512200.OF,南方中证全指房地产ETF,2019-01-29,2.0608,2.0608,2.0608,2.0608,0.0096,0,0
512200.OF,南方中证全指房地产ETF,2019-01-30,2.0686,2.0686,2.0686,2.0686,0.0038,0,0
512200.OF,南方中证全指房地产ETF,2019-01-31,2.0617,2.0617,2.0617,2.0617,-0.0034,0,0
512200.OF,南方中证全指房地产ETF,2019-02-01,2.0862,2.0862,2.0862,2.0862,0.0119,0,0
512200.OF,南方中证全指房地产ETF,2019-02-11,2.117,2.117,2.117,2.117,0.0147,0,0
512200.OF,南方中证全指房地产ETF,2019-02-12,2.1284,2.1284,2.1284,2.1284,0.0054,0,0
512200.OF,南方中证全指房地产ETF,2019-02-13,2.1647,2.1647,2.1647,2.1647,0.0171,0,0
512200.OF,南方中证全指房地产ETF,2019-02-14,2.1706,2.1706,2.1706,2.1706,0.0027,0,0
512200.OF,南方中证全指房地产ETF,2019-02-15,2.1279,2.1279,2.1279,2.1279,-0.0197,0,0
512200.OF,南方中证全指房地产ETF,2019-02-18,2.1862,2.1862,2.1862,2.1862,0.0274,0,0
512200.OF,南方中证全指房地产ETF,2019-02-19,2.1865,2.1865,2.1865,2.1865,0.0001,0,0
512200.OF,南方中证全指房地产ETF,2019-02-20,2.2153,2.2153,2.2153,2.2153,0.0132,0,0
512200.OF,南方中证全指房地产ETF,2019-02-21,2.1913,2.1913,2.1913,2.1913,-0.0108,0,0
512200.OF,南方中证全指房地产ETF,2019-02-22,2.2231,2.2231,2.2231,2.2231,0.0145,0,0
512200.OF,南方中证全指房地产ETF,2019-02-25,2.3437,2.3437,2.3437,2.3437,0.0543,0,0
512200.OF,南方中证全指房地产ETF,2019-02-26,2.3309,2.3309,2.3309,2.3309,-0.0055,0,0
512200.OF,南方中证全指房地产ETF,2019-02-27,2.3585,2.3585,2.3585,2.3585,0.0119,0,0
512200.OF,南方中证全指房地产ETF,2019-02-28,2.349,2.349,2.349,2.349,-0.004,0,0
512200.OF,南方中证全指房地产ETF,2019-03-01,2.3625,2.3625,2.3625,2.3625,0.0057,0,0
512200.OF,南方中证全指房地产ETF,2019-03-04,2.4353,2.4353,2.4353,2.4353,0.0309,0,0
512200.OF,南方中证全指房地产ETF,2019-03-05,2.5024,2.5024,2.5024,2.5024,0.0275,0,0
512200.OF,南方中证全指房地产ETF,2019-03-06,2.5166,2.5166,2.5166,2.5166,0.0057,0,0
512200.OF,南方中证全指房地产ETF,2019-03-07,2.4976,2.4976,2.4976,2.4976,-0.0075,0,0
512200.OF,南方中证全指房地产ETF,2019-03-08,2.3717,2.3717,2.3717,2.3717,-0.0504,0,0
512200.OF,南方中证全指房地产ETF,2019-03-11,2.4286,2.4286,2.4286,2.4286,0.024,0,0
512200.OF,南方中证全指房地产ETF,2019-03-12,2.4577,2.4577,2.4577,2.4577,0.012,0,0
512200.OF,南方中证全指房地产ETF,2019-03-13,2.5077,2.5077,2.5077,2.5077,0.0203,0,0
512200.OF,南方中证全指房地产ETF,2019-03-14,2.4529,2.4529,2.4529,2.4529,-0.0218,0,0
512200.OF,南方中证全指房地产ETF,2019-03-15,2.5292,2.5292,2.5292,2.5292,0.0311,0,0
512200.OF,南方中证全指房地产ETF,2019-03-18,2.6141,2.6141,2.6141,2.6141,0.0336,0,0
512200.OF,南方中证全指房地产ETF,2019-03-19,2.6032,2.6032,2.6032,2.6032,-0.0042,0,0
512200.OF,南方中证全指房地产ETF,2019-03-20,2.6227,2.6227,2.6227,2.6227,0.0075,0,0
512200.OF,南方中证全指房地产ETF,2019-03-21,2.6294,2.6294,2.6294,2.6294,0.0026,0,0
512200.OF,南方中证全指房地产ETF,2019-03-22,2.644,2.644,2.644,2.644,0.0055,0,0
512200.OF,南方中证全指房地产ETF,2019-03-25,2.5864,2.5864,2.5864,2.5864,-0.0218,0,0
512200.OF,南方中证全指房地产ETF,2019-03-26,2.5401,2.5401,2.5401,2.5401,-0.0179,0,0
512200.OF,南方中证全指房地产ETF,2019-03-27,2.5677,2.5677,2.5677,2.5677,0.0109,0,0
512200.OF,南方中证全指房地产ETF,2019-03-28,2.5205,2.5205,2.5205,2.5205,-0.0184,0,0
512200.OF,南方中证全指房地产ETF,2019-03-29,2.6462,2.6462,2.6462,2.6462,0.0499,0,0
512200.OF,南方中证全指房地产ETF,2019-03-31,2.6459,2.6459,2.6459,2.6459,-0.0001,0,0
512200.OF,南方中证全指房地产ETF,2019-04-01,2.7333,2.7333,2.7333,2.7333,0.033,0,0
512200.OF,南方中证全指房地产ETF,2019-04-02,2.7431,2.7431,2.7431,2.7431,0.0036,0,0
512200.OF,南方中证全指房地产ETF,2019-04-03,2.7797,2.7797,2.7797,2.7797,0.0133,0,0
512200.OF,南方中证全指房地产ETF,2019-04-04,2.7856,2.7856,2.7856,2.7856,0.0021,0,0
512200.OF,南方中证全指房地产ETF,2019-04-08,2.7649,2.7649,2.7649,2.7649,-0.0074,0,0
512200.OF,南方中证全指房地产ETF,2019-04-09,2.8437,2.8437,2.8437,2.8437,0.0285,0,0
512200.OF,南方中证全指房地产ETF,2019-04-10,2.8202,2.8202,2.8202,2.8202,-0.0082,0,0
512200.OF,南方中证全指房地产ETF,2019-04-11,2.7694,2.7694,2.7694,2.7694,-0.018,0,0
512200.OF,南方中证全指房地产ETF,2019-04-12,2.7456,2.7456,2.7456,2.7456,-0.0086,0,0
512200.OF,南方中证全指房地产ETF,2019-04-15,2.7292,2.7292,2.7292,2.7292,-0.006,0,0
512200.OF,南方中证全指房地产ETF,2019-04-16,2.771,2.771,2.771,2.771,0.0153,0,0
512200.OF,南方中证全指房地产ETF,2019-04-17,2.7431,2.7431,2.7431,2.7431,-0.0101,0,0
512200.OF,南方中证全指房地产ETF,2019-04-18,2.7121,2.7121,2.7121,2.7121,-0.0113,0,0
512200.OF,南方中证全指房地产ETF,2019-04-19,2.7336,2.7336,2.7336,2.7336,0.0079,0,0
512200.OF,南方中证全指房地产ETF,2019-04-22,2.6342,2.6342,2.6342,2.6342,-0.0364,0,0
512200.OF,南方中证全指房地产ETF,2019-04-23,2.6445,2.6445,2.6445,2.6445,0.0039,0,0
512200.OF,南方中证全指房地产ETF,2019-04-24,2.6373,2.6373,2.6373,2.6373,-0.0027,0,0
512200.OF,南方中证全指房地产ETF,2019-04-25,2.5683,2.5683,2.5683,2.5683,-0.0262,0,0
512200.OF,南方中证全指房地产ETF,2019-04-26,2.5401,2.5401,2.5401,2.5401,-0.011,0,0
512200.OF,南方中证全指房地产ETF,2019-04-29,2.5163,2.5163,2.5163,2.5163,-0.0093,0,0
512200.OF,南方中证全指房地产ETF,2019-04-30,2.539,2.539,2.539,2.539,0.009,0,0
512200.OF,南方中证全指房地产ETF,2019-05-06,2.3638,2.3638,2.3638,2.3638,-0.069,0,0
512200.OF,南方中证全指房地产ETF,2019-05-07,2.408,2.408,2.408,2.408,0.0187,0,0
512200.OF,南方中证全指房地产ETF,2019-05-08,2.3912,2.3912,2.3912,2.3912,-0.007,0,0
512200.OF,南方中证全指房地产ETF,2019-05-09,2.3463,2.3463,2.3463,2.3463,-0.0188,0,0
512200.OF,南方中证全指房地产ETF,2019-05-10,2.4275,2.4275,2.4275,2.4275,0.0346,0,0
512200.OF,南方中证全指房地产ETF,2019-05-13,2.4155,2.4155,2.4155,2.4155,-0.0049,0,0
512200.OF,南方中证全指房地产ETF,2019-05-14,2.3951,2.3951,2.3951,2.3951,-0.0084,0,0
512200.OF,南方中证全指房地产ETF,2019-05-15,2.4381,2.4381,2.4381,2.4381,0.018,0,0
512200.OF,南方中证全指房地产ETF,2019-05-16,2.4605,2.4605,2.4605,2.4605,0.0092,0,0
512200.OF,南方中证全指房地产ETF,2019-05-17,2.3792,2.3792,2.3792,2.3792,-0.033,0,0
512200.OF,南方中证全指房地产ETF,2019-05-20,2.3594,2.3594,2.3594,2.3594,-0.0083,0,0
512200.OF,南方中证全指房地产ETF,2019-05-21,2.3954,2.3954,2.3954,2.3954,0.0153,0,0
512200.OF,南方中证全指房地产ETF,2019-05-22,2.3809,2.3809,2.3809,2.3809,-0.0061,0,0
512200.OF,南方中证全指房地产ETF,2019-05-23,2.3471,2.3471,2.3471,2.3471,-0.0142,0,0
512200.OF,南方中证全指房地产ETF,2019-05-24,2.3409,2.3409,2.3409,2.3409,-0.0026,0,0
512200.OF,南方中证全指房地产ETF,2019-05-27,2.3773,2.3773,2.3773,2.3773,0.0155,0,0
512200.OF,南方中证全指房地产ETF,2019-05-28,2.4066,2.4066,2.4066,2.4066,0.0123,0,0
512200.OF,南方中证全指房地产ETF,2019-05-29,2.3848,2.3848,2.3848,2.3848,-0.0091,0,0
512200.OF,南方中证全指房地产ETF,2019-05-30,2.3675,2.3675,2.3675,2.3675,-0.0073,0,0
512200.OF,南方中证全指房地产ETF,2019-05-31,2.3722,2.3722,2.3722,2.3722,0.002,0,0
512200.OF,南方中证全指房地产ETF,2019-06-03,2.3524,2.3524,2.3524,2.3524,-0.0084,0,0
512200.OF,南方中证全指房地产ETF,2019-06-04,2.3337,2.3337,2.3337,2.3337,-0.008,0,0
512200.OF,南方中证全指房地产ETF,2019-06-05,2.3588,2.3588,2.3588,2.3588,0.0108,0,0
512200.OF,南方中证全指房地产ETF,2019-06-06,2.3301,2.3301,2.3301,2.3301,-0.0122,0,0
512200.OF,南方中证全指房地产ETF,2019-06-10,2.3638,2.3638,2.3638,2.3638,0.0145,0,0
512200.OF,南方中证全指房地产ETF,2019-06-11,2.4281,2.4281,2.4281,2.4281,0.0272,0,0
512200.OF,南方中证全指房地产ETF,2019-06-12,2.4071,2.4071,2.4071,2.4071,-0.0086,0,0
512200.OF,南方中证全指房地产ETF,2019-06-13,2.399,2.399,2.399,2.399,-0.0034,0,0
512200.OF,南方中证全指房地产ETF,2019-06-14,2.3856,2.3856,2.3856,2.3856,-0.0056,0,0
512200.OF,南方中证全指房地产ETF,2019-06-17,2.3814,2.3814,2.3814,2.3814,-0.0018,0,0
512200.OF,南方中证全指房地产ETF,2019-06-18,2.3686,2.3686,2.3686,2.3686,-0.0054,0,0
512200.OF,南方中证全指房地产ETF,2019-06-19,2.3848,2.3848,2.3848,2.3848,0.0068,0,0
512200.OF,南方中证全指房地产ETF,2019-06-20,2.432,2.432,2.432,2.432,0.0198,0,0
512200.OF,南方中证全指房地产ETF,2019-06-21,2.444,2.444,2.444,2.444,0.0049,0,0
512200.OF,南方中证全指房地产ETF,2019-06-24,2.4409,2.4409,2.4409,2.4409,-0.0013,0,0
512200.OF,南方中证全指房地产ETF,2019-06-25,2.4309,2.4309,2.4309,2.4309,-0.0041,0,0
512200.OF,南方中证全指房地产ETF,2019-06-26,2.418,2.418,2.418,2.418,-0.0053,0,0
512200.OF,南方中证全指房地产ETF,2019-06-27,2.4275,2.4275,2.4275,2.4275,0.0039,0,0
512200.OF,南方中证全指房地产ETF,2019-06-28,2.4097,2.4097,2.4097,2.4097,-0.0074,0,0
512200.OF,南方中证全指房地产ETF,2019-06-30,2.4094,2.4094,2.4094,2.4094,-0.0001,0,0
512200.OF,南方中证全指房地产ETF,2019-07-01,2.4655,2.4655,2.4655,2.4655,0.0233,0,0
512200.OF,南方中证全指房地产ETF,2019-07-02,2.4784,2.4784,2.4784,2.4784,0.0052,0,0
512200.OF,南方中证全指房地产ETF,2019-07-03,2.4965,2.4965,2.4965,2.4965,0.0073,0,0
512200.OF,南方中证全指房地产ETF,2019-07-04,2.5161,2.5161,2.5161,2.5161,0.0078,0,0
512200.OF,南方中证全指房地产ETF,2019-07-05,2.4884,2.4884,2.4884,2.4884,-0.011,0,0
512200.OF,南方中证全指房地产ETF,2019-07-08,2.4281,2.4281,2.4281,2.4281,-0.0242,0,0
512200.OF,南方中证全指房地产ETF,2019-07-09,2.4208,2.4208,2.4208,2.4208,-0.003,0,0
512200.OF,南方中证全指房地产ETF,2019-07-10,2.3982,2.3982,2.3982,2.3982,-0.0093,0,0
512200.OF,南方中证全指房地产ETF,2019-07-11,2.3918,2.3918,2.3918,2.3918,-0.0027,0,0
512200.OF,南方中证全指房地产ETF,2019-07-12,2.4138,2.4138,2.4138,2.4138,0.0092,0,0
512200.OF,南方中证全指房地产ETF,2019-07-15,2.4152,2.4152,2.4152,2.4152,0.0006,0,0
512200.OF,南方中证全指房地产ETF,2019-07-16,2.4393,2.4393,2.4393,2.4393,0.0099,0,0
512200.OF,南方中证全指房地产ETF,2019-07-17,2.4555,2.4555,2.4555,2.4555,0.0066,0,0
512200.OF,南方中证全指房地产ETF,2019-07-18,2.4275,2.4275,2.4275,2.4275,-0.0114,0,0
512200.OF,南方中证全指房地产ETF,2019-07-19,2.489,2.489,2.489,2.489,0.0253,0,0
512200.OF,南方中证全指房地产ETF,2019-07-22,2.4638,2.4638,2.4638,2.4638,-0.0101,0,0
512200.OF,南方中证全指房地产ETF,2019-07-23,2.4381,2.4381,2.4381,2.4381,-0.0104,0,0
512200.OF,南方中证全指房地产ETF,2019-07-24,2.4423,2.4423,2.4423,2.4423,0.0017,0,0
512200.OF,南方中证全指房地产ETF,2019-07-25,2.4471,2.4471,2.4471,2.4471,0.0019,0,0
512200.OF,南方中证全指房地产ETF,2019-07-26,2.4485,2.4485,2.4485,2.4485,0.0006,0,0
512200.OF,南方中证全指房地产ETF,2019-07-29,2.4345,2.4345,2.4345,2.4345,-0.0057,0,0
512200.OF,南方中证全指房地产ETF,2019-07-30,2.4479,2.4479,2.4479,2.4479,0.0055,0,0
512200.OF,南方中证全指房地产ETF,2019-07-31,2.3884,2.3884,2.3884,2.3884,-0.0243,0,0
512200.OF,南方中证全指房地产ETF,2019-08-01,2.3488,2.3488,2.3488,2.3488,-0.0166,0,0
512200.OF,南方中证全指房地产ETF,2019-08-02,2.3139,2.3139,2.3139,2.3139,-0.0149,0,0
512200.OF,南方中证全指房地产ETF,2019-08-05,2.2614,2.2614,2.2614,2.2614,-0.0227,0,0
512200.OF,南方中证全指房地产ETF,2019-08-06,2.232,2.232,2.232,2.232,-0.013,0,0
512200.OF,南方中证全指房地产ETF,2019-08-07,2.2418,2.2418,2.2418,2.2418,0.0044,0,0
512200.OF,南方中证全指房地产ETF,2019-08-08,2.239,2.239,2.239,2.239,-0.0012,0,0
512200.OF,南方中证全指房地产ETF,2019-08-09,2.2047,2.2047,2.2047,2.2047,-0.0153,0,0
512200.OF,南方中证全指房地产ETF,2019-08-12,2.2432,2.2432,2.2432,2.2432,0.0175,0,0
512200.OF,南方中证全指房地产ETF,2019-08-13,2.2209,2.2209,2.2209,2.2209,-0.01,0,0
512200.OF,南方中证全指房地产ETF,2019-08-14,2.222,2.222,2.222,2.222,0.0005,0,0
512200.OF,南方中证全指房地产ETF,2019-08-15,2.2365,2.2365,2.2365,2.2365,0.0065,0,0
512200.OF,南方中证全指房地产ETF,2019-08-16,2.2354,2.2354,2.2354,2.2354,-0.0005,0,0
512200.OF,南方中证全指房地产ETF,2019-08-19,2.3052,2.3052,2.3052,2.3052,0.0312,0,0
512200.OF,南方中证全指房地产ETF,2019-08-20,2.3141,2.3141,2.3141,2.3141,0.0039,0,0
512200.OF,南方中证全指房地产ETF,2019-08-21,2.3208,2.3208,2.3208,2.3208,0.0029,0,0
512200.OF,南方中证全指房地产ETF,2019-08-22,2.3091,2.3091,2.3091,2.3091,-0.0051,0,0
512200.OF,南方中证全指房地产ETF,2019-08-23,2.3055,2.3055,2.3055,2.3055,-0.0016,0,0
512200.OF,南方中证全指房地产ETF,2019-08-26,2.2996,2.2996,2.2996,2.2996,-0.0025,0,0
512200.OF,南方中证全指房地产ETF,2019-08-27,2.332,2.332,2.332,2.332,0.0141,0,0
512200.OF,南方中证全指房地产ETF,2019-08-28,2.3351,2.3351,2.3351,2.3351,0.0013,0,0
512200.OF,南方中证全指房地产ETF,2019-08-29,2.3074,2.3074,2.3074,2.3074,-0.0118,0,0
512200.OF,南方中证全指房地产ETF,2019-08-30,2.2932,2.2932,2.2932,2.2932,-0.0062,0,0
512200.OF,南方中证全指房地产ETF,2019-09-02,2.3108,2.3108,2.3108,2.3108,0.0077,0,0
512200.OF,南方中证全指房地产ETF,2019-09-03,2.3041,2.3041,2.3041,2.3041,-0.0029,0,0
512200.OF,南方中证全指房地产ETF,2019-09-04,2.3616,2.3616,2.3616,2.3616,0.025,0,0
512200.OF,南方中证全指房地产ETF,2019-09-05,2.3633,2.3633,2.3633,2.3633,0.0007,0,0
512200.OF,南方中证全指房地产ETF,2019-09-06,2.368,2.368,2.368,2.368,0.002,0,0
512200.OF,南方中证全指房地产ETF,2019-09-09,2.3982,2.3982,2.3982,2.3982,0.0127,0,0
512200.OF,南方中证全指房地产ETF,2019-09-10,2.3904,2.3904,2.3904,2.3904,-0.0033,0,0
512200.OF,南方中证全指房地产ETF,2019-09-11,2.3809,2.3809,2.3809,2.3809,-0.004,0,0
512200.OF,南方中证全指房地产ETF,2019-09-12,2.4317,2.4317,2.4317,2.4317,0.0213,0,0
512200.OF,南方中证全指房地产ETF,2019-09-16,2.4211,2.4211,2.4211,2.4211,-0.0044,0,0
512200.OF,南方中证全指房地产ETF,2019-09-17,2.3809,2.3809,2.3809,2.3809,-0.0166,0,0
512200.OF,南方中证全指房地产ETF,2019-09-18,2.4032,2.4032,2.4032,2.4032,0.0094,0,0
512200.OF,南方中证全指房地产ETF,2019-09-19,2.4021,2.4021,2.4021,2.4021,-0.0005,0,0
512200.OF,南方中证全指房地产ETF,2019-09-20,2.3968,2.3968,2.3968,2.3968,-0.0022,0,0
512200.OF,南方中证全指房地产ETF,2019-09-23,2.3563,2.3563,2.3563,2.3563,-0.0169,0,0
512200.OF,南方中证全指房地产ETF,2019-09-24,2.3597,2.3597,2.3597,2.3597,0.0014,0,0
512200.OF,南方中证全指房地产ETF,2019-09-25,2.3412,2.3412,2.3412,2.3412,-0.0078,0,0
512200.OF,南方中证全指房地产ETF,2019-09-26,2.332,2.332,2.332,2.332,-0.0039,0,0
512200.OF,南方中证全指房地产ETF,2019-09-27,2.3248,2.3248,2.3248,2.3248,-0.0031,0,0
512200.OF,南方中证全指房地产ETF,2019-09-30,2.3147,2.3147,2.3147,2.3147,-0.0043,0,0
512200.OF,南方中证全指房地产ETF,2019-10-08,2.3613,2.3613,2.3613,2.3613,0.0201,0,0
512200.OF,南方中证全指房地产ETF,2019-10-09,2.406,2.406,2.406,2.406,0.0189,0,0
512200.OF,南方中证全指房地产ETF,2019-10-10,2.411,2.411,2.411,2.411,0.0021,0,0
512200.OF,南方中证全指房地产ETF,2019-10-11,2.4239,2.4239,2.4239,2.4239,0.0053,0,0
512200.OF,南方中证全指房地产ETF,2019-10-14,2.4493,2.4493,2.4493,2.4493,0.0105,0,0
512200.OF,南方中证全指房地产ETF,2019-10-15,2.4367,2.4367,2.4367,2.4367,-0.0051,0,0
512200.OF,南方中证全指房地产ETF,2019-10-16,2.451,2.451,2.451,2.451,0.0058,0,0
512200.OF,南方中证全指房地产ETF,2019-10-17,2.4339,2.4339,2.4339,2.4339,-0.007,0,0
512200.OF,南方中证全指房地产ETF,2019-10-18,2.3909,2.3909,2.3909,2.3909,-0.0177,0,0
512200.OF,南方中证全指房地产ETF,2019-10-21,2.4267,2.4267,2.4267,2.4267,0.015,0,0
512200.OF,南方中证全指房地产ETF,2019-10-22,2.4326,2.4326,2.4326,2.4326,0.0024,0,0
512200.OF,南方中证全指房地产ETF,2019-10-23,2.4007,2.4007,2.4007,2.4007,-0.0131,0,0
512200.OF,南方中证全指房地产ETF,2019-10-24,2.4147,2.4147,2.4147,2.4147,0.0058,0,0
512200.OF,南方中证全指房地产ETF,2019-10-25,2.4298,2.4298,2.4298,2.4298,0.0062,0,0
512200.OF,南方中证全指房地产ETF,2019-10-28,2.4189,2.4189,2.4189,2.4189,-0.0045,0,0
512200.OF,南方中证全指房地产ETF,2019-10-29,2.3974,2.3974,2.3974,2.3974,-0.0089,0,0
512200.OF,南方中证全指房地产ETF,2019-10-30,2.3759,2.3759,2.3759,2.3759,-0.009,0,0
512200.OF,南方中证全指房地产ETF,2019-10-31,2.3616,2.3616,2.3616,2.3616,-0.006,0,0
512200.OF,南方中证全指房地产ETF,2019-11-01,2.4002,2.4002,2.4002,2.4002,0.0163,0,0
512200.OF,南方中证全指房地产ETF,2019-11-04,2.3968,2.3968,2.3968,2.3968,-0.0014,0,0
512200.OF,南方中证全指房地产ETF,2019-11-05,2.4077,2.4077,2.4077,2.4077,0.0045,0,0
512200.OF,南方中证全指房地产ETF,2019-11-06,2.3848,2.3848,2.3848,2.3848,-0.0095,0,0
512200.OF,南方中证全指房地产ETF,2019-11-07,2.3935,2.3935,2.3935,2.3935,0.0036,0,0
512200.OF,南方中证全指房地产ETF,2019-11-08,2.3787,2.3787,2.3787,2.3787,-0.0062,0,0
512200.OF,南方中证全指房地产ETF,2019-11-11,2.3208,2.3208,2.3208,2.3208,-0.0243,0,0
512200.OF,南方中证全指房地产ETF,2019-11-12,2.3242,2.3242,2.3242,2.3242,0.0014,0,0
512200.OF,南方中证全指房地产ETF,2019-11-13,2.3035,2.3035,2.3035,2.3035,-0.0089,0,0
512200.OF,南方中证全指房地产ETF,2019-11-14,2.3063,2.3063,2.3063,2.3063,0.0012,0,0
512200.OF,南方中证全指房地产ETF,2019-11-15,2.2868,2.2868,2.2868,2.2868,-0.0085,0,0
512200.OF,南方中证全指房地产ETF,2019-11-18,2.3005,2.3005,2.3005,2.3005,0.006,0,0
512200.OF,南方中证全指房地产ETF,2019-11-19,2.3359,2.3359,2.3359,2.3359,0.0154,0,0
512200.OF,南方中证全指房地产ETF,2019-11-20,2.3194,2.3194,2.3194,2.3194,-0.0071,0,0
512200.OF,南方中证全指房地产ETF,2019-11-21,2.3172,2.3172,2.3172,2.3172,-0.001,0,0
512200.OF,南方中证全指房地产ETF,2019-11-22,2.3133,2.3133,2.3133,2.3133,-0.0017,0,0
512200.OF,南方中证全指房地产ETF,2019-11-25,2.37,2.37,2.37,2.37,0.0245,0,0
512200.OF,南方中证全指房地产ETF,2019-11-26,2.3611,2.3611,2.3611,2.3611,-0.0038,0,0
512200.OF,南方中证全指房地产ETF,2019-11-27,2.351,2.351,2.351,2.351,-0.0043,0,0
512200.OF,南方中证全指房地产ETF,2019-11-28,2.3323,2.3323,2.3323,2.3323,-0.008,0,0
512200.OF,南方中证全指房地产ETF,2019-11-29,2.3273,2.3273,2.3273,2.3273,-0.0022,0,0
512200.OF,南方中证全指房地产ETF,2019-12-02,2.3616,2.3616,2.3616,2.3616,0.0148,0,0
512200.OF,南方中证全指房地产ETF,2019-12-03,2.3708,2.3708,2.3708,2.3708,0.0039,0,0
512200.OF,南方中证全指房地产ETF,2019-12-04,2.3552,2.3552,2.3552,2.3552,-0.0066,0,0
512200.OF,南方中证全指房地产ETF,2019-12-05,2.3585,2.3585,2.3585,2.3585,0.0014,0,0
512200.OF,南方中证全指房地产ETF,2019-12-06,2.3683,2.3683,2.3683,2.3683,0.0041,0,0
512200.OF,南方中证全指房地产ETF,2019-12-09,2.4124,2.4124,2.4124,2.4124,0.0186,0,0
512200.OF,南方中证全指房地产ETF,2019-12-10,2.408,2.408,2.408,2.408,-0.0019,0,0
512200.OF,南方中证全指房地产ETF,2019-12-11,2.4189,2.4189,2.4189,2.4189,0.0045,0,0
512200.OF,南方中证全指房地产ETF,2019-12-12,2.399,2.399,2.399,2.399,-0.0082,0,0
512200.OF,南方中证全指房地产ETF,2019-12-13,2.43,2.43,2.43,2.43,0.0129,0,0
512200.OF,南方中证全指房地产ETF,2019-12-16,2.4602,2.4602,2.4602,2.4602,0.0124,0,0
512200.OF,南方中证全指房地产ETF,2019-12-17,2.5068,2.5068,2.5068,2.5068,0.019,0,0
512200.OF,南方中证全指房地产ETF,2019-12-18,2.4987,2.4987,2.4987,2.4987,-0.0032,0,0
512200.OF,南方中证全指房地产ETF,2019-12-19,2.508,2.508,2.508,2.508,0.0037,0,0
512200.OF,南方中证全指房地产ETF,2019-12-20,2.5267,2.5267,2.5267,2.5267,0.0075,0,0
512200.OF,南方中证全指房地产ETF,2019-12-23,2.4694,2.4694,2.4694,2.4694,-0.0227,0,0
512200.OF,南方中证全指房地产ETF,2019-12-24,2.4627,2.4627,2.4627,2.4627,-0.0027,0,0
512200.OF,南方中证全指房地产ETF,2019-12-25,2.4555,2.4555,2.4555,2.4555,-0.0029,0,0
512200.OF,南方中证全指房地产ETF,2019-12-26,2.5116,2.5116,2.5116,2.5116,0.0229,0,0
512200.OF,南方中证全指房地产ETF,2019-12-27,2.5085,2.5085,2.5085,2.5085,-0.0012,0,0
512200.OF,南方中证全指房地产ETF,2019-12-30,2.5482,2.5482,2.5482,2.5482,0.0158,0,0
512200.OF,南方中证全指房地产ETF,2019-12-31,2.5599,2.5599,2.5599,2.5599,0.0046,0,0
512200.OF,南方中证全指房地产ETF,2020-01-02,2.587,2.587,2.587,2.587,0.0106,0,0
512200.OF,南方中证全指房地产ETF,2020-01-03,2.5686,2.5686,2.5686,2.5686,-0.0071,0,0
512200.OF,南方中证全指房地产ETF,2020-01-06,2.5465,2.5465,2.5465,2.5465,-0.0086,0,0
512200.OF,南方中证全指房地产ETF,2020-01-07,2.5705,2.5705,2.5705,2.5705,0.0094,0,0
512200.OF,南方中证全指房地产ETF,2020-01-08,2.5214,2.5214,2.5214,2.5214,-0.0191,0,0
512200.OF,南方中证全指房地产ETF,2020-01-09,2.5705,2.5705,2.5705,2.5705,0.0195,0,0
512200.OF,南方中证全指房地产ETF,2020-01-10,2.5476,2.5476,2.5476,2.5476,-0.0089,0,0
512200.OF,南方中证全指房地产ETF,2020-01-13,2.5686,2.5686,2.5686,2.5686,0.0082,0,0
512200.OF,南方中证全指房地产ETF,2020-01-14,2.5652,2.5652,2.5652,2.5652,-0.0013,0,0
512200.OF,南方中证全指房地产ETF,2020-01-15,2.5334,2.5334,2.5334,2.5334,-0.0124,0,0
512200.OF,南方中证全指房地产ETF,2020-01-16,2.5228,2.5228,2.5228,2.5228,-0.0042,0,0
512200.OF,南方中证全指房地产ETF,2020-01-17,2.5158,2.5158,2.5158,2.5158,-0.0028,0,0
512200.OF,南方中证全指房地产ETF,2020-01-20,2.5082,2.5082,2.5082,2.5082,-0.003,0,0
512200.OF,南方中证全指房地产ETF,2020-01-21,2.4549,2.4549,2.4549,2.4549,-0.0213,0,0
512200.OF,南方中证全指房地产ETF,2020-01-22,2.4876,2.4876,2.4876,2.4876,0.0133,0,0
512200.OF,南方中证全指房地产ETF,2020-01-23,2.3999,2.3999,2.3999,2.3999,-0.0353,0,0
512200.OF,南方中证全指房地产ETF,2020-02-03,2.17,2.17,2.17,2.17,-0.0958,0,0
512200.OF,南方中证全指房地产ETF,2020-02-04,2.1737,2.1737,2.1737,2.1737,0.0017,0,0
512200.OF,南方中证全指房地产ETF,2020-02-05,2.1935,2.1935,2.1935,2.1935,0.0091,0,0
512200.OF,南方中证全指房地产ETF,2020-02-06,2.2197,2.2197,2.2197,2.2197,0.012,0,0
512200.OF,南方中证全指房地产ETF,2020-02-07,2.215,2.215,2.215,2.215,-0.0021,0,0
512200.OF,南方中证全指房地产ETF,2020-02-10,2.2639,2.2639,2.2639,2.2639,0.0221,0,0
512200.OF,南方中证全指房地产ETF,2020-02-11,2.2848,2.2848,2.2848,2.2848,0.0093,0,0
512200.OF,南方中证全指房地产ETF,2020-02-12,2.289,2.289,2.289,2.289,0.0018,0,0
512200.OF,南方中证全指房地产ETF,2020-02-13,2.3203,2.3203,2.3203,2.3203,0.0137,0,0
512200.OF,南方中证全指房地产ETF,2020-02-14,2.382,2.382,2.382,2.382,0.0266,0,0
512200.OF,南方中证全指房地产ETF,2020-02-17,2.4097,2.4097,2.4097,2.4097,0.0116,0,0
512200.OF,南方中证全指房地产ETF,2020-02-18,2.3929,2.3929,2.3929,2.3929,-0.007,0,0
512200.OF,南方中证全指房地产ETF,2020-02-19,2.4004,2.4004,2.4004,2.4004,0.0032,0,0
512200.OF,南方中证全指房地产ETF,2020-02-20,2.4259,2.4259,2.4259,2.4259,0.0106,0,0
512200.OF,南方中证全指房地产ETF,2020-02-21,2.408,2.408,2.408,2.408,-0.0074,0,0
512200.OF,南方中证全指房地产ETF,2020-02-24,2.3736,2.3736,2.3736,2.3736,-0.0143,0,0
512200.OF,南方中证全指房地产ETF,2020-02-25,2.3686,2.3686,2.3686,2.3686,-0.0021,0,0
512200.OF,南方中证全指房地产ETF,2020-02-26,2.4189,2.4189,2.4189,2.4189,0.0212,0,0
512200.OF,南方中证全指房地产ETF,2020-02-27,2.3898,2.3898,2.3898,2.3898,-0.012,0,0
512200.OF,南方中证全指房地产ETF,2020-02-28,2.3384,2.3384,2.3384,2.3384,-0.0215,0,0
512200.OF,南方中证全指房地产ETF,2020-03-02,2.4471,2.4471,2.4471,2.4471,0.0465,0,0
512200.OF,南方中证全指房地产ETF,2020-03-03,2.4474,2.4474,2.4474,2.4474,0.0001,0,0
512200.OF,南方中证全指房地产ETF,2020-03-04,2.5345,2.5345,2.5345,2.5345,0.0356,0,0
512200.OF,南方中证全指房地产ETF,2020-03-05,2.5552,2.5552,2.5552,2.5552,0.0082,0,0
512200.OF,南方中证全指房地产ETF,2020-03-06,2.4943,2.4943,2.4943,2.4943,-0.0238,0,0
512200.OF,南方中证全指房地产ETF,2020-03-09,2.4208,2.4208,2.4208,2.4208,-0.0294,0,0
512200.OF,南方中证全指房地产ETF,2020-03-10,2.4549,2.4549,2.4549,2.4549,0.0141,0,0
512200.OF,南方中证全指房地产ETF,2020-03-11,2.4395,2.4395,2.4395,2.4395,-0.0063,0,0
512200.OF,南方中证全指房地产ETF,2020-03-12,2.4049,2.4049,2.4049,2.4049,-0.0142,0,0
512200.OF,南方中证全指房地产ETF,2020-03-13,2.38,2.38,2.38,2.38,-0.0103,0,0
512200.OF,南方中证全指房地产ETF,2020-03-16,2.3099,2.3099,2.3099,2.3099,-0.0295,0,0
512200.OF,南方中证全指房地产ETF,2020-03-17,2.2806,2.2806,2.2806,2.2806,-0.0127,0,0
512200.OF,南方中证全指房地产ETF,2020-03-18,2.2013,2.2013,2.2013,2.2013,-0.0348,0,0
512200.OF,南方中证全指房地产ETF,2020-03-19,2.1611,2.1611,2.1611,2.1611,-0.0183,0,0
512200.OF,南方中证全指房地产ETF,2020-03-20,2.2175,2.2175,2.2175,2.2175,0.0261,0,0
512200.OF,南方中证全指房地产ETF,2020-03-23,2.1239,2.1239,2.1239,2.1239,-0.0422,0,0
512200.OF,南方中证全指房地产ETF,2020-03-24,2.172,2.172,2.172,2.172,0.0226,0,0
512200.OF,南方中证全指房地产ETF,2020-03-25,2.2627,2.2627,2.2627,2.2627,0.0418,0,0
512200.OF,南方中证全指房地产ETF,2020-03-26,2.2407,2.2407,2.2407,2.2407,-0.0098,0,0
512200.OF,南方中证全指房地产ETF,2020-03-27,2.2625,2.2625,2.2625,2.2625,0.0097,0,0
512200.OF,南方中证全指房地产ETF,2020-03-30,2.2331,2.2331,2.2331,2.2331,-0.013,0,0
512200.OF,南方中证全指房地产ETF,2020-03-31,2.2164,2.2164,2.2164,2.2164,-0.0075,0,0
512200.OF,南方中证全指房地产ETF,2020-04-01,2.222,2.222,2.222,2.222,0.0025,0,0
512200.OF,南方中证全指房地产ETF,2020-04-02,2.2463,2.2463,2.2463,2.2463,0.0109,0,0
512200.OF,南方中证全指房地产ETF,2020-04-03,2.2432,2.2432,2.2432,2.2432,-0.0014,0,0
512200.OF,南方中证全指房地产ETF,2020-04-07,2.2767,2.2767,2.2767,2.2767,0.0149,0,0
512200.OF,南方中证全指房地产ETF,2020-04-08,2.2639,2.2639,2.2639,2.2639,-0.0056,0,0
512200.OF,南方中证全指房地产ETF,2020-04-09,2.2619,2.2619,2.2619,2.2619,-0.0009,0,0
512200.OF,南方中证全指房地产ETF,2020-04-10,2.2496,2.2496,2.2496,2.2496,-0.0054,0,0
512200.OF,南方中证全指房地产ETF,2020-04-13,2.2396,2.2396,2.2396,2.2396,-0.0045,0,0
512200.OF,南方中证全指房地产ETF,2020-04-14,2.282,2.282,2.282,2.282,0.019,0,0
512200.OF,南方中证全指房地产ETF,2020-04-15,2.2507,2.2507,2.2507,2.2507,-0.0137,0,0
512200.OF,南方中证全指房地产ETF,2020-04-16,2.2586,2.2586,2.2586,2.2586,0.0035,0,0
512200.OF,南方中证全指房地产ETF,2020-04-17,2.2675,2.2675,2.2675,2.2675,0.004,0,0
512200.OF,南方中证全指房地产ETF,2020-04-20,2.2686,2.2686,2.2686,2.2686,0.0005,0,0
512200.OF,南方中证全指房地产ETF,2020-04-21,2.2398,2.2398,2.2398,2.2398,-0.0127,0,0
512200.OF,南方中证全指房地产ETF,2020-04-22,2.2524,2.2524,2.2524,2.2524,0.0056,0,0
512200.OF,南方中证全指房地产ETF,2020-04-23,2.2544,2.2544,2.2544,2.2544,0.0009,0,0
512200.OF,南方中证全指房地产ETF,2020-04-24,2.232,2.232,2.232,2.232,-0.0099,0,0
512200.OF,南方中证全指房地产ETF,2020-04-27,2.2488,2.2488,2.2488,2.2488,0.0075,0,0
512200.OF,南方中证全指房地产ETF,2020-04-28,2.2493,2.2493,2.2493,2.2493,0.0002,0,0
512200.OF,南方中证全指房地产ETF,2020-04-29,2.2876,2.2876,2.2876,2.2876,0.017,0,0
512200.OF,南方中证全指房地产ETF,2020-04-30,2.3052,2.3052,2.3052,2.3052,0.0077,0,0
512200.OF,南方中证全指房地产ETF,2020-05-06,2.2951,2.2951,2.2951,2.2951,-0.0044,0,0
512200.OF,南方中证全指房地产ETF,2020-05-07,2.2809,2.2809,2.2809,2.2809,-0.0062,0,0
512200.OF,南方中证全指房地产ETF,2020-05-08,2.3041,2.3041,2.3041,2.3041,0.0102,0,0
512200.OF,南方中证全指房地产ETF,2020-05-11,2.3046,2.3046,2.3046,2.3046,0.0002,0,0
512200.OF,南方中证全指房地产ETF,2020-05-12,2.2829,2.2829,2.2829,2.2829,-0.0095,0,0
512200.OF,南方中证全指房地产ETF,2020-05-13,2.2901,2.2901,2.2901,2.2901,0.0032,0,0
512200.OF,南方中证全指房地产ETF,2020-05-14,2.2627,2.2627,2.2627,2.2627,-0.012,0,0
512200.OF,南方中证全指房地产ETF,2020-05-15,2.2703,2.2703,2.2703,2.2703,0.0033,0,0
512200.OF,南方中证全指房地产ETF,2020-05-18,2.2829,2.2829,2.2829,2.2829,0.0055,0,0
512200.OF,南方中证全指房地产ETF,2020-05-19,2.2829,2.2829,2.2829,2.2829,0.0,0,0
512200.OF,南方中证全指房地产ETF,2020-05-20,2.265,2.265,2.265,2.265,-0.0078,0,0
512200.OF,南方中证全指房地产ETF,2020-05-21,2.2572,2.2572,2.2572,2.2572,-0.0035,0,0
512200.OF,南方中证全指房地产ETF,2020-05-22,2.2116,2.2116,2.2116,2.2116,-0.0202,0,0
512200.OF,南方中证全指房地产ETF,2020-05-25,2.2317,2.2317,2.2317,2.2317,0.0091,0,0
512200.OF,南方中证全指房地产ETF,2020-05-26,2.2547,2.2547,2.2547,2.2547,0.0103,0,0
512200.OF,南方中证全指房地产ETF,2020-05-27,2.2636,2.2636,2.2636,2.2636,0.004,0,0
512200.OF,南方中证全指房地产ETF,2020-05-28,2.2731,2.2731,2.2731,2.2731,0.0042,0,0
512200.OF,南方中证全指房地产ETF,2020-05-29,2.2647,2.2647,2.2647,2.2647,-0.0037,0,0
512200.OF,南方中证全指房地产ETF,2020-06-01,2.3236,2.3236,2.3236,2.3236,0.026,0,0
512200.OF,南方中证全指房地产ETF,2020-06-02,2.3605,2.3605,2.3605,2.3605,0.0159,0,0
512200.OF,南方中证全指房地产ETF,2020-06-03,2.3518,2.3518,2.3518,2.3518,-0.0037,0,0
512200.OF,南方中证全指房地产ETF,2020-06-04,2.3437,2.3437,2.3437,2.3437,-0.0034,0,0
512200.OF,南方中证全指房地产ETF,2020-06-05,2.3368,2.3368,2.3368,2.3368,-0.003,0,0
512200.OF,南方中证全指房地产ETF,2020-06-08,2.3588,2.3588,2.3588,2.3588,0.0094,0,0
512200.OF,南方中证全指房地产ETF,2020-06-09,2.3608,2.3608,2.3608,2.3608,0.0008,0,0
512200.OF,南方中证全指房地产ETF,2020-06-10,2.3446,2.3446,2.3446,2.3446,-0.0069,0,0
512200.OF,南方中证全指房地产ETF,2020-06-11,2.3289,2.3289,2.3289,2.3289,-0.0067,0,0
512200.OF,南方中证全指房地产ETF,2020-06-12,2.3245,2.3245,2.3245,2.3245,-0.0019,0,0
512200.OF,南方中证全指房地产ETF,2020-06-15,2.3113,2.3113,2.3113,2.3113,-0.0056,0,0
512200.OF,南方中证全指房地产ETF,2020-06-16,2.3474,2.3474,2.3474,2.3474,0.0156,0,0
512200.OF,南方中证全指房地产ETF,2020-06-17,2.3393,2.3393,2.3393,2.3393,-0.0035,0,0
512200.OF,南方中证全指房地产ETF,2020-06-18,2.353,2.353,2.353,2.353,0.0059,0,0
512200.OF,南方中证全指房地产ETF,2020-06-19,2.3633,2.3633,2.3633,2.3633,0.0044,0,0
512200.OF,南方中证全指房地产ETF,2020-06-22,2.3524,2.3524,2.3524,2.3524,-0.0046,0,0
512200.OF,南方中证全指房地产ETF,2020-06-23,2.344,2.344,2.344,2.344,-0.0036,0,0
512200.OF,南方中证全指房地产ETF,2020-06-24,2.3775,2.3775,2.3775,2.3775,0.0143,0,0
512200.OF,南方中证全指房地产ETF,2020-06-29,2.3499,2.3499,2.3499,2.3499,-0.0116,0,0
512200.OF,南方中证全指房地产ETF,2020-06-30,2.3921,2.3921,2.3921,2.3921,0.0179,0,0
512200.OF,南方中证全指房地产ETF,2020-07-01,2.5085,2.5085,2.5085,2.5085,0.0487,0,0
512200.OF,南方中证全指房地产ETF,2020-07-02,2.5996,2.5996,2.5996,2.5996,0.0363,0,0
512200.OF,南方中证全指房地产ETF,2020-07-03,2.6233,2.6233,2.6233,2.6233,0.0091,0,0
512200.OF,南方中证全指房地产ETF,2020-07-06,2.8219,2.8219,2.8219,2.8219,0.0757,0,0
512200.OF,南方中证全指房地产ETF,2020-07-07,2.8076,2.8076,2.8076,2.8076,-0.005,0,0
512200.OF,南方中证全指房地产ETF,2020-07-08,2.8255,2.8255,2.8255,2.8255,0.0064,0,0
512200.OF,南方中证全指房地产ETF,2020-07-09,2.8719,2.8719,2.8719,2.8719,0.0164,0,0
512200.OF,南方中证全指房地产ETF,2020-07-10,2.8425,2.8425,2.8425,2.8425,-0.0102,0,0
512200.OF,南方中证全指房地产ETF,2020-07-13,2.8749,2.8749,2.8749,2.8749,0.0114,0,0
512200.OF,南方中证全指房地产ETF,2020-07-14,2.8358,2.8358,2.8358,2.8358,-0.0136,0,0
512200.OF,南方中证全指房地产ETF,2020-07-15,2.7467,2.7467,2.7467,2.7467,-0.0314,0,0
512200.OF,南方中证全指房地产ETF,2020-07-16,2.6764,2.6764,2.6764,2.6764,-0.0256,0,0
512200.OF,南方中证全指房地产ETF,2020-07-17,2.6543,2.6543,2.6543,2.6543,-0.0082,0,0
512200.OF,南方中证全指房地产ETF,2020-07-20,2.7501,2.7501,2.7501,2.7501,0.0361,0,0
512200.OF,南方中证全指房地产ETF,2020-07-21,2.7571,2.7571,2.7571,2.7571,0.0025,0,0
512200.OF,南方中证全指房地产ETF,2020-07-22,2.7604,2.7604,2.7604,2.7604,0.0012,0,0
512200.OF,南方中证全指房地产ETF,2020-07-23,2.7171,2.7171,2.7171,2.7171,-0.0157,0,0
512200.OF,南方中证全指房地产ETF,2020-07-24,2.635,2.635,2.635,2.635,-0.0302,0,0
512200.OF,南方中证全指房地产ETF,2020-07-27,2.5917,2.5917,2.5917,2.5917,-0.0164,0,0
512200.OF,南方中证全指房地产ETF,2020-07-28,2.6057,2.6057,2.6057,2.6057,0.0054,0,0
512200.OF,南方中证全指房地产ETF,2020-07-29,2.6487,2.6487,2.6487,2.6487,0.0165,0,0
512200.OF,南方中证全指房地产ETF,2020-07-30,2.6387,2.6387,2.6387,2.6387,-0.0038,0,0
512200.OF,南方中证全指房地产ETF,2020-07-31,2.6484,2.6484,2.6484,2.6484,0.0037,0,0
512200.OF,南方中证全指房地产ETF,2020-08-03,2.7074,2.7074,2.7074,2.7074,0.0223,0,0
512200.OF,南方中证全指房地产ETF,2020-08-04,2.7319,2.7319,2.7319,2.7319,0.0091,0,0
512200.OF,南方中证全指房地产ETF,2020-08-05,2.6976,2.6976,2.6976,2.6976,-0.0126,0,0
512200.OF,南方中证全指房地产ETF,2020-08-06,2.7065,2.7065,2.7065,2.7065,0.0033,0,0
512200.OF,南方中证全指房地产ETF,2020-08-07,2.6794,2.6794,2.6794,2.6794,-0.01,0,0
512200.OF,南方中证全指房地产ETF,2020-08-10,2.7367,2.7367,2.7367,2.7367,0.0214,0,0
512200.OF,南方中证全指房地产ETF,2020-08-11,2.7065,2.7065,2.7065,2.7065,-0.011,0,0
512200.OF,南方中证全指房地产ETF,2020-08-12,2.7294,2.7294,2.7294,2.7294,0.0085,0,0
512200.OF,南方中证全指房地产ETF,2020-08-13,2.7319,2.7319,2.7319,2.7319,0.0009,0,0
512200.OF,南方中证全指房地产ETF,2020-08-14,2.7741,2.7741,2.7741,2.7741,0.0154,0,0
512200.OF,南方中证全指房地产ETF,2020-08-17,2.8252,2.8252,2.8252,2.8252,0.0184,0,0
512200.OF,南方中证全指房地产ETF,2020-08-18,2.8213,2.8213,2.8213,2.8213,-0.0014,0,0
512200.OF,南方中证全指房地产ETF,2020-08-19,2.7755,2.7755,2.7755,2.7755,-0.0162,0,0
512200.OF,南方中证全指房地产ETF,2020-08-20,2.7523,2.7523,2.7523,2.7523,-0.0084,0,0
512200.OF,南方中证全指房地产ETF,2020-08-21,2.7593,2.7593,2.7593,2.7593,0.0025,0,0
512200.OF,南方中证全指房地产ETF,2020-08-24,2.7596,2.7596,2.7596,2.7596,0.0001,0,0
512200.OF,南方中证全指房地产ETF,2020-08-25,2.7493,2.7493,2.7493,2.7493,-0.0037,0,0
512200.OF,南方中证全指房地产ETF,2020-08-26,2.7166,2.7166,2.7166,2.7166,-0.0119,0,0
512200.OF,南方中证全指房地产ETF,2020-08-27,2.7015,2.7015,2.7015,2.7015,-0.0056,0,0
512200.OF,南方中证全指房地产ETF,2020-08-28,2.7409,2.7409,2.7409,2.7409,0.0146,0,0
512200.OF,南方中证全指房地产ETF,2020-08-31,2.7194,2.7194,2.7194,2.7194,-0.0078,0,0
512200.OF,南方中证全指房地产ETF,2020-09-01,2.7104,2.7104,2.7104,2.7104,-0.0033,0,0
512200.OF,南方中证全指房地产ETF,2020-09-02,2.7107,2.7107,2.7107,2.7107,0.0001,0,0
512200.OF,南方中证全指房地产ETF,2020-09-03,2.6901,2.6901,2.6901,2.6901,-0.0076,0,0
512200.OF,南方中证全指房地产ETF,2020-09-04,2.6931,2.6931,2.6931,2.6931,0.0011,0,0
512200.OF,南方中证全指房地产ETF,2020-09-07,2.6808,2.6808,2.6808,2.6808,-0.0046,0,0
512200.OF,南方中证全指房地产ETF,2020-09-08,2.6878,2.6878,2.6878,2.6878,0.0026,0,0
512200.OF,南方中证全指房地产ETF,2020-09-09,2.6551,2.6551,2.6551,2.6551,-0.0122,0,0
512200.OF,南方中证全指房地产ETF,2020-09-10,2.6602,2.6602,2.6602,2.6602,0.0019,0,0
512200.OF,南方中证全指房地产ETF,2020-09-11,2.6537,2.6537,2.6537,2.6537,-0.0024,0,0
512200.OF,南方中证全指房地产ETF,2020-09-14,2.6473,2.6473,2.6473,2.6473,-0.0024,0,0
512200.OF,南方中证全指房地产ETF,2020-09-15,2.6658,2.6658,2.6658,2.6658,0.007,0,0
512200.OF,南方中证全指房地产ETF,2020-09-16,2.6881,2.6881,2.6881,2.6881,0.0084,0,0
512200.OF,南方中证全指房地产ETF,2020-09-17,2.673,2.673,2.673,2.673,-0.0056,0,0
512200.OF,南方中证全指房地产ETF,2020-09-18,2.7537,2.7537,2.7537,2.7537,0.0302,0,0
512200.OF,南方中证全指房地产ETF,2020-09-21,2.7347,2.7347,2.7347,2.7347,-0.0069,0,0
512200.OF,南方中证全指房地产ETF,2020-09-22,2.6993,2.6993,2.6993,2.6993,-0.013,0,0
512200.OF,南方中证全指房地产ETF,2020-09-23,2.6833,2.6833,2.6833,2.6833,-0.0059,0,0
512200.OF,南方中证全指房地产ETF,2020-09-24,2.6294,2.6294,2.6294,2.6294,-0.0201,0,0
512200.OF,南方中证全指房地产ETF,2020-09-25,2.5789,2.5789,2.5789,2.5789,-0.0192,0,0
512200.OF,南方中证全指房地产ETF,2020-09-28,2.5923,2.5923,2.5923,2.5923,0.0052,0,0
512200.OF,南方中证全指房地产ETF,2020-09-29,2.5873,2.5873,2.5873,2.5873,-0.0019,0,0
512200.OF,南方中证全指房地产ETF,2020-09-30,2.5683,2.5683,2.5683,2.5683,-0.0073,0,0
512200.OF,南方中证全指房地产ETF,2020-10-09,2.5968,2.5968,2.5968,2.5968,0.0111,0,0
512200.OF,南方中证全指房地产ETF,2020-10-12,2.6593,2.6593,2.6593,2.6593,0.0241,0,0
512200.OF,南方中证全指房地产ETF,2020-10-13,2.6389,2.6389,2.6389,2.6389,-0.0077,0,0
512200.OF,南方中证全指房地产ETF,2020-10-14,2.5982,2.5982,2.5982,2.5982,-0.0155,0,0
512200.OF,南方中证全指房地产ETF,2020-10-15,2.5895,2.5895,2.5895,2.5895,-0.0033,0,0
512200.OF,南方中证全指房地产ETF,2020-10-16,2.5934,2.5934,2.5934,2.5934,0.0015,0,0
512200.OF,南方中证全指房地产ETF,2020-10-19,2.5853,2.5853,2.5853,2.5853,-0.0031,0,0
512200.OF,南方中证全指房地产ETF,2020-10-20,2.5769,2.5769,2.5769,2.5769,-0.0032,0,0
512200.OF,南方中证全指房地产ETF,2020-10-21,2.5652,2.5652,2.5652,2.5652,-0.0046,0,0
512200.OF,南方中证全指房地产ETF,2020-10-22,2.5638,2.5638,2.5638,2.5638,-0.0005,0,0
512200.OF,南方中证全指房地产ETF,2020-10-23,2.5577,2.5577,2.5577,2.5577,-0.0024,0,0
512200.OF,南方中证全指房地产ETF,2020-10-26,2.5317,2.5317,2.5317,2.5317,-0.0102,0,0
512200.OF,南方中证全指房地产ETF,2020-10-27,2.5052,2.5052,2.5052,2.5052,-0.0105,0,0
512200.OF,南方中证全指房地产ETF,2020-10-28,2.4862,2.4862,2.4862,2.4862,-0.0076,0,0
512200.OF,南方中证全指房地产ETF,2020-10-29,2.4837,2.4837,2.4837,2.4837,-0.001,0,0
512200.OF,南方中证全指房地产ETF,2020-10-30,2.4415,2.4415,2.4415,2.4415,-0.017,0,0
512200.OF,南方中证全指房地产ETF,2020-11-02,2.4376,2.4376,2.4376,2.4376,-0.0016,0,0
512200.OF,南方中证全指房地产ETF,2020-11-03,2.4739,2.4739,2.4739,2.4739,0.0149,0,0
512200.OF,南方中证全指房地产ETF,2020-11-04,2.468,2.468,2.468,2.468,-0.0024,0,0
512200.OF,南方中证全指房地产ETF,2020-11-05,2.5239,2.5239,2.5239,2.5239,0.0226,0,0
512200.OF,南方中证全指房地产ETF,2020-11-06,2.5286,2.5286,2.5286,2.5286,0.0019,0,0
512200.OF,南方中证全指房地产ETF,2020-11-09,2.5496,2.5496,2.5496,2.5496,0.0083,0,0
512200.OF,南方中证全指房地产ETF,2020-11-10,2.5398,2.5398,2.5398,2.5398,-0.0038,0,0
512200.OF,南方中证全指房地产ETF,2020-11-11,2.5591,2.5591,2.5591,2.5591,0.0076,0,0
512200.OF,南方中证全指房地产ETF,2020-11-12,2.544,2.544,2.544,2.544,-0.0059,0,0
512200.OF,南方中证全指房地产ETF,2020-11-13,2.5029,2.5029,2.5029,2.5029,-0.0161,0,0
512200.OF,南方中证全指房地产ETF,2020-11-16,2.5258,2.5258,2.5258,2.5258,0.0091,0,0
512200.OF,南方中证全指房地产ETF,2020-11-17,2.5722,2.5722,2.5722,2.5722,0.0184,0,0
512200.OF,南方中证全指房地产ETF,2020-11-18,2.5943,2.5943,2.5943,2.5943,0.0086,0,0
512200.OF,南方中证全指房地产ETF,2020-11-19,2.5943,2.5943,2.5943,2.5943,0.0,0,0
512200.OF,南方中证全指房地产ETF,2020-11-20,2.5822,2.5822,2.5822,2.5822,-0.0046,0,0
512200.OF,南方中证全指房地产ETF,2020-11-23,2.5892,2.5892,2.5892,2.5892,0.0027,0,0
512200.OF,南方中证全指房地产ETF,2020-11-24,2.5725,2.5725,2.5725,2.5725,-0.0065,0,0
512200.OF,南方中证全指房地产ETF,2020-11-25,2.5554,2.5554,2.5554,2.5554,-0.0066,0,0
512200.OF,南方中证全指房地产ETF,2020-11-26,2.5468,2.5468,2.5468,2.5468,-0.0034,0,0
512200.OF,南方中证全指房地产ETF,2020-11-27,2.5915,2.5915,2.5915,2.5915,0.0175,0,0
512200.OF,南方中证全指房地产ETF,2020-11-30,2.5755,2.5755,2.5755,2.5755,-0.0061,0,0
512200.OF,南方中证全指房地产ETF,2020-12-01,2.5912,2.5912,2.5912,2.5912,0.0061,0,0
512200.OF,南方中证全指房地产ETF,2020-12-02,2.6096,2.6096,2.6096,2.6096,0.0071,0,0
512200.OF,南方中证全指房地产ETF,2020-12-03,2.594,2.594,2.594,2.594,-0.006,0,0
512200.OF,南方中证全指房地产ETF,2020-12-04,2.5661,2.5661,2.5661,2.5661,-0.0108,0,0
512200.OF,南方中证全指房地产ETF,2020-12-07,2.5309,2.5309,2.5309,2.5309,-0.0137,0,0
512200.OF,南方中证全指房地产ETF,2020-12-08,2.5194,2.5194,2.5194,2.5194,-0.0045,0,0
512200.OF,南方中证全指房地产ETF,2020-12-09,2.4823,2.4823,2.4823,2.4823,-0.0147,0,0
512200.OF,南方中证全指房地产ETF,2020-12-10,2.4786,2.4786,2.4786,2.4786,-0.0015,0,0
512200.OF,南方中证全指房地产ETF,2020-12-11,2.4496,2.4496,2.4496,2.4496,-0.0117,0,0
512200.OF,南方中证全指房地产ETF,2020-12-14,2.4756,2.4756,2.4756,2.4756,0.0106,0,0
512200.OF,南方中证全指房地产ETF,2020-12-15,2.4524,2.4524,2.4524,2.4524,-0.0094,0,0
512200.OF,南方中证全指房地产ETF,2020-12-16,2.4415,2.4415,2.4415,2.4415,-0.0044,0,0
512200.OF,南方中证全指房地产ETF,2020-12-17,2.458,2.458,2.458,2.458,0.0067,0,0
512200.OF,南方中证全指房地产ETF,2020-12-18,2.4401,2.4401,2.4401,2.4401,-0.0073,0,0
512200.OF,南方中证全指房地产ETF,2020-12-21,2.4326,2.4326,2.4326,2.4326,-0.0031,0,0
512200.OF,南方中证全指房地产ETF,2020-12-22,2.4066,2.4066,2.4066,2.4066,-0.0107,0,0
512200.OF,南方中证全指房地产ETF,2020-12-23,2.3999,2.3999,2.3999,2.3999,-0.0028,0,0
512200.OF,南方中证全指房地产ETF,2020-12-24,2.3655,2.3655,2.3655,2.3655,-0.0143,0,0
512200.OF,南方中证全指房地产ETF,2020-12-25,2.3697,2.3697,2.3697,2.3697,0.0018,0,0
512200.OF,南方中证全指房地产ETF,2020-12-28,2.3507,2.3507,2.3507,2.3507,-0.008,0,0
512200.OF,南方中证全指房地产ETF,2020-12-29,2.3697,2.3697,2.3697,2.3697,0.0081,0,0
512200.OF,南方中证全指房地产ETF,2020-12-30,2.3627,2.3627,2.3627,2.3627,-0.0029,0,0
512200.OF,南方中证全指房地产ETF,2020-12-31,2.3926,2.3926,2.3926,2.3926,0.0126,0,0
512200.OF,南方中证全指房地产ETF,2021-01-04,2.3387,2.3387,2.3387,2.3387,-0.0225,0,0
512200.OF,南方中证全指房地产ETF,2021-01-05,2.3356,2.3356,2.3356,2.3356,-0.0013,0,0
512200.OF,南方中证全指房地产ETF,2021-01-06,2.3356,2.3356,2.3356,2.3356,0.0,0,0
512200.OF,南方中证全指房地产ETF,2021-01-07,2.3002,2.3002,2.3002,2.3002,-0.0152,0,0
512200.OF,南方中证全指房地产ETF,2021-01-08,2.327,2.327,2.327,2.327,0.0117,0,0
512200.OF,南方中证全指房地产ETF,2021-01-11,2.3133,2.3133,2.3133,2.3133,-0.0059,0,0
512200.OF,南方中证全指房地产ETF,2021-01-12,2.3144,2.3144,2.3144,2.3144,0.0005,0,0
512200.OF,南方中证全指房地产ETF,2021-01-13,2.3183,2.3183,2.3183,2.3183,0.0017,0,0
512200.OF,南方中证全指房地产ETF,2021-01-14,2.3423,2.3423,2.3423,2.3423,0.0104,0,0
512200.OF,南方中证全指房地产ETF,2021-01-15,2.3521,2.3521,2.3521,2.3521,0.0042,0,0
512200.OF,南方中证全指房地产ETF,2021-01-18,2.3887,2.3887,2.3887,2.3887,0.0156,0,0
512200.OF,南方中证全指房地产ETF,2021-01-19,2.444,2.444,2.444,2.444,0.0231,0,0
512200.OF,南方中证全指房地产ETF,2021-01-20,2.4083,2.4083,2.4083,2.4083,-0.0146,0,0
512200.OF,南方中证全指房地产ETF,2021-01-21,2.3887,2.3887,2.3887,2.3887,-0.0081,0,0
512200.OF,南方中证全指房地产ETF,2021-01-22,2.3331,2.3331,2.3331,2.3331,-0.0233,0,0
512200.OF,南方中证全指房地产ETF,2021-01-25,2.3091,2.3091,2.3091,2.3091,-0.0103,0,0
512200.OF,南方中证全指房地产ETF,2021-01-26,2.3063,2.3063,2.3063,2.3063,-0.0012,0,0
512200.OF,南方中证全指房地产ETF,2021-01-27,2.2912,2.2912,2.2912,2.2912,-0.0065,0,0
512200.OF,南方中证全指房地产ETF,2021-01-28,2.2552,2.2552,2.2552,2.2552,-0.0157,0,0
512200.OF,南方中证全指房地产ETF,2021-01-29,2.2172,2.2172,2.2172,2.2172,-0.0168,0,0
512200.OF,南方中证全指房地产ETF,2021-02-01,2.2298,2.2298,2.2298,2.2298,0.0057,0,0
512200.OF,南方中证全指房地产ETF,2021-02-02,2.2385,2.2385,2.2385,2.2385,0.0039,0,0
512200.OF,南方中证全指房地产ETF,2021-02-03,2.2133,2.2133,2.2133,2.2133,-0.0112,0,0
512200.OF,南方中证全指房地产ETF,2021-02-04,2.1857,2.1857,2.1857,2.1857,-0.0125,0,0
512200.OF,南方中证全指房地产ETF,2021-02-05,2.2203,2.2203,2.2203,2.2203,0.0158,0,0
512200.OF,南方中证全指房地产ETF,2021-02-08,2.2234,2.2234,2.2234,2.2234,0.0014,0,0
512200.OF,南方中证全指房地产ETF,2021-02-09,2.2273,2.2273,2.2273,2.2273,0.0018,0,0
512200.OF,南方中证全指房地产ETF,2021-02-10,2.2253,2.2253,2.2253,2.2253,-0.0009,0,0
512200.OF,南方中证全指房地产ETF,2021-02-18,2.2951,2.2951,2.2951,2.2951,0.0314,0,0
512200.OF,南方中证全指房地产ETF,2021-02-19,2.3376,2.3376,2.3376,2.3376,0.0185,0,0
512200.OF,南方中证全指房地产ETF,2021-02-22,2.3532,2.3532,2.3532,2.3532,0.0067,0,0
512200.OF,南方中证全指房地产ETF,2021-02-23,2.3295,2.3295,2.3295,2.3295,-0.0101,0,0
512200.OF,南方中证全指房地产ETF,2021-02-24,2.3415,2.3415,2.3415,2.3415,0.0052,0,0
512200.OF,南方中证全指房地产ETF,2021-02-25,2.4728,2.4728,2.4728,2.4728,0.0561,0,0
512200.OF,南方中证全指房地产ETF,2021-02-26,2.4141,2.4141,2.4141,2.4141,-0.0237,0,0
512200.OF,南方中证全指房地产ETF,2021-03-01,2.4351,2.4351,2.4351,2.4351,0.0087,0,0
512200.OF,南方中证全指房地产ETF,2021-03-02,2.4158,2.4158,2.4158,2.4158,-0.0079,0,0
512200.OF,南方中证全指房地产ETF,2021-03-03,2.4356,2.4356,2.4356,2.4356,0.0082,0,0
512200.OF,南方中证全指房地产ETF,2021-03-04,2.4088,2.4088,2.4088,2.4088,-0.011,0,0
512200.OF,南方中证全指房地产ETF,2021-03-05,2.3773,2.3773,2.3773,2.3773,-0.0131,0,0
512200.OF,南方中证全指房地产ETF,2021-03-08,2.3493,2.3493,2.3493,2.3493,-0.0117,0,0
512200.OF,南方中证全指房地产ETF,2021-03-09,2.3167,2.3167,2.3167,2.3167,-0.0139,0,0
512200.OF,南方中证全指房地产ETF,2021-03-10,2.2898,2.2898,2.2898,2.2898,-0.0116,0,0
512200.OF,南方中证全指房地产ETF,2021-03-11,2.3228,2.3228,2.3228,2.3228,0.0144,0,0
512200.OF,南方中证全指房地产ETF,2021-03-12,2.3583,2.3583,2.3583,2.3583,0.0153,0,0
512200.OF,南方中证全指房地产ETF,2021-03-15,2.3566,2.3566,2.3566,2.3566,-0.0007,0,0
512200.OF,南方中证全指房地产ETF,2021-03-16,2.4203,2.4203,2.4203,2.4203,0.027,0,0
512200.OF,南方中证全指房地产ETF,2021-03-17,2.4144,2.4144,2.4144,2.4144,-0.0024,0,0
512200.OF,南方中证全指房地产ETF,2021-03-18,2.413,2.413,2.413,2.413,-0.0006,0,0
512200.OF,南方中证全指房地产ETF,2021-03-19,2.3664,2.3664,2.3664,2.3664,-0.0193,0,0
512200.OF,南方中证全指房地产ETF,2021-03-22,2.3904,2.3904,2.3904,2.3904,0.0101,0,0
512200.OF,南方中证全指房地产ETF,2021-03-23,2.3686,2.3686,2.3686,2.3686,-0.0091,0,0
512200.OF,南方中证全指房地产ETF,2021-03-24,2.3323,2.3323,2.3323,2.3323,-0.0153,0,0
512200.OF,南方中证全指房地产ETF,2021-03-25,2.322,2.322,2.322,2.322,-0.0044,0,0
512200.OF,南方中证全指房地产ETF,2021-03-26,2.3337,2.3337,2.3337,2.3337,0.0051,0,0
512200.OF,南方中证全指房地产ETF,2021-03-29,2.3437,2.3437,2.3437,2.3437,0.0043,0,0
512200.OF,南方中证全指房地产ETF,2021-03-30,2.346,2.346,2.346,2.346,0.001,0,0
512200.OF,南方中证全指房地产ETF,2021-03-31,2.3412,2.3412,2.3412,2.3412,-0.002,0,0
512200.OF,南方中证全指房地产ETF,2021-04-01,2.3426,2.3426,2.3426,2.3426,0.0006,0,0
512200.OF,南方中证全指房地产ETF,2021-04-02,2.3602,2.3602,2.3602,2.3602,0.0075,0,0
512200.OF,南方中证全指房地产ETF,2021-04-06,2.3552,2.3552,2.3552,2.3552,-0.0021,0,0
512200.OF,南方中证全指房地产ETF,2021-04-07,2.3814,2.3814,2.3814,2.3814,0.0111,0,0
512200.OF,南方中证全指房地产ETF,2021-04-08,2.3488,2.3488,2.3488,2.3488,-0.0137,0,0
512200.OF,南方中证全指房地产ETF,2021-04-09,2.3513,2.3513,2.3513,2.3513,0.0011,0,0
512200.OF,南方中证全指房地产ETF,2021-04-12,2.3541,2.3541,2.3541,2.3541,0.0012,0,0
512200.OF,南方中证全指房地产ETF,2021-04-13,2.3337,2.3337,2.3337,2.3337,-0.0087,0,0
512200.OF,南方中证全指房地产ETF,2021-04-14,2.3544,2.3544,2.3544,2.3544,0.0089,0,0
512200.OF,南方中证全指房地产ETF,2021-04-15,2.3463,2.3463,2.3463,2.3463,-0.0034,0,0
512200.OF,南方中证全指房地产ETF,2021-04-16,2.3876,2.3876,2.3876,2.3876,0.0176,0,0
512200.OF,南方中证全指房地产ETF,2021-04-19,2.3814,2.3814,2.3814,2.3814,-0.0026,0,0
512200.OF,南方中证全指房地产ETF,2021-04-20,2.3686,2.3686,2.3686,2.3686,-0.0054,0,0
512200.OF,南方中证全指房地产ETF,2021-04-21,2.3733,2.3733,2.3733,2.3733,0.002,0,0
512200.OF,南方中证全指房地产ETF,2021-04-22,2.3756,2.3756,2.3756,2.3756,0.0009,0,0
512200.OF,南方中证全指房地产ETF,2021-04-23,2.3415,2.3415,2.3415,2.3415,-0.0143,0,0
512200.OF,南方中证全指房地产ETF,2021-04-26,2.3261,2.3261,2.3261,2.3261,-0.0066,0,0
512200.OF,南方中证全指房地产ETF,2021-04-27,2.3289,2.3289,2.3289,2.3289,0.0012,0,0
512200.OF,南方中证全指房地产ETF,2021-04-28,2.3379,2.3379,2.3379,2.3379,0.0038,0,0
512200.OF,南方中证全指房地产ETF,2021-04-29,2.3552,2.3552,2.3552,2.3552,0.0074,0,0
512200.OF,南方中证全指房地产ETF,2021-04-30,2.3234,2.3234,2.3234,2.3234,-0.0135,0,0
512200.OF,南方中证全指房地产ETF,2021-05-06,2.3127,2.3127,2.3127,2.3127,-0.0046,0,0
512200.OF,南方中证全指房地产ETF,2021-05-07,2.2977,2.2977,2.2977,2.2977,-0.0065,0,0
512200.OF,南方中证全指房地产ETF,2021-05-10,2.272,2.272,2.272,2.272,-0.0112,0,0
512200.OF,南方中证全指房地产ETF,2021-05-11,2.3007,2.3007,2.3007,2.3007,0.0127,0,0
512200.OF,南方中证全指房地产ETF,2021-05-12,2.2926,2.2926,2.2926,2.2926,-0.0035,0,0
512200.OF,南方中证全指房地产ETF,2021-05-13,2.3063,2.3063,2.3063,2.3063,0.006,0,0
512200.OF,南方中证全指房地产ETF,2021-05-14,2.3351,2.3351,2.3351,2.3351,0.0125,0,0
512200.OF,南方中证全指房地产ETF,2021-05-17,2.3309,2.3309,2.3309,2.3309,-0.0018,0,0
512200.OF,南方中证全指房地产ETF,2021-05-18,2.356,2.356,2.356,2.356,0.0108,0,0
512200.OF,南方中证全指房地产ETF,2021-05-19,2.3373,2.3373,2.3373,2.3373,-0.0079,0,0
512200.OF,南方中证全指房地产ETF,2021-05-20,2.327,2.327,2.327,2.327,-0.0044,0,0
512200.OF,南方中证全指房地产ETF,2021-05-21,2.3222,2.3222,2.3222,2.3222,-0.002,0,0
512200.OF,南方中证全指房地产ETF,2021-05-24,2.3312,2.3312,2.3312,2.3312,0.0038,0,0
512200.OF,南方中证全指房地产ETF,2021-05-25,2.3585,2.3585,2.3585,2.3585,0.0117,0,0
512200.OF,南方中证全指房地产ETF,2021-05-26,2.3831,2.3831,2.3831,2.3831,0.0104,0,0
512200.OF,南方中证全指房地产ETF,2021-05-27,2.3968,2.3968,2.3968,2.3968,0.0057,0,0
512200.OF,南方中证全指房地产ETF,2021-05-28,2.3876,2.3876,2.3876,2.3876,-0.0038,0,0
512200.OF,南方中证全指房地产ETF,2021-05-31,2.3865,2.3865,2.3865,2.3865,-0.0005,0,0
512200.OF,南方中证全指房地产ETF,2021-06-01,2.3761,2.3761,2.3761,2.3761,-0.0043,0,0
512200.OF,南方中证全指房地产ETF,2021-06-02,2.3739,2.3739,2.3739,2.3739,-0.0009,0,0
512200.OF,南方中证全指房地产ETF,2021-06-03,2.3845,2.3845,2.3845,2.3845,0.0045,0,0
512200.OF,南方中证全指房地产ETF,2021-06-04,2.3644,2.3644,2.3644,2.3644,-0.0084,0,0
512200.OF,南方中证全指房地产ETF,2021-06-07,2.3306,2.3306,2.3306,2.3306,-0.0143,0,0
512200.OF,南方中证全指房地产ETF,2021-06-08,2.3409,2.3409,2.3409,2.3409,0.0044,0,0
512200.OF,南方中证全指房地产ETF,2021-06-09,2.3292,2.3292,2.3292,2.3292,-0.005,0,0
512200.OF,南方中证全指房地产ETF,2021-06-10,2.3175,2.3175,2.3175,2.3175,-0.005,0,0
512200.OF,南方中证全指房地产ETF,2021-06-11,2.3002,2.3002,2.3002,2.3002,-0.0075,0,0
512200.OF,南方中证全指房地产ETF,2021-06-15,2.2549,2.2549,2.2549,2.2549,-0.0197,0,0
512200.OF,南方中证全指房地产ETF,2021-06-16,2.2563,2.2563,2.2563,2.2563,0.0006,0,0
512200.OF,南方中证全指房地产ETF,2021-06-17,2.2619,2.2619,2.2619,2.2619,0.0025,0,0
512200.OF,南方中证全指房地产ETF,2021-06-18,2.2569,2.2569,2.2569,2.2569,-0.0022,0,0
512200.OF,南方中证全指房地产ETF,2021-06-21,2.2507,2.2507,2.2507,2.2507,-0.0027,0,0
512200.OF,南方中证全指房地产ETF,2021-06-22,2.2485,2.2485,2.2485,2.2485,-0.001,0,0
512200.OF,南方中证全指房地产ETF,2021-06-23,2.2583,2.2583,2.2583,2.2583,0.0043,0,0
512200.OF,南方中证全指房地产ETF,2021-06-24,2.2471,2.2471,2.2471,2.2471,-0.0049,0,0
512200.OF,南方中证全指房地产ETF,2021-06-25,2.2597,2.2597,2.2597,2.2597,0.0056,0,0
512200.OF,南方中证全指房地产ETF,2021-06-28,2.2357,2.2357,2.2357,2.2357,-0.0106,0,0
512200.OF,南方中证全指房地产ETF,2021-06-29,2.2245,2.2245,2.2245,2.2245,-0.005,0,0
512200.OF,南方中证全指房地产ETF,2021-06-30,2.2228,2.2228,2.2228,2.2228,-0.0008,0,0
512200.OF,南方中证全指房地产ETF,2021-07-01,2.2706,2.2706,2.2706,2.2706,0.0215,0,0
512200.OF,南方中证全指房地产ETF,2021-07-02,2.2301,2.2301,2.2301,2.2301,-0.0178,0,0
512200.OF,南方中证全指房地产ETF,2021-07-05,2.22,2.22,2.22,2.22,-0.0045,0,0
512200.OF,南方中证全指房地产ETF,2021-07-06,2.2533,2.2533,2.2533,2.2533,0.015,0,0
512200.OF,南方中证全指房地产ETF,2021-07-07,2.2365,2.2365,2.2365,2.2365,-0.0074,0,0
512200.OF,南方中证全指房地产ETF,2021-07-08,2.2217,2.2217,2.2217,2.2217,-0.0066,0,0
512200.OF,南方中证全指房地产ETF,2021-07-09,2.2276,2.2276,2.2276,2.2276,0.0026,0,0
512200.OF,南方中证全指房地产ETF,2021-07-12,2.2144,2.2144,2.2144,2.2144,-0.0059,0,0
512200.OF,南方中证全指房地产ETF,2021-07-13,2.2304,2.2304,2.2304,2.2304,0.0072,0,0
512200.OF,南方中证全指房地产ETF,2021-07-14,2.201,2.201,2.201,2.201,-0.0131,0,0
512200.OF,南方中证全指房地产ETF,2021-07-15,2.2052,2.2052,2.2052,2.2052,0.0019,0,0
512200.OF,南方中证全指房地产ETF,2021-07-16,2.2027,2.2027,2.2027,2.2027,-0.0011,0,0
512200.OF,南方中证全指房地产ETF,2021-07-19,2.1711,2.1711,2.1711,2.1711,-0.0143,0,0
512200.OF,南方中证全指房地产ETF,2021-07-20,2.1589,2.1589,2.1589,2.1589,-0.0057,0,0
512200.OF,南方中证全指房地产ETF,2021-07-21,2.1474,2.1474,2.1474,2.1474,-0.0053,0,0
512200.OF,南方中证全指房地产ETF,2021-07-22,2.1678,2.1678,2.1678,2.1678,0.0095,0,0
512200.OF,南方中证全指房地产ETF,2021-07-23,2.1522,2.1522,2.1522,2.1522,-0.0072,0,0
512200.OF,南方中证全指房地产ETF,2021-07-26,2.0673,2.0673,2.0673,2.0673,-0.0394,0,0
512200.OF,南方中证全指房地产ETF,2021-07-27,1.9935,1.9935,1.9935,1.9935,-0.0357,0,0
512200.OF,南方中证全指房地产ETF,2021-07-28,1.9768,1.9768,1.9768,1.9768,-0.0084,0,0
512200.OF,南方中证全指房地产ETF,2021-07-29,1.9843,1.9843,1.9843,1.9843,0.0038,0,0
512200.OF,南方中证全指房地产ETF,2021-07-30,1.9832,1.9832,1.9832,1.9832,-0.0006,0,0
512200.OF,南方中证全指房地产ETF,2021-08-02,2.0075,2.0075,2.0075,2.0075,0.0123,0,0
512200.OF,南方中证全指房地产ETF,2021-08-03,2.0019,2.0019,2.0019,2.0019,-0.0028,0,0
512200.OF,南方中证全指房地产ETF,2021-08-04,1.9935,1.9935,1.9935,1.9935,-0.0042,0,0
512200.OF,南方中证全指房地产ETF,2021-08-05,2.0189,2.0189,2.0189,2.0189,0.0127,0,0
512200.OF,南方中证全指房地产ETF,2021-08-06,2.0173,2.0173,2.0173,2.0173,-0.0008,0,0
512200.OF,南方中证全指房地产ETF,2021-08-09,2.0812,2.0812,2.0812,2.0812,0.0317,0,0
512200.OF,南方中证全指房地产ETF,2021-08-10,2.0837,2.0837,2.0837,2.0837,0.0012,0,0
512200.OF,南方中证全指房地产ETF,2021-08-11,2.1466,2.1466,2.1466,2.1466,0.0302,0,0
512200.OF,南方中证全指房地产ETF,2021-08-12,2.1231,2.1231,2.1231,2.1231,-0.0109,0,0
512200.OF,南方中证全指房地产ETF,2021-08-13,2.1164,2.1164,2.1164,2.1164,-0.0032,0,0
512200.OF,南方中证全指房地产ETF,2021-08-16,2.146,2.146,2.146,2.146,0.014,0,0
512200.OF,南方中证全指房地产ETF,2021-08-17,2.1376,2.1376,2.1376,2.1376,-0.0039,0,0
512200.OF,南方中证全指房地产ETF,2021-08-18,2.1586,2.1586,2.1586,2.1586,0.0098,0,0
512200.OF,南方中证全指房地产ETF,2021-08-19,2.1281,2.1281,2.1281,2.1281,-0.0141,0,0
512200.OF,南方中证全指房地产ETF,2021-08-20,2.1348,2.1348,2.1348,2.1348,0.0031,0,0
512200.OF,南方中证全指房地产ETF,2021-08-23,2.132,2.132,2.132,2.132,-0.0013,0,0
512200.OF,南方中证全指房地产ETF,2021-08-24,2.1457,2.1457,2.1457,2.1457,0.0064,0,0
512200.OF,南方中证全指房地产ETF,2021-08-25,2.1508,2.1508,2.1508,2.1508,0.0023,0,0
512200.OF,南方中证全指房地产ETF,2021-08-26,2.1248,2.1248,2.1248,2.1248,-0.0121,0,0
512200.OF,南方中证全指房地产ETF,2021-08-27,2.1147,2.1147,2.1147,2.1147,-0.0047,0,0
512200.OF,南方中证全指房地产ETF,2021-08-30,2.0798,2.0798,2.0798,2.0798,-0.0165,0,0
512200.OF,南方中证全指房地产ETF,2021-08-31,2.127,2.127,2.127,2.127,0.0227,0,0
512200.OF,南方中证全指房地产ETF,2021-09-01,2.1938,2.1938,2.1938,2.1938,0.0314,0,0
512200.OF,南方中证全指房地产ETF,2021-09-02,2.229,2.229,2.229,2.229,0.016,0,0
512200.OF,南方中证全指房地产ETF,2021-09-03,2.2385,2.2385,2.2385,2.2385,0.0043,0,0
512200.OF,南方中证全指房地产ETF,2021-09-06,2.22,2.22,2.22,2.22,-0.0082,0,0
512200.OF,南方中证全指房地产ETF,2021-09-07,2.2245,2.2245,2.2245,2.2245,0.002,0,0
512200.OF,南方中证全指房地产ETF,2021-09-08,2.2287,2.2287,2.2287,2.2287,0.0019,0,0
512200.OF,南方中证全指房地产ETF,2021-09-09,2.2323,2.2323,2.2323,2.2323,0.0016,0,0
512200.OF,南方中证全指房地产ETF,2021-09-10,2.2418,2.2418,2.2418,2.2418,0.0043,0,0
512200.OF,南方中证全指房地产ETF,2021-09-13,2.2901,2.2901,2.2901,2.2901,0.0216,0,0
512200.OF,南方中证全指房地产ETF,2021-09-14,2.2298,2.2298,2.2298,2.2298,-0.0263,0,0
512200.OF,南方中证全指房地产ETF,2021-09-15,2.2075,2.2075,2.2075,2.2075,-0.01,0,0
512200.OF,南方中证全指房地产ETF,2021-09-16,2.1535,2.1535,2.1535,2.1535,-0.0244,0,0
512200.OF,南方中证全指房地产ETF,2021-09-17,2.1639,2.1639,2.1639,2.1639,0.0048,0,0
512200.OF,南方中证全指房地产ETF,2021-09-22,2.215,2.215,2.215,2.215,0.0236,0,0
512200.OF,南方中证全指房地产ETF,2021-09-23,2.2611,2.2611,2.2611,2.2611,0.0208,0,0
512200.OF,南方中证全指房地产ETF,2021-09-24,2.2418,2.2418,2.2418,2.2418,-0.0085,0,0
512200.OF,南方中证全指房地产ETF,2021-09-27,2.1675,2.1675,2.1675,2.1675,-0.0331,0,0
512200.OF,南方中证全指房地产ETF,2021-09-28,2.2382,2.2382,2.2382,2.2382,0.0326,0,0
512200.OF,南方中证全指房地产ETF,2021-09-29,2.2122,2.2122,2.2122,2.2122,-0.0116,0,0
512200.OF,南方中证全指房地产ETF,2021-09-30,2.2404,2.2404,2.2404,2.2404,0.0128,0,0
512200.OF,南方中证全指房地产ETF,2021-10-08,2.2337,2.2337,2.2337,2.2337,-0.003,0,0
512200.OF,南方中证全指房地产ETF,2021-10-11,2.2502,2.2502,2.2502,2.2502,0.0074,0,0
512200.OF,南方中证全指房地产ETF,2021-10-12,2.2597,2.2597,2.2597,2.2597,0.0042,0,0
512200.OF,南方中证全指房地产ETF,2021-10-13,2.2485,2.2485,2.2485,2.2485,-0.0049,0,0
512200.OF,南方中证全指房地产ETF,2021-10-14,2.2077,2.2077,2.2077,2.2077,-0.0181,0,0
512200.OF,南方中证全指房地产ETF,2021-10-15,2.1991,2.1991,2.1991,2.1991,-0.0039,0,0
512200.OF,南方中证全指房地产ETF,2021-10-18,2.1765,2.1765,2.1765,2.1765,-0.0103,0,0
512200.OF,南方中证全指房地产ETF,2021-10-19,2.1622,2.1622,2.1622,2.1622,-0.0065,0,0
512200.OF,南方中证全指房地产ETF,2021-10-20,2.1482,2.1482,2.1482,2.1482,-0.0065,0,0
512200.OF,南方中证全指房地产ETF,2021-10-21,2.1865,2.1865,2.1865,2.1865,0.0178,0,0
512200.OF,南方中证全指房地产ETF,2021-10-22,2.2186,2.2186,2.2186,2.2186,0.0147,0,0
512200.OF,南方中证全指房地产ETF,2021-10-25,2.1762,2.1762,2.1762,2.1762,-0.0191,0,0
512200.OF,南方中证全指房地产ETF,2021-10-26,2.1393,2.1393,2.1393,2.1393,-0.0169,0,0
512200.OF,南方中证全指房地产ETF,2021-10-27,2.11,2.11,2.11,2.11,-0.0137,0,0
512200.OF,南方中证全指房地产ETF,2021-10-28,2.0698,2.0698,2.0698,2.0698,-0.0191,0,0
512200.OF,南方中证全指房地产ETF,2021-10-29,2.053,2.053,2.053,2.053,-0.0081,0,0
512200.OF,南方中证全指房地产ETF,2021-11-01,2.0315,2.0315,2.0315,2.0315,-0.0105,0,0
512200.OF,南方中证全指房地产ETF,2021-11-02,1.986,1.986,1.986,1.986,-0.0224,0,0
512200.OF,南方中证全指房地产ETF,2021-11-03,2.0161,2.0161,2.0161,2.0161,0.0152,0,0
512200.OF,南方中证全指房地产ETF,2021-11-04,2.008,2.008,2.008,2.008,-0.004,0,0
512200.OF,南方中证全指房地产ETF,2021-11-05,1.9726,1.9726,1.9726,1.9726,-0.0177,0,0
512200.OF,南方中证全指房地产ETF,2021-11-08,1.9902,1.9902,1.9902,1.9902,0.0089,0,0
512200.OF,南方中证全指房地产ETF,2021-11-09,1.9913,1.9913,1.9913,1.9913,0.0006,0,0
512200.OF,南方中证全指房地产ETF,2021-11-10,2.0455,2.0455,2.0455,2.0455,0.0272,0,0
512200.OF,南方中证全指房地产ETF,2021-11-11,2.1642,2.1642,2.1642,2.1642,0.058,0,0
512200.OF,南方中证全指房地产ETF,2021-11-12,2.1424,2.1424,2.1424,2.1424,-0.0101,0,0
512200.OF,南方中证全指房地产ETF,2021-11-15,2.1262,2.1262,2.1262,2.1262,-0.0076,0,0
512200.OF,南方中证全指房地产ETF,2021-11-16,2.1069,2.1069,2.1069,2.1069,-0.0091,0,0
512200.OF,南方中证全指房地产ETF,2021-11-17,2.1119,2.1119,2.1119,2.1119,0.0024,0,0
512200.OF,南方中证全指房地产ETF,2021-11-18,2.0834,2.0834,2.0834,2.0834,-0.0135,0,0
512200.OF,南方中证全指房地产ETF,2021-11-19,2.1513,2.1513,2.1513,2.1513,0.0326,0,0
512200.OF,南方中证全指房地产ETF,2021-11-22,2.1164,2.1164,2.1164,2.1164,-0.0162,0,0
512200.OF,南方中证全指房地产ETF,2021-11-23,2.1329,2.1329,2.1329,2.1329,0.0078,0,0
512200.OF,南方中证全指房地产ETF,2021-11-24,2.1499,2.1499,2.1499,2.1499,0.008,0,0
512200.OF,南方中证全指房地产ETF,2021-11-25,2.1418,2.1418,2.1418,2.1418,-0.0038,0,0
512200.OF,南方中证全指房地产ETF,2021-11-26,2.1259,2.1259,2.1259,2.1259,-0.0074,0,0
512200.OF,南方中证全指房地产ETF,2021-11-29,2.1002,2.1002,2.1002,2.1002,-0.0121,0,0
512200.OF,南方中证全指房地产ETF,2021-11-30,2.0935,2.0935,2.0935,2.0935,-0.0032,0,0
512200.OF,南方中证全指房地产ETF,2021-12-01,2.1198,2.1198,2.1198,2.1198,0.0125,0,0
512200.OF,南方中证全指房地产ETF,2021-12-02,2.1315,2.1315,2.1315,2.1315,0.0055,0,0
512200.OF,南方中证全指房地产ETF,2021-12-03,2.1547,2.1547,2.1547,2.1547,0.0109,0,0
512200.OF,南方中证全指房地产ETF,2021-12-06,2.1586,2.1586,2.1586,2.1586,0.0018,0,0
512200.OF,南方中证全指房地产ETF,2021-12-07,2.1823,2.1823,2.1823,2.1823,0.011,0,0
512200.OF,南方中证全指房地产ETF,2021-12-08,2.1792,2.1792,2.1792,2.1792,-0.0014,0,0
512200.OF,南方中证全指房地产ETF,2021-12-09,2.2169,2.2169,2.2169,2.2169,0.0173,0,0
512200.OF,南方中证全指房地产ETF,2021-12-10,2.1982,2.1982,2.1982,2.1982,-0.0084,0,0
512200.OF,南方中证全指房地产ETF,2021-12-13,2.1851,2.1851,2.1851,2.1851,-0.006,0,0
512200.OF,南方中证全指房地产ETF,2021-12-14,2.1633,2.1633,2.1633,2.1633,-0.01,0,0
512200.OF,南方中证全指房地产ETF,2021-12-15,2.1778,2.1778,2.1778,2.1778,0.0067,0,0
512200.OF,南方中证全指房地产ETF,2021-12-16,2.1893,2.1893,2.1893,2.1893,0.0053,0,0
512200.OF,南方中证全指房地产ETF,2021-12-17,2.1876,2.1876,2.1876,2.1876,-0.0008,0,0
512200.OF,南方中证全指房地产ETF,2021-12-20,2.2019,2.2019,2.2019,2.2019,0.0065,0,0
512200.OF,南方中证全指房地产ETF,2021-12-21,2.3133,2.3133,2.3133,2.3133,0.0506,0,0
512200.OF,南方中证全指房地产ETF,2021-12-22,2.2736,2.2736,2.2736,2.2736,-0.0171,0,0
512200.OF,南方中证全指房地产ETF,2021-12-23,2.2421,2.2421,2.2421,2.2421,-0.0139,0,0
512200.OF,南方中证全指房地产ETF,2021-12-24,2.2156,2.2156,2.2156,2.2156,-0.0118,0,0
512200.OF,南方中证全指房地产ETF,2021-12-27,2.2309,2.2309,2.2309,2.2309,0.0069,0,0
512200.OF,南方中证全指房地产ETF,2021-12-28,2.225,2.225,2.225,2.225,-0.0026,0,0
512200.OF,南方中证全指房地产ETF,2021-12-29,2.213,2.213,2.213,2.213,-0.0054,0,0
512200.OF,南方中证全指房地产ETF,2021-12-30,2.2144,2.2144,2.2144,2.2144,0.0006,0,0
512200.OF,南方中证全指房地产ETF,2021-12-31,2.2479,2.2479,2.2479,2.2479,0.0151,0,0
512200.OF,南方中证全指房地产ETF,2022-01-04,2.2756,2.2756,2.2756,2.2756,0.0123,0,0
512200.OF,南方中证全指房地产ETF,2022-01-05,2.2896,2.2896,2.2896,2.2896,0.0061,0,0
512200.OF,南方中证全指房地产ETF,2022-01-06,2.2862,2.2862,2.2862,2.2862,-0.0015,0,0
512200.OF,南方中证全指房地产ETF,2022-01-07,2.3345,2.3345,2.3345,2.3345,0.0211,0,0
512200.OF,南方中证全指房地产ETF,2022-01-10,2.3638,2.3638,2.3638,2.3638,0.0126,0,0
512200.OF,南方中证全指房地产ETF,2022-01-11,2.3675,2.3675,2.3675,2.3675,0.0015,0,0
512200.OF,南方中证全指房地产ETF,2022-01-12,2.3507,2.3507,2.3507,2.3507,-0.0071,0,0
512200.OF,南方中证全指房地产ETF,2022-01-13,2.3169,2.3169,2.3169,2.3169,-0.0144,0,0
512200.OF,南方中证全指房地产ETF,2022-01-14,2.2602,2.2602,2.2602,2.2602,-0.0245,0,0
512200.OF,南方中证全指房地产ETF,2022-01-17,2.2868,2.2868,2.2868,2.2868,0.0117,0,0
512200.OF,南方中证全指房地产ETF,2022-01-18,2.3253,2.3253,2.3253,2.3253,0.0169,0,0
512200.OF,南方中证全指房地产ETF,2022-01-19,2.3359,2.3359,2.3359,2.3359,0.0046,0,0
512200.OF,南方中证全指房地产ETF,2022-01-20,2.3292,2.3292,2.3292,2.3292,-0.0029,0,0
512200.OF,南方中证全指房地产ETF,2022-01-21,2.3105,2.3105,2.3105,2.3105,-0.008,0,0
512200.OF,南方中证全指房地产ETF,2022-01-24,2.3301,2.3301,2.3301,2.3301,0.0085,0,0
512200.OF,南方中证全指房地产ETF,2022-01-25,2.2502,2.2502,2.2502,2.2502,-0.0343,0,0
512200.OF,南方中证全指房地产ETF,2022-01-26,2.2549,2.2549,2.2549,2.2549,0.0021,0,0
512200.OF,南方中证全指房地产ETF,2022-01-27,2.2167,2.2167,2.2167,2.2167,-0.017,0,0
512200.OF,南方中证全指房地产ETF,2022-01-28,2.213,2.213,2.213,2.213,-0.0016,0,0
512200.OF,南方中证全指房地产ETF,2022-02-07,2.244,2.244,2.244,2.244,0.014,0,0
512200.OF,南方中证全指房地产ETF,2022-02-08,2.2681,2.2681,2.2681,2.2681,0.0107,0,0
512200.OF,南方中证全指房地产ETF,2022-02-09,2.2689,2.2689,2.2689,2.2689,0.0004,0,0
512200.OF,南方中证全指房地产ETF,2022-02-10,2.2963,2.2963,2.2963,2.2963,0.0121,0,0
512200.OF,南方中证全指房地产ETF,2022-02-11,2.2993,2.2993,2.2993,2.2993,0.0013,0,0
512200.OF,南方中证全指房地产ETF,2022-02-14,2.2351,2.2351,2.2351,2.2351,-0.0279,0,0
512200.OF,南方中证全指房地产ETF,2022-02-15,2.2102,2.2102,2.2102,2.2102,-0.0111,0,0
512200.OF,南方中证全指房地产ETF,2022-02-16,2.2357,2.2357,2.2357,2.2357,0.0115,0,0
512200.OF,南方中证全指房地产ETF,2022-02-17,2.2049,2.2049,2.2049,2.2049,-0.0137,0,0
512200.OF,南方中证全指房地产ETF,2022-02-18,2.2812,2.2812,2.2812,2.2812,0.0346,0,0
512200.OF,南方中证全指房地产ETF,2022-02-21,2.3046,2.3046,2.3046,2.3046,0.0103,0,0
512200.OF,南方中证全指房地产ETF,2022-02-22,2.2918,2.2918,2.2918,2.2918,-0.0056,0,0
512200.OF,南方中证全指房地产ETF,2022-02-23,2.2669,2.2669,2.2669,2.2669,-0.0108,0,0
512200.OF,南方中证全指房地产ETF,2022-02-24,2.2175,2.2175,2.2175,2.2175,-0.0218,0,0
512200.OF,南方中证全指房地产ETF,2022-02-25,2.208,2.208,2.208,2.208,-0.0043,0,0
512200.OF,南方中证全指房地产ETF,2022-02-28,2.1938,2.1938,2.1938,2.1938,-0.0065,0,0
512200.OF,南方中证全指房地产ETF,2022-03-01,2.2158,2.2158,2.2158,2.2158,0.0101,0,0
512200.OF,南方中证全指房地产ETF,2022-03-02,2.2315,2.2315,2.2315,2.2315,0.0071,0,0
512200.OF,南方中证全指房地产ETF,2022-03-03,2.2711,2.2711,2.2711,2.2711,0.0178,0,0
512200.OF,南方中证全指房地产ETF,2022-03-04,2.2471,2.2471,2.2471,2.2471,-0.0106,0,0
512200.OF,南方中证全指房地产ETF,2022-03-07,2.2438,2.2438,2.2438,2.2438,-0.0015,0,0
512200.OF,南方中证全指房地产ETF,2022-03-08,2.1717,2.1717,2.1717,2.1717,-0.0321,0,0
512200.OF,南方中证全指房地产ETF,2022-03-09,2.1036,2.1036,2.1036,2.1036,-0.0314,0,0
512200.OF,南方中证全指房地产ETF,2022-03-10,2.1256,2.1256,2.1256,2.1256,0.0105,0,0
512200.OF,南方中证全指房地产ETF,2022-03-11,2.1343,2.1343,2.1343,2.1343,0.0041,0,0
512200.OF,南方中证全指房地产ETF,2022-03-14,2.0921,2.0921,2.0921,2.0921,-0.0198,0,0
512200.OF,南方中证全指房地产ETF,2022-03-15,1.9405,1.9405,1.9405,1.9405,-0.0725,0,0
512200.OF,南方中证全指房地产ETF,2022-03-16,2.0025,2.0025,2.0025,2.0025,0.032,0,0
512200.OF,南方中证全指房地产ETF,2022-03-17,2.0826,2.0826,2.0826,2.0826,0.04,0,0
512200.OF,南方中证全指房地产ETF,2022-03-18,2.1762,2.1762,2.1762,2.1762,0.0449,0,0
512200.OF,南方中证全指房地产ETF,2022-03-21,2.1784,2.1784,2.1784,2.1784,0.001,0,0
512200.OF,南方中证全指房地产ETF,2022-03-22,2.2588,2.2588,2.2588,2.2588,0.0369,0,0
512200.OF,南方中证全指房地产ETF,2022-03-23,2.3044,2.3044,2.3044,2.3044,0.0202,0,0
512200.OF,南方中证全指房地产ETF,2022-03-24,2.2697,2.2697,2.2697,2.2697,-0.015,0,0
512200.OF,南方中证全指房地产ETF,2022-03-25,2.2767,2.2767,2.2767,2.2767,0.0031,0,0
512200.OF,南方中证全指房地产ETF,2022-03-28,2.3231,2.3231,2.3231,2.3231,0.0204,0,0
512200.OF,南方中证全指房地产ETF,2022-03-29,2.2812,2.2812,2.2812,2.2812,-0.018,0,0
512200.OF,南方中证全指房地产ETF,2022-03-30,2.4094,2.4094,2.4094,2.4094,0.0562,0,0
512200.OF,南方中证全指房地产ETF,2022-03-31,2.4381,2.4381,2.4381,2.4381,0.0119,0,0
512200.OF,南方中证全指房地产ETF,2022-04-01,2.5088,2.5088,2.5088,2.5088,0.029,0,0
512200.OF,南方中证全指房地产ETF,2022-04-06,2.5806,2.5806,2.5806,2.5806,0.0286,0,0
512200.OF,南方中证全指房地产ETF,2022-04-07,2.482,2.482,2.482,2.482,-0.0382,0,0
512200.OF,南方中证全指房地产ETF,2022-04-08,2.5504,2.5504,2.5504,2.5504,0.0276,0,0
512200.OF,南方中证全指房地产ETF,2022-04-11,2.4501,2.4501,2.4501,2.4501,-0.0393,0,0
512200.OF,南方中证全指房地产ETF,2022-04-12,2.3935,2.3935,2.3935,2.3935,-0.0231,0,0
512200.OF,南方中证全指房地产ETF,2022-04-13,2.3622,2.3622,2.3622,2.3622,-0.0131,0,0
512200.OF,南方中证全指房地产ETF,2022-04-14,2.4524,2.4524,2.4524,2.4524,0.0382,0,0
512200.OF,南方中证全指房地产ETF,2022-04-15,2.4591,2.4591,2.4591,2.4591,0.0027,0,0
512200.OF,南方中证全指房地产ETF,2022-04-18,2.377,2.377,2.377,2.377,-0.0334,0,0
512200.OF,南方中证全指房地产ETF,2022-04-19,2.3912,2.3912,2.3912,2.3912,0.006,0,0
512200.OF,南方中证全指房地产ETF,2022-04-20,2.2734,2.2734,2.2734,2.2734,-0.0493,0,0
512200.OF,南方中证全指房地产ETF,2022-04-21,2.2075,2.2075,2.2075,2.2075,-0.029,0,0
512200.OF,南方中证全指房地产ETF,2022-04-22,2.2298,2.2298,2.2298,2.2298,0.0101,0,0
512200.OF,南方中证全指房地产ETF,2022-04-25,2.0999,2.0999,2.0999,2.0999,-0.0582,0,0
512200.OF,南方中证全指房地产ETF,2022-04-26,2.1013,2.1013,2.1013,2.1013,0.0007,0,0
512200.OF,南方中证全指房地产ETF,2022-04-27,2.0686,2.0686,2.0686,2.0686,-0.0156,0,0
512200.OF,南方中证全指房地产ETF,2022-04-28,2.1287,2.1287,2.1287,2.1287,0.029,0,0
512200.OF,南方中证全指房地产ETF,2022-04-29,2.208,2.208,2.208,2.208,0.0373,0,0
512200.OF,南方中证全指房地产ETF,2022-05-05,2.1974,2.1974,2.1974,2.1974,-0.0048,0,0
512200.OF,南方中证全指房地产ETF,2022-05-06,2.0801,2.0801,2.0801,2.0801,-0.0534,0,0
512200.OF,南方中证全指房地产ETF,2022-05-09,2.1103,2.1103,2.1103,2.1103,0.0145,0,0
512200.OF,南方中证全指房地产ETF,2022-05-10,2.1287,2.1287,2.1287,2.1287,0.0087,0,0
512200.OF,南方中证全指房地产ETF,2022-05-11,2.0999,2.0999,2.0999,2.0999,-0.0135,0,0
512200.OF,南方中证全指房地产ETF,2022-05-12,2.0703,2.0703,2.0703,2.0703,-0.0141,0,0
512200.OF,南方中证全指房地产ETF,2022-05-13,2.1672,2.1672,2.1672,2.1672,0.0468,0,0
512200.OF,南方中证全指房地产ETF,2022-05-16,2.2041,2.2041,2.2041,2.2041,0.017,0,0
512200.OF,南方中证全指房地产ETF,2022-05-17,2.1709,2.1709,2.1709,2.1709,-0.0151,0,0
512200.OF,南方中证全指房地产ETF,2022-05-18,2.1563,2.1563,2.1563,2.1563,-0.0067,0,0
512200.OF,南方中证全指房地产ETF,2022-05-19,2.2027,2.2027,2.2027,2.2027,0.0215,0,0
512200.OF,南方中证全指房地产ETF,2022-05-20,2.1795,2.1795,2.1795,2.1795,-0.0105,0,0
512200.OF,南方中证全指房地产ETF,2022-05-23,2.136,2.136,2.136,2.136,-0.02,0,0
512200.OF,南方中证全指房地产ETF,2022-05-24,2.0848,2.0848,2.0848,2.0848,-0.0239,0,0
512200.OF,南方中证全指房地产ETF,2022-05-25,2.1027,2.1027,2.1027,2.1027,0.0086,0,0
512200.OF,南方中证全指房地产ETF,2022-05-26,2.1225,2.1225,2.1225,2.1225,0.0094,0,0
512200.OF,南方中证全指房地产ETF,2022-05-27,2.11,2.11,2.11,2.11,-0.0059,0,0
512200.OF,南方中证全指房地产ETF,2022-05-30,2.0854,2.0854,2.0854,2.0854,-0.0116,0,0
512200.OF,南方中证全指房地产ETF,2022-05-31,2.0821,2.0821,2.0821,2.0821,-0.0016,0,0
512200.OF,南方中证全指房地产ETF,2022-06-01,2.0915,2.0915,2.0915,2.0915,0.0046,0,0
512200.OF,南方中证全指房地产ETF,2022-06-02,2.0622,2.0622,2.0622,2.0622,-0.014,0,0
512200.OF,南方中证全指房地产ETF,2022-06-06,2.0466,2.0466,2.0466,2.0466,-0.0076,0,0
512200.OF,南方中证全指房地产ETF,2022-06-07,2.074,2.074,2.074,2.074,0.0134,0,0
512200.OF,南方中证全指房地产ETF,2022-06-08,2.0555,2.0555,2.0555,2.0555,-0.0089,0,0
512200.OF,南方中证全指房地产ETF,2022-06-09,2.0642,2.0642,2.0642,2.0642,0.0042,0,0
512200.OF,南方中证全指房地产ETF,2022-06-10,2.0628,2.0628,2.0628,2.0628,-0.0007,0,0
512200.OF,南方中证全指房地产ETF,2022-06-13,2.0094,2.0094,2.0094,2.0094,-0.0259,0,0
512200.OF,南方中证全指房地产ETF,2022-06-14,2.0416,2.0416,2.0416,2.0416,0.016,0,0
512200.OF,南方中证全指房地产ETF,2022-06-15,2.0871,2.0871,2.0871,2.0871,0.0223,0,0
512200.OF,南方中证全指房地产ETF,2022-06-16,2.0737,2.0737,2.0737,2.0737,-0.0064,0,0
512200.OF,南方中证全指房地产ETF,2022-06-17,2.0597,2.0597,2.0597,2.0597,-0.0067,0,0
512200.OF,南方中证全指房地产ETF,2022-06-20,2.1058,2.1058,2.1058,2.1058,0.0224,0,0
512200.OF,南方中证全指房地产ETF,2022-06-21,2.1186,2.1186,2.1186,2.1186,0.0061,0,0
512200.OF,南方中证全指房地产ETF,2022-06-22,2.0795,2.0795,2.0795,2.0795,-0.0185,0,0
512200.OF,南方中证全指房地产ETF,2022-06-23,2.1156,2.1156,2.1156,2.1156,0.0173,0,0
512200.OF,南方中证全指房地产ETF,2022-06-24,2.0983,2.0983,2.0983,2.0983,-0.0082,0,0
512200.OF,南方中证全指房地产ETF,2022-06-27,2.1044,2.1044,2.1044,2.1044,0.0029,0,0
512200.OF,南方中证全指房地产ETF,2022-06-28,2.0946,2.0946,2.0946,2.0946,-0.0046,0,0
512200.OF,南方中证全指房地产ETF,2022-06-29,2.1636,2.1636,2.1636,2.1636,0.0329,0,0
512200.OF,南方中证全指房地产ETF,2022-06-30,2.1913,2.1913,2.1913,2.1913,0.0128,0,0
512200.OF,南方中证全指房地产ETF,2022-07-01,2.1759,2.1759,2.1759,2.1759,-0.007,0,0
512200.OF,南方中证全指房地产ETF,2022-07-04,2.163,2.163,2.163,2.163,-0.0059,0,0
512200.OF,南方中证全指房地产ETF,2022-07-05,2.1371,2.1371,2.1371,2.1371,-0.012,0,0
512200.OF,南方中证全指房地产ETF,2022-07-06,2.0918,2.0918,2.0918,2.0918,-0.0212,0,0
512200.OF,南方中证全指房地产ETF,2022-07-07,2.0938,2.0938,2.0938,2.0938,0.0009,0,0
512200.OF,南方中证全指房地产ETF,2022-07-08,2.0985,2.0985,2.0985,2.0985,0.0023,0,0
512200.OF,南方中证全指房地产ETF,2022-07-11,2.0709,2.0709,2.0709,2.0709,-0.0132,0,0
512200.OF,南方中证全指房地产ETF,2022-07-12,2.0815,2.0815,2.0815,2.0815,0.0051,0,0
512200.OF,南方中证全指房地产ETF,2022-07-13,2.1005,2.1005,2.1005,2.1005,0.0091,0,0
512200.OF,南方中证全指房地产ETF,2022-07-14,2.065,2.065,2.065,2.065,-0.0169,0,0
512200.OF,南方中证全指房地产ETF,2022-07-15,1.972,1.972,1.972,1.972,-0.045,0,0
512200.OF,南方中证全指房地产ETF,2022-07-18,2.0323,2.0323,2.0323,2.0323,0.0306,0,0
512200.OF,南方中证全指房地产ETF,2022-07-19,2.0407,2.0407,2.0407,2.0407,0.0041,0,0
512200.OF,南方中证全指房地产ETF,2022-07-20,2.0388,2.0388,2.0388,2.0388,-0.001,0,0
512200.OF,南方中证全指房地产ETF,2022-07-21,2.0139,2.0139,2.0139,2.0139,-0.0122,0,0
512200.OF,南方中证全指房地产ETF,2022-07-22,2.0072,2.0072,2.0072,2.0072,-0.0033,0,0
512200.OF,南方中证全指房地产ETF,2022-07-25,2.0259,2.0259,2.0259,2.0259,0.0093,0,0
512200.OF,南方中证全指房地产ETF,2022-07-26,2.11,2.11,2.11,2.11,0.0415,0,0
512200.OF,南方中证全指房地产ETF,2022-07-27,2.1013,2.1013,2.1013,2.1013,-0.0041,0,0
512200.OF,南方中证全指房地产ETF,2022-07-28,2.1097,2.1097,2.1097,2.1097,0.004,0,0
512200.OF,南方中证全指房地产ETF,2022-07-29,2.0745,2.0745,2.0745,2.0745,-0.0167,0,0
512200.OF,南方中证全指房地产ETF,2022-08-01,2.0502,2.0502,2.0502,2.0502,-0.0117,0,0
512200.OF,南方中证全指房地产ETF,2022-08-02,1.9899,1.9899,1.9899,1.9899,-0.0294,0,0
512200.OF,南方中证全指房地产ETF,2022-08-03,1.9455,1.9455,1.9455,1.9455,-0.0223,0,0
512200.OF,南方中证全指房地产ETF,2022-08-04,1.9597,1.9597,1.9597,1.9597,0.0073,0,0
512200.OF,南方中证全指房地产ETF,2022-08-05,1.9896,1.9896,1.9896,1.9896,0.0152,0,0
512200.OF,南方中证全指房地产ETF,2022-08-08,1.9969,1.9969,1.9969,1.9969,0.0036,0,0
512200.OF,南方中证全指房地产ETF,2022-08-09,1.9907,1.9907,1.9907,1.9907,-0.0031,0,0
512200.OF,南方中证全指房地产ETF,2022-08-10,1.9796,1.9796,1.9796,1.9796,-0.0056,0,0
512200.OF,南方中证全指房地产ETF,2022-08-11,2.0086,2.0086,2.0086,2.0086,0.0147,0,0
512200.OF,南方中证全指房地产ETF,2022-08-12,2.0231,2.0231,2.0231,2.0231,0.0072,0,0
512200.OF,南方中证全指房地产ETF,2022-08-15,2.0128,2.0128,2.0128,2.0128,-0.0051,0,0
512200.OF,南方中证全指房地产ETF,2022-08-16,2.0441,2.0441,2.0441,2.0441,0.0155,0,0
512200.OF,南方中证全指房地产ETF,2022-08-17,2.0815,2.0815,2.0815,2.0815,0.0183,0,0
512200.OF,南方中证全指房地产ETF,2022-08-18,2.0583,2.0583,2.0583,2.0583,-0.0111,0,0
512200.OF,南方中证全指房地产ETF,2022-08-19,2.0823,2.0823,2.0823,2.0823,0.0117,0,0
512200.OF,南方中证全指房地产ETF,2022-08-22,2.0941,2.0941,2.0941,2.0941,0.0056,0,0
512200.OF,南方中证全指房地产ETF,2022-08-23,2.077,2.077,2.077,2.077,-0.0081,0,0
512200.OF,南方中证全指房地产ETF,2022-08-24,2.0376,2.0376,2.0376,2.0376,-0.019,0,0
512200.OF,南方中证全指房地产ETF,2022-08-25,2.0673,2.0673,2.0673,2.0673,0.0145,0,0
512200.OF,南方中证全指房地产ETF,2022-08-26,2.0511,2.0511,2.0511,2.0511,-0.0078,0,0
512200.OF,南方中证全指房地产ETF,2022-08-29,2.0483,2.0483,2.0483,2.0483,-0.0014,0,0
512200.OF,南方中证全指房地产ETF,2022-08-30,2.0714,2.0714,2.0714,2.0714,0.0113,0,0
512200.OF,南方中证全指房地产ETF,2022-08-31,2.065,2.065,2.065,2.065,-0.0031,0,0
512200.OF,南方中证全指房地产ETF,2022-09-01,2.0885,2.0885,2.0885,2.0885,0.0114,0,0
512200.OF,南方中证全指房地产ETF,2022-09-02,2.0767,2.0767,2.0767,2.0767,-0.0056,0,0
512200.OF,南方中证全指房地产ETF,2022-09-05,2.1086,2.1086,2.1086,2.1086,0.0153,0,0
512200.OF,南方中证全指房地产ETF,2022-09-06,2.1614,2.1614,2.1614,2.1614,0.025,0,0
512200.OF,南方中证全指房地产ETF,2022-09-07,2.1614,2.1614,2.1614,2.1614,0.0,0,0
512200.OF,南方中证全指房地产ETF,2022-09-08,2.1594,2.1594,2.1594,2.1594,-0.0009,0,0
512200.OF,南方中证全指房地产ETF,2022-09-09,2.2287,2.2287,2.2287,2.2287,0.0321,0,0
512200.OF,南方中证全指房地产ETF,2022-09-13,2.1795,2.1795,2.1795,2.1795,-0.0221,0,0
512200.OF,南方中证全指房地产ETF,2022-09-14,2.1742,2.1742,2.1742,2.1742,-0.0024,0,0
512200.OF,南方中证全指房地产ETF,2022-09-15,2.22,2.22,2.22,2.22,0.0211,0,0
512200.OF,南方中证全指房地产ETF,2022-09-16,2.1368,2.1368,2.1368,2.1368,-0.0375,0,0
512200.OF,南方中证全指房地产ETF,2022-09-19,2.1365,2.1365,2.1365,2.1365,-0.0001,0,0
512200.OF,南方中证全指房地产ETF,2022-09-20,2.1058,2.1058,2.1058,2.1058,-0.0144,0,0
512200.OF,南方中证全指房地产ETF,2022-09-21,2.1374,2.1374,2.1374,2.1374,0.015,0,0
512200.OF,南方中证全指房地产ETF,2022-09-22,2.0994,2.0994,2.0994,2.0994,-0.0178,0,0
512200.OF,南方中证全指房地产ETF,2022-09-23,2.084,2.084,2.084,2.084,-0.0073,0,0
512200.OF,南方中证全指房地产ETF,2022-09-26,2.0603,2.0603,2.0603,2.0603,-0.0114,0,0
512200.OF,南方中证全指房地产ETF,2022-09-27,2.0773,2.0773,2.0773,2.0773,0.0083,0,0
512200.OF,南方中证全指房地产ETF,2022-09-28,2.0346,2.0346,2.0346,2.0346,-0.0206,0,0
512200.OF,南方中证全指房地产ETF,2022-09-29,1.9879,1.9879,1.9879,1.9879,-0.0229,0,0
512200.OF,南方中证全指房地产ETF,2022-09-30,2.0209,2.0209,2.0209,2.0209,0.0166,0,0
512200.OF,南方中证全指房地产ETF,2022-10-10,2.0187,2.0187,2.0187,2.0187,-0.0011,0,0
512200.OF,南方中证全指房地产ETF,2022-10-11,1.9815,1.9815,1.9815,1.9815,-0.0184,0,0
512200.OF,南方中证全指房地产ETF,2022-10-12,2.0209,2.0209,2.0209,2.0209,0.0199,0,0
512200.OF,南方中证全指房地产ETF,2022-10-13,1.9849,1.9849,1.9849,1.9849,-0.0178,0,0
512200.OF,南方中证全指房地产ETF,2022-10-14,1.9888,1.9888,1.9888,1.9888,0.002,0,0
512200.OF,南方中证全指房地产ETF,2022-10-17,1.993,1.993,1.993,1.993,0.0021,0,0
512200.OF,南方中证全指房地产ETF,2022-10-18,1.9703,1.9703,1.9703,1.9703,-0.0114,0,0
512200.OF,南方中证全指房地产ETF,2022-10-19,1.9594,1.9594,1.9594,1.9594,-0.0055,0,0
512200.OF,南方中证全指房地产ETF,2022-10-20,1.9452,1.9452,1.9452,1.9452,-0.0073,0,0
512200.OF,南方中证全指房地产ETF,2022-10-21,1.948,1.948,1.948,1.948,0.0014,0,0
512200.OF,南方中证全指房地产ETF,2022-10-24,1.8818,1.8818,1.8818,1.8818,-0.034,0,0
512200.OF,南方中证全指房地产ETF,2022-10-25,1.8595,1.8595,1.8595,1.8595,-0.0119,0,0
512200.OF,南方中证全指房地产ETF,2022-10-26,1.8427,1.8427,1.8427,1.8427,-0.009,0,0
512200.OF,南方中证全指房地产ETF,2022-10-27,1.8611,1.8611,1.8611,1.8611,0.01,0,0
512200.OF,南方中证全指房地产ETF,2022-10-28,1.7941,1.7941,1.7941,1.7941,-0.036,0,0
512200.OF,南方中证全指房地产ETF,2022-10-31,1.7438,1.7438,1.7438,1.7438,-0.028,0,0
512200.OF,南方中证全指房地产ETF,2022-11-01,1.7662,1.7662,1.7662,1.7662,0.0128,0,0
512200.OF,南方中证全指房地产ETF,2022-11-02,1.7963,1.7963,1.7963,1.7963,0.0171,0,0
512200.OF,南方中证全指房地产ETF,2022-11-03,1.7774,1.7774,1.7774,1.7774,-0.0106,0,0
512200.OF,南方中证全指房地产ETF,2022-11-04,1.8201,1.8201,1.8201,1.8201,0.024,0,0
512200.OF,南方中证全指房地产ETF,2022-11-07,1.8402,1.8402,1.8402,1.8402,0.011,0,0
512200.OF,南方中证全指房地产ETF,2022-11-08,1.8463,1.8463,1.8463,1.8463,0.0033,0,0
512200.OF,南方中证全指房地产ETF,2022-11-09,1.8765,1.8765,1.8765,1.8765,0.0163,0,0
512200.OF,南方中证全指房地产ETF,2022-11-10,1.8804,1.8804,1.8804,1.8804,0.0021,0,0
512200.OF,南方中证全指房地产ETF,2022-11-11,1.998,1.998,1.998,1.998,0.0625,0,0
512200.OF,南方中证全指房地产ETF,2022-11-14,2.0351,2.0351,2.0351,2.0351,0.0186,0,0
512200.OF,南方中证全指房地产ETF,2022-11-15,2.0536,2.0536,2.0536,2.0536,0.0091,0,0
512200.OF,南方中证全指房地产ETF,2022-11-16,2.0159,2.0159,2.0159,2.0159,-0.0184,0,0
512200.OF,南方中证全指房地产ETF,2022-11-17,2.0214,2.0214,2.0214,2.0214,0.0028,0,0
512200.OF,南方中证全指房地产ETF,2022-11-18,2.0039,2.0039,2.0039,2.0039,-0.0087,0,0
512200.OF,南方中证全指房地产ETF,2022-11-21,1.9918,1.9918,1.9918,1.9918,-0.006,0,0
512200.OF,南方中证全指房地产ETF,2022-11-22,1.9762,1.9762,1.9762,1.9762,-0.0079,0,0
512200.OF,南方中证全指房地产ETF,2022-11-23,1.9737,1.9737,1.9737,1.9737,-0.0013,0,0
512200.OF,南方中证全指房地产ETF,2022-11-24,2.0069,2.0069,2.0069,2.0069,0.0168,0,0
512200.OF,南方中证全指房地产ETF,2022-11-25,2.0924,2.0924,2.0924,2.0924,0.0426,0,0
512200.OF,南方中证全指房地产ETF,2022-11-28,2.0888,2.0888,2.0888,2.0888,-0.0017,0,0
512200.OF,南方中证全指房地产ETF,2022-11-29,2.2477,2.2477,2.2477,2.2477,0.0761,0,0
512200.OF,南方中证全指房地产ETF,2022-11-30,2.2153,2.2153,2.2153,2.2153,-0.0144,0,0
512200.OF,南方中证全指房地产ETF,2022-12-01,2.2075,2.2075,2.2075,2.2075,-0.0035,0,0
512200.OF,南方中证全指房地产ETF,2022-12-02,2.1639,2.1639,2.1639,2.1639,-0.0197,0,0
512200.OF,南方中证全指房地产ETF,2022-12-05,2.1776,2.1776,2.1776,2.1776,0.0063,0,0
512200.OF,南方中证全指房地产ETF,2022-12-06,2.1672,2.1672,2.1672,2.1672,-0.0047,0,0
512200.OF,南方中证全指房地产ETF,2022-12-07,2.132,2.132,2.132,2.132,-0.0162,0,0
512200.OF,南方中证全指房地产ETF,2022-12-08,2.1681,2.1681,2.1681,2.1681,0.0169,0,0
512200.OF,南方中证全指房地产ETF,2022-12-09,2.213,2.213,2.213,2.213,0.0207,0,0
512200.OF,南方中证全指房地产ETF,2022-12-12,2.1376,2.1376,2.1376,2.1376,-0.0341,0,0
512200.OF,南方中证全指房地产ETF,2022-12-13,2.1547,2.1547,2.1547,2.1547,0.008,0,0
512200.OF,南方中证全指房地产ETF,2022-12-14,2.1343,2.1343,2.1343,2.1343,-0.0095,0,0
512200.OF,南方中证全指房地产ETF,2022-12-15,2.1374,2.1374,2.1374,2.1374,0.0014,0,0
512200.OF,南方中证全指房地产ETF,2022-12-16,2.167,2.167,2.167,2.167,0.0139,0,0
512200.OF,南方中证全指房地产ETF,2022-12-19,2.1555,2.1555,2.1555,2.1555,-0.0053,0,0
512200.OF,南方中证全指房地产ETF,2022-12-20,2.0804,2.0804,2.0804,2.0804,-0.0349,0,0
512200.OF,南方中证全指房地产ETF,2022-12-21,2.0664,2.0664,2.0664,2.0664,-0.0067,0,0
512200.OF,南方中证全指房地产ETF,2022-12-22,2.06,2.06,2.06,2.06,-0.0031,0,0
512200.OF,南方中证全指房地产ETF,2022-12-23,2.0569,2.0569,2.0569,2.0569,-0.0015,0,0
512200.OF,南方中证全指房地产ETF,2022-12-26,2.0287,2.0287,2.0287,2.0287,-0.0137,0,0
512200.OF,南方中证全指房地产ETF,2022-12-27,2.0441,2.0441,2.0441,2.0441,0.0076,0,0
512200.OF,南方中证全指房地产ETF,2022-12-28,2.0469,2.0469,2.0469,2.0469,0.0014,0,0
512200.OF,南方中证全指房地产ETF,2022-12-29,1.996,1.996,1.996,1.996,-0.0248,0,0
512200.OF,南方中证全指房地产ETF,2022-12-30,2.0036,2.0036,2.0036,2.0036,0.0038,0,0
512200.OF,南方中证全指房地产ETF,2022-12-31,2.0036,2.0036,2.0036,2.0036,0.0,0,0
512200.OF,南方中证全指房地产ETF,2023-01-03,2.0262,2.0262,2.0262,2.0262,0.0113,0,0
512200.OF,南方中证全指房地产ETF,2023-01-04,2.101,2.101,2.101,2.101,0.0369,0,0
512200.OF,南方中证全指房地产ETF,2023-01-05,2.1022,2.1022,2.1022,2.1022,0.0005,0,0
512200.OF,南方中证全指房地产ETF,2023-01-06,2.0759,2.0759,2.0759,2.0759,-0.0125,0,0
512200.OF,南方中证全指房地产ETF,2023-01-09,2.0583,2.0583,2.0583,2.0583,-0.0085,0,0
512200.OF,南方中证全指房地产ETF,2023-01-10,2.0524,2.0524,2.0524,2.0524,-0.0028,0,0
512200.OF,南方中证全指房地产ETF,2023-01-11,2.0695,2.0695,2.0695,2.0695,0.0083,0,0
512200.OF,南方中证全指房地产ETF,2023-01-12,2.0329,2.0329,2.0329,2.0329,-0.0177,0,0
512200.OF,南方中证全指房地产ETF,2023-01-13,2.0427,2.0427,2.0427,2.0427,0.0048,0,0
512200.OF,南方中证全指房地产ETF,2023-01-16,2.0538,2.0538,2.0538,2.0538,0.0055,0,0
512200.OF,南方中证全指房地产ETF,2023-01-17,2.048,2.048,2.048,2.048,-0.0029,0,0
512200.OF,南方中证全指房地产ETF,2023-01-18,2.0351,2.0351,2.0351,2.0351,-0.0063,0,0
512200.OF,南方中证全指房地产ETF,2023-01-19,2.0452,2.0452,2.0452,2.0452,0.0049,0,0
512200.OF,南方中证全指房地产ETF,2023-01-20,2.06,2.06,2.06,2.06,0.0072,0,0
512200.OF,南方中证全指房地产ETF,2023-01-30,2.0455,2.0455,2.0455,2.0455,-0.007,0,0
512200.OF,南方中证全指房地产ETF,2023-01-31,2.0781,2.0781,2.0781,2.0781,0.016,0,0
512200.OF,南方中证全指房地产ETF,2023-02-01,2.0734,2.0734,2.0734,2.0734,-0.0023,0,0
512200.OF,南方中证全指房地产ETF,2023-02-02,2.0779,2.0779,2.0779,2.0779,0.0022,0,0
512200.OF,南方中证全指房地产ETF,2023-02-03,2.0488,2.0488,2.0488,2.0488,-0.014,0,0
512200.OF,南方中证全指房地产ETF,2023-02-06,2.017,2.017,2.017,2.017,-0.0155,0,0
512200.OF,南方中证全指房地产ETF,2023-02-07,2.0449,2.0449,2.0449,2.0449,0.0138,0,0
512200.OF,南方中证全指房地产ETF,2023-02-08,2.046,2.046,2.046,2.046,0.0005,0,0
512200.OF,南方中证全指房地产ETF,2023-02-09,2.0633,2.0633,2.0633,2.0633,0.0085,0,0
512200.OF,南方中证全指房地产ETF,2023-02-10,2.0767,2.0767,2.0767,2.0767,0.0065,0,0
512200.OF,南方中证全指房地产ETF,2023-02-13,2.0776,2.0776,2.0776,2.0776,0.0004,0,0
512200.OF,南方中证全指房地产ETF,2023-02-14,2.0818,2.0818,2.0818,2.0818,0.002,0,0
512200.OF,南方中证全指房地产ETF,2023-02-15,2.0488,2.0488,2.0488,2.0488,-0.0158,0,0
512200.OF,南方中证全指房地产ETF,2023-02-16,2.0248,2.0248,2.0248,2.0248,-0.0117,0,0
512200.OF,南方中证全指房地产ETF,2023-02-17,2.0142,2.0142,2.0142,2.0142,-0.0052,0,0
512200.OF,南方中证全指房地产ETF,2023-02-20,2.0471,2.0471,2.0471,2.0471,0.0164,0,0
512200.OF,南方中证全指房地产ETF,2023-02-21,2.0619,2.0619,2.0619,2.0619,0.0072,0,0
512200.OF,南方中证全指房地产ETF,2023-02-22,2.0499,2.0499,2.0499,2.0499,-0.0058,0,0
512200.OF,南方中证全指房地产ETF,2023-02-23,2.0533,2.0533,2.0533,2.0533,0.0016,0,0
512200.OF,南方中证全指房地产ETF,2023-02-24,2.0329,2.0329,2.0329,2.0329,-0.0099,0,0
512200.OF,南方中证全指房地产ETF,2023-02-27,2.0284,2.0284,2.0284,2.0284,-0.0022,0,0
512200.OF,南方中证全指房地产ETF,2023-02-28,2.0457,2.0457,2.0457,2.0457,0.0085,0,0
512200.OF,南方中证全指房地产ETF,2023-03-01,2.0619,2.0619,2.0619,2.0619,0.0079,0,0
512200.OF,南方中证全指房地产ETF,2023-03-02,2.0421,2.0421,2.0421,2.0421,-0.0096,0,0
512200.OF,南方中证全指房地产ETF,2023-03-03,2.0513,2.0513,2.0513,2.0513,0.0045,0,0
512200.OF,南方中证全指房地产ETF,2023-03-06,2.0195,2.0195,2.0195,2.0195,-0.0155,0,0
512200.OF,南方中证全指房地产ETF,2023-03-07,1.981,1.981,1.981,1.981,-0.0191,0,0
512200.OF,南方中证全指房地产ETF,2023-03-08,1.9882,1.9882,1.9882,1.9882,0.0037,0,0
512200.OF,南方中证全指房地产ETF,2023-03-09,1.9871,1.9871,1.9871,1.9871,-0.0006,0,0
512200.OF,南方中证全指房地产ETF,2023-03-10,1.9511,1.9511,1.9511,1.9511,-0.0181,0,0
512200.OF,南方中证全指房地产ETF,2023-03-13,1.9407,1.9407,1.9407,1.9407,-0.0053,0,0
512200.OF,南方中证全指房地产ETF,2023-03-14,1.9265,1.9265,1.9265,1.9265,-0.0073,0,0
512200.OF,南方中证全指房地产ETF,2023-03-15,1.9533,1.9533,1.9533,1.9533,0.0139,0,0
512200.OF,南方中证全指房地产ETF,2023-03-16,1.934,1.934,1.934,1.934,-0.0099,0,0
512200.OF,南方中证全指房地产ETF,2023-03-17,1.9488,1.9488,1.9488,1.9488,0.0077,0,0
512200.OF,南方中证全指房地产ETF,2023-03-20,1.9371,1.9371,1.9371,1.9371,-0.006,0,0
512200.OF,南方中证全指房地产ETF,2023-03-21,1.9371,1.9371,1.9371,1.9371,0.0,0,0
512200.OF,南方中证全指房地产ETF,2023-03-22,1.9564,1.9564,1.9564,1.9564,0.0099,0,0
512200.OF,南方中证全指房地产ETF,2023-03-23,1.9486,1.9486,1.9486,1.9486,-0.004,0,0
512200.OF,南方中证全指房地产ETF,2023-03-24,1.9533,1.9533,1.9533,1.9533,0.0024,0,0
512200.OF,南方中证全指房地产ETF,2023-03-27,1.9203,1.9203,1.9203,1.9203,-0.0169,0,0
512200.OF,南方中证全指房地产ETF,2023-03-28,1.8983,1.8983,1.8983,1.8983,-0.0115,0,0
512200.OF,南方中证全指房地产ETF,2023-03-29,1.8919,1.8919,1.8919,1.8919,-0.0034,0,0
512200.OF,南方中证全指房地产ETF,2023-03-30,1.8949,1.8949,1.8949,1.8949,0.0016,0,0
512200.OF,南方中证全指房地产ETF,2023-03-31,1.8941,1.8941,1.8941,1.8941,-0.0004,0,0
512200.OF,南方中证全指房地产ETF,2023-04-03,1.9354,1.9354,1.9354,1.9354,0.0218,0,0
512200.OF,南方中证全指房地产ETF,2023-04-04,1.9201,1.9201,1.9201,1.9201,-0.0079,0,0
512200.OF,南方中证全指房地产ETF,2023-04-06,1.9136,1.9136,1.9136,1.9136,-0.0033,0,0
512200.OF,南方中证全指房地产ETF,2023-04-07,1.9826,1.9826,1.9826,1.9826,0.036,0,0
512200.OF,南方中证全指房地产ETF,2023-04-10,1.9667,1.9667,1.9667,1.9667,-0.008,0,0
512200.OF,南方中证全指房地产ETF,2023-04-11,1.9899,1.9899,1.9899,1.9899,0.0118,0,0
512200.OF,南方中证全指房地产ETF,2023-04-12,1.9896,1.9896,1.9896,1.9896,-0.0001,0,0
512200.OF,南方中证全指房地产ETF,2023-04-13,1.984,1.984,1.984,1.984,-0.0028,0,0
512200.OF,南方中证全指房地产ETF,2023-04-14,1.9765,1.9765,1.9765,1.9765,-0.0038,0,0
512200.OF,南方中证全指房地产ETF,2023-04-17,1.9731,1.9731,1.9731,1.9731,-0.0017,0,0
512200.OF,南方中证全指房地产ETF,2023-04-18,1.96,1.96,1.96,1.96,-0.0067,0,0
512200.OF,南方中证全指房地产ETF,2023-04-19,1.9226,1.9226,1.9226,1.9226,-0.0191,0,0
512200.OF,南方中证全指房地产ETF,2023-04-20,1.9095,1.9095,1.9095,1.9095,-0.0068,0,0
512200.OF,南方中证全指房地产ETF,2023-04-21,1.8762,1.8762,1.8762,1.8762,-0.0174,0,0
512200.OF,南方中证全指房地产ETF,2023-04-24,1.8441,1.8441,1.8441,1.8441,-0.0171,0,0
512200.OF,南方中证全指房地产ETF,2023-04-25,1.822,1.822,1.822,1.822,-0.012,0,0
512200.OF,南方中证全指房地产ETF,2023-04-26,1.8137,1.8137,1.8137,1.8137,-0.0046,0,0
512200.OF,南方中证全指房地产ETF,2023-04-27,1.8167,1.8167,1.8167,1.8167,0.0017,0,0
512200.OF,南方中证全指房地产ETF,2023-04-28,1.8343,1.8343,1.8343,1.8343,0.0097,0,0
512200.OF,南方中证全指房地产ETF,2023-05-04,1.8313,1.8313,1.8313,1.8313,-0.0017,0,0
512200.OF,南方中证全指房地产ETF,2023-05-05,1.8801,1.8801,1.8801,1.8801,0.0267,0,0
512200.OF,南方中证全指房地产ETF,2023-05-08,1.879,1.879,1.879,1.879,-0.0006,0,0
512200.OF,南方中证全指房地产ETF,2023-05-09,1.8801,1.8801,1.8801,1.8801,0.0006,0,0
512200.OF,南方中证全指房地产ETF,2023-05-10,1.8586,1.8586,1.8586,1.8586,-0.0114,0,0
512200.OF,南方中证全指房地产ETF,2023-05-11,1.8631,1.8631,1.8631,1.8631,0.0024,0,0
512200.OF,南方中证全指房地产ETF,2023-05-12,1.8455,1.8455,1.8455,1.8455,-0.0094,0,0
512200.OF,南方中证全指房地产ETF,2023-05-15,1.8419,1.8419,1.8419,1.8419,-0.002,0,0
512200.OF,南方中证全指房地产ETF,2023-05-16,1.819,1.819,1.819,1.819,-0.0124,0,0
512200.OF,南方中证全指房地产ETF,2023-05-17,1.8106,1.8106,1.8106,1.8106,-0.0046,0,0
512200.OF,南方中证全指房地产ETF,2023-05-18,1.7977,1.7977,1.7977,1.7977,-0.0071,0,0
512200.OF,南方中证全指房地产ETF,2023-05-19,1.7748,1.7748,1.7748,1.7748,-0.0127,0,0
512200.OF,南方中证全指房地产ETF,2023-05-22,1.7648,1.7648,1.7648,1.7648,-0.0057,0,0
512200.OF,南方中证全指房地产ETF,2023-05-23,1.7478,1.7478,1.7478,1.7478,-0.0097,0,0
512200.OF,南方中证全指房地产ETF,2023-05-24,1.7031,1.7031,1.7031,1.7031,-0.0256,0,0
512200.OF,南方中证全指房地产ETF,2023-05-25,1.6994,1.6994,1.6994,1.6994,-0.0021,0,0
512200.OF,南方中证全指房地产ETF,2023-05-26,1.712,1.712,1.712,1.712,0.0074,0,0
512200.OF,南方中证全指房地产ETF,2023-05-29,1.6961,1.6961,1.6961,1.6961,-0.0093,0,0
512200.OF,南方中证全指房地产ETF,2023-05-30,1.7179,1.7179,1.7179,1.7179,0.0128,0,0
512200.OF,南方中证全指房地产ETF,2023-05-31,1.7067,1.7067,1.7067,1.7067,-0.0065,0,0
512200.OF,南方中证全指房地产ETF,2023-06-01,1.6972,1.6972,1.6972,1.6972,-0.0056,0,0
512200.OF,南方中证全指房地产ETF,2023-06-02,1.7578,1.7578,1.7578,1.7578,0.0357,0,0
512200.OF,南方中证全指房地产ETF,2023-06-05,1.7464,1.7464,1.7464,1.7464,-0.0065,0,0
512200.OF,南方中证全指房地产ETF,2023-06-06,1.7475,1.7475,1.7475,1.7475,0.0006,0,0
512200.OF,南方中证全指房地产ETF,2023-06-07,1.7695,1.7695,1.7695,1.7695,0.0126,0,0
512200.OF,南方中证全指房地产ETF,2023-06-08,1.8025,1.8025,1.8025,1.8025,0.0186,0,0
512200.OF,南方中证全指房地产ETF,2023-06-09,1.7832,1.7832,1.7832,1.7832,-0.0107,0,0
512200.OF,南方中证全指房地产ETF,2023-06-12,1.7776,1.7776,1.7776,1.7776,-0.0031,0,0
512200.OF,南方中证全指房地产ETF,2023-06-13,1.7813,1.7813,1.7813,1.7813,0.002,0,0
512200.OF,南方中证全指房地产ETF,2023-06-14,1.767,1.767,1.767,1.767,-0.008,0,0
512200.OF,南方中证全指房地产ETF,2023-06-15,1.7835,1.7835,1.7835,1.7835,0.0093,0,0
512200.OF,南方中证全指房地产ETF,2023-06-16,1.7841,1.7841,1.7841,1.7841,0.0003,0,0
512200.OF,南方中证全指房地产ETF,2023-06-19,1.7508,1.7508,1.7508,1.7508,-0.0186,0,0
512200.OF,南方中证全指房地产ETF,2023-06-20,1.7176,1.7176,1.7176,1.7176,-0.019,0,0
512200.OF,南方中证全指房地产ETF,2023-06-21,1.6955,1.6955,1.6955,1.6955,-0.0128,0,0
512200.OF,南方中证全指房地产ETF,2023-06-26,1.6642,1.6642,1.6642,1.6642,-0.0184,0,0
512200.OF,南方中证全指房地产ETF,2023-06-27,1.7304,1.7304,1.7304,1.7304,0.0398,0,0
512200.OF,南方中证全指房地产ETF,2023-06-28,1.7232,1.7232,1.7232,1.7232,-0.0042,0,0
512200.OF,南方中证全指房地产ETF,2023-06-29,1.6978,1.6978,1.6978,1.6978,-0.0147,0,0
512200.OF,南方中证全指房地产ETF,2023-06-30,1.7098,1.7098,1.7098,1.7098,0.0071,0,0
512200.OF,南方中证全指房地产ETF,2023-07-03,1.7215,1.7215,1.7215,1.7215,0.0069,0,0
512200.OF,南方中证全指房地产ETF,2023-07-04,1.7014,1.7014,1.7014,1.7014,-0.0117,0,0
512200.OF,南方中证全指房地产ETF,2023-07-05,1.7022,1.7022,1.7022,1.7022,0.0005,0,0
512200.OF,南方中证全指房地产ETF,2023-07-06,1.7156,1.7156,1.7156,1.7156,0.0079,0,0
512200.OF,南方中证全指房地产ETF,2023-07-07,1.7106,1.7106,1.7106,1.7106,-0.0029,0,0
512200.OF,南方中证全指房地产ETF,2023-07-10,1.7061,1.7061,1.7061,1.7061,-0.0026,0,0
512200.OF,南方中证全指房地产ETF,2023-07-11,1.7047,1.7047,1.7047,1.7047,-0.0008,0,0
512200.OF,南方中证全指房地产ETF,2023-07-12,1.6709,1.6709,1.6709,1.6709,-0.0198,0,0
512200.OF,南方中证全指房地产ETF,2023-07-13,1.683,1.683,1.683,1.683,0.0072,0,0
512200.OF,南方中证全指房地产ETF,2023-07-14,1.6785,1.6785,1.6785,1.6785,-0.0027,0,0
512200.OF,南方中证全指房地产ETF,2023-07-17,1.6726,1.6726,1.6726,1.6726,-0.0035,0,0
512200.OF,南方中证全指房地产ETF,2023-07-18,1.6846,1.6846,1.6846,1.6846,0.0072,0,0
512200.OF,南方中证全指房地产ETF,2023-07-19,1.7098,1.7098,1.7098,1.7098,0.0149,0,0
512200.OF,南方中证全指房地产ETF,2023-07-20,1.7156,1.7156,1.7156,1.7156,0.0034,0,0
512200.OF,南方中证全指房地产ETF,2023-07-21,1.7433,1.7433,1.7433,1.7433,0.0161,0,0
512200.OF,南方中证全指房地产ETF,2023-07-24,1.7313,1.7313,1.7313,1.7313,-0.0069,0,0
512200.OF,南方中证全指房地产ETF,2023-07-25,1.8363,1.8363,1.8363,1.8363,0.0607,0,0
512200.OF,南方中证全指房地产ETF,2023-07-26,1.872,1.872,1.872,1.872,0.0195,0,0
512200.OF,南方中证全指房地产ETF,2023-07-27,1.8595,1.8595,1.8595,1.8595,-0.0067,0,0
512200.OF,南方中证全指房地产ETF,2023-07-28,1.9201,1.9201,1.9201,1.9201,0.0326,0,0
512200.OF,南方中证全指房地产ETF,2023-07-31,1.9628,1.9628,1.9628,1.9628,0.0223,0,0
512200.OF,南方中证全指房地产ETF,2023-08-01,1.9472,1.9472,1.9472,1.9472,-0.008,0,0
512200.OF,南方中证全指房地产ETF,2023-08-02,1.9664,1.9664,1.9664,1.9664,0.0099,0,0
512200.OF,南方中证全指房地产ETF,2023-08-03,1.9991,1.9991,1.9991,1.9991,0.0166,0,0
512200.OF,南方中证全指房地产ETF,2023-08-04,1.9823,1.9823,1.9823,1.9823,-0.0084,0,0
512200.OF,南方中证全指房地产ETF,2023-08-07,1.9162,1.9162,1.9162,1.9162,-0.0334,0,0
512200.OF,南方中证全指房地产ETF,2023-08-08,1.8863,1.8863,1.8863,1.8863,-0.0156,0,0
512200.OF,南方中证全指房地产ETF,2023-08-09,1.8905,1.8905,1.8905,1.8905,0.0022,0,0
512200.OF,南方中证全指房地产ETF,2023-08-10,1.8952,1.8952,1.8952,1.8952,0.0025,0,0
512200.OF,南方中证全指房地产ETF,2023-08-11,1.8868,1.8868,1.8868,1.8868,-0.0044,0,0
512200.OF,南方中证全指房地产ETF,2023-08-14,1.8628,1.8628,1.8628,1.8628,-0.0127,0,0
512200.OF,南方中证全指房地产ETF,2023-08-15,1.857,1.857,1.857,1.857,-0.0031,0,0
512200.OF,南方中证全指房地产ETF,2023-08-16,1.8913,1.8913,1.8913,1.8913,0.0185,0,0
512200.OF,南方中证全指房地产ETF,2023-08-17,1.884,1.884,1.884,1.884,-0.0038,0,0
512200.OF,南方中证全指房地产ETF,2023-08-18,1.8472,1.8472,1.8472,1.8472,-0.0196,0,0
512200.OF,南方中证全指房地产ETF,2023-08-21,1.8111,1.8111,1.8111,1.8111,-0.0195,0,0
512200.OF,南方中证全指房地产ETF,2023-08-22,1.8181,1.8181,1.8181,1.8181,0.0039,0,0
512200.OF,南方中证全指房地产ETF,2023-08-23,1.7838,1.7838,1.7838,1.7838,-0.0189,0,0
512200.OF,南方中证全指房地产ETF,2023-08-24,1.7656,1.7656,1.7656,1.7656,-0.0102,0,0
512200.OF,南方中证全指房地产ETF,2023-08-25,1.7938,1.7938,1.7938,1.7938,0.016,0,0
512200.OF,南方中证全指房地产ETF,2023-08-28,1.8734,1.8734,1.8734,1.8734,0.0444,0,0
512200.OF,南方中证全指房地产ETF,2023-08-29,1.9284,1.9284,1.9284,1.9284,0.0294,0,0
512200.OF,南方中证全指房地产ETF,2023-08-30,1.9195,1.9195,1.9195,1.9195,-0.0046,0,0
512200.OF,南方中证全指房地产ETF,2023-08-31,1.8195,1.8195,1.8195,1.8195,-0.0521,0,0
512200.OF,南方中证全指房地产ETF,2023-09-01,1.826,1.826,1.826,1.826,0.0035,0,0
512200.OF,南方中证全指房地产ETF,2023-09-04,1.8343,1.8343,1.8343,1.8343,0.0046,0,0
512200.OF,南方中证全指房地产ETF,2023-09-05,1.7885,1.7885,1.7885,1.7885,-0.025,0,0
512200.OF,南方中证全指房地产ETF,2023-09-06,1.8321,1.8321,1.8321,1.8321,0.0244,0,0
512200.OF,南方中证全指房地产ETF,2023-09-07,1.8156,1.8156,1.8156,1.8156,-0.009,0,0
512200.OF,南方中证全指房地产ETF,2023-09-08,1.8061,1.8061,1.8061,1.8061,-0.0052,0,0
512200.OF,南方中证全指房地产ETF,2023-09-11,1.7969,1.7969,1.7969,1.7969,-0.0051,0,0
512200.OF,南方中证全指房地产ETF,2023-09-12,1.7885,1.7885,1.7885,1.7885,-0.0047,0,0
512200.OF,南方中证全指房地产ETF,2023-09-13,1.7874,1.7874,1.7874,1.7874,-0.0006,0,0
512200.OF,南方中证全指房地产ETF,2023-09-14,1.7701,1.7701,1.7701,1.7701,-0.0097,0,0
512200.OF,南方中证全指房地产ETF,2023-09-15,1.7751,1.7751,1.7751,1.7751,0.0028,0,0
512200.OF,南方中证全指房地产ETF,2023-09-18,1.7575,1.7575,1.7575,1.7575,-0.0099,0,0
512200.OF,南方中证全指房地产ETF,2023-09-19,1.7505,1.7505,1.7505,1.7505,-0.004,0,0
512200.OF,南方中证全指房地产ETF,2023-09-20,1.7486,1.7486,1.7486,1.7486,-0.0011,0,0
512200.OF,南方中证全指房地产ETF,2023-09-21,1.7452,1.7452,1.7452,1.7452,-0.0019,0,0
512200.OF,南方中证全指房地产ETF,2023-09-22,1.762,1.762,1.762,1.762,0.0096,0,0
512200.OF,南方中证全指房地产ETF,2023-09-25,1.7251,1.7251,1.7251,1.7251,-0.0209,0,0
512200.OF,南方中证全指房地产ETF,2023-09-26,1.7195,1.7195,1.7195,1.7195,-0.0032,0,0
512200.OF,南方中证全指房地产ETF,2023-09-27,1.7131,1.7131,1.7131,1.7131,-0.0037,0,0
512200.OF,南方中证全指房地产ETF,2023-09-28,1.7204,1.7204,1.7204,1.7204,0.0042,0,0
512200.OF,南方中证全指房地产ETF,2023-09-30,1.7204,1.7204,1.7204,1.7204,0.0,0,0
512200.OF,南方中证全指房地产ETF,2023-10-09,1.6796,1.6796,1.6796,1.6796,-0.0237,0,0
512200.OF,南方中证全指房地产ETF,2023-10-10,1.6712,1.6712,1.6712,1.6712,-0.005,0,0
512200.OF,南方中证全指房地产ETF,2023-10-11,1.6698,1.6698,1.6698,1.6698,-0.0008,0,0
512200.OF,南方中证全指房地产ETF,2023-10-12,1.6777,1.6777,1.6777,1.6777,0.0047,0,0
512200.OF,南方中证全指房地产ETF,2023-10-13,1.664,1.664,1.664,1.664,-0.0082,0,0
512200.OF,南方中证全指房地产ETF,2023-10-16,1.6374,1.6374,1.6374,1.6374,-0.0159,0,0
512200.OF,南方中证全指房地产ETF,2023-10-17,1.6257,1.6257,1.6257,1.6257,-0.0072,0,0
512200.OF,南方中证全指房地产ETF,2023-10-18,1.5997,1.5997,1.5997,1.5997,-0.016,0,0
512200.OF,南方中证全指房地产ETF,2023-10-19,1.5866,1.5866,1.5866,1.5866,-0.0082,0,0
512200.OF,南方中证全指房地产ETF,2023-10-20,1.595,1.595,1.595,1.595,0.0053,0,0
512200.OF,南方中证全指房地产ETF,2023-10-23,1.564,1.564,1.564,1.564,-0.0194,0,0
512200.OF,南方中证全指房地产ETF,2023-10-24,1.5978,1.5978,1.5978,1.5978,0.0216,0,0
512200.OF,南方中证全指房地产ETF,2023-10-25,1.5981,1.5981,1.5981,1.5981,0.0002,0,0
512200.OF,南方中证全指房地产ETF,2023-10-26,1.581,1.581,1.581,1.581,-0.0107,0,0
512200.OF,南方中证全指房地产ETF,2023-10-27,1.5992,1.5992,1.5992,1.5992,0.0115,0,0
512200.OF,南方中证全指房地产ETF,2023-10-30,1.5939,1.5939,1.5939,1.5939,-0.0033,0,0
512200.OF,南方中证全指房地产ETF,2023-10-31,1.5972,1.5972,1.5972,1.5972,0.0021,0,0
512200.OF,南方中证全指房地产ETF,2023-11-01,1.5833,1.5833,1.5833,1.5833,-0.0087,0,0
512200.OF,南方中证全指房地产ETF,2023-11-02,1.5724,1.5724,1.5724,1.5724,-0.0069,0,0
512200.OF,南方中证全指房地产ETF,2023-11-03,1.5665,1.5665,1.5665,1.5665,-0.0037,0,0
512200.OF,南方中证全指房地产ETF,2023-11-06,1.6123,1.6123,1.6123,1.6123,0.0292,0,0
512200.OF,南方中证全指房地产ETF,2023-11-07,1.6106,1.6106,1.6106,1.6106,-0.001,0,0
512200.OF,南方中证全指房地产ETF,2023-11-08,1.6285,1.6285,1.6285,1.6285,0.0111,0,0
512200.OF,南方中证全指房地产ETF,2023-11-09,1.6204,1.6204,1.6204,1.6204,-0.005,0,0
512200.OF,南方中证全指房地产ETF,2023-11-10,1.6011,1.6011,1.6011,1.6011,-0.0119,0,0
512200.OF,南方中证全指房地产ETF,2023-11-13,1.6017,1.6017,1.6017,1.6017,0.0003,0,0
512200.OF,南方中证全指房地产ETF,2023-11-14,1.6238,1.6238,1.6238,1.6238,0.0138,0,0
512200.OF,南方中证全指房地产ETF,2023-11-15,1.6145,1.6145,1.6145,1.6145,-0.0057,0,0
512200.OF,南方中证全指房地产ETF,2023-11-16,1.6081,1.6081,1.6081,1.6081,-0.004,0,0
512200.OF,南方中证全指房地产ETF,2023-11-17,1.5989,1.5989,1.5989,1.5989,-0.0057,0,0
512200.OF,南方中证全指房地产ETF,2023-11-20,1.5989,1.5989,1.5989,1.5989,0.0,0,0
512200.OF,南方中证全指房地产ETF,2023-11-21,1.6346,1.6346,1.6346,1.6346,0.0224,0,0
512200.OF,南方中证全指房地产ETF,2023-11-22,1.6288,1.6288,1.6288,1.6288,-0.0036,0,0
512200.OF,南方中证全指房地产ETF,2023-11-23,1.6673,1.6673,1.6673,1.6673,0.0237,0,0
512200.OF,南方中证全指房地产ETF,2023-11-24,1.6676,1.6676,1.6676,1.6676,0.0002,0,0
512200.OF,南方中证全指房地产ETF,2023-11-27,1.6324,1.6324,1.6324,1.6324,-0.0211,0,0
512200.OF,南方中证全指房地产ETF,2023-11-28,1.6145,1.6145,1.6145,1.6145,-0.0109,0,0
512200.OF,南方中证全指房地产ETF,2023-11-29,1.5715,1.5715,1.5715,1.5715,-0.0266,0,0
512200.OF,南方中证全指房地产ETF,2023-11-30,1.5673,1.5673,1.5673,1.5673,-0.0027,0,0
512200.OF,南方中证全指房地产ETF,2023-12-01,1.5788,1.5788,1.5788,1.5788,0.0073,0,0
512200.OF,南方中证全指房地产ETF,2023-12-04,1.5587,1.5587,1.5587,1.5587,-0.0127,0,0
512200.OF,南方中证全指房地产ETF,2023-12-05,1.5257,1.5257,1.5257,1.5257,-0.0211,0,0
512200.OF,南方中证全指房地产ETF,2023-12-06,1.5442,1.5442,1.5442,1.5442,0.0121,0,0
512200.OF,南方中证全指房地产ETF,2023-12-07,1.5486,1.5486,1.5486,1.5486,0.0029,0,0
512200.OF,南方中证全指房地产ETF,2023-12-08,1.5207,1.5207,1.5207,1.5207,-0.018,0,0
512200.OF,南方中证全指房地产ETF,2023-12-11,1.512,1.512,1.512,1.512,-0.0057,0,0
512200.OF,南方中证全指房地产ETF,2023-12-12,1.5562,1.5562,1.5562,1.5562,0.0292,0,0
512200.OF,南方中证全指房地产ETF,2023-12-13,1.5238,1.5238,1.5238,1.5238,-0.0208,0,0
512200.OF,南方中证全指房地产ETF,2023-12-14,1.5193,1.5193,1.5193,1.5193,-0.0029,0,0
512200.OF,南方中证全指房地产ETF,2023-12-15,1.5335,1.5335,1.5335,1.5335,0.0094,0,0
512200.OF,南方中证全指房地产ETF,2023-12-18,1.5154,1.5154,1.5154,1.5154,-0.0118,0,0
512200.OF,南方中证全指房地产ETF,2023-12-19,1.4961,1.4961,1.4961,1.4961,-0.0127,0,0
512200.OF,南方中证全指房地产ETF,2023-12-20,1.4718,1.4718,1.4718,1.4718,-0.0162,0,0
512200.OF,南方中证全指房地产ETF,2023-12-21,1.4877,1.4877,1.4877,1.4877,0.0108,0,0
512200.OF,南方中证全指房地产ETF,2023-12-22,1.4704,1.4704,1.4704,1.4704,-0.0116,0,0
512200.OF,南方中证全指房地产ETF,2023-12-25,1.4565,1.4565,1.4565,1.4565,-0.0095,0,0
512200.OF,南方中证全指房地产ETF,2023-12-26,1.4324,1.4324,1.4324,1.4324,-0.0165,0,0
512200.OF,南方中证全指房地产ETF,2023-12-27,1.4361,1.4361,1.4361,1.4361,0.0025,0,0
512200.OF,南方中证全指房地产ETF,2023-12-28,1.4729,1.4729,1.4729,1.4729,0.0257,0,0
512200.OF,南方中证全指房地产ETF,2023-12-29,1.4665,1.4665,1.4665,1.4665,-0.0044,0,0
512200.OF,南方中证全指房地产ETF,2023-12-31,1.4665,1.4665,1.4665,1.4665,0.0,0,0
512200.OF,南方中证全指房地产ETF,2024-01-02,1.438,1.438,1.438,1.438,-0.0194,0,0
512200.OF,南方中证全指房地产ETF,2024-01-03,1.4453,1.4453,1.4453,1.4453,0.005,0,0
512200.OF,南方中证全指房地产ETF,2024-01-04,1.4249,1.4249,1.4249,1.4249,-0.0141,0,0
512200.OF,南方中证全指房地产ETF,2024-01-05,1.4224,1.4224,1.4224,1.4224,-0.0018,0,0
512200.OF,南方中证全指房地产ETF,2024-01-08,1.3953,1.3953,1.3953,1.3953,-0.019,0,0
512200.OF,南方中证全指房地产ETF,2024-01-09,1.404,1.404,1.404,1.404,0.0062,0,0
512200.OF,南方中证全指房地产ETF,2024-01-10,1.3992,1.3992,1.3992,1.3992,-0.0034,0,0
512200.OF,南方中证全指房地产ETF,2024-01-11,1.4104,1.4104,1.4104,1.4104,0.008,0,0
512200.OF,南方中证全指房地产ETF,2024-01-12,1.4062,1.4062,1.4062,1.4062,-0.003,0,0
512200.OF,南方中证全指房地产ETF,2024-01-15,1.4132,1.4132,1.4132,1.4132,0.005,0,0
512200.OF,南方中证全指房地产ETF,2024-01-16,1.3998,1.3998,1.3998,1.3998,-0.0095,0,0
512200.OF,南方中证全指房地产ETF,2024-01-17,1.3615,1.3615,1.3615,1.3615,-0.0273,0,0
512200.OF,南方中证全指房地产ETF,2024-01-18,1.3612,1.3612,1.3612,1.3612,-0.0002,0,0
512200.OF,南方中证全指房地产ETF,2024-01-19,1.3593,1.3593,1.3593,1.3593,-0.0014,0,0
512200.OF,南方中证全指房地产ETF,2024-01-22,1.2967,1.2967,1.2967,1.2967,-0.046,0,0
512200.OF,南方中证全指房地产ETF,2024-01-23,1.316,1.316,1.316,1.316,0.0149,0,0
512200.OF,南方中证全指房地产ETF,2024-01-24,1.3618,1.3618,1.3618,1.3618,0.0348,0,0
512200.OF,南方中证全指房地产ETF,2024-01-25,1.4347,1.4347,1.4347,1.4347,0.0535,0,0
512200.OF,南方中证全指房地产ETF,2024-01-26,1.4794,1.4794,1.4794,1.4794,0.0311,0,0
512200.OF,南方中证全指房地产ETF,2024-01-29,1.4525,1.4525,1.4525,1.4525,-0.0181,0,0
512200.OF,南方中证全指房地产ETF,2024-01-30,1.4017,1.4017,1.4017,1.4017,-0.035,0,0
512200.OF,南方中证全指房地产ETF,2024-01-31,1.3501,1.3501,1.3501,1.3501,-0.0369,0,0
512200.OF,南方中证全指房地产ETF,2024-02-01,1.3188,1.3188,1.3188,1.3188,-0.0232,0,0
512200.OF,南方中证全指房地产ETF,2024-02-02,1.3118,1.3118,1.3118,1.3118,-0.0053,0,0
512200.OF,南方中证全指房地产ETF,2024-02-05,1.2367,1.2367,1.2367,1.2367,-0.0573,0,0
512200.OF,南方中证全指房地产ETF,2024-02-06,1.2713,1.2713,1.2713,1.2713,0.028,0,0
512200.OF,南方中证全指房地产ETF,2024-02-07,1.2749,1.2749,1.2749,1.2749,0.0029,0,0
512200.OF,南方中证全指房地产ETF,2024-02-08,1.34,1.34,1.34,1.34,0.051,0,0
512200.OF,南方中证全指房地产ETF,2024-02-19,1.3439,1.3439,1.3439,1.3439,0.0029,0,0
512200.OF,南方中证全指房地产ETF,2024-02-20,1.3542,1.3542,1.3542,1.3542,0.0077,0,0
512200.OF,南方中证全指房地产ETF,2024-02-21,1.3822,1.3822,1.3822,1.3822,0.0206,0,0
512200.OF,南方中证全指房地产ETF,2024-02-22,1.3836,1.3836,1.3836,1.3836,0.001,0,0
512200.OF,南方中证全指房地产ETF,2024-02-23,1.3947,1.3947,1.3947,1.3947,0.0081,0,0
512200.OF,南方中证全指房地产ETF,2024-02-26,1.3813,1.3813,1.3813,1.3813,-0.0096,0,0
512200.OF,南方中证全指房地产ETF,2024-02-27,1.4079,1.4079,1.4079,1.4079,0.0192,0,0
512200.OF,南方中证全指房地产ETF,2024-02-28,1.3663,1.3663,1.3663,1.3663,-0.0296,0,0
512200.OF,南方中证全指房地产ETF,2024-02-29,1.3933,1.3933,1.3933,1.3933,0.0198,0,0
512200.OF,南方中证全指房地产ETF,2024-03-01,1.3864,1.3864,1.3864,1.3864,-0.005,0,0
512200.OF,南方中证全指房地产ETF,2024-03-04,1.3526,1.3526,1.3526,1.3526,-0.0244,0,0
512200.OF,南方中证全指房地产ETF,2024-03-05,1.3473,1.3473,1.3473,1.3473,-0.0039,0,0
512200.OF,南方中证全指房地产ETF,2024-03-06,1.3366,1.3366,1.3366,1.3366,-0.0079,0,0
512200.OF,南方中证全指房地产ETF,2024-03-07,1.326,1.326,1.326,1.326,-0.0079,0,0
512200.OF,南方中证全指房地产ETF,2024-03-08,1.3199,1.3199,1.3199,1.3199,-0.0046,0,0
512200.OF,南方中证全指房地产ETF,2024-03-11,1.352,1.352,1.352,1.352,0.0243,0,0
512200.OF,南方中证全指房地产ETF,2024-03-12,1.4048,1.4048,1.4048,1.4048,0.039,0,0
512200.OF,南方中证全指房地产ETF,2024-03-13,1.373,1.373,1.373,1.373,-0.0227,0,0
512200.OF,南方中证全指房地产ETF,2024-03-14,1.3813,1.3813,1.3813,1.3813,0.0061,0,0
512200.OF,南方中证全指房地产ETF,2024-03-15,1.3802,1.3802,1.3802,1.3802,-0.0008,0,0
512200.OF,南方中证全指房地产ETF,2024-03-18,1.3808,1.3808,1.3808,1.3808,0.0004,0,0
512200.OF,南方中证全指房地产ETF,2024-03-19,1.3685,1.3685,1.3685,1.3685,-0.0089,0,0
512200.OF,南方中证全指房地产ETF,2024-03-20,1.3718,1.3718,1.3718,1.3718,0.0024,0,0
512200.OF,南方中证全指房地产ETF,2024-03-21,1.3794,1.3794,1.3794,1.3794,0.0055,0,0
512200.OF,南方中证全指房地产ETF,2024-03-22,1.3584,1.3584,1.3584,1.3584,-0.0152,0,0
512200.OF,南方中证全指房地产ETF,2024-03-25,1.3663,1.3663,1.3663,1.3663,0.0058,0,0
512200.OF,南方中证全指房地产ETF,2024-03-26,1.3852,1.3852,1.3852,1.3852,0.0139,0,0
512200.OF,南方中证全指房地产ETF,2024-03-27,1.3442,1.3442,1.3442,1.3442,-0.0296,0,0
512200.OF,南方中证全指房地产ETF,2024-03-28,1.3489,1.3489,1.3489,1.3489,0.0035,0,0
512200.OF,南方中证全指房地产ETF,2024-03-29,1.3344,1.3344,1.3344,1.3344,-0.0108,0,0
512200.OF,南方中证全指房地产ETF,2024-03-31,1.3344,1.3344,1.3344,1.3344,0.0,0,0
512200.OF,南方中证全指房地产ETF,2024-04-01,1.3495,1.3495,1.3495,1.3495,0.0113,0,0
512200.OF,南方中证全指房地产ETF,2024-04-02,1.3347,1.3347,1.3347,1.3347,-0.011,0,0
512200.OF,南方中证全指房地产ETF,2024-04-03,1.3182,1.3182,1.3182,1.3182,-0.0123,0,0
512200.OF,南方中证全指房地产ETF,2024-04-08,1.295,1.295,1.295,1.295,-0.0176,0,0
512200.OF,南方中证全指房地产ETF,2024-04-09,1.3043,1.3043,1.3043,1.3043,0.0071,0,0
512200.OF,南方中证全指房地产ETF,2024-04-10,1.2635,1.2635,1.2635,1.2635,-0.0313,0,0
512200.OF,南方中证全指房地产ETF,2024-04-11,1.2607,1.2607,1.2607,1.2607,-0.0022,0,0
512200.OF,南方中证全指房地产ETF,2024-04-12,1.2305,1.2305,1.2305,1.2305,-0.0239,0,0
512200.OF,南方中证全指房地产ETF,2024-04-15,1.2199,1.2199,1.2199,1.2199,-0.0086,0,0
512200.OF,南方中证全指房地产ETF,2024-04-16,1.1909,1.1909,1.1909,1.1909,-0.0238,0,0
512200.OF,南方中证全指房地产ETF,2024-04-17,1.2238,1.2238,1.2238,1.2238,0.0277,0,0
512200.OF,南方中证全指房地产ETF,2024-04-18,1.214,1.214,1.214,1.214,-0.008,0,0
512200.OF,南方中证全指房地产ETF,2024-04-19,1.199,1.199,1.199,1.199,-0.0124,0,0
512200.OF,南方中证全指房地产ETF,2024-04-22,1.1909,1.1909,1.1909,1.1909,-0.0068,0,0
512200.OF,南方中证全指房地产ETF,2024-04-23,1.1819,1.1819,1.1819,1.1819,-0.0075,0,0
512200.OF,南方中证全指房地产ETF,2024-04-24,1.1802,1.1802,1.1802,1.1802,-0.0014,0,0
512200.OF,南方中证全指房地产ETF,2024-04-25,1.1878,1.1878,1.1878,1.1878,0.0064,0,0
512200.OF,南方中证全指房地产ETF,2024-04-26,1.2381,1.2381,1.2381,1.2381,0.0423,0,0
512200.OF,南方中证全指房地产ETF,2024-04-29,1.3163,1.3163,1.3163,1.3163,0.0632,0,0
512200.OF,南方中证全指房地产ETF,2024-04-30,1.2914,1.2914,1.2914,1.2914,-0.0189,0,0
512200.OF,南方中证全指房地产ETF,2024-05-06,1.2978,1.2978,1.2978,1.2978,0.005,0,0
512200.OF,南方中证全指房地产ETF,2024-05-07,1.3174,1.3174,1.3174,1.3174,0.0151,0,0
512200.OF,南方中证全指房地产ETF,2024-05-08,1.278,1.278,1.278,1.278,-0.0299,0,0
512200.OF,南方中证全指房地产ETF,2024-05-09,1.2998,1.2998,1.2998,1.2998,0.017,0,0
512200.OF,南方中证全指房地产ETF,2024-05-10,1.3447,1.3447,1.3447,1.3447,0.0346,0,0
512200.OF,南方中证全指房地产ETF,2024-05-13,1.3285,1.3285,1.3285,1.3285,-0.012,0,0
512200.OF,南方中证全指房地产ETF,2024-05-14,1.3339,1.3339,1.3339,1.3339,0.004,0,0
512200.OF,南方中证全指房地产ETF,2024-05-15,1.359,1.359,1.359,1.359,0.0188,0,0
512200.OF,南方中证全指房地产ETF,2024-05-16,1.4056,1.4056,1.4056,1.4056,0.0343,0,0
512200.OF,南方中证全指房地产ETF,2024-05-17,1.5095,1.5095,1.5095,1.5095,0.0739,0,0
512200.OF,南方中证全指房地产ETF,2024-05-20,1.4886,1.4886,1.4886,1.4886,-0.0139,0,0
512200.OF,南方中证全指房地产ETF,2024-05-21,1.4886,1.4886,1.4886,1.4886,0.0,0,0
512200.OF,南方中证全指房地产ETF,2024-05-22,1.507,1.507,1.507,1.507,0.0124,0,0
512200.OF,南方中证全指房地产ETF,2024-05-23,1.4766,1.4766,1.4766,1.4766,-0.0202,0,0
512200.OF,南方中证全指房地产ETF,2024-05-24,1.4243,1.4243,1.4243,1.4243,-0.0354,0,0
512200.OF,南方中证全指房地产ETF,2024-05-27,1.4257,1.4257,1.4257,1.4257,0.001,0,0
512200.OF,南方中证全指房地产ETF,2024-05-28,1.39,1.39,1.39,1.39,-0.0251,0,0
512200.OF,南方中证全指房地产ETF,2024-05-29,1.3939,1.3939,1.3939,1.3939,0.0028,0,0
512200.OF,南方中证全指房地产ETF,2024-05-30,1.3609,1.3609,1.3609,1.3609,-0.0236,0,0
512200.OF,南方中证全指房地产ETF,2024-05-31,1.359,1.359,1.359,1.359,-0.0014,0,0
512200.OF,南方中证全指房地产ETF,2024-06-03,1.3378,1.3378,1.3378,1.3378,-0.0156,0,0
512200.OF,南方中证全指房地产ETF,2024-06-04,1.3607,1.3607,1.3607,1.3607,0.0171,0,0
512200.OF,南方中证全指房地产ETF,2024-06-05,1.3255,1.3255,1.3255,1.3255,-0.0259,0,0
512200.OF,南方中证全指房地产ETF,2024-06-06,1.3043,1.3043,1.3043,1.3043,-0.016,0,0
512200.OF,南方中证全指房地产ETF,2024-06-07,1.3308,1.3308,1.3308,1.3308,0.0203,0,0
512200.OF,南方中证全指房地产ETF,2024-06-11,1.316,1.316,1.316,1.316,-0.0111,0,0
512200.OF,南方中证全指房地产ETF,2024-06-12,1.3115,1.3115,1.3115,1.3115,-0.0034,0,0
512200.OF,南方中证全指房地产ETF,2024-06-13,1.2906,1.2906,1.2906,1.2906,-0.016,0,0
512200.OF,南方中证全指房地产ETF,2024-06-14,1.311,1.311,1.311,1.311,0.0158,0,0
512200.OF,南方中证全指房地产ETF,2024-06-17,1.2864,1.2864,1.2864,1.2864,-0.0187,0,0
512200.OF,南方中证全指房地产ETF,2024-06-18,1.2822,1.2822,1.2822,1.2822,-0.0033,0,0
512200.OF,南方中证全指房地产ETF,2024-06-19,1.2733,1.2733,1.2733,1.2733,-0.007,0,0
512200.OF,南方中证全指房地产ETF,2024-06-20,1.2372,1.2372,1.2372,1.2372,-0.0283,0,0
512200.OF,南方中证全指房地产ETF,2024-06-21,1.2383,1.2383,1.2383,1.2383,0.0009,0,0
512200.OF,南方中证全指房地产ETF,2024-06-24,1.199,1.199,1.199,1.199,-0.0318,0,0
512200.OF,南方中证全指房地产ETF,2024-06-25,1.2126,1.2126,1.2126,1.2126,0.0114,0,0
512200.OF,南方中证全指房地产ETF,2024-06-26,1.2185,1.2185,1.2185,1.2185,0.0048,0,0
512200.OF,南方中证全指房地产ETF,2024-06-27,1.1911,1.1911,1.1911,1.1911,-0.0225,0,0
512200.OF,南方中证全指房地产ETF,2024-06-28,1.1752,1.1752,1.1752,1.1752,-0.0134,0,0
512200.OF,南方中证全指房地产ETF,2024-06-30,1.1752,1.1752,1.1752,1.1752,0.0,0,0
512200.OF,南方中证全指房地产ETF,2024-07-01,1.2297,1.2297,1.2297,1.2297,0.0463,0,0
512200.OF,南方中证全指房地产ETF,2024-07-02,1.2207,1.2207,1.2207,1.2207,-0.0073,0,0
512200.OF,南方中证全指房地产ETF,2024-07-03,1.2355,1.2355,1.2355,1.2355,0.0121,0,0
512200.OF,南方中证全指房地产ETF,2024-07-04,1.1937,1.1937,1.1937,1.1937,-0.0339,0,0
512200.OF,南方中证全指房地产ETF,2024-07-05,1.1897,1.1897,1.1897,1.1897,-0.0033,0,0
512200.OF,南方中证全指房地产ETF,2024-07-08,1.154,1.154,1.154,1.154,-0.03,0,0
512200.OF,南方中证全指房地产ETF,2024-07-09,1.1627,1.1627,1.1627,1.1627,0.0075,0,0
512200.OF,南方中证全指房地产ETF,2024-07-10,1.1448,1.1448,1.1448,1.1448,-0.0154,0,0
512200.OF,南方中证全指房地产ETF,2024-07-11,1.173,1.173,1.173,1.173,0.0246,0,0
512200.OF,南方中证全指房地产ETF,2024-07-12,1.202,1.202,1.202,1.202,0.0248,0,0
512200.OF,南方中证全指房地产ETF,2024-07-15,1.1828,1.1828,1.1828,1.1828,-0.016,0,0
512200.OF,南方中证全指房地产ETF,2024-07-16,1.1897,1.1897,1.1897,1.1897,0.0059,0,0
512200.OF,南方中证全指房地产ETF,2024-07-17,1.2079,1.2079,1.2079,1.2079,0.0153,0,0
512200.OF,南方中证全指房地产ETF,2024-07-18,1.2166,1.2166,1.2166,1.2166,0.0072,0,0
512200.OF,南方中证全指房地产ETF,2024-07-19,1.1962,1.1962,1.1962,1.1962,-0.0168,0,0
512200.OF,南方中证全指房地产ETF,2024-07-22,1.1895,1.1895,1.1895,1.1895,-0.0056,0,0
512200.OF,南方中证全指房地产ETF,2024-07-23,1.1721,1.1721,1.1721,1.1721,-0.0146,0,0
512200.OF,南方中证全指房地产ETF,2024-07-24,1.1434,1.1434,1.1434,1.1434,-0.0245,0,0
512200.OF,南方中证全指房地产ETF,2024-07-25,1.152,1.152,1.152,1.152,0.0076,0,0
512200.OF,南方中证全指房地产ETF,2024-07-26,1.1652,1.1652,1.1652,1.1652,0.0114,0,0
512200.OF,南方中证全指房地产ETF,2024-07-29,1.1515,1.1515,1.1515,1.1515,-0.0117,0,0
512200.OF,南方中证全指房地产ETF,2024-07-30,1.1747,1.1747,1.1747,1.1747,0.0201,0,0
512200.OF,南方中证全指房地产ETF,2024-07-31,1.2196,1.2196,1.2196,1.2196,0.0383,0,0
512200.OF,南方中证全指房地产ETF,2024-08-01,1.197,1.197,1.197,1.197,-0.0185,0,0
512200.OF,南方中证全指房地产ETF,2024-08-02,1.1906,1.1906,1.1906,1.1906,-0.0054,0,0
512200.OF,南方中证全指房地产ETF,2024-08-05,1.1772,1.1772,1.1772,1.1772,-0.0113,0,0
512200.OF,南方中证全指房地产ETF,2024-08-06,1.2059,1.2059,1.2059,1.2059,0.0244,0,0
512200.OF,南方中证全指房地产ETF,2024-08-07,1.1942,1.1942,1.1942,1.1942,-0.0097,0,0
512200.OF,南方中证全指房地产ETF,2024-08-08,1.2112,1.2112,1.2112,1.2112,0.0143,0,0
512200.OF,南方中证全指房地产ETF,2024-08-09,1.2317,1.2317,1.2317,1.2317,0.0169,0,0
512200.OF,南方中证全指房地产ETF,2024-08-12,1.1925,1.1925,1.1925,1.1925,-0.0318,0,0
512200.OF,南方中证全指房地产ETF,2024-08-13,1.1892,1.1892,1.1892,1.1892,-0.0028,0,0
512200.OF,南方中证全指房地产ETF,2024-08-14,1.1787,1.1787,1.1787,1.1787,-0.0088,0,0
512200.OF,南方中证全指房地产ETF,2024-08-15,1.1989,1.1989,1.1989,1.1989,0.0171,0,0
512200.OF,南方中证全指房地产ETF,2024-08-16,1.1824,1.1824,1.1824,1.1824,-0.0138,0,0
512200.OF,南方中证全指房地产ETF,2024-08-19,1.1801,1.1801,1.1801,1.1801,-0.0019,0,0
512200.OF,南方中证全指房地产ETF,2024-08-20,1.1606,1.1606,1.1606,1.1606,-0.0165,0,0
512200.OF,南方中证全指房地产ETF,2024-08-21,1.1567,1.1567,1.1567,1.1567,-0.0034,0,0
512200.OF,南方中证全指房地产ETF,2024-08-22,1.1499,1.1499,1.1499,1.1499,-0.0059,0,0
512200.OF,南方中证全指房地产ETF,2024-08-23,1.1433,1.1433,1.1433,1.1433,-0.0057,0,0
512200.OF,南方中证全指房地产ETF,2024-08-26,1.1566,1.1566,1.1566,1.1566,0.0116,0,0
512200.OF,南方中证全指房地产ETF,2024-08-27,1.1213,1.1213,1.1213,1.1213,-0.0305,0,0
512200.OF,南方中证全指房地产ETF,2024-08-28,1.1119,1.1119,1.1119,1.1119,-0.0084,0,0
512200.OF,南方中证全指房地产ETF,2024-08-29,1.1156,1.1156,1.1156,1.1156,0.0033,0,0
512200.OF,南方中证全指房地产ETF,2024-08-30,1.1693,1.1693,1.1693,1.1693,0.0481,0,0
512200.OF,南方中证全指房地产ETF,2024-09-02,1.1383,1.1383,1.1383,1.1383,-0.0265,0,0
512200.OF,南方中证全指房地产ETF,2024-09-03,1.1517,1.1517,1.1517,1.1517,0.0118,0,0
512200.OF,南方中证全指房地产ETF,2024-09-04,1.1393,1.1393,1.1393,1.1393,-0.0108,0,0
512200.OF,南方中证全指房地产ETF,2024-09-05,1.1628,1.1628,1.1628,1.1628,0.0206,0,0
512200.OF,南方中证全指房地产ETF,2024-09-06,1.1443,1.1443,1.1443,1.1443,-0.0159,0,0
512200.OF,南方中证全指房地产ETF,2024-09-09,1.1385,1.1385,1.1385,1.1385,-0.0051,0,0
512200.OF,南方中证全指房地产ETF,2024-09-10,1.1259,1.1259,1.1259,1.1259,-0.0111,0,0
512200.OF,南方中证全指房地产ETF,2024-09-11,1.129,1.129,1.129,1.129,0.0028,0,0
512200.OF,南方中证全指房地产ETF,2024-09-12,1.1299,1.1299,1.1299,1.1299,0.0008,0,0
512200.OF,南方中证全指房地产ETF,2024-09-13,1.1389,1.1389,1.1389,1.1389,0.008,0,0
512200.OF,南方中证全指房地产ETF,2024-09-18,1.166,1.166,1.166,1.166,0.0238,0,0
512200.OF,南方中证全指房地产ETF,2024-09-19,1.1986,1.1986,1.1986,1.1986,0.028,0,0
512200.OF,南方中证全指房地产ETF,2024-09-20,1.2163,1.2163,1.2163,1.2163,0.0148,0,0
512200.OF,南方中证全指房地产ETF,2024-09-23,1.2168,1.2168,1.2168,1.2168,0.0004,0,0
512200.OF,南方中证全指房地产ETF,2024-09-24,1.2457,1.2457,1.2457,1.2457,0.0238,0,0
512200.OF,南方中证全指房地产ETF,2024-09-25,1.2667,1.2667,1.2667,1.2667,0.0169,0,0
512200.OF,南方中证全指房地产ETF,2024-09-26,1.3691,1.3691,1.3691,1.3691,0.0808,0,0
512200.OF,南方中证全指房地产ETF,2024-09-27,1.4616,1.4616,1.4616,1.4616,0.0676,0,0
512200.OF,南方中证全指房地产ETF,2024-09-30,1.5983,1.5983,1.5983,1.5983,0.0935,0,0
512200.OF,南方中证全指房地产ETF,2024-10-08,1.6387,1.6387,1.6387,1.6387,0.0253,0,0
512200.OF,南方中证全指房地产ETF,2024-10-09,1.4921,1.4921,1.4921,1.4921,-0.0895,0,0
512200.OF,南方中证全指房地产ETF,2024-10-10,1.4685,1.4685,1.4685,1.4685,-0.0158,0,0
512200.OF,南方中证全指房地产ETF,2024-10-11,1.464,1.464,1.464,1.464,-0.0031,0,0
512200.OF,南方中证全指房地产ETF,2024-10-14,1.519,1.519,1.519,1.519,0.0376,0,0
512200.OF,南方中证全指房地产ETF,2024-10-15,1.4956,1.4956,1.4956,1.4956,-0.0154,0,0
512200.OF,南方中证全指房地产ETF,2024-10-16,1.5792,1.5792,1.5792,1.5792,0.0559,0,0
512200.OF,南方中证全指房地产ETF,2024-10-17,1.4807,1.4807,1.4807,1.4807,-0.0624,0,0
512200.OF,南方中证全指房地产ETF,2024-10-18,1.5073,1.5073,1.5073,1.5073,0.018,0,0
512200.OF,南方中证全指房地产ETF,2024-10-21,1.5116,1.5116,1.5116,1.5116,0.0029,0,0
512200.OF,南方中证全指房地产ETF,2024-10-22,1.526,1.526,1.526,1.526,0.0095,0,0
512200.OF,南方中证全指房地产ETF,2024-10-23,1.5286,1.5286,1.5286,1.5286,0.0017,0,0
512200.OF,南方中证全指房地产ETF,2024-10-24,1.523,1.523,1.523,1.523,-0.0037,0,0
512200.OF,南方中证全指房地产ETF,2024-10-25,1.549,1.549,1.549,1.549,0.0171,0,0
512200.OF,南方中证全指房地产ETF,2024-10-28,1.6033,1.6033,1.6033,1.6033,0.0351,0,0
512200.OF,南方中证全指房地产ETF,2024-10-29,1.5701,1.5701,1.5701,1.5701,-0.0207,0,0
512200.OF,南方中证全指房地产ETF,2024-10-30,1.594,1.594,1.594,1.594,0.0152,0,0
512200.OF,南方中证全指房地产ETF,2024-10-31,1.6486,1.6486,1.6486,1.6486,0.0343,0,0
512200.OF,南方中证全指房地产ETF,2024-11-01,1.6475,1.6475,1.6475,1.6475,-0.0007,0,0
512200.OF,南方中证全指房地产ETF,2024-11-04,1.646,1.646,1.646,1.646,-0.0009,0,0
512200.OF,南方中证全指房地产ETF,2024-11-05,1.7175,1.7175,1.7175,1.7175,0.0434,0,0
512200.OF,南方中证全指房地产ETF,2024-11-06,1.7535,1.7535,1.7535,1.7535,0.021,0,0
512200.OF,南方中证全指房地产ETF,2024-11-07,1.8208,1.8208,1.8208,1.8208,0.0384,0,0
512200.OF,南方中证全指房地产ETF,2024-11-08,1.7604,1.7604,1.7604,1.7604,-0.0332,0,0
512200.OF,南方中证全指房地产ETF,2024-11-11,1.7393,1.7393,1.7393,1.7393,-0.012,0,0
512200.OF,南方中证全指房地产ETF,2024-11-12,1.7281,1.7281,1.7281,1.7281,-0.0064,0,0
512200.OF,南方中证全指房地产ETF,2024-11-13,1.7115,1.7115,1.7115,1.7115,-0.0096,0,0
512200.OF,南方中证全指房地产ETF,2024-11-14,1.65,1.65,1.65,1.65,-0.0359,0,0
512200.OF,南方中证全指房地产ETF,2024-11-15,1.5955,1.5955,1.5955,1.5955,-0.033,0,0
512200.OF,南方中证全指房地产ETF,2024-11-18,1.6091,1.6091,1.6091,1.6091,0.0085,0,0
512200.OF,南方中证全指房地产ETF,2024-11-19,1.6175,1.6175,1.6175,1.6175,0.0052,0,0
512200.OF,南方中证全指房地产ETF,2024-11-20,1.6284,1.6284,1.6284,1.6284,0.0067,0,0
512200.OF,南方中证全指房地产ETF,2024-11-21,1.6227,1.6227,1.6227,1.6227,-0.0035,0,0
512200.OF,南方中证全指房地产ETF,2024-11-22,1.5827,1.5827,1.5827,1.5827,-0.0247,0,0
512200.OF,南方中证全指房地产ETF,2024-11-25,1.5787,1.5787,1.5787,1.5787,-0.0025,0,0
512200.OF,南方中证全指房地产ETF,2024-11-26,1.5843,1.5843,1.5843,1.5843,0.0035,0,0
512200.OF,南方中证全指房地产ETF,2024-11-27,1.6115,1.6115,1.6115,1.6115,0.0172,0,0
512200.OF,南方中证全指房地产ETF,2024-11-28,1.6299,1.6299,1.6299,1.6299,0.0114,0,0
512200.OF,南方中证全指房地产ETF,2024-11-29,1.6363,1.6363,1.6363,1.6363,0.0039,0,0
512200.OF,南方中证全指房地产ETF,2024-12-02,1.6789,1.6789,1.6789,1.6789,0.026,0,0
512200.OF,南方中证全指房地产ETF,2024-12-03,1.6927,1.6927,1.6927,1.6927,0.0082,0,0
512200.OF,南方中证全指房地产ETF,2024-12-04,1.6557,1.6557,1.6557,1.6557,-0.0219,0,0
512200.OF,南方中证全指房地产ETF,2024-12-05,1.6658,1.6658,1.6658,1.6658,0.0061,0,0
512200.OF,南方中证全指房地产ETF,2024-12-06,1.6871,1.6871,1.6871,1.6871,0.0128,0,0
512200.OF,南方中证全指房地产ETF,2024-12-09,1.6359,1.6359,1.6359,1.6359,-0.0303,0,0
512200.OF,南方中证全指房地产ETF,2024-12-10,1.6517,1.6517,1.6517,1.6517,0.0097,0,0
512200.OF,南方中证全指房地产ETF,2024-12-11,1.6899,1.6899,1.6899,1.6899,0.0231,0,0
512200.OF,南方中证全指房地产ETF,2024-12-12,1.7072,1.7072,1.7072,1.7072,0.0102,0,0
512200.OF,南方中证全指房地产ETF,2024-12-13,1.6497,1.6497,1.6497,1.6497,-0.0337,0,0
512200.OF,南方中证全指房地产ETF,2024-12-16,1.6281,1.6281,1.6281,1.6281,-0.0131,0,0
512200.OF,南方中证全指房地产ETF,2024-12-17,1.5834,1.5834,1.5834,1.5834,-0.0275,0,0
512200.OF,南方中证全指房地产ETF,2024-12-18,1.5823,1.5823,1.5823,1.5823,-0.0007,0,0
512200.OF,南方中证全指房地产ETF,2024-12-19,1.5624,1.5624,1.5624,1.5624,-0.0126,0,0
512200.OF,南方中证全指房地产ETF,2024-12-20,1.566,1.566,1.566,1.566,0.0023,0,0
512200.OF,南方中证全指房地产ETF,2024-12-23,1.5131,1.5131,1.5131,1.5131,-0.0338,0,0
512200.OF,南方中证全指房地产ETF,2024-12-24,1.5193,1.5193,1.5193,1.5193,0.0041,0,0
512200.OF,南方中证全指房地产ETF,2024-12-25,1.4968,1.4968,1.4968,1.4968,-0.0148,0,0
512200.OF,南方中证全指房地产ETF,2024-12-26,1.4954,1.4954,1.4954,1.4954,-0.0009,0,0
512200.OF,南方中证全指房地产ETF,2024-12-27,1.51,1.51,1.51,1.51,0.0098,0,0
512200.OF,南方中证全指房地产ETF,2024-12-30,1.4875,1.4875,1.4875,1.4875,-0.0149,0,0
512200.OF,南方中证全指房地产ETF,2024-12-31,1.4614,1.4614,1.4614,1.4614,-0.0175,0,0
512200.OF,南方中证全指房地产ETF,2025-01-02,1.4384,1.4384,1.4384,1.4384,-0.0157,0,0
512200.OF,南方中证全指房地产ETF,2025-01-03,1.393,1.393,1.393,1.393,-0.0316,0,0
512200.OF,南方中证全指房地产ETF,2025-01-06,1.3826,1.3826,1.3826,1.3826,-0.0075,0,0
512200.OF,南方中证全指房地产ETF,2025-01-07,1.3971,1.3971,1.3971,1.3971,0.0105,0,0
512200.OF,南方中证全指房地产ETF,2025-01-08,1.3911,1.3911,1.3911,1.3911,-0.0043,0,0
512200.OF,南方中证全指房地产ETF,2025-01-09,1.3906,1.3906,1.3906,1.3906,-0.0004,0,0
512200.OF,南方中证全指房地产ETF,2025-01-10,1.3519,1.3519,1.3519,1.3519,-0.0278,0,0
512200.OF,南方中证全指房地产ETF,2025-01-13,1.3669,1.3669,1.3669,1.3669,0.0111,0,0
512200.OF,南方中证全指房地产ETF,2025-01-14,1.4089,1.4089,1.4089,1.4089,0.0307,0,0
512200.OF,南方中证全指房地产ETF,2025-01-15,1.4042,1.4042,1.4042,1.4042,-0.0033,0,0
512200.OF,南方中证全指房地产ETF,2025-01-16,1.4072,1.4072,1.4072,1.4072,0.0021,0,0
512200.OF,南方中证全指房地产ETF,2025-01-17,1.4078,1.4078,1.4078,1.4078,0.0004,0,0
512200.OF,南方中证全指房地产ETF,2025-01-20,1.4145,1.4145,1.4145,1.4145,0.0048,0,0
512200.OF,南方中证全指房地产ETF,2025-01-21,1.4319,1.4319,1.4319,1.4319,0.0123,0,0
512200.OF,南方中证全指房地产ETF,2025-01-22,1.3842,1.3842,1.3842,1.3842,-0.0333,0,0
512200.OF,南方中证全指房地产ETF,2025-01-23,1.3983,1.3983,1.3983,1.3983,0.0102,0,0
512200.OF,南方中证全指房地产ETF,2025-01-24,1.3985,1.3985,1.3985,1.3985,0.0001,0,0
512200.OF,南方中证全指房地产ETF,2025-01-27,1.3787,1.3787,1.3787,1.3787,-0.0142,0,0
512200.OF,南方中证全指房地产ETF,2025-02-05,1.3676,1.3676,1.3676,1.3676,-0.0081,0,0
512200.OF,南方中证全指房地产ETF,2025-02-06,1.3792,1.3792,1.3792,1.3792,0.0085,0,0
512200.OF,南方中证全指房地产ETF,2025-02-07,1.41,1.41,1.41,1.41,0.0223,0,0
512200.OF,南方中证全指房地产ETF,2025-02-10,1.4295,1.4295,1.4295,1.4295,0.0138,0,0
512200.OF,南方中证全指房地产ETF,2025-02-11,1.4047,1.4047,1.4047,1.4047,-0.0173,0,0
512200.OF,南方中证全指房地产ETF,2025-02-12,1.4494,1.4494,1.4494,1.4494,0.0318,0,0
512200.OF,南方中证全指房地产ETF,2025-02-13,1.4589,1.4589,1.4589,1.4589,0.0066,0,0
512200.OF,南方中证全指房地产ETF,2025-02-14,1.4375,1.4375,1.4375,1.4375,-0.0147,0,0
512200.OF,南方中证全指房地产ETF,2025-02-17,1.4449,1.4449,1.4449,1.4449,0.0051,0,0
512200.OF,南方中证全指房地产ETF,2025-02-18,1.4047,1.4047,1.4047,1.4047,-0.0278,0,0
512200.OF,南方中证全指房地产ETF,2025-02-19,1.4222,1.4222,1.4222,1.4222,0.0125,0,0
512200.OF,南方中证全指房地产ETF,2025-02-20,1.414,1.414,1.414,1.414,-0.0058,0,0
512200.OF,南方中证全指房地产ETF,2025-02-21,1.4145,1.4145,1.4145,1.4145,0.0004,0,0
512200.OF,南方中证全指房地产ETF,2025-02-24,1.4377,1.4377,1.4377,1.4377,0.0164,0,0
512200.OF,南方中证全指房地产ETF,2025-02-25,1.4275,1.4275,1.4275,1.4275,-0.0071,0,0
512200.OF,南方中证全指房地产ETF,2025-02-26,1.4598,1.4598,1.4598,1.4598,0.0226,0,0
512200.OF,南方中证全指房地产ETF,2025-02-27,1.471,1.471,1.471,1.471,0.0077,0,0
512200.OF,南方中证全指房地产ETF,2025-02-28,1.4481,1.4481,1.4481,1.4481,-0.0156,0,0
512200.OF,南方中证全指房地产ETF,2025-03-03,1.4543,1.4543,1.4543,1.4543,0.0043,0,0
512200.OF,南方中证全指房地产ETF,2025-03-04,1.4502,1.4502,1.4502,1.4502,-0.0028,0,0
512200.OF,南方中证全指房地产ETF,2025-03-05,1.4292,1.4292,1.4292,1.4292,-0.0145,0,0
512200.OF,南方中证全指房地产ETF,2025-03-06,1.4647,1.4647,1.4647,1.4647,0.0248,0,0
512200.OF,南方中证全指房地产ETF,2025-03-07,1.4369,1.4369,1.4369,1.4369,-0.019,0,0
512200.OF,南方中证全指房地产ETF,2025-03-10,1.4339,1.4339,1.4339,1.4339,-0.0021,0,0
512200.OF,南方中证全指房地产ETF,2025-03-11,1.4345,1.4345,1.4345,1.4345,0.0004,0,0
512200.OF,南方中证全指房地产ETF,2025-03-12,1.4276,1.4276,1.4276,1.4276,-0.0048,0,0
512200.OF,南方中证全指房地产ETF,2025-03-13,1.4139,1.4139,1.4139,1.4139,-0.0096,0,0
512200.OF,南方中证全指房地产ETF,2025-03-14,1.4429,1.4429,1.4429,1.4429,0.0205,0,0
512200.OF,南方中证全指房地产ETF,2025-03-17,1.4583,1.4583,1.4583,1.4583,0.0107,0,0
512200.OF,南方中证全指房地产ETF,2025-03-18,1.451,1.451,1.451,1.451,-0.005,0,0
512200.OF,南方中证全指房地产ETF,2025-03-19,1.4419,1.4419,1.4419,1.4419,-0.0063,0,0
512200.OF,南方中证全指房地产ETF,2025-03-20,1.4393,1.4393,1.4393,1.4393,-0.0018,0,0
512200.OF,南方中证全指房地产ETF,2025-03-21,1.4251,1.4251,1.4251,1.4251,-0.0099,0,0
512200.OF,南方中证全指房地产ETF,2025-03-24,1.4016,1.4016,1.4016,1.4016,-0.0165,0,0
512200.OF,南方中证全指房地产ETF,2025-03-25,1.4023,1.4023,1.4023,1.4023,0.0005,0,0
512200.OF,南方中证全指房地产ETF,2025-03-26,1.412,1.412,1.412,1.412,0.0069,0,0
512200.OF,南方中证全指房地产ETF,2025-03-27,1.4111,1.4111,1.4111,1.4111,-0.0006,0,0
512200.OF,南方中证全指房地产ETF,2025-03-28,1.405,1.405,1.405,1.405,-0.0043,0,0
512200.OF,南方中证全指房地产ETF,2025-03-31,1.3797,1.3797,1.3797,1.3797,-0.018,0,0
512200.OF,南方中证全指房地产ETF,2025-04-01,1.384,1.384,1.384,1.384,0.0031,0,0
512200.OF,南方中证全指房地产ETF,2025-04-02,1.38,1.38,1.38,1.38,-0.0029,0,0
512200.OF,南方中证全指房地产ETF,2025-04-03,1.3952,1.3952,1.3952,1.3952,0.011,0,0
512200.OF,南方中证全指房地产ETF,2025-04-07,1.2708,1.2708,1.2708,1.2708,-0.0892,0,0
512200.OF,南方中证全指房地产ETF,2025-04-08,1.3031,1.3031,1.3031,1.3031,0.0254,0,0
512200.OF,南方中证全指房地产ETF,2025-04-09,1.3632,1.3632,1.3632,1.3632,0.0461,0,0
512200.OF,南方中证全指房地产ETF,2025-04-10,1.3939,1.3939,1.3939,1.3939,0.0225,0,0
512200.OF,南方中证全指房地产ETF,2025-04-11,1.3782,1.3782,1.3782,1.3782,-0.0113,0,0
512200.OF,南方中证全指房地产ETF,2025-04-14,1.3819,1.3819,1.3819,1.3819,0.0027,0,0
