industry,period,S_adjusted,M,return
传统能源,2024-01-02,0.0,0.742225051592782,0.022374940067124927
化工,2024-01-02,0.0,0.742225051592782,-0.009687287559483448
医药,2024-01-02,-4.440892098500626e-16,0.742225051592782,-0.011178614823815325
半导体与信息技术,2024-01-02,0.0,0.742225051592782,-0.0185185185185186
房地产,2024-01-02,0.0,0.742225051592782,-0.01943402659393112
旅游,2024-01-02,0.0,0.742225051592782,-0.004142857142857004
消费,2024-01-02,-4.440892098500626e-16,0.742225051592782,-0.01824561403508762
电动车新能源,2024-01-02,0.0,0.742225051592782,-0.023571847999328877
金融,2024-01-02,0.0,0.742225051592782,-0.01306776267256815
高端装备,2024-01-02,0.0,0.742225051592782,-0.011540680900173128
传统能源,2024-01-03,-1.1102230246251563e-16,0.675279313673183,0.013443801782085263
化工,2024-01-03,0.0,0.675279313673183,0.0039471426119785935
医药,2024-01-03,4.440892098500626e-16,0.675279313673183,-0.003932170066355378
半导体与信息技术,2024-01-03,4.440892098500626e-16,0.675279313673183,-0.020813071386889814
房地产,2024-01-03,0.0,0.675279313673183,0.005076495132128045
旅游,2024-01-03,-6.661338147750939e-16,0.675279313673183,0.008893989384593182
消费,2024-01-03,-6.661338147750939e-16,0.675279313673183,-0.00619490111984744
电动车新能源,2024-01-03,0.0,0.675279313673183,-0.004639175257731831
金融,2024-01-03,0.0,0.675279313673183,0.004591564335290954
高端装备,2024-01-03,0.0,0.675279313673183,-0.0016053706946876911
传统能源,2024-01-04,0.0,0.6904109455634826,0.00933209933672674
化工,2024-01-04,0.0,0.6904109455634826,-0.007863247863247769
医药,2024-01-04,0.0,0.6904109455634826,-0.01036269430051806
半导体与信息技术,2024-01-04,0.0,0.6904109455634826,-0.01410409217322195
房地产,2024-01-04,0.0,0.6904109455634826,-0.014114716667819827
旅游,2024-01-04,0.0,0.6904109455634826,-0.008104649509455442
消费,2024-01-04,0.0,0.6904109455634826,-0.016183169503716233
电动车新能源,2024-01-04,0.0,0.6904109455634826,-0.017175901950630124
金融,2024-01-04,0.0,0.6904109455634826,-0.002125850340136015
高端装备,2024-01-04,0.0,0.6904109455634826,-0.014471568484139774
传统能源,2024-01-05,-2.220446049250313e-16,0.6940894439066461,-0.0019102926568349554
化工,2024-01-05,2.220446049250313e-16,0.6940894439066461,-0.01154376292212278
医药,2024-01-05,2.220446049250313e-16,0.6940894439066461,-0.018698578908002972
半导体与信息技术,2024-01-05,2.220446049250313e-16,0.6940894439066461,-0.014910336490026266
房地产,2024-01-05,2.220446049250313e-16,0.6940894439066461,-0.001754509088357059
旅游,2024-01-05,2.220446049250313e-16,0.6940894439066461,-0.01118119266055051
消费,2024-01-05,0.0,0.6940894439066461,-0.0069452906055806896
电动车新能源,2024-01-05,2.220446049250313e-16,0.6940894439066461,-0.006147361025731213
金融,2024-01-05,0.0,0.6940894439066461,0.0027694929697485993
高端装备,2024-01-05,2.220446049250313e-16,0.6940894439066461,-0.016018985464253954
传统能源,2024-01-07,0.0,,0.0
化工,2024-01-07,0.0,,0.0
医药,2024-01-07,0.0,,0.0
半导体与信息技术,2024-01-07,0.0,,0.0
房地产,2024-01-07,0.0,,0.0
旅游,2024-01-07,0.0,,0.0
消费,2024-01-07,0.0,,0.0
电动车新能源,2024-01-07,0.0,,0.0
金融,2024-01-07,0.0,,0.0
高端装备,2024-01-07,0.0,,0.0
传统能源,2024-01-08,0.0,0.7185515421846873,-0.005359056806002238
化工,2024-01-08,0.0,0.7185515421846873,-0.020219626982743488
医药,2024-01-08,0.0,0.7185515421846873,-0.01143292682926833
半导体与信息技术,2024-01-08,0.0,0.7185515421846873,-0.027203927183473087
房地产,2024-01-08,0.0,0.7185515421846873,-0.01905230596175489
旅游,2024-01-08,0.0,0.7185515421846873,-0.012467381849811443
消费,2024-01-08,0.0,0.7185515421846873,-0.016319018404907903
电动车新能源,2024-01-08,0.0,0.7185515421846873,-0.01758416541486263
金融,2024-01-08,0.0,0.7185515421846873,-0.010410027618440676
高端装备,2024-01-08,0.0,0.7185515421846873,-0.014621646065722138
传统能源,2024-01-09,-3.58,0.7097732258087261,0.005541871921182384
化工,2024-01-09,0.0,0.7097732258087261,-0.001601138587439932
医药,2024-01-09,0.0,0.7097732258087261,0.0015420200462605838
半导体与信息技术,2024-01-09,3.58,0.7097732258087261,-0.005046257359125339
房地产,2024-01-09,3.58,0.7097732258087261,0.006235218232638173
旅游,2024-01-09,6.200741891096582,0.7097732258087261,0.03787433940105678
消费,2024-01-09,6.200741891096582,0.7097732258087261,-0.0006236746912809954
电动车新能源,2024-01-09,0.0,0.7097732258087261,0.008184925346285343
金融,2024-01-09,3.58,0.7097732258087261,-0.0012881064834693312
高端装备,2024-01-09,3.58,0.7097732258087261,0.0064249655805417305
传统能源,2024-01-10,1.7388849982207075,0.7077071736981035,-0.008113900796080764
化工,2024-01-10,11.19748734097623,0.7077071736981035,0.0003563791874554578
医药,2024-01-10,-0.9389096456802016,0.7077071736981035,-0.008211444701052062
半导体与信息技术,2024-01-10,9.89545392923481,0.7077071736981035,-0.01394759087066777
房地产,2024-01-10,5.948391993830472,0.7077071736981035,-0.0034188034188034067
旅游,2024-01-10,13.657827788275124,0.7077071736981035,-0.00042432814710036126
消费,2024-01-10,13.354318874154252,0.7077071736981035,0.0028706939590614766
电动车新能源,2024-01-10,11.197487340976226,0.7077071736981035,-0.0008029262200016651
金融,2024-01-10,13.657827788275124,0.7077071736981035,-0.007523645743766183
高端装备,2024-01-10,15.627566348546187,0.7077071736981035,0.0025839793281652312
传统能源,2024-01-11,0.0,0.6720962411173583,-0.015743170242321303
化工,2024-01-11,2.53144227664784,0.6720962411173583,0.0008906305664408976
医药,2024-01-11,2.53144227664784,0.6720962411173583,0.009314359637774938
半导体与信息技术,2024-01-11,2.53144227664784,0.6720962411173583,0.018002571795970868
房地产,2024-01-11,2.53144227664784,0.6720962411173583,0.008004574042310031
旅游,2024-01-11,0.0,0.6720962411173583,0.0026885524267723504
消费,2024-01-11,0.0,0.6720962411173583,0.00659614187927815
电动车新能源,2024-01-11,2.53144227664784,0.6720962411173583,0.03392857142857131
金融,2024-01-11,2.53144227664784,0.6720962411173583,0.0016244314489928247
高端装备,2024-01-11,2.53144227664784,0.6720962411173583,0.016070345664038976
传统能源,2024-01-12,-1.3531128133730337,0.6696276278670866,0.0058805080758976835
化工,2024-01-12,-2.096233356693449,0.6696276278670866,0.0
医药,2024-01-12,-2.096233356693449,0.6696276278670866,-0.013586259933350497
半导体与信息技术,2024-01-12,0.0,0.6696276278670866,-0.01684210526315777
房地产,2024-01-12,-1.3531128133730337,0.6696276278670866,-0.0029778786159956327
旅游,2024-01-12,-5.240583391733626,0.6696276278670866,-0.006915043748235927
消费,2024-01-12,-5.240583391733626,0.6696276278670866,0.00012363996043518455
电动车新能源,2024-01-12,-2.096233356693449,0.6696276278670866,-0.0063903281519860355
金融,2024-01-12,-5.240583391733622,0.6696276278670866,-0.0009730781706130953
高端装备,2024-01-12,-3.8271809841859152,0.6696276278670866,0.0007460459564307964
传统能源,2024-01-13,1.79,,0.0
化工,2024-01-13,0.0,,0.0
医药,2024-01-13,0.0,,0.0
半导体与信息技术,2024-01-13,0.0,,0.0
房地产,2024-01-13,0.0,,0.0
旅游,2024-01-13,0.0,,0.0
消费,2024-01-13,-3.10037094554829,,0.0
电动车新能源,2024-01-13,0.0,,0.0
金融,2024-01-13,-1.79,,0.0
高端装备,2024-01-13,-1.79,,0.0
传统能源,2024-01-14,0.0,,0.0
化工,2024-01-14,0.0,,0.0
医药,2024-01-14,0.0,,0.0
半导体与信息技术,2024-01-14,0.0,,0.0
房地产,2024-01-14,0.0,,0.0
旅游,2024-01-14,0.0,,0.0
消费,2024-01-14,0.0,,0.0
电动车新能源,2024-01-14,0.0,,0.0
金融,2024-01-14,0.0,,0.0
高端装备,2024-01-14,0.0,,0.0
传统能源,2024-01-15,-2.220446049250313e-16,0.6686261746783893,0.009275859381089768
化工,2024-01-15,2.220446049250313e-16,0.6686261746783893,-0.013169603132229812
医药,2024-01-15,0.0,0.6686261746783893,0.0010395010395010118
半导体与信息技术,2024-01-15,2.220446049250313e-16,0.6686261746783893,-0.00021413276231274647
房地产,2024-01-15,2.220446049250313e-16,0.6686261746783893,0.004977954771725246
旅游,2024-01-15,2.220446049250313e-16,0.6686261746783893,0.026289612050589772
消费,2024-01-15,2.220446049250313e-16,0.6686261746783893,-0.008900976634936275
电动车新能源,2024-01-15,2.220446049250313e-16,0.6686261746783893,-0.017469146532244073
金融,2024-01-15,2.220446049250313e-16,0.6686261746783893,0.003354978354978444
高端装备,2024-01-15,2.220446049250313e-16,0.6686261746783893,-0.011927836588638718
传统能源,2024-01-16,0.0,0.6762546587728318,0.0003861600247141439
化工,2024-01-16,0.0,0.6762546587728318,0.0009017132551849549
医药,2024-01-16,0.0,0.6762546587728318,-0.0005192107995846129
半导体与信息技术,2024-01-16,0.0,0.6762546587728318,-0.0025701434996786565
房地产,2024-01-16,0.0,0.6762546587728318,-0.009482026606283722
旅游,2024-01-16,0.0,0.6762546587728318,0.018831348656881852
消费,2024-01-16,0.0,0.6762546587728318,0.004739927653735876
电动车新能源,2024-01-16,0.0,0.6762546587728318,0.007784166298098194
金融,2024-01-16,0.0,0.6762546587728318,0.012080681695610052
高端装备,2024-01-16,0.0,0.6762546587728318,0.01026105326693827
传统能源,2024-01-17,0.0,0.7598495874732873,-0.011657531073882454
化工,2024-01-17,0.0,0.7598495874732873,-0.027387387387387552
医药,2024-01-17,0.0,0.7598495874732873,-0.02467532467532474
半导体与信息技术,2024-01-17,0.0,0.7598495874732873,-0.025338200558299273
房地产,2024-01-17,0.0,0.7598495874732873,-0.02736105157879698
旅游,2024-01-17,0.0,0.7598495874732873,-0.030986681163359675
消费,2024-01-17,0.0,0.7598495874732873,-0.026567349472377377
电动车新能源,2024-01-17,0.0,0.7598495874732873,-0.03554814359694547
金融,2024-01-17,0.0,0.7598495874732873,-0.010550996483001174
高端装备,2024-01-17,0.0,0.7598495874732873,-0.027184466019417486
传统能源,2024-01-18,-4.323260729279849,0.7827005201384104,-0.0037494141540383996
化工,2024-01-18,1.933420975025012,0.7827005201384104,0.00592812152649147
医药,2024-01-18,-4.323260729279848,0.7827005201384104,0.016777629826897345
半导体与信息技术,2024-01-18,2.59395643756791,0.7827005201384104,0.01630315047367259
房地产,2024-01-18,3.3487833611626776,0.7827005201384104,-0.00022034520749170117
旅游,2024-01-18,1.2657211383239195,0.7827005201384104,0.0025245441795231915
消费,2024-01-18,0.0,0.7827005201384104,0.013901288101007658
电动车新能源,2024-01-18,1.933420975025012,0.7827005201384104,0.016108481980342315
金融,2024-01-18,1.2657211383239195,0.7827005201384104,0.00926324859974148
高端装备,2024-01-18,1.933420975025012,0.7827005201384104,0.018117610931982275
传统能源,2024-01-19,-3.382782033432585,0.7621191075228257,-0.012545083895248554
化工,2024-01-19,-3.8271809841859152,0.7621191075228257,-0.0020257826887660757
医药,2024-01-19,-2.8703857381394373,0.7621191075228257,0.0005238344683080598
半导体与信息技术,2024-01-19,-2.0962333566934497,0.7621191075228257,-0.006069802731411111
房地产,2024-01-19,-6.200741891096581,0.7621191075228257,-0.001395827211284173
旅游,2024-01-19,2.870385738139439,0.7621191075228257,0.01105204252937897
消费,2024-01-19,2.870385738139439,0.7621191075228257,0.0013836477987421159
电动车新能源,2024-01-19,3.827180984185917,0.7621191075228257,-0.007433945364979877
金融,2024-01-19,2.870385738139439,0.7621191075228257,0.0002134471718249209
高端装备,2024-01-19,2.870385738139439,0.7621191075228257,-0.013120193032725158
传统能源,2024-01-20,2.6144623411579944,,0.0
化工,2024-01-20,-2.401537007834774,,0.0
医药,2024-01-20,-3.423134737133702,,0.0
半导体与信息技术,2024-01-20,-2.6144623411579926,,0.0
房地产,2024-01-20,-3.921693511736988,,0.0
旅游,2024-01-20,-3.921693511736988,,0.0
消费,2024-01-20,-2.401537007834774,,0.0
电动车新能源,2024-01-20,-1.601024671889851,,0.0
金融,2024-01-20,-1.601024671889851,,0.0
高端装备,2024-01-20,0.0,,0.0
传统能源,2024-01-22,5.228924682315984,0.7965976883950773,-0.019294902334444974
化工,2024-01-22,5.990485789983981,0.7965976883950773,-0.03875253736851825
医药,2024-01-22,0.0,0.7965976883950773,-0.019371727748691114
半导体与信息技术,2024-01-22,0.0,0.7965976883950773,-0.03707742639040357
房地产,2024-01-22,3.202049343779698,0.7965976883950773,-0.04605311557419256
旅游,2024-01-22,1.307231170578997,0.7965976883950773,-0.04414003044140036
消费,2024-01-22,-1.3072311705789974,0.7965976883950773,-0.020349202361512386
电动车新能源,2024-01-22,-1.3072311705789974,0.7965976883950773,-0.037899296155928575
金融,2024-01-22,-1.3072311705789974,0.7965976883950773,-0.0023474178403755097
高端装备,2024-01-22,-1.3072311705789974,0.7965976883950773,-0.027200488997554895
传统能源,2024-01-23,0.0,0.7984153760353558,0.012387660918144139
化工,2024-01-23,0.0,0.7984153760353558,0.013822230754463316
医药,2024-01-23,0.0,0.7984153760353558,0.0026695141484249785
半导体与信息技术,2024-01-23,0.0,0.7984153760353558,0.01630804077010195
房地产,2024-01-23,0.0,0.7984153760353558,0.014883936145600352
旅游,2024-01-23,0.0,0.7984153760353558,-0.0036189924724955302
消费,2024-01-23,0.0,0.7984153760353558,-0.0014104372355430161
电动车新能源,2024-01-23,0.0,0.7984153760353558,0.0066591633839803155
金融,2024-01-23,0.0,0.7984153760353558,0.002139037433155133
高端装备,2024-01-23,0.0,0.7984153760353558,0.008168394596292705
传统能源,2024-01-24,-4.621760126474184,0.8322703295222363,0.02575175943698027
化工,2024-01-24,-5.846115519442519,0.8322703295222363,0.0066275326642679655
医药,2024-01-24,-1.4615288798606296,0.8322703295222363,0.00851970181043682
半导体与信息技术,2024-01-24,-1.4615288798606296,0.8322703295222363,0.003788722977490666
房地产,2024-01-24,-2.310880063237091,0.8322703295222363,0.0348024316109421
旅游,2024-01-24,-3.268077926447491,0.8322703295222363,0.017434258317594153
消费,2024-01-24,-3.268077926447491,0.8322703295222363,0.004365690806368727
电动车新能源,2024-01-24,-3.268077926447491,0.8322703295222363,-0.001677070716481932
金融,2024-01-24,-6.418377632125695,0.8322703295222363,0.023479188900747072
高端装备,2024-01-24,-3.268077926447491,0.8322703295222363,0.0037394827048924384
传统能源,2024-01-25,-5.37,0.8961065751254166,0.04600031186652109
化工,2024-01-25,3.10037094554829,0.8961065751254166,0.025206922498119066
医药,2024-01-25,-1.79,0.8961065751254166,0.008975712777191003
半导体与信息技术,2024-01-25,5.37,0.8961065751254166,0.024200710479573617
房地产,2024-01-25,5.37,0.8961065751254166,0.05353208988103986
旅游,2024-01-25,3.10037094554829,0.8961065751254166,0.035127802370412686
消费,2024-01-25,0.0,0.8961065751254166,0.016619790334952755
电动车新能源,2024-01-25,5.37,0.8961065751254166,0.011479234717685749
金融,2024-01-25,5.37,0.8961065751254166,0.018248175182481896
高端装备,2024-01-25,3.10037094554829,0.8961065751254166,0.022198075131946604
传统能源,2024-01-26,1.79,0.8037892348575302,0.013789505068575014
化工,2024-01-26,-2.804391037446292,0.8037892348575302,-0.003302752293578015
医药,2024-01-26,-1.79,0.8037892348575302,-0.02511773940345363
半导体与信息技术,2024-01-26,-1.79,0.8037892348575302,-0.024495989594623846
房地产,2024-01-26,-3.10037094554829,0.8037892348575302,0.031156339304384106
旅游,2024-01-26,3.10037094554829,0.8037892348575302,0.0012415505586977904
消费,2024-01-26,-3.10037094554829,0.8037892348575302,-0.0005030181086519425
电动车新能源,2024-01-26,-1.79,0.8037892348575302,-0.019099464845912628
金融,2024-01-26,-3.10037094554829,0.8037892348575302,0.00901177675371212
高端装备,2024-01-26,-1.79,0.8037892348575302,-0.012300683371298415
传统能源,2024-01-27,0.0,,0.0
化工,2024-01-27,0.0,,0.0
医药,2024-01-27,0.0,,0.0
半导体与信息技术,2024-01-27,0.0,,0.0
房地产,2024-01-27,0.0,,0.0
旅游,2024-01-27,0.0,,0.0
消费,2024-01-27,0.0,,0.0
电动车新能源,2024-01-27,0.0,,0.0
金融,2024-01-27,0.0,,0.0
高端装备,2024-01-27,0.0,,0.0
传统能源,2024-01-29,0.0,0.8064793000563363,0.00022057201676339844
化工,2024-01-29,0.0,0.8064793000563363,-0.016200294550810068
医药,2024-01-29,0.0,0.8064793000563363,-0.030864197530864224
半导体与信息技术,2024-01-29,0.0,0.8064793000563363,-0.02733333333333343
房地产,2024-01-29,0.0,0.8064793000563363,-0.018183047181289824
旅游,2024-01-29,0.0,0.8064793000563363,-0.015844585285202495
消费,2024-01-29,0.0,0.8064793000563363,0.0032712632108706785
电动车新能源,2024-01-29,0.0,0.8064793000563363,-0.03706142413695779
金融,2024-01-29,0.0,0.8064793000563363,0.0017253628336546534
高端装备,2024-01-29,0.0,0.8064793000563363,-0.03136531365313644
传统能源,2024-01-30,-3.3478148048557497,0.8284168005112998,-0.006321670097030441
化工,2024-01-30,12.206893746775018,0.8284168005112998,-0.02208083832335339
医药,2024-01-30,15.391300811151105,0.8284168005112998,-0.02243145942952085
半导体与信息技术,2024-01-30,11.964502882726435,0.8284168005112998,-0.030157642220699055
房地产,2024-01-30,5.5977583871134495,0.8284168005112998,-0.03497418244406192
旅游,2024-01-30,12.206893746775018,0.8284168005112998,-0.0286994260114799
消费,2024-01-30,9.245297682106791,0.8284168005112998,-0.02345121645347381
电动车新能源,2024-01-30,8.598881859333176,0.8284168005112998,-0.02959851518999712
金融,2024-01-30,9.245297682106784,0.8284168005112998,-0.011043566362715307
高端装备,2024-01-30,12.206893746775018,0.8284168005112998,-0.022539682539682526
传统能源,2024-01-31,-6.765564066865167,0.8363585569370965,0.005992010652463575
化工,2024-01-31,0.9567952460464796,0.8363585569370965,-0.020283199387676865
医药,2024-01-31,6.765564066865167,0.8363585569370965,-0.031728045325779
半导体与信息技术,2024-01-31,-4.1924667133868985,0.8363585569370965,-0.03321554770318025
房地产,2024-01-31,-6.200741891096581,0.8363585569370965,-0.036812442034672044
旅游,2024-01-31,7.654361968371834,0.8363585569370965,-0.044249063130585076
消费,2024-01-31,0.9567952460464796,0.8363585569370965,-0.012199820213175783
电动车新能源,2024-01-31,-4.1924667133868985,0.8363585569370965,-0.015300986510972447
金融,2024-01-31,-0.9567952460464784,0.8363585569370965,0.0004097940784757448
高端装备,2024-01-31,0.9567952460464796,0.8363585569370965,-0.012179278986684139
传统能源,2024-02-01,0.0,-0.5111574941035726,-0.018016030590484733
化工,2024-02-01,-2.7755575615628914e-16,-0.5111574941035726,-0.0021484374999999334
医药,2024-02-01,0.0,-0.5111574941035726,0.0076067875950849295
半导体与信息技术,2024-02-01,0.0,-0.5111574941035726,0.014619883040935644
房地产,2024-02-01,0.0,-0.5111574941035726,-0.02318346789126735
旅游,2024-02-01,1.1102230246251563e-16,-0.5111574941035726,-0.007841954456341393
消费,2024-02-01,1.1102230246251563e-15,-0.5111574941035726,0.003900156006240163
电动车新能源,2024-02-01,0.0,-0.5111574941035726,-0.003066857493355113
金融,2024-02-01,3.3306690738754696e-16,-0.5111574941035726,-0.006758832565284201
高端装备,2024-02-01,3.3306690738754696e-16,-0.5111574941035726,0.0004931777083676536
传统能源,2024-02-02,0.0,-0.4971655658008792,0.001572562528081356
化工,2024-02-02,0.0,-0.4971655658008792,-0.02485809356038371
医药,2024-02-02,0.0,-0.4971655658008792,-0.030487804878048808
半导体与信息技术,2024-02-02,0.0,-0.4971655658008792,-0.03506243996157543
房地产,2024-02-02,0.0,-0.4971655658008792,-0.005307855626326852
旅游,2024-02-02,0.0,-0.4971655658008792,-0.0068399452804378535
消费,2024-02-02,0.0,-0.4971655658008792,-0.002849002849002802
电动车新能源,2024-02-02,0.0,-0.4971655658008792,-0.030455291222313274
金融,2024-02-02,0.0,-0.4971655658008792,-0.003711722858026567
高端装备,2024-02-02,0.0,-0.4971655658008792,-0.024646730200460043
传统能源,2024-02-03,0.0,,0.0
化工,2024-02-03,0.0,,0.0
医药,2024-02-03,0.0,,0.0
半导体与信息技术,2024-02-03,0.0,,0.0
房地产,2024-02-03,0.0,,0.0
旅游,2024-02-03,0.0,,0.0
消费,2024-02-03,0.0,,0.0
电动车新能源,2024-02-03,0.0,,0.0
金融,2024-02-03,0.0,,0.0
高端装备,2024-02-03,0.0,,0.0
传统能源,2024-02-04,-4.440892098500626e-16,,0.0
化工,2024-02-04,-1.1102230246251563e-16,,0.0
医药,2024-02-04,0.0,,0.0
半导体与信息技术,2024-02-04,4.440892098500626e-16,,0.0
房地产,2024-02-04,3.3306690738754696e-16,,0.0
旅游,2024-02-04,0.0,,0.0
消费,2024-02-04,-4.440892098500626e-16,,0.0
电动车新能源,2024-02-04,-1.1102230246251563e-16,,0.0
金融,2024-02-04,-4.440892098500626e-16,,0.0
高端装备,2024-02-04,-1.1102230246251563e-16,,0.0
传统能源,2024-02-05,-3.423134737133703,-0.5064722647530009,0.015551401869158932
化工,2024-02-05,-5.603586351614474,-0.5064722647530009,-0.005018065034122832
医药,2024-02-05,-1.601024671889849,-0.5064722647530009,0.021263851452530957
半导体与信息技术,2024-02-05,1.6010246718898489,-0.5064722647530009,-0.017421602787456414
房地产,2024-02-05,0.0,-0.5064722647530009,-0.05724958072876973
旅游,2024-02-05,3.9216935117369895,-0.5064722647530009,-0.029843893480257067
消费,2024-02-05,2.6144623411579926,-0.5064722647530009,0.012597402597402496
电动车新能源,2024-02-05,3.921693511736989,-0.5064722647530009,-0.017768376520359674
金融,2024-02-05,1.6010246718898489,-0.5064722647530009,0.008796440028976393
高端装备,2024-02-05,1.6010246718898489,-0.5064722647530009,-0.0074123989218329855
传统能源,2024-02-06,-4.621760126474184,-0.3235301438845871,0.0011043215784434235
化工,2024-02-06,3.268077926447491,-0.3235301438845871,0.06475690942102097
医药,2024-02-06,-2.310880063237091,-0.3235301438845871,0.06422287390029324
半导体与信息技术,2024-02-06,3.268077926447491,-0.3235301438845871,0.06965552178318135
房地产,2024-02-06,2.310880063237092,-0.3235301438845871,0.02797768254224975
旅游,2024-02-06,2.310880063237092,-0.3235301438845871,0.043539990534784634
消费,2024-02-06,0.0,-0.3235301438845871,0.03745030139797367
电动车新能源,2024-02-06,4.621760126474184,-0.3235301438845871,0.06492947130397342
金融,2024-02-06,1.4615288798606283,-0.3235301438845871,0.02246614690192872
高端装备,2024-02-06,3.268077926447491,-0.3235301438845871,0.05889341479972865
传统能源,2024-02-07,-5.574052440196507,-0.3168397019148241,0.02198852772466542
化工,2024-02-07,4.857347761147772,-0.3168397019148241,0.043198181129215474
医药,2024-02-07,7.24090652285522,-0.3168397019148241,0.02066685037200333
半导体与信息技术,2024-02-07,5.574052440196508,-0.3168397019148241,0.02936301207672254
房地产,2024-02-07,5.574052440196506,-0.3168397019148241,0.0028317470305985193
旅游,2024-02-07,4.515498563030141,-0.3168397019148241,0.01889644746787611
消费,2024-02-07,2.0902696650736887,-0.3168397019148241,0.02299418964025235
电动车新能源,2024-02-07,7.240906522855221,-0.3168397019148241,0.037007077856420656
金融,2024-02-07,2.3667643369320537,-0.3168397019148241,-0.0010033109260559891
高端装备,2024-02-07,4.515498563030141,-0.3168397019148241,0.030774162526045812
传统能源,2024-02-08,-3.3306690738754696e-16,-0.3159111547057499,-0.0024465712024176467
化工,2024-02-08,2.7755575615628914e-16,-0.3159111547057499,0.01126044315292396
医药,2024-02-08,1.1102230246251563e-16,-0.3159111547057499,-0.0035097192224622376
半导体与信息技术,2024-02-08,3.3306690738754696e-16,-0.3159111547057499,0.027145157579940182
房地产,2024-02-08,0.0,-0.3159111547057499,0.051062828457133946
旅游,2024-02-08,0.0,-0.3159111547057499,0.024777448071216623
消费,2024-02-08,8.881784197001252e-16,-0.3159111547057499,-0.0022960725075529265
电动车新能源,2024-02-08,4.440892098500626e-16,-0.3159111547057499,0.018525741029641107
金融,2024-02-08,7.771561172376097e-16,-0.3159111547057499,0.002209500853670665
高端装备,2024-02-08,0.0,-0.3159111547057499,0.014772197169957924
传统能源,2024-02-09,-4.13382792739772,,0.0
化工,2024-02-09,4.1338279273977205,,0.0
医药,2024-02-09,2.0669139636988607,,0.0
半导体与信息技术,2024-02-09,2.0669139636988607,,0.0
房地产,2024-02-09,2.0669139636988607,,0.0
旅游,2024-02-09,2.0669139636988607,,0.0
消费,2024-02-09,4.1338279273977205,,0.0
电动车新能源,2024-02-09,2.0669139636988607,,0.0
金融,2024-02-09,-2.0669139636988594,,0.0
高端装备,2024-02-09,-2.0669139636988594,,0.0
传统能源,2024-02-10,0.0,,0.0
化工,2024-02-10,2.317473172393134,,0.0
医药,2024-02-10,-2.42367145738306,,0.0
半导体与信息技术,2024-02-10,12.26291536843232,,0.0
房地产,2024-02-10,8.267655854795443,,0.0
旅游,2024-02-10,-6.855178091535381,,0.0
消费,2024-02-10,-9.269892689572544,,0.0
电动车新能源,2024-02-10,7.915677832981554,,0.0
金融,2024-02-10,6.855178091535381,,0.0
高端装备,2024-02-10,12.26291536843232,,0.0
传统能源,2024-02-18,0.0,,0.0
化工,2024-02-18,0.0,,0.0
医药,2024-02-18,0.0,,0.0
半导体与信息技术,2024-02-18,0.0,,0.0
房地产,2024-02-18,0.0,,0.0
旅游,2024-02-18,0.0,,0.0
消费,2024-02-18,0.0,,0.0
电动车新能源,2024-02-18,0.0,,0.0
金融,2024-02-18,0.0,,0.0
高端装备,2024-02-18,0.0,,0.0
传统能源,2024-02-19,0.0,-0.3058688751020075,0.04306427180263994
化工,2024-02-19,0.0,-0.3058688751020075,-0.0003591954022987842
医药,2024-02-19,0.0,-0.3058688751020075,-0.001083717149823804
半导体与信息技术,2024-02-19,0.0,-0.3058688751020075,0.02262038073908168
房地产,2024-02-19,0.0,-0.3058688751020075,0.0029104477611940904
旅游,2024-02-19,0.0,-0.3058688751020075,0.012451136528159878
消费,2024-02-19,0.0,-0.3058688751020075,-0.002422480620155043
电动车新能源,2024-02-19,0.0,-0.3058688751020075,-0.00823281638904838
金融,2024-02-19,0.0,-0.3058688751020075,0.00841767712195618
高端装备,2024-02-19,0.0,-0.3058688751020075,-0.002451731535396795
传统能源,2024-02-20,10.12576910659136,-0.3070093669514971,0.003596127247579517
化工,2024-02-20,-7.695185521733949,-0.3070093669514971,0.00377290693496235
医药,2024-02-20,-6.725648886254508,-0.3070093669514971,0.0067805804176837015
半导体与信息技术,2024-02-20,-5.779604646016316,-0.3070093669514971,-0.004818221638195341
房地产,2024-02-20,0.0,-0.3070093669514971,0.007664260733685424
旅游,2024-02-20,-10.358219481933824,-0.3070093669514971,0.000572000572000464
消费,2024-02-20,-8.717437292070214,-0.3070093669514971,0.00012141816415733864
电动车新能源,2024-02-20,-3.8046015482802495,-0.3070093669514971,-0.004922779922780007
金融,2024-02-20,-7.695185521733947,-0.3070093669514971,0.0054655669283514285
高端装备,2024-02-20,-7.695185521733949,-0.3070093669514971,-0.0041474654377881
传统能源,2024-02-21,-6.404098687559396,-0.2923705086258907,-0.002756339581036382
化工,2024-02-21,-1.601024671889849,-0.2923705086258907,0.009844281367460184
医药,2024-02-21,-2.6144623411579926,-0.2923705086258907,0.009159482758620774
半导体与信息技术,2024-02-21,6.404098687559396,-0.2923705086258907,0.00022007042253524567
房地产,2024-02-21,3.921693511736989,-0.2923705086258907,0.02067641411903698
旅游,2024-02-21,2.6144623411579926,-0.2923705086258907,0.013434328998142009
消费,2024-02-21,1.6010246718898489,-0.2923705086258907,0.026951560033992905
电动车新能源,2024-02-21,6.404098687559396,-0.2923705086258907,0.01328935881268789
金融,2024-02-21,3.921693511736989,-0.2923705086258907,0.021446926270013877
高端装备,2024-02-21,6.404098687559396,-0.2923705086258907,0.006324232608360347
传统能源,2024-02-22,0.0,-0.3722213699827021,0.04270315091210608
化工,2024-02-22,0.0,-0.3722213699827021,0.00815313718539512
医药,2024-02-22,0.0,-0.3722213699827021,0.0010678056593700358
半导体与信息技术,2024-02-22,0.0,-0.3722213699827021,0.01980198019801982
房地产,2024-02-22,0.0,-0.3722213699827021,0.0010128780205469479
旅游,2024-02-22,0.0,-0.3722213699827021,0.006346072486250298
消费,2024-02-22,0.0,-0.3722213699827021,0.004846908618040047
电动车新能源,2024-02-22,0.0,-0.3722213699827021,0.0019146084625694115
金融,2024-02-22,0.0,-0.3722213699827021,0.004644412191581848
高端装备,2024-02-22,0.0,-0.3722213699827021,0.0058246474555487815
传统能源,2024-02-23,0.0,-0.3870019899220193,-0.01557322730284949
化工,2024-02-23,-4.440892098500626e-16,-0.3870019899220193,0.0005274261603376296
医药,2024-02-23,4.440892098500626e-16,-0.3870019899220193,-0.0024000000000000687
半导体与信息技术,2024-02-23,-4.440892098500626e-16,-0.3870019899220193,0.0049622437971952316
房地产,2024-02-23,-4.440892098500626e-16,-0.3870019899220193,0.008022549869904694
旅游,2024-02-23,1.1102230246251563e-16,-0.3870019899220193,-0.005184977578475358
消费,2024-02-23,1.1102230246251563e-16,-0.3870019899220193,0.00047058823529422256
电动车新能源,2024-02-23,4.440892098500626e-16,-0.3870019899220193,0.007548251480986146
金融,2024-02-23,1.1102230246251563e-16,-0.3870019899220193,0.00414138495617844
高端装备,2024-02-23,0.0,-0.3870019899220193,0.003657421517829773
传统能源,2024-02-24,0.0,,0.0
化工,2024-02-24,0.0,,0.0
医药,2024-02-24,0.0,,0.0
半导体与信息技术,2024-02-24,0.0,,0.0
房地产,2024-02-24,0.0,,0.0
旅游,2024-02-24,0.0,,0.0
消费,2024-02-24,0.0,,0.0
电动车新能源,2024-02-24,0.0,,0.0
金融,2024-02-24,0.0,,0.0
高端装备,2024-02-24,0.0,,0.0
传统能源,2024-02-27,0.0,-0.4059774204597348,0.0032964768903236408
化工,2024-02-27,0.0,-0.4059774204597348,0.013227513227513255
医药,2024-02-27,0.0,-0.4059774204597348,0.00910551687198713
半导体与信息技术,2024-02-27,0.0,-0.4059774204597348,0.04340389138336542
房地产,2024-02-27,0.0,-0.4059774204597348,0.019257221458046647
旅游,2024-02-27,0.0,-0.4059774204597348,0.010230179028132946
消费,2024-02-27,0.0,-0.4059774204597348,0.0028537455410226897
电动车新能源,2024-02-27,0.0,-0.4059774204597348,0.019680196801968197
金融,2024-02-27,0.0,-0.4059774204597348,0.0031391014322148525
高端装备,2024-02-27,0.0,-0.4059774204597348,0.013185813882994779
传统能源,2024-02-28,-3.58,-0.3668681213904335,-0.0039701553836676284
化工,2024-02-28,-3.58,-0.3668681213904335,-0.012706701479547333
医药,2024-02-28,3.58,-0.3668681213904335,-0.011411889596602998
半导体与信息技术,2024-02-28,1.1102230246251563e-16,-0.3668681213904335,-0.042622950819672156
房地产,2024-02-28,1.1102230246251563e-16,-0.3668681213904335,-0.029547553093259404
旅游,2024-02-28,3.58,-0.3668681213904335,-0.018143459915611726
消费,2024-02-28,3.58,-0.3668681213904335,-0.008418306853213209
电动车新能源,2024-02-28,1.1102230246251563e-16,-0.3668681213904335,-0.01837245986823799
金融,2024-02-28,3.58,-0.3668681213904335,-0.007529825933894063
高端装备,2024-02-28,3.58,-0.3668681213904335,-0.018399401645474933
传统能源,2024-02-29,-13.090973116726548,-0.3483945598598796,0.002817675761116023
化工,2024-02-29,4.62835793158407,-0.3483945598598796,0.026093088857545688
医药,2024-02-29,5.454572131969398,-0.3483945598598796,0.015570469798657838
半导体与信息技术,2024-02-29,10.809515288819425,-0.3483945598598796,0.04965753424657526
房地产,2024-02-29,5.740771476278878,-0.3483945598598796,0.019761399399838897
旅游,2024-02-29,6.1711439087787525,-0.3483945598598796,0.016330038676407366
消费,2024-02-29,6.89954863948153,-0.3483945598598796,0.015185938060504611
电动车新能源,2024-02-29,15.427859771946892,-0.3483945598598796,0.03913413366102647
金融,2024-02-29,3.165730029004582,-0.3483945598598796,0.006897231254310965
高端装备,2024-02-29,0.0,-0.3483945598598796,0.034135934166412696
传统能源,2024-03-01,0.0,0.1314296324160343,0.002192982456140191
化工,2024-03-01,-1.601024671889849,0.1314296324160343,0.0029209621993127044
医药,2024-03-01,6.404098687559397,0.1314296324160343,-0.0005286809410521842
半导体与信息技术,2024-03-01,6.404098687559397,0.1314296324160343,0.03119902120717799
房地产,2024-03-01,3.9216935117369895,0.1314296324160343,-0.004952271585444534
旅游,2024-03-01,1.6010246718898486,0.1314296324160343,-0.0052149400986610805
消费,2024-03-01,1.6010246718898486,0.1314296324160343,-0.0025912838633685986
电动车新能源,2024-03-01,3.9216935117369895,0.1314296324160343,0.005276084781224544
金融,2024-03-01,1.6010246718898486,0.1314296324160343,0.0017614247969468533
高端装备,2024-03-01,1.6010246718898489,0.1314296324160343,0.0075154730327144925
传统能源,2024-03-02,0.0,,0.0
化工,2024-03-02,0.0,,0.0
医药,2024-03-02,0.0,,0.0
半导体与信息技术,2024-03-02,0.0,,0.0
房地产,2024-03-02,0.0,,0.0
旅游,2024-03-02,0.0,,0.0
消费,2024-03-02,0.0,,0.0
电动车新能源,2024-03-02,0.0,,0.0
金融,2024-03-02,0.0,,0.0
高端装备,2024-03-02,0.0,,0.0
传统能源,2024-03-04,0.0,0.1273707206601379,0.024685448577680624
化工,2024-03-04,0.0,0.1273707206601379,-0.007024156244646251
医药,2024-03-04,0.0,0.1273707206601379,0.02142290399365243
半导体与信息技术,2024-03-04,0.0,0.1273707206601379,0.00435040537868292
房地产,2024-03-04,0.0,0.1273707206601379,-0.02437968840161575
旅游,2024-03-04,0.0,0.1273707206601379,-0.007084159818645519
消费,2024-03-04,0.0,0.1273707206601379,-0.00803023145961268
电动车新能源,2024-03-04,0.0,0.1273707206601379,-0.0045244774228575535
金融,2024-03-04,0.0,0.1273707206601379,-0.009670801992771372
高端装备,2024-03-04,0.0,0.1273707206601379,0.00453415240602606
传统能源,2024-03-05,0.0,0.1065180631816149,0.000934267600934291
化工,2024-03-05,2.220446049250313e-16,0.1065180631816149,-0.003795721187025536
医药,2024-03-05,2.220446049250313e-16,0.1065180631816149,0.0002589331952356222
半导体与信息技术,2024-03-05,2.220446049250313e-16,0.1065180631816149,-0.0013782240598543272
房地产,2024-03-05,0.0,0.1065180631816149,-0.0039183794174183495
旅游,2024-03-05,2.220446049250313e-16,0.1065180631816149,-0.0028538812785388057
消费,2024-03-05,2.220446049250313e-16,0.1065180631816149,0.014047619047619087
电动车新能源,2024-03-05,2.220446049250313e-16,0.1065180631816149,-0.010453595127715709
金融,2024-03-05,2.220446049250313e-16,0.1065180631816149,0.0128230420201223
高端装备,2024-03-05,2.220446049250313e-16,0.1065180631816149,-0.0014560279557367384
传统能源,2024-03-07,-4.133827927397721,0.0299488557072923,0.011786641805953346
化工,2024-03-07,2.0669139636988607,0.0299488557072923,-0.0017304031839419087
医药,2024-03-07,0.0,0.0299488557072923,-0.033090151120375166
半导体与信息技术,2024-03-07,2.0669139636988607,0.0299488557072923,-0.022885572139303423
房地产,2024-03-07,4.133827927397721,0.0299488557072923,-0.007930570103247048
旅游,2024-03-07,2.0669139636988607,0.0299488557072923,0.0018640665328362171
消费,2024-03-07,2.0669139636988607,0.0299488557072923,-0.0019011406844107182
电动车新能源,2024-03-07,2.0669139636988607,0.0299488557072923,-0.017151242777217246
金融,2024-03-07,2.0669139636988607,0.0299488557072923,0.0014717425431709508
高端装备,2024-03-07,2.0669139636988607,0.0299488557072923,-0.018320830929024923
传统能源,2024-03-08,0.0,0.0272740896225757,0.0034224035803605
化工,2024-03-08,0.0,0.0272740896225757,0.004680187207488418
医药,2024-03-08,0.0,0.0272740896225757,-0.00404203718674212
半导体与信息技术,2024-03-08,0.0,0.0272740896225757,0.024032586558044855
房地产,2024-03-08,0.0,0.0272740896225757,-0.004600301659125172
旅游,2024-03-08,0.0,0.0272740896225757,-0.014026048375554656
消费,2024-03-08,0.0,0.0272740896225757,-0.005714285714285561
电动车新能源,2024-03-08,0.0,0.0272740896225757,0.0013997760358341882
金融,2024-03-08,0.0,0.0272740896225757,-0.00215538356030176
高端装备,2024-03-08,0.0,0.0272740896225757,0.013372520205731098
传统能源,2024-03-09,-2.53144227664784,,0.0
化工,2024-03-09,-2.53144227664784,,0.0
医药,2024-03-09,-2.53144227664784,,0.0
半导体与信息技术,2024-03-09,0.0,,0.0
房地产,2024-03-09,-2.53144227664784,,0.0
旅游,2024-03-09,-2.53144227664784,,0.0
消费,2024-03-09,0.0,,0.0
电动车新能源,2024-03-09,0.0,,0.0
金融,2024-03-09,2.53144227664784,,0.0
高端装备,2024-03-09,-2.53144227664784,,0.0
传统能源,2024-03-10,6.9326401897112735,,0.0
化工,2024-03-10,8.005123359449248,,0.0
医药,2024-03-10,7.133627903025467,,0.0
半导体与信息技术,2024-03-10,3.268077926447491,,0.0
房地产,2024-03-10,7.133627903025467,,0.0
旅游,2024-03-10,4.38458663958189,,0.0
消费,2024-03-10,2.139459210708565,,0.0
电动车新能源,2024-03-10,-3.268077926447491,,0.0
金融,2024-03-10,2.139459210708565,,0.0
高端装备,2024-03-10,4.38458663958189,,0.0
传统能源,2024-03-11,0.0,-0.0149775535482886,-0.026433162796799192
化工,2024-03-11,3.3306690738754696e-16,-0.0149775535482886,0.016390614216701183
医药,2024-03-11,0.0,-0.0149775535482886,0.02840909090909083
半导体与信息技术,2024-03-11,0.0,-0.0149775535482886,0.014319809069212486
房地产,2024-03-11,0.0,-0.0149775535482886,0.02432002424426094
旅游,2024-03-11,7.771561172376097e-16,-0.0149775535482886,0.020467411815938474
消费,2024-03-11,-2.220446049250313e-16,-0.0149775535482886,0.01879789272030652
电动车新能源,2024-03-11,3.3306690738754696e-16,-0.0149775535482886,0.06737489516354489
金融,2024-03-11,-2.220446049250313e-16,-0.0149775535482886,0.002454590083456054
高端装备,2024-03-11,3.3306690738754696e-16,-0.0149775535482886,0.037703016241299236
传统能源,2024-03-12,-5.660477011701399,-0.0126292141115714,-0.03550495182914504
化工,2024-03-12,4.621760126474184,-0.0126292141115714,0.0015277542013241163
医药,2024-03-12,-1.4615288798606296,-0.0126292141115714,0.02420415680084176
半导体与信息技术,2024-03-12,-2.310880063237091,-0.0126292141115714,-0.0019607843137254832
房地产,2024-03-12,4.621760126474184,-0.0126292141115714,0.03905325443786989
旅游,2024-03-12,1.4615288798606287,-0.0126292141115714,0.029445234708392665
消费,2024-03-12,1.4615288798606287,-0.0126292141115714,0.029380655776237052
电动车新能源,2024-03-12,4.621760126474184,-0.0126292141115714,0.007595599790466201
金融,2024-03-12,1.4615288798606283,-0.0126292141115714,-0.0015670910871692367
高端装备,2024-03-12,3.268077926447491,-0.0126292141115714,-0.0019564002235886724
传统能源,2024-03-13,0.0,-0.1559119278114139,-0.002165409332215651
化工,2024-03-13,0.0,-0.1559119278114139,-0.005084745762711895
医药,2024-03-13,0.0,-0.1559119278114139,-0.010017980991523179
半导体与信息技术,2024-03-13,0.0,-0.1559119278114139,0.0007858546168957314
房地产,2024-03-13,0.0,-0.1559119278114139,-0.022636674259681078
旅游,2024-03-13,0.0,-0.1559119278114139,-0.008428907005665343
消费,2024-03-13,0.0,-0.1559119278114139,-0.010845986984815648
电动车新能源,2024-03-13,0.0,-0.1559119278114139,-0.002772723334199645
金融,2024-03-13,0.0,-0.1559119278114139,-0.014420247204237957
高端装备,2024-03-13,0.0,-0.1559119278114139,-0.005460655278633264
传统能源,2024-03-14,0.0,-0.1552999957898759,0.00784039201960085
化工,2024-03-14,0.0,-0.1552999957898759,-0.008858603066439485
医药,2024-03-14,0.0,-0.1552999957898759,0.002594706798131785
半导体与信息技术,2024-03-14,0.0,-0.1552999957898759,-0.01629367883784838
房地产,2024-03-14,0.0,-0.1552999957898759,0.006045156591405698
旅游,2024-03-14,0.0,-0.1552999957898759,0.01017279821627648
消费,2024-03-14,1.6653345369377348e-16,-0.1552999957898759,-0.003693444136657398
电动车新能源,2024-03-14,0.0,-0.1552999957898759,-0.009210183334781408
金融,2024-03-14,0.0,-0.1552999957898759,-0.003881755747984439
高端装备,2024-03-14,0.0,-0.1552999957898759,-0.009291848514712209
传统能源,2024-03-15,1.46152887986063,-0.1574014586533247,-0.006251302354657096
化工,2024-03-15,4.621760126474184,-0.1574014586533247,0.013750429700928102
医药,2024-03-15,3.268077926447491,-0.1574014586533247,-0.008022774327122284
半导体与信息技术,2024-03-15,-1.46152887986063,-0.1574014586533247,0.005986828976252356
房地产,2024-03-15,-1.46152887986063,-0.1574014586533247,-0.0007963512633025749
旅游,2024-03-15,2.310880063237092,-0.1574014586533247,0.004552352048558417
消费,2024-03-15,1.4615288798606283,-0.1574014586533247,0.004402224281742306
电动车新能源,2024-03-15,4.621760126474184,-0.1574014586533247,0.0035078488117161744
金融,2024-03-15,3.268077926447491,-0.1574014586533247,0.003297362110311841
高端装备,2024-03-15,-1.46152887986063,-0.1574014586533247,-0.002700014210601176
传统能源,2024-03-16,0.0,,0.0
化工,2024-03-16,0.0,,0.0
医药,2024-03-16,0.0,,0.0
半导体与信息技术,2024-03-16,0.0,,0.0
房地产,2024-03-16,0.0,,0.0
旅游,2024-03-16,0.0,,0.0
消费,2024-03-16,0.0,,0.0
电动车新能源,2024-03-16,0.0,,0.0
金融,2024-03-16,0.0,,0.0
高端装备,2024-03-16,0.0,,0.0
传统能源,2024-03-18,-6.314526462407491,-0.1644024800158383,-0.008387502621094556
化工,2024-03-18,-5.250666666666667,-0.1644024800158383,0.00898609698202768
医药,2024-03-18,-2.386666666666666,-0.1644024800158383,0.005739629533002999
半导体与信息技术,2024-03-18,-1.193333333333333,-0.1644024800158383,0.02360642729617135
房地产,2024-03-18,-1.193333333333333,-0.1644024800158383,0.0004347196058542835
旅游,2024-03-18,-2.386666666666666,-0.1644024800158383,0.007552870090634434
消费,2024-03-18,-6.750512737727571,-0.1644024800158383,0.0031141868512110094
电动车新能源,2024-03-18,-1.8041504178307108,-0.1644024800158383,0.02656645984444639
金融,2024-03-18,-3.0189210729074114,-0.1644024800158383,0.004581217010257932
高端装备,2024-03-18,-2.386666666666666,-0.1644024800158383,0.02237104588201766
传统能源,2024-03-19,0.0,-0.1438582265651376,0.0045816592655247845
化工,2024-03-19,8.118676880238201,-0.1438582265651376,-0.007393715341959317
医药,2024-03-19,2.096233356693449,-0.1438582265651376,-0.012970168612192023
半导体与信息技术,2024-03-19,3.8271809841859175,-0.1438582265651376,-0.006007751937984529
房地产,2024-03-19,5.240583391733622,-0.1438582265651376,-0.008907879490150594
旅游,2024-03-19,3.827180984185917,-0.1438582265651376,-0.01226659397573937
消费,2024-03-19,2.870385738139439,-0.1438582265651376,0.01253305737610666
电动车新能源,2024-03-19,8.118676880238201,-0.1438582265651376,-0.011407167787520267
金融,2024-03-19,3.827180984185917,-0.1438582265651376,-0.012293050460989385
高端装备,2024-03-19,2.870385738139438,-0.1438582265651376,-0.011289198606271755
传统能源,2024-03-20,0.0,-0.1714264131181173,0.008419870895312931
化工,2024-03-20,0.4621760126474189,-0.1714264131181173,-0.0006771626883358417
医药,2024-03-20,1.4119710415664402,-0.1714264131181173,-0.00578186596583441
半导体与信息技术,2024-03-20,2.4456055828090264,-0.1714264131181173,0.0050692142717876365
房地产,2024-03-20,-2.7131557933473625,-0.1714264131181173,0.002411399342345577
旅游,2024-03-20,0.4621760126474189,-0.1714264131181173,0.005105560921760732
消费,2024-03-20,-2.4456055828090224,-0.1714264131181173,-0.0017033840563253078
电动车新能源,2024-03-20,-3.45860858342388,-0.1714264131181173,0.0007749935417205034
金融,2024-03-20,-1.411971041566442,-0.1714264131181173,0.005921911070962516
高端装备,2024-03-20,1.4119710415664402,-0.1714264131181173,0.0014096419509443958
传统能源,2024-03-21,-1.1102230246251563e-16,-0.180525670782855,-0.00146117450598382
化工,2024-03-21,-1.1102230246251563e-16,-0.180525670782855,-0.009656107064204722
医药,2024-03-21,-2.220446049250313e-16,-0.180525670782855,-0.0068728522336770626
半导体与信息技术,2024-03-21,-6.661338147750939e-16,-0.180525670782855,-0.004849660523763233
房地产,2024-03-21,-1.1102230246251563e-16,-0.180525670782855,0.005540166204986097
旅游,2024-03-21,-4.440892098500626e-16,-0.180525670782855,0.003569467325645226
消费,2024-03-21,1.1102230246251563e-15,-0.180525670782855,0.007166420202479706
电动车新能源,2024-03-21,-2.220446049250313e-16,-0.180525670782855,-0.010669420065393176
金融,2024-03-21,0.0,-0.180525670782855,0.005188585112751998
高端装备,2024-03-21,-6.661338147750939e-16,-0.180525670782855,-0.008445945945945943
传统能源,2024-03-22,0.0,-0.1533914161189356,-0.003902167096369591
化工,2024-03-22,0.0,-0.1533914161189356,-0.01453985631200827
医药,2024-03-22,-1.1102230246251563e-16,-0.1533914161189356,-0.013574660633484115
半导体与信息技术,2024-03-22,-2.220446049250313e-16,-0.1533914161189356,-0.007407407407407418
房地产,2024-03-22,-1.1102230246251563e-16,-0.1533914161189356,-0.015224010439321423
旅游,2024-03-22,-2.220446049250313e-16,-0.1533914161189356,-0.02106703146374822
消费,2024-03-22,8.881784197001252e-16,-0.1533914161189356,-0.018861531511181306
电动车新能源,2024-03-22,-2.220446049250313e-16,-0.1533914161189356,-0.025308749347712545
金融,2024-03-22,0.0,-0.1533914161189356,-0.010720667063728428
高端装备,2024-03-22,0.0,-0.1533914161189356,-0.01760363429869405
传统能源,2024-03-25,0.0,-0.1725418148289866,0.006645680307799884
化工,2024-03-25,0.0,-0.1725418148289866,-0.00885262975177914
医药,2024-03-25,0.0,-0.1725418148289866,-0.005936319481921193
半导体与信息技术,2024-03-25,0.0,-0.1725418148289866,-0.026119402985074536
房地产,2024-03-25,0.0,-0.1725418148289866,0.0058156654888104065
旅游,2024-03-25,0.0,-0.1725418148289866,-0.013834544438233731
消费,2024-03-25,0.0,-0.1725418148289866,-0.007942903188672745
电动车新能源,2024-03-25,0.0,-0.1725418148289866,-0.021058267154457133
金融,2024-03-25,0.0,-0.1725418148289866,-0.005920128436684768
高端装备,2024-03-25,0.0,-0.1725418148289866,-0.010404624277456587
传统能源,2024-03-26,1.79,-0.1961965073313924,-0.01375955524669914
化工,2024-03-26,-1.79,-0.1961965073313924,0.015761821366024442
医药,2024-03-26,-1.79,-0.1961965073313924,-0.002714440825190012
半导体与信息技术,2024-03-26,-3.10037094554829,-0.1961965073313924,-0.012099213551119203
房地产,2024-03-26,3.10037094554829,-0.1961965073313924,0.013832979579887272
旅游,2024-03-26,3.10037094554829,-0.1961965073313924,-0.0032591752869490787
消费,2024-03-26,3.10037094554829,-0.1961965073313924,0.011603620329542874
电动车新能源,2024-03-26,-1.79,-0.1961965073313924,0.025248382098259192
金融,2024-03-26,3.10037094554829,-0.1961965073313924,0.012011708892702089
高端装备,2024-03-26,-3.10037094554829,-0.1961965073313924,0.012704439252336552
传统能源,2024-03-27,-3.3306690738754696e-16,-0.2032371531700449,-0.0015501691093573466
化工,2024-03-27,-4.440892098500626e-16,-0.2032371531700449,-0.016896551724137843
医药,2024-03-27,6.661338147750939e-16,-0.2032371531700449,-0.011159499183451271
半导体与信息技术,2024-03-27,6.661338147750939e-16,-0.2032371531700449,-0.034496836088997784
房地产,2024-03-27,-2.220446049250313e-16,-0.2032371531700449,-0.029598613918567662
旅游,2024-03-27,8.881784197001252e-16,-0.2032371531700449,-0.013790162069945988
消费,2024-03-27,8.881784197001252e-16,-0.2032371531700449,-0.012388162422574012
电动车新能源,2024-03-27,-4.440892098500626e-16,-0.2032371531700449,-0.03431721194879089
金融,2024-03-27,8.881784197001252e-16,-0.2032371531700449,-0.0014961101137042077
高端装备,2024-03-27,8.881784197001252e-16,-0.2032371531700449,-0.02638788752703669
传统能源,2024-03-28,1.79,-0.2847145771589251,0.004093154551870093
化工,2024-03-28,5.37,-0.2847145771589251,0.008067344791301112
医药,2024-03-28,5.37,-0.2847145771589251,0.0016515276630884035
半导体与信息技术,2024-03-28,5.37,-0.2847145771589251,0.0255813953488373
房地产,2024-03-28,5.37,-0.2847145771589251,0.0034965034965035446
旅游,2024-03-28,3.10037094554829,-0.2847145771589251,0.016866080438229902
消费,2024-03-28,3.10037094554829,-0.2847145771589251,-0.002555168408826969
电动车新能源,2024-03-28,3.10037094554829,-0.2847145771589251,0.007180997974590264
金融,2024-03-28,3.10037094554829,-0.2847145771589251,-0.008490660273699047
高端装备,2024-03-28,3.10037094554829,-0.2847145771589251,0.011848341232227444
传统能源,2024-03-29,0.0,-0.289099129017468,0.027129603598538
化工,2024-03-29,-4.440892098500626e-16,-0.289099129017468,0.02018093249826025
医药,2024-03-29,0.0,-0.289099129017468,-0.0035724100027481054
半导体与信息技术,2024-03-29,-4.440892098500626e-16,-0.289099129017468,-0.00041228612657184804
房地产,2024-03-29,4.440892098500626e-16,-0.289099129017468,-0.010749499592260348
旅游,2024-03-29,0.0,-0.289099129017468,0.002268216614686569
消费,2024-03-29,4.440892098500626e-16,-0.289099129017468,0.005822077317186869
电动车新能源,2024-03-29,-4.440892098500626e-16,-0.289099129017468,0.007129798903107609
金融,2024-03-29,0.0,-0.289099129017468,0.001007455168245075
高端装备,2024-03-29,-1.1102230246251563e-16,-0.289099129017468,0.013173302107728269
传统能源,2024-03-30,-3.144350035040175,,0.0
化工,2024-03-30,-3.900086220517762,,0.0
医药,2024-03-30,-5.740771476278873,,0.0
半导体与信息技术,2024-03-30,-4.192466713386899,,0.0
房地产,2024-03-30,-0.6500143700862955,,0.0
旅游,2024-03-30,-2.706225626746064,,0.0
消费,2024-03-30,-2.706225626746064,,0.0
电动车新能源,2024-03-30,3.144350035040175,,0.0
金融,2024-03-30,-2.706225626746064,,0.0
高端装备,2024-03-30,-2.706225626746064,,0.0
传统能源,2024-03-31,0.0,,-6.842753524016754e-05
化工,2024-03-31,0.0,,-0.00017053206002726196
医药,2024-03-31,0.0,,0.0
半导体与信息技术,2024-03-31,0.0,,0.0
房地产,2024-03-31,0.0,,0.0
旅游,2024-03-31,0.0,,0.0
消费,2024-03-31,0.0,,0.0
电动车新能源,2024-03-31,0.0,,0.0
金融,2024-03-31,0.0,,0.0
高端装备,2024-03-31,0.0,,0.0
传统能源,2024-04-01,-6.404098687559397,-0.7709296535008602,-0.00978580715801003
化工,2024-04-01,3.92169351173699,-0.7709296535008602,0.021490704417533646
医药,2024-04-01,-1.601024671889849,-0.7709296535008602,0.014340871483728757
半导体与信息技术,2024-04-01,6.404098687559397,-0.7709296535008602,0.02515982676840589
房地产,2024-04-01,3.92169351173699,-0.7709296535008602,0.011315947242206192
旅游,2024-04-01,3.92169351173699,-0.7709296535008602,0.026874115983026803
消费,2024-04-01,1.6010246718898489,-0.7709296535008602,0.02153276221347533
电动车新能源,2024-04-01,6.404098687559397,-0.7709296535008602,0.038028680341259724
金融,2024-04-01,2.614462341157993,-0.7709296535008602,0.010064412238325326
高端装备,2024-04-01,3.92169351173699,-0.7709296535008602,0.024414908985842088
传统能源,2024-04-02,0.0,-0.7756681231251047,0.013199723565998633
化工,2024-04-02,1.1102230246251563e-16,-0.7756681231251047,0.009183503088996625
医药,2024-04-02,0.0,-0.7756681231251047,-0.012778684067428103
半导体与信息技术,2024-04-02,-1.1102230246251563e-16,-0.7756681231251047,-0.019513176423254897
房地产,2024-04-02,-1.1102230246251563e-16,-0.7756681231251047,-0.010967024824008798
旅游,2024-04-02,0.0,-0.7756681231251047,-0.005509641873278293
消费,2024-04-02,1.1102230246251563e-16,-0.7756681231251047,-0.00702629193109694
电动车新能源,2024-04-02,0.0,-0.7756681231251047,0.015650957418903655
金融,2024-04-02,4.440892098500626e-16,-0.7756681231251047,-0.0018931845356715549
高端装备,2024-04-02,0.0,-0.7756681231251047,0.0012692144972501485
传统能源,2024-04-03,0.0,-0.7765771160694429,0.019916786030966582
化工,2024-04-03,4.440892098500626e-16,-0.7765771160694429,0.004467240238252623
医药,2024-04-03,4.440892098500626e-16,-0.7765771160694429,-0.00633434315615522
半导体与信息技术,2024-04-03,4.440892098500626e-16,-0.7765771160694429,-0.013541239228559654
房地产,2024-04-03,-5.551115123125783e-17,-0.7765771160694429,-0.012362328613171436
旅游,2024-04-03,4.440892098500626e-16,-0.7765771160694429,-0.008448753462603875
消费,2024-04-03,4.440892098500626e-16,-0.7765771160694429,0.0035380050216844428
电动车新能源,2024-04-03,4.440892098500626e-16,-0.7765771160694429,-0.0049931129476584735
金融,2024-04-03,4.440892098500626e-16,-0.7765771160694429,-0.006988120195667413
高端装备,2024-04-03,4.440892098500626e-16,-0.7765771160694429,-0.00802816901408443
传统能源,2024-04-04,0.0,,0.0
化工,2024-04-04,0.0,,0.0
医药,2024-04-04,0.0,,0.0
半导体与信息技术,2024-04-04,0.0,,0.0
房地产,2024-04-04,0.0,,0.0
旅游,2024-04-04,0.0,,0.0
消费,2024-04-04,0.0,,0.0
电动车新能源,2024-04-04,0.0,,0.0
金融,2024-04-04,0.0,,0.0
高端装备,2024-04-04,0.0,,0.0
传统能源,2024-04-06,-4.1338279273977205,,0.0
化工,2024-04-06,-3.58,,0.0
医药,2024-04-06,2.0669139636988607,,0.0
半导体与信息技术,2024-04-06,-2.06691396369886,,0.0
房地产,2024-04-06,-3.58,,0.0
旅游,2024-04-06,2.0669139636988607,,0.0
消费,2024-04-06,2.0669139636988607,,0.0
电动车新能源,2024-04-06,2.0669139636988607,,0.0
金融,2024-04-06,0.0,,0.0
高端装备,2024-04-06,2.0669139636988607,,0.0
传统能源,2024-04-07,0.0,,0.0
化工,2024-04-07,0.0,,0.0
医药,2024-04-07,0.0,,0.0
半导体与信息技术,2024-04-07,0.0,,0.0
房地产,2024-04-07,0.0,,0.0
旅游,2024-04-07,0.0,,0.0
消费,2024-04-07,0.0,,0.0
电动车新能源,2024-04-07,0.0,,0.0
金融,2024-04-07,0.0,,0.0
高端装备,2024-04-07,0.0,,0.0
传统能源,2024-04-08,0.0,-0.7663579463412828,-0.003878820303617969
化工,2024-04-08,2.220446049250313e-16,-0.7663579463412828,-0.01103607313457411
医药,2024-04-08,0.0,-0.7663579463412828,-0.016075388026607573
半导体与信息技术,2024-04-08,2.220446049250313e-16,-0.7663579463412828,-0.018510815307820394
房地产,2024-04-08,2.220446049250313e-16,-0.7663579463412828,-0.01759975724472773
旅游,2024-04-08,2.220446049250313e-16,-0.7663579463412828,-0.016901801927643567
消费,2024-04-08,0.0,-0.7663579463412828,-0.026043443648356535
电动车新能源,2024-04-08,2.220446049250313e-16,-0.7663579463412828,-0.019380515660148756
金融,2024-04-08,0.0,-0.7663579463412828,-0.0016085251834724312
高端装备,2024-04-08,2.220446049250313e-16,-0.7663579463412828,-0.014908419707511111
传统能源,2024-04-09,0.0,-0.7706477071748643,-0.008794897616649977
化工,2024-04-09,0.0,-0.7706477071748643,0.012491672218520877
医药,2024-04-09,0.0,-0.7706477071748643,0.014929577464788846
半导体与信息技术,2024-04-09,0.0,-0.7706477071748643,0.006569188387370195
房地产,2024-04-09,0.0,-0.7706477071748643,0.0071814671814671716
旅游,2024-04-09,0.0,-0.7706477071748643,0.018044899119068036
消费,2024-04-09,0.0,-0.7706477071748643,-0.00245212517515192
电动车新能源,2024-04-09,0.0,-0.7706477071748643,0.03079230633492136
金融,2024-04-09,0.0,-0.7706477071748643,-0.004128486557244959
高端装备,2024-04-09,0.0,-0.7706477071748643,0.008503891611415515
传统能源,2024-04-10,-5.89406337417774,-0.799619391385586,0.010701706854510995
化工,2024-04-10,-0.9511503870700656,-0.799619391385586,-0.005757525908866468
医药,2024-04-10,19.29285111645453,-0.799619391385586,-0.013322231473771984
半导体与信息技术,2024-04-10,15.218406193121,-0.799619391385586,-0.025894736842105193
房地产,2024-04-10,10.419330451560867,-0.799619391385586,-0.031281146975389085
旅游,2024-04-10,2.455859739240728,-0.799619391385586,-0.0009769713886951248
消费,2024-04-10,5.557633987918962,-0.799619391385586,-0.011939599672246226
电动车新能源,2024-04-10,19.29285111645453,-0.799619391385586,-0.015920568347171038
金融,2024-04-10,11.460678783123388,-0.799619391385586,-0.0063700707785642185
高端装备,2024-04-10,-2.865791679874962,-0.799619391385586,-0.012005145062169431
传统能源,2024-04-11,0.0,-0.8024805413638731,0.007036590269400955
化工,2024-04-11,0.0,-0.8024805413638731,0.00016545334215756213
医药,2024-04-11,0.0,-0.8024805413638731,-0.010407876230660973
半导体与信息技术,2024-04-11,0.0,-0.8024805413638731,0.00021612275772642242
房地产,2024-04-11,0.0,-0.8024805413638731,-0.002216066481994572
旅游,2024-04-11,0.0,-0.8024805413638731,0.013132159821179101
消费,2024-04-11,0.0,-0.8024805413638731,-0.0041464281483235554
电动车新能源,2024-04-11,0.0,-0.8024805413638731,-0.004609898234321896
金融,2024-04-11,0.0,-0.8024805413638731,-0.003968657779586882
高端装备,2024-04-11,0.0,-0.8024805413638731,0.007088094893678676
传统能源,2024-04-12,0.0,-0.7989215383240829,-0.0033938909962067942
化工,2024-04-12,-2.220446049250313e-16,-0.7989215383240829,-0.0094292803970224
医药,2024-04-12,0.0,-0.7989215383240829,-0.009380329732802783
半导体与信息技术,2024-04-12,-2.220446049250313e-16,-0.7989215383240829,0.0023768366464995694
房地产,2024-04-12,2.7755575615628914e-16,-0.7989215383240829,-0.023954945665106697
旅游,2024-04-12,6.661338147750939e-16,-0.7989215383240829,-0.003998896856039602
消费,2024-04-12,-4.440892098500626e-16,-0.7989215383240829,-0.016416845110635347
电动车新能源,2024-04-12,0.0,-0.7989215383240829,-0.024816497728067044
金融,2024-04-12,4.440892098500626e-16,-0.7989215383240829,-0.013281569268492
高端装备,2024-04-12,0.0,-0.7989215383240829,-0.015512783682849807
传统能源,2024-04-13,0.0,,0.0
化工,2024-04-13,0.0,,0.0
医药,2024-04-13,0.0,,0.0
半导体与信息技术,2024-04-13,0.0,,0.0
房地产,2024-04-13,0.0,,0.0
旅游,2024-04-13,0.0,,0.0
消费,2024-04-13,0.0,,0.0
电动车新能源,2024-04-13,0.0,,0.0
金融,2024-04-13,0.0,,0.0
高端装备,2024-04-13,0.0,,0.0
传统能源,2024-04-14,0.0,,0.0
化工,2024-04-14,0.0,,0.0
医药,2024-04-14,0.0,,0.0
半导体与信息技术,2024-04-14,0.0,,0.0
房地产,2024-04-14,0.0,,0.0
旅游,2024-04-14,0.0,,0.0
消费,2024-04-14,0.0,,0.0
电动车新能源,2024-04-14,0.0,,0.0
金融,2024-04-14,0.0,,0.0
高端装备,2024-04-14,0.0,,0.0
传统能源,2024-04-15,0.0,-0.6907584201803147,0.029046474358974228
化工,2024-04-15,0.0,-0.6907584201803147,0.017201068804275188
医药,2024-04-15,0.0,-0.6907584201803147,0.010903873744619874
半导体与信息技术,2024-04-15,0.0,-0.6907584201803147,0.009053675361069269
房地产,2024-04-15,0.0,-0.6907584201803147,-0.008614384396586683
旅游,2024-04-15,0.0,-0.6907584201803147,-0.010660390419493293
消费,2024-04-15,0.0,-0.6907584201803147,0.02515723270440251
电动车新能源,2024-04-15,0.0,-0.6907584201803147,0.01272401433691761
金融,2024-04-15,0.0,-0.6907584201803147,0.019362186788155045
高端装备,2024-04-15,0.0,-0.6907584201803147,0.024948934928508804
传统能源,2024-04-16,0.0,-0.6707202565089371,0.006164428005969835
化工,2024-04-16,0.0,-0.6707202565089371,-0.02955179773436223
医药,2024-04-16,0.0,-0.6707202565089371,-0.012773204655123438
半导体与信息技术,2024-04-16,0.0,-0.6707202565089371,-0.029908139286477287
房地产,2024-04-16,0.0,-0.6707202565089371,-0.023772440363964198
旅游,2024-04-16,0.0,-0.6707202565089371,-0.0419815281276239
消费,2024-04-16,0.0,-0.6707202565089371,-0.008258612553091127
电动车新能源,2024-04-16,0.0,-0.6707202565089371,-0.03450716687311994
金融,2024-04-16,0.0,-0.6707202565089371,-0.0021330624682579513
高端装备,2024-04-16,0.0,-0.6707202565089371,-0.022775800711743788
传统能源,2024-04-17,0.0,-0.6394573503490824,0.005159293176834723
化工,2024-04-17,0.0,-0.6394573503490824,0.01996278125528672
医药,2024-04-17,0.0,-0.6394573503490824,0.016388729154686477
半导体与信息技术,2024-04-17,0.0,-0.6394573503490824,0.035674961462232924
房地产,2024-04-17,0.0,-0.6394573503490824,0.027626165085229637
旅游,2024-04-17,0.0,-0.6394573503490824,0.01869704937189609
消费,2024-04-17,0.0,-0.6394573503490824,0.004639543183440509
电动车新能源,2024-04-17,0.0,-0.6394573503490824,0.02401026392961869
金融,2024-04-17,0.0,-0.6394573503490824,0.015166938110749095
高端装备,2024-04-17,0.0,-0.6394573503490824,0.024763292061179998
传统能源,2024-04-18,0.0,-0.6482594432241305,-0.008854099833183637
化工,2024-04-18,0.0,-0.6482594432241305,0.0006634599436057265
医药,2024-04-18,0.0,-0.6482594432241305,-0.00933521923620928
半导体与信息技术,2024-04-18,0.0,-0.6482594432241305,-0.005103125664469466
房地产,2024-04-18,0.0,-0.6482594432241305,-0.008007844419022692
旅游,2024-04-18,0.0,-0.6482594432241305,0.006309148264984188
消费,2024-04-18,0.0,-0.6482594432241305,0.00663114268798104
电动车新能源,2024-04-18,0.0,-0.6482594432241305,0.0027742974762843264
金融,2024-04-18,0.0,-0.6482594432241305,0.012233029178782884
高端装备,2024-04-18,0.0,-0.6482594432241305,-0.003837953091684443
传统能源,2024-04-19,0.0,-0.6383836918852959,0.014047125841532893
化工,2024-04-19,0.0,-0.6383836918852959,0.01044256588761816
医药,2024-04-19,2.220446049250313e-16,-0.6383836918852959,-0.008566533409480326
半导体与信息技术,2024-04-19,0.0,-0.6383836918852959,-0.022868134216712965
房地产,2024-04-19,0.0,-0.6383836918852959,-0.012355848434925765
旅游,2024-04-19,0.0,-0.6383836918852959,-0.02536335138216006
消费,2024-04-19,2.220446049250313e-16,-0.6383836918852959,-0.009057757910833963
电动车新能源,2024-04-19,0.0,-0.6383836918852959,-0.021151271753681478
金融,2024-04-19,2.220446049250313e-16,-0.6383836918852959,-0.003962357602773636
高端装备,2024-04-19,2.220446049250313e-16,-0.6383836918852959,-0.010702054794520466
传统能源,2024-04-20,6.697566722325355,,0.0
化工,2024-04-20,2.814385568134922,,0.0
医药,2024-04-20,2.445605582809026,,0.0
半导体与信息技术,2024-04-20,2.445605582809026,,0.0
房地产,2024-04-20,3.831527585228069,,0.0
旅游,2024-04-20,8.47182624939865,,0.0
消费,2024-04-20,6.4704641770638585,,0.0
电动车新能源,2024-04-20,3.649834035247149,,0.0
金融,2024-04-20,8.47182624939865,,0.0
高端装备,2024-04-20,1.41197104156644,,0.0
传统能源,2024-04-21,0.0,,0.0
化工,2024-04-21,0.0,,0.0
医药,2024-04-21,0.0,,0.0
半导体与信息技术,2024-04-21,0.0,,0.0
房地产,2024-04-21,0.0,,0.0
旅游,2024-04-21,0.0,,0.0
消费,2024-04-21,0.0,,0.0
电动车新能源,2024-04-21,0.0,,0.0
金融,2024-04-21,0.0,,0.0
高端装备,2024-04-21,0.0,,0.0
传统能源,2024-04-22,5.846115519442519,-0.6373229136583953,-0.03913182253431213
化工,2024-04-22,-2.310880063237091,-0.6373229136583953,-0.012303149606299302
医药,2024-04-22,-2.310880063237091,-0.6373229136583953,0.003456221198156584
半导体与信息技术,2024-04-22,-6.536155852894982,-0.6373229136583953,-0.0017497812773403787
房地产,2024-04-22,0.0,-0.6373229136583953,-0.006755629691409526
旅游,2024-04-22,6.536155852894982,-0.6373229136583953,0.01900584795321625
消费,2024-04-22,2.923057759721257,-0.6373229136583953,0.01887464387464388
电动车新能源,2024-04-22,-2.310880063237091,-0.6373229136583953,-0.012490882567468997
金融,2024-04-22,2.923057759721257,-0.6373229136583953,-0.002685231228244822
高端装备,2024-04-22,2.923057759721257,-0.6373229136583953,-0.007933073705466698
传统能源,2024-04-23,-2.220446049250313e-16,-0.646806464043847,-0.018137124634600155
化工,2024-04-23,0.0,-0.646806464043847,-0.021092841720644295
医药,2024-04-23,2.220446049250313e-16,-0.646806464043847,0.0123421354764639
半导体与信息技术,2024-04-23,0.0,-0.646806464043847,-0.0037248028045573367
房地产,2024-04-23,2.220446049250313e-16,-0.646806464043847,-0.007557309597783335
旅游,2024-04-23,0.0,-0.646806464043847,-0.0163558106169297
消费,2024-04-23,2.220446049250313e-16,-0.646806464043847,0.0062915064662705245
电动车新能源,2024-04-23,2.220446049250313e-16,-0.646806464043847,-0.013110516111162429
金融,2024-04-23,2.220446049250313e-16,-0.646806464043847,-0.0006980454726763785
高端装备,2024-04-23,0.0,-0.646806464043847,-0.0143937191043908
传统能源,2024-04-24,-2.7755575615628914e-16,-0.6477801894859537,-0.00020299073009000246
化工,2024-04-24,-2.220446049250313e-16,-0.6477801894859537,0.000169664065150954
医药,2024-04-24,4.440892098500626e-16,-0.6477801894859537,-0.00765523107456767
半导体与信息技术,2024-04-24,3.3306690738754696e-16,-0.6477801894859537,0.02353199912029913
房地产,2024-04-24,0.0,-0.6477801894859537,-0.001438361959556711
旅游,2024-04-24,4.440892098500626e-16,-0.6477801894859537,0.012106184364060635
消费,2024-04-24,6.661338147750939e-16,-0.6477801894859537,-0.0003473428273707002
电动车新能源,2024-04-24,0.0,-0.6477801894859537,-0.007671437926840663
金融,2024-04-24,-4.440892098500626e-16,-0.6477801894859537,0.0020955992415927494
高端装备,2024-04-24,8.881784197001252e-16,-0.6477801894859537,0.003097802035698649
传统能源,2024-04-25,-4.440892098500626e-16,-0.6517740899113974,0.007106118029236663
化工,2024-04-25,0.0,-0.6517740899113974,0.002714164546225417
医药,2024-04-25,0.0,-0.6517740899113974,0.003714285714285781
半导体与信息技术,2024-04-25,-4.440892098500626e-16,-0.6517740899113974,-0.003437902879243615
房地产,2024-04-25,4.440892098500626e-16,-0.6517740899113974,0.006439586510760931
旅游,2024-04-25,-4.440892098500626e-16,-0.6517740899113974,0.003314598645338007
消费,2024-04-25,4.440892098500626e-16,-0.6517740899113974,-0.001968959925874314
电动车新能源,2024-04-25,-4.440892098500626e-16,-0.6517740899113974,0.0032997077401717423
金融,2024-04-25,0.0,-0.6517740899113974,0.01015733917546302
高端装备,2024-04-25,1.1102230246251563e-16,-0.6517740899113974,-0.0025000000000000577
传统能源,2024-04-26,0.0,-0.6377530461728403,-0.0002687991398426792
化工,2024-04-26,-2.5939564375679094,-0.6377530461728403,0.015564202334630295
医药,2024-04-26,-2.5939564375679094,-0.6377530461728403,0.02163393111300871
半导体与信息技术,2024-04-26,-1.933420975025012,-0.6377530461728403,0.029969814575248055
房地产,2024-04-26,-1.933420975025012,-0.6377530461728403,0.04234719649772689
旅游,2024-04-26,-3.3487833611626776,-0.6377530461728403,0.014220051709278758
消费,2024-04-26,-4.323260729279849,-0.6377530461728403,0.013577811303237652
电动车新能源,2024-04-26,-1.933420975025012,-0.6377530461728403,0.02424356323999244
金融,2024-04-26,-3.3487833611626776,-0.6377530461728403,0.006506309148264888
高端装备,2024-04-26,-2.5939564375679094,-0.6377530461728403,0.01680672268907557
传统能源,2024-04-28,-3.3306690738754696e-16,,0.0
化工,2024-04-28,0.0,,0.0
医药,2024-04-28,0.0,,0.0
半导体与信息技术,2024-04-28,2.220446049250313e-16,,0.0
房地产,2024-04-28,2.220446049250313e-16,,0.0
旅游,2024-04-28,2.220446049250313e-16,,0.0
消费,2024-04-28,6.661338147750939e-16,,0.0
电动车新能源,2024-04-28,0.0,,0.0
金融,2024-04-28,1.1102230246251563e-16,,0.0
高端装备,2024-04-28,0.0,,0.0
传统能源,2024-04-29,0.0,-0.6226376071665575,-0.018081602473616898
化工,2024-04-29,2.7755575615628914e-16,-0.6226376071665575,0.02881892387139784
医药,2024-04-29,4.440892098500626e-16,-0.6226376071665575,0.02563388130398425
半导体与信息技术,2024-04-29,0.0,-0.6226376071665575,0.026585723257274374
房地产,2024-04-29,0.0,-0.6226376071665575,0.06316129553347882
旅游,2024-04-29,6.661338147750939e-16,-0.6226376071665575,0.012746069961761863
消费,2024-04-29,-4.440892098500626e-16,-0.6226376071665575,0.005037783375315019
电动车新能源,2024-04-29,0.0,-0.6226376071665575,0.03944954128440359
金融,2024-04-29,-4.440892098500626e-16,-0.6226376071665575,0.009500489715964733
高端装备,2024-04-29,0.0,-0.6226376071665575,0.02595331303465276
传统能源,2024-04-30,-15.446106803483378,-0.616682688932433,0.010473713033953835
化工,2024-04-30,-7.226675003127758,-0.616682688932433,-0.011172279792746154
医药,2024-04-30,6.194292859823795,-0.616682688932433,-0.0024449877750609694
半导体与信息技术,2024-04-30,2.0555259213123094,-0.616682688932433,-0.009991843393148514
房地产,2024-04-30,2.2778994514532824,-0.616682688932433,-0.018916660335789648
旅游,2024-04-30,-5.958465059124361,-0.616682688932433,-0.014263739337155634
消费,2024-04-30,6.139649348101818,-0.616682688932433,0.0012531328320801727
电动车新能源,2024-04-30,8.972919371714092,-0.616682688932433,-0.0157105030891439
金融,2024-04-30,1.0833572834771543,-0.616682688932433,-0.0056272436208402166
高端装备,2024-04-30,3.330332623720245,-0.616682688932433,-0.013001695873374741
传统能源,2024-05-02,2.53144227664784,,0.0
化工,2024-05-02,0.0,,0.0
医药,2024-05-02,2.53144227664784,,0.0
半导体与信息技术,2024-05-02,2.53144227664784,,0.0
房地产,2024-05-02,0.0,,0.0
旅游,2024-05-02,0.0,,0.0
消费,2024-05-02,0.0,,0.0
电动车新能源,2024-05-02,2.53144227664784,,0.0
金融,2024-05-02,0.0,,0.0
高端装备,2024-05-02,0.0,,0.0
传统能源,2024-05-03,0.0,,0.0
化工,2024-05-03,0.0,,0.0
医药,2024-05-03,0.0,,0.0
半导体与信息技术,2024-05-03,0.0,,0.0
房地产,2024-05-03,0.0,,0.0
旅游,2024-05-03,0.0,,0.0
消费,2024-05-03,0.0,,0.0
电动车新能源,2024-05-03,0.0,,0.0
金融,2024-05-03,0.0,,0.0
高端装备,2024-05-03,0.0,,0.0
传统能源,2024-05-06,4.1924667133868985,-0.3404059123667969,-0.004403495698123372
化工,2024-05-06,3.7056520536684423,-0.3404059123667969,0.0373342066481086
医药,2024-05-06,3.1443500350401745,-0.3404059123667969,0.026688453159041226
半导体与信息技术,2024-05-06,0.9567952460464796,-0.3404059123667969,0.014830072090628255
房地产,2024-05-06,-1.482260821467377,-0.3404059123667969,0.004955861855350685
旅游,2024-05-06,-3.1443500350401745,-0.3404059123667969,0.0005674563767912311
消费,2024-05-06,-6.765564066865167,-0.3404059123667969,0.02059392422346118
电动车新能源,2024-05-06,-0.956795246046478,-0.3404059123667969,0.03192252510760407
金融,2024-05-06,-3.1443500350401727,-0.3404059123667969,0.006342082154356721
高端装备,2024-05-06,0.9567952460464794,-0.3404059123667969,0.020189003436426045
传统能源,2024-05-07,0.0,-0.3453811736685276,0.006804572672836073
化工,2024-05-07,0.0,-0.3453811736685276,0.010102604577742813
医药,2024-05-07,0.0,-0.3453811736685276,0.0
半导体与信息技术,2024-05-07,0.0,-0.3453811736685276,-0.006494824436777069
房地产,2024-05-07,0.0,-0.3453811736685276,0.015102481121898492
旅游,2024-05-07,0.0,-0.3453811736685276,-0.003686374592372088
消费,2024-05-07,0.0,-0.3453811736685276,0.00278706800445927
电动车新能源,2024-05-07,0.0,-0.3453811736685276,0.002954466458116034
金融,2024-05-07,0.0,-0.3453811736685276,0.0009695559433777756
高端装备,2024-05-07,0.0,-0.3453811736685276,0.0056140350877194045
传统能源,2024-05-08,0.0,-0.3345223138970997,0.015004055150040552
化工,2024-05-08,0.0,-0.3345223138970997,-0.013439599937490332
医药,2024-05-08,0.0,-0.3345223138970997,-0.01511936339522546
半导体与信息技术,2024-05-08,0.0,-0.3345223138970997,-0.018590398365679217
房地产,2024-05-08,0.0,-0.3345223138970997,-0.029907393350538825
旅游,2024-05-08,0.0,-0.3345223138970997,-0.01736160523694319
消费,2024-05-08,0.0,-0.3345223138970997,0.00011117287381878782
电动车新能源,2024-05-08,0.0,-0.3345223138970997,-0.02036042280367345
金融,2024-05-08,0.0,-0.3345223138970997,-0.005714839209608691
高端装备,2024-05-08,0.0,-0.3345223138970997,-0.013956734124214942
传统能源,2024-05-09,0.0,-0.3416400929329956,-0.0014649087761352542
化工,2024-05-09,0.0,-0.3416400929329956,0.008236971329003584
医药,2024-05-09,0.0,-0.3416400929329956,0.005655803932130388
半导体与信息技术,2024-05-09,0.0,-0.3416400929329956,0.014779350541215708
房地产,2024-05-09,0.0,-0.3416400929329956,0.017057902973395933
旅游,2024-05-09,0.0,-0.3416400929329956,0.009703113685735065
消费,2024-05-09,0.0,-0.3416400929329956,0.0040017785682526785
电动车新能源,2024-05-09,0.0,-0.3416400929329956,0.029097019545414327
金融,2024-05-09,0.0,-0.3416400929329956,0.003019970774476466
高端装备,2024-05-09,0.0,-0.3416400929329956,0.030431705590941105
传统能源,2024-05-10,8.395844210083938,-0.3426361375206185,0.002200586823152717
化工,2024-05-10,-1.7381048792948528,-0.3426361375206185,-0.004241948153966835
医药,2024-05-10,2.664535259100376e-15,-0.3426361375206185,-0.005891805034815345
半导体与信息技术,2024-05-10,1.7763568394002505e-15,-0.3426361375206185,-0.014769230769230757
房地产,2024-05-10,1.9789194582453888,-0.3426361375206185,0.03454377596553315
旅游,2024-05-10,5.214314637884554,-0.3426361375206185,0.004589787722317773
消费,2024-05-10,-3.4275890457676903,-0.3426361375206185,-0.0021036315323295085
电动车新能源,2024-05-10,-1.7381048792948528,-0.3426361375206185,-0.016844276383637058
金融,2024-05-10,-1.7381048792948528,-0.3426361375206185,0.011266511266511126
高端装备,2024-05-10,1.7381048792948497,-0.3426361375206185,-0.009340659340659418
传统能源,2024-05-11,0.0,,0.0
化工,2024-05-11,0.0,,0.0
医药,2024-05-11,4.440892098500626e-16,,0.0
半导体与信息技术,2024-05-11,0.0,,0.0
房地产,2024-05-11,2.220446049250313e-16,,0.0
旅游,2024-05-11,4.440892098500626e-16,,0.0
消费,2024-05-11,-6.661338147750939e-16,,0.0
电动车新能源,2024-05-11,0.0,,0.0
金融,2024-05-11,2.220446049250313e-16,,0.0
高端装备,2024-05-11,0.0,,0.0
传统能源,2024-05-12,0.0,,0.0
化工,2024-05-12,0.0,,0.0
医药,2024-05-12,0.0,,0.0
半导体与信息技术,2024-05-12,0.0,,0.0
房地产,2024-05-12,0.0,,0.0
旅游,2024-05-12,0.0,,0.0
消费,2024-05-12,0.0,,0.0
电动车新能源,2024-05-12,0.0,,0.0
金融,2024-05-12,0.0,,0.0
高端装备,2024-05-12,0.0,,0.0
传统能源,2024-05-13,5.551115123125783e-17,-0.3614793479058521,-0.008583405416195289
化工,2024-05-13,0.0,-0.3614793479058521,-0.005995582202587557
医药,2024-05-13,0.0,-0.3614793479058521,0.0013469827586207739
半导体与信息技术,2024-05-13,0.0,-0.3614793479058521,-0.005621486570893119
房地产,2024-05-13,0.0,-0.3614793479058521,-0.01204729679482408
旅游,2024-05-13,0.0,-0.3614793479058521,-0.012278697886921819
消费,2024-05-13,0.0,-0.3614793479058521,-0.008210362809275451
电动车新能源,2024-05-13,0.0,-0.3614793479058521,-0.021503496503496478
金融,2024-05-13,-4.440892098500626e-16,-0.3614793479058521,0.002689204763734354
高端装备,2024-05-13,0.0,-0.3614793479058521,-0.0024958402662228485
传统能源,2024-05-14,-4.440892098500626e-16,-0.358952259235103,-0.01060402684563766
化工,2024-05-14,0.0,-0.358952259235103,-0.0068253968253967345
医药,2024-05-14,4.718447854656915e-16,-0.358952259235103,0.011299435028248705
半导体与信息技术,2024-05-14,4.440892098500626e-16,-0.358952259235103,0.0010469011725293687
房地产,2024-05-14,4.440892098500626e-16,-0.358952259235103,0.004064734663153935
旅游,2024-05-14,4.440892098500626e-16,-0.358952259235103,0.0015900549291703037
消费,2024-05-14,2.220446049250313e-16,-0.358952259235103,0.000783085356303781
电动车新能源,2024-05-14,4.440892098500626e-16,-0.358952259235103,-0.0030373414329103454
金融,2024-05-14,-2.220446049250313e-16,-0.358952259235103,-0.004789272030651492
高端装备,2024-05-14,6.661338147750939e-16,-0.358952259235103,-0.008062274117320078
传统能源,2024-05-15,-2.220446049250313e-16,-0.3574560824800509,-0.0004748338081670411
化工,2024-05-15,0.0,-0.3574560824800509,-0.004794630014383849
医药,2024-05-15,2.220446049250313e-16,-0.3574560824800509,-0.014897579143389184
半导体与信息技术,2024-05-15,0.0,-0.3574560824800509,-0.011085546956703718
房地产,2024-05-15,2.220446049250313e-16,-0.3574560824800509,0.018817002773821034
旅游,2024-05-15,0.0,-0.3574560824800509,-0.00591715976331364
消费,2024-05-15,0.0,-0.3574560824800509,-0.008383635144198487
电动车新能源,2024-05-15,2.220446049250313e-16,-0.3574560824800509,-0.011111111111111294
金融,2024-05-15,0.0,-0.3574560824800509,-0.009432146294513943
高端装备,2024-05-15,2.220446049250313e-16,-0.3574560824800509,-0.010369955156950605
传统能源,2024-05-16,0.0,-0.4332255713330989,-0.0067865626060400475
化工,2024-05-16,0.0,-0.4332255713330989,-0.003372410470531495
医药,2024-05-16,0.0,-0.4332255713330989,-0.0013502565487442109
半导体与信息技术,2024-05-16,0.0,-0.4332255713330989,0.005076142131979822
房地产,2024-05-16,0.0,-0.4332255713330989,0.03428991905813095
旅游,2024-05-16,0.0,-0.4332255713330989,0.007113821138211351
消费,2024-05-16,0.0,-0.4332255713330989,0.003381805884342226
电动车新能源,2024-05-16,0.0,-0.4332255713330989,-0.004893077201884588
金融,2024-05-16,0.0,-0.4332255713330989,0.01525456665371161
高端装备,2024-05-16,0.0,-0.4332255713330989,-0.004531294250920581
传统能源,2024-05-17,8.005123359449248,-0.4520527063832624,0.006422958660744937
化工,2024-05-17,4.51549856303014,-0.4520527063832624,0.014502094747019134
医药,2024-05-17,-0.6034088769046015,-0.4520527063832624,-0.0027041644131963194
半导体与信息技术,2024-05-17,-2.0902696650736887,-0.4520527063832624,0.011994949494949392
房地产,2024-05-17,2.5802848931600817,-0.4520527063832624,0.07391861126920896
旅游,2024-05-17,2.5802848931600817,-0.4520527063832624,0.022343952717313043
消费,2024-05-17,1.5098333808552065,-0.4520527063832624,0.013369284350073007
电动车新能源,2024-05-17,-1.6090903384122717,-0.4520527063832624,0.018849025678382647
金融,2024-05-17,1.5098333808552062,-0.4520527063832624,0.01914058761603976
高端装备,2024-05-17,4.51549856303014,-0.4520527063832624,0.006258890469416967
传统能源,2024-05-18,0.0,,0.0
化工,2024-05-18,0.0,,0.0
医药,2024-05-18,0.0,,0.0
半导体与信息技术,2024-05-18,0.0,,0.0
房地产,2024-05-18,0.0,,0.0
旅游,2024-05-18,0.0,,0.0
消费,2024-05-18,0.0,,0.0
电动车新能源,2024-05-18,0.0,,0.0
金融,2024-05-18,0.0,,0.0
高端装备,2024-05-18,0.0,,0.0
传统能源,2024-05-20,14.55579309072508,-0.4937694125667426,0.02763256161314409
化工,2024-05-20,8.591661250690922,-0.4937694125667426,0.002382465057179095
医药,2024-05-20,23.989665115171093,-0.4937694125667426,-0.0024403470715835818
半导体与信息技术,2024-05-20,21.560848254070734,-0.4937694125667426,0.003535038469536289
房地产,2024-05-20,22.377983134470963,-0.4937694125667426,-0.013845644253064004
旅游,2024-05-20,13.76196038977882,-0.4937694125667426,0.022560631697687406
消费,2024-05-20,13.76196038977882,-0.4937694125667426,0.009866962305986826
电动车新能源,2024-05-20,21.56084825407074,-0.4937694125667426,0.003485566181070654
金融,2024-05-20,19.638522056876667,-0.4937694125667426,0.0009390553103578725
高端装备,2024-05-20,14.985455669809742,-0.4937694125667426,0.0005654509471302305
传统能源,2024-05-21,-1.3531128133730332,-0.4860957208792283,0.001651691331923777
化工,2024-05-21,-2.096233356693449,-0.4860957208792283,-0.013310093487561292
医药,2024-05-21,-1.3531128133730328,-0.4860957208792283,-0.007882576787170414
半导体与信息技术,2024-05-21,0.0,-0.4860957208792283,-0.004144218814753353
房地产,2024-05-21,-1.3531128133730328,-0.4860957208792283,0.0
旅游,2024-05-21,-2.8703857381394378,-0.4860957208792283,-0.0035852178709320226
消费,2024-05-21,-2.8703857381394378,-0.4860957208792283,-0.00010978153474583419
电动车新能源,2024-05-21,1.3531128133730332,-0.4860957208792283,-0.014161026006412558
金融,2024-05-21,-8.1186768802382,-0.4860957208792283,0.0015948963317384823
高端装备,2024-05-21,-2.870385738139438,-0.4860957208792283,-0.009324667985306512
传统能源,2024-05-22,-2.220446049250313e-16,-0.5088814736576821,-0.0005276696787810398
化工,2024-05-22,2.220446049250313e-16,-0.5088814736576821,0.003372410470531495
医药,2024-05-22,2.220446049250313e-16,-0.5088814736576821,-0.003835616438356171
半导体与信息技术,2024-05-22,2.220446049250313e-16,-0.5088814736576821,0.004577611319184216
房地产,2024-05-22,2.220446049250313e-16,-0.5088814736576821,0.012360607282009939
旅游,2024-05-22,2.220446049250313e-16,-0.5088814736576821,-0.0006919457514531491
消费,2024-05-22,2.220446049250313e-16,-0.5088814736576821,-0.007575757575757569
电动车新能源,2024-05-22,2.220446049250313e-16,-0.5088814736576821,0.011383142108591482
金融,2024-05-22,2.220446049250313e-16,-0.5088814736576821,0.0026227051330085516
高端装备,2024-05-22,2.220446049250313e-16,-0.5088814736576821,0.017113519680547418
传统能源,2024-05-23,-3.10037094554829,-0.471164227505724,-0.009569062231901349
化工,2024-05-23,-4.384586639581888,-0.471164227505724,-0.020806658130601785
医药,2024-05-23,-1.79,-0.471164227505724,-0.010451045104510337
半导体与信息技术,2024-05-23,-1.79,-0.471164227505724,-0.01822700911350461
房地产,2024-05-23,-5.37,-0.471164227505724,-0.020172528201725326
旅游,2024-05-23,0.0,-0.471164227505724,-0.02949729954299951
消费,2024-05-23,3.10037094554829,-0.471164227505724,-0.012612014603385457
电动车新能源,2024-05-23,3.10037094554829,-0.471164227505724,-0.02090218847699854
金融,2024-05-23,3.10037094554829,-0.471164227505724,-0.010556801195814702
高端装备,2024-05-23,3.10037094554829,-0.471164227505724,-0.015703869882220944
传统能源,2024-05-24,0.0,-0.4514571138407193,-0.0023320895522387364
化工,2024-05-24,0.0,-0.4514571138407193,-0.0044132069303695065
医药,2024-05-24,0.0,-0.4514571138407193,-0.01250694830461363
半导体与信息技术,2024-05-24,0.0,-0.4514571138407193,-0.02362869198312234
房地产,2024-05-24,0.0,-0.4514571138407193,-0.03541920628470807
旅游,2024-05-24,0.0,-0.4514571138407193,-0.013270547945205435
消费,2024-05-24,0.0,-0.4514571138407193,-0.009635854341736638
电动车新能源,2024-05-24,0.0,-0.4514571138407193,-0.01779034759602227
金融,2024-05-24,0.0,-0.4514571138407193,-0.013313190444717238
高端装备,2024-05-24,0.0,-0.4514571138407193,-0.009544159544159436
传统能源,2024-05-26,0.0,,0.0
化工,2024-05-26,0.0,,0.0
医药,2024-05-26,0.0,,0.0
半导体与信息技术,2024-05-26,0.0,,0.0
房地产,2024-05-26,0.0,,0.0
旅游,2024-05-26,0.0,,0.0
消费,2024-05-26,0.0,,0.0
电动车新能源,2024-05-26,0.0,,0.0
金融,2024-05-26,0.0,,0.0
高端装备,2024-05-26,0.0,,0.0
传统能源,2024-05-27,4.440892098500626e-16,-0.4390100480332175,0.019902491150737944
化工,2024-05-27,4.440892098500626e-16,-0.4390100480332175,0.007552126087670308
医药,2024-05-27,4.440892098500626e-16,-0.4390100480332175,0.003658879819870453
半导体与信息技术,2024-05-27,0.0,-0.4390100480332175,0.019230769230769162
房地产,2024-05-27,0.0,-0.4390100480332175,0.0009829389875728456
旅游,2024-05-27,4.440892098500626e-16,-0.4390100480332175,0.0052060737527115375
消费,2024-05-27,4.440892098500626e-16,-0.4390100480332175,0.00384658898065382
电动车新能源,2024-05-27,-1.1102230246251563e-16,-0.4390100480332175,0.003994055359465065
金融,2024-05-27,0.0,-0.4390100480332175,0.0111004784688995
高端装备,2024-05-27,4.440892098500626e-16,-0.4390100480332175,0.006040558032504029
传统能源,2024-05-28,1.9334209750250129,-0.4228318228493838,0.009102219893916574
化工,2024-05-28,-2.59395643756791,-0.4228318228493838,-0.009613817826299553
医药,2024-05-28,-2.5939564375679094,-0.4228318228493838,-0.0044868199663488095
半导体与信息技术,2024-05-28,-1.9334209750250129,-0.4228318228493838,-0.012083951664193293
房地产,2024-05-28,-1.2657211383239195,-0.4228318228493838,-0.025040331065441568
旅游,2024-05-28,-3.3487833611626776,-0.4228318228493838,-0.011940727952812646
消费,2024-05-28,-8.860047968267441,-0.4228318228493838,-0.010819339569480335
电动车新能源,2024-05-28,-1.9334209750250129,-0.4228318228493838,-0.011379406050513463
金融,2024-05-28,-2.5939564375679094,-0.4228318228493838,-0.005300018928639072
高端装备,2024-05-28,-2.59395643756791,-0.4228318228493838,-0.010721944245890014
传统能源,2024-05-29,0.0,-0.469903002606022,0.010707332900713906
化工,2024-05-29,0.0,-0.469903002606022,0.0039486673247777215
医药,2024-05-29,0.0,-0.469903002606022,-0.0014084507042253502
半导体与信息技术,2024-05-29,0.0,-0.469903002606022,-0.0021459227467811592
房地产,2024-05-29,0.0,-0.469903002606022,0.002805755395683507
旅游,2024-05-29,0.0,-0.469903002606022,0.008590564938846912
消费,2024-05-29,0.0,-0.469903002606022,-0.00022786829212728676
电动车新能源,2024-05-29,0.0,-0.469903002606022,0.02105558674901742
金融,2024-05-29,0.0,-0.469903002606022,-0.005137963843958038
高端装备,2024-05-29,0.0,-0.469903002606022,0.007514450867052158
传统能源,2024-05-30,8.781344240300951,-0.4921393690170617,-0.018362760834671032
化工,2024-05-30,5.226716055107712,-0.4921393690170617,-0.0016388069485414603
医药,2024-05-30,5.083936139121602,-0.4921393690170617,-0.004795486600846166
半导体与信息技术,2024-05-30,3.831527585228069,-0.4921393690170617,0.012903225806451424
房地产,2024-05-30,-1.0428097243563283,-0.4921393690170617,-0.023674582107755193
旅游,2024-05-30,0.4621760126474185,-0.4921393690170617,-0.009239208892738549
消费,2024-05-30,1.9334209750250133,-0.4921393690170617,-0.012421652421652274
电动车新能源,2024-05-30,2.445605582809025,-0.4921393690170617,0.0004582531390340261
金融,2024-05-30,0.4621760126474193,-0.4921393690170617,-0.0065990818668708595
高端装备,2024-05-30,0.4621760126474193,-0.4921393690170617,0.00401606425702794
传统能源,2024-05-31,0.0,-0.4950772374616244,-0.00425142259140554
化工,2024-05-31,0.0,-0.4950772374616244,-0.009356533158240143
医药,2024-05-31,0.0,-0.4950772374616244,-0.005668934240362855
半导体与信息技术,2024-05-31,0.0,-0.4950772374616244,-0.0006369426751591245
房地产,2024-05-31,0.0,-0.4950772374616244,-0.001396134910720881
旅游,2024-05-31,0.0,-0.4950772374616244,-0.001019962115692885
消费,2024-05-31,-3.3306690738754696e-16,-0.4950772374616244,-0.003692591737826101
电动车新能源,2024-05-31,0.0,-0.4950772374616244,-0.0010076951264198497
金融,2024-05-31,0.0,-0.4950772374616244,9.627418888991102e-05
高端装备,2024-05-31,0.0,-0.4950772374616244,-0.006285714285714228
传统能源,2024-06-03,0.0,-1.1451839885234971,0.002496058854440264
化工,2024-06-03,0.0,-1.1451839885234971,-0.009444904722452407
医药,2024-06-03,4.133827927397721,-1.1451839885234971,-0.0022805017103763037
半导体与信息技术,2024-06-03,0.0,-1.1451839885234971,0.009347779902273201
房地产,2024-06-03,0.0,-1.1451839885234971,-0.015599705665930719
旅游,2024-06-03,-2.06691396369886,-1.1451839885234971,-0.011668611435239229
消费,2024-06-03,4.133827927397721,-1.1451839885234971,0.003358813991197529
电动车新能源,2024-06-03,0.0,-1.1451839885234971,0.0003668042182485287
金融,2024-06-03,2.0669139636988607,-1.1451839885234971,-0.005487100500577657
高端装备,2024-06-03,-2.06691396369886,-1.1451839885234971,-0.0014376078205865506
传统能源,2024-06-04,0.0,-1.1269642774824735,-0.015004586554842048
化工,2024-06-04,2.220446049250313e-16,-1.1269642774824735,0.013215122114419664
医药,2024-06-04,0.0,-1.1269642774824735,0.017142857142857126
半导体与信息技术,2024-06-04,0.0,-1.1269642774824735,0.0027362660492527002
房地产,2024-06-04,0.0,-1.1269642774824735,0.01711765585289271
旅游,2024-06-04,0.0,-1.1269642774824735,0.013429752066115741
消费,2024-06-04,0.0,-1.1269642774824735,0.008542075493478185
电动车新能源,2024-06-04,0.0,-1.1269642774824735,0.013108442570354706
金融,2024-06-04,0.0,-1.1269642774824735,0.00445261833317212
高端装备,2024-06-04,0.0,-1.1269642774824735,0.017132162395623318
传统能源,2024-06-05,0.0,-1.134051513458549,-0.010310649903545577
化工,2024-06-05,0.0,-1.134051513458549,-0.007429420505200679
医药,2024-06-05,0.0,-1.134051513458549,0.001966292134831571
半导体与信息技术,2024-06-05,0.0,-1.134051513458549,0.0016792611251050804
房地产,2024-06-05,0.0,-1.134051513458549,-0.025869037995149613
旅游,2024-06-05,0.0,-1.134051513458549,-0.007135575942915362
消费,2024-06-05,0.0,-1.134051513458549,-0.009728739842051137
电动车新能源,2024-06-05,0.0,-1.134051513458549,-0.001357220412595006
金融,2024-06-05,0.0,-1.134051513458549,-0.00587838488965986
高端装备,2024-06-05,0.0,-1.134051513458549,-0.007643312101910937
传统能源,2024-06-06,-1.79,-1.1630222448830556,0.017004973786799216
化工,2024-06-06,3.10037094554829,-1.1630222448830556,-0.0028276779773784844
医药,2024-06-06,3.10037094554829,-1.1630222448830556,-0.008410428931875491
半导体与信息技术,2024-06-06,5.37,-1.1630222448830556,-0.0025146689019279744
房地产,2024-06-06,3.10037094554829,-1.1630222448830556,-0.015993964541682337
旅游,2024-06-06,1.79,-1.1630222448830556,-0.02038721032560853
消费,2024-06-06,1.79,-1.1630222448830556,-0.007512713823393358
电动车新能源,2024-06-06,5.37,-1.1630222448830556,-0.012412793331521121
金融,2024-06-06,3.10037094554829,-1.1630222448830556,-0.0050407134548275945
高端装备,2024-06-06,3.10037094554829,-1.1630222448830556,-0.009699044358864484
传统能源,2024-06-07,0.0,-1.159293314445787,0.003172295287819704
化工,2024-06-07,0.0,-1.159293314445787,-0.006672226855713115
医药,2024-06-07,0.0,-1.159293314445787,-0.006502685891998983
半导体与信息技术,2024-06-07,0.0,-1.159293314445787,-0.00861344537815123
房地产,2024-06-07,0.0,-1.159293314445787,0.02031741163842682
旅游,2024-06-07,0.0,-1.159293314445787,0.008085042671058584
消费,2024-06-07,0.0,-1.159293314445787,-0.008384767672062421
电动车新能源,2024-06-07,0.0,-1.159293314445787,-0.02155963302752295
金融,2024-06-07,0.0,-1.159293314445787,0.0032151208106001583
高端装备,2024-06-07,0.0,-1.159293314445787,-0.013250756157280663
传统能源,2024-06-10,0.0,,0.0
化工,2024-06-10,-6.251598270936523,,0.0
医药,2024-06-10,-4.494181190059372,,0.0
半导体与信息技术,2024-06-10,-2.865169695780849,,0.0
房地产,2024-06-10,4.287300248101005,,0.0
旅游,2024-06-10,2.408168602506798,,0.0
消费,2024-06-10,-4.093099565401213,,0.0
电动车新能源,2024-06-10,0.8967531848339318,,0.0
金融,2024-06-10,-9.108133526546638,,0.0
高端装备,2024-06-10,-0.4275103067630015,,0.0
传统能源,2024-06-11,0.0,-1.1446786707483927,-0.013703142499505883
化工,2024-06-11,0.0,-1.1446786707483927,0.0005037783375314575
医药,2024-06-11,0.0,-1.1446786707483927,0.00569151963574277
半导体与信息技术,2024-06-11,0.0,-1.1446786707483927,0.021190930281839382
房地产,2024-06-11,0.0,-1.1446786707483927,-0.011121130147279779
旅游,2024-06-11,0.0,-1.1446786707483927,-0.012772909549977784
消费,2024-06-11,0.0,-1.1446786707483927,-0.016676453317674644
电动车新能源,2024-06-11,0.0,-1.1446786707483927,0.0037505860290669712
金融,2024-06-11,0.0,-1.1446786707483927,-0.012430805088860963
高端装备,2024-06-11,0.0,-1.1446786707483927,-0.004378922784994854
传统能源,2024-06-12,0.0,-1.14368144221599,0.028521808830405337
化工,2024-06-12,0.0,-1.14368144221599,-0.0015105740181269312
医药,2024-06-12,0.0,-1.14368144221599,-0.0022637238256931758
半导体与信息技术,2024-06-12,0.0,-1.14368144221599,0.002905167047105195
房地产,2024-06-12,0.0,-1.14368144221599,-0.003419452887537977
旅游,2024-06-12,0.0,-1.14368144221599,-0.0010531066646606302
消费,2024-06-12,0.0,-1.14368144221599,0.00011943150603133112
电动车新能源,2024-06-12,0.0,-1.14368144221599,-0.00467071461933688
金融,2024-06-12,0.0,-1.14368144221599,-0.005506932835086853
高端装备,2024-06-12,0.0,-1.14368144221599,-0.0016126667644040804
传统能源,2024-06-13,0.0,-1.153775833532393,-0.009416807377581438
化工,2024-06-13,0.0,-1.153775833532393,-0.014624306606152215
医药,2024-06-13,0.0,-1.153775833532393,-0.010777084515031232
半导体与信息技术,2024-06-13,0.0,-1.153775833532393,0.004758948893027082
房地产,2024-06-13,0.0,-1.153775833532393,-0.015935951200915066
旅游,2024-06-13,-4.440892098500626e-16,-1.153775833532393,-0.011295180722891707
消费,2024-06-13,0.0,-1.153775833532393,-0.017434917602101807
电动车新能源,2024-06-13,0.0,-1.153775833532393,0.004035664007508322
金融,2024-06-13,-3.3306690738754696e-16,-1.153775833532393,-0.0025709482843866427
高端装备,2024-06-13,-5.551115123125783e-17,-1.153775833532393,-0.0010279001468429527
传统能源,2024-06-14,2.220446049250313e-16,-1.1524549545740608,-0.006949452566708314
化工,2024-06-14,2.220446049250313e-16,-1.1524549545740608,-0.0018764926646197555
医药,2024-06-14,2.220446049250313e-16,-1.1524549545740608,-0.007454128440366969
半导体与信息技术,2024-06-14,2.220446049250313e-16,-1.1524549545740608,0.00906095551894559
房地产,2024-06-14,0.0,-1.1524549545740608,0.015806601580660162
旅游,2024-06-14,2.220446049250313e-16,-1.1524549545740608,0.006702208682406896
消费,2024-06-14,2.220446049250313e-16,-1.1524549545740608,0.007292173067574126
电动车新能源,2024-06-14,2.220446049250313e-16,-1.1524549545740608,-0.0012151804075528627
金融,2024-06-14,2.220446049250313e-16,-1.1524549545740608,0.015366313076236704
高端装备,2024-06-14,2.220446049250313e-16,-1.1524549545740608,-0.0008819638394826912
传统能源,2024-06-15,0.0,,0.0
化工,2024-06-15,0.0,,0.0
医药,2024-06-15,0.0,,0.0
半导体与信息技术,2024-06-15,0.0,,0.0
房地产,2024-06-15,0.0,,0.0
旅游,2024-06-15,0.0,,0.0
消费,2024-06-15,0.0,,0.0
电动车新能源,2024-06-15,0.0,,0.0
金融,2024-06-15,0.0,,0.0
高端装备,2024-06-15,0.0,,0.0
传统能源,2024-06-16,0.0,,0.0
化工,2024-06-16,0.0,,0.0
医药,2024-06-16,0.0,,0.0
半导体与信息技术,2024-06-16,0.0,,0.0
房地产,2024-06-16,0.0,,0.0
旅游,2024-06-16,0.0,,0.0
消费,2024-06-16,0.0,,0.0
电动车新能源,2024-06-16,0.0,,0.0
金融,2024-06-16,0.0,,0.0
高端装备,2024-06-16,0.0,,0.0
传统能源,2024-06-17,0.0,-1.1949416082569728,-0.01723113487819372
化工,2024-06-17,1.1102230246251563e-16,-1.1949416082569728,-0.001538198598529994
医药,2024-06-17,1.1102230246251563e-16,-1.1949416082569728,0.0025996533795493715
半导体与信息技术,2024-06-17,1.1102230246251563e-16,-1.1949416082569728,0.015918367346938744
房地产,2024-06-17,3.3306690738754696e-16,-1.1949416082569728,-0.01876430205949653
旅游,2024-06-17,-2.220446049250313e-16,-1.1949416082569728,-0.001815705855651495
消费,2024-06-17,8.881784197001252e-16,-1.1949416082569728,-0.005429536679536606
电动车新能源,2024-06-17,1.1102230246251563e-16,-1.1949416082569728,0.01656527842770239
金融,2024-06-17,0.0,-1.1949416082569728,-0.005077133372388243
高端装备,2024-06-17,0.0,-1.1949416082569728,0.006179196704428458
传统能源,2024-06-18,-2.220446049250313e-16,-1.197715441488857,0.003829101168883575
化工,2024-06-18,2.220446049250313e-16,-1.197715441488857,0.004964053406367519
医药,2024-06-18,2.220446049250313e-16,-1.197715441488857,-0.009219245174301505
半导体与信息技术,2024-06-18,2.220446049250313e-16,-1.197715441488857,0.007834471675371768
房地产,2024-06-18,0.0,-1.197715441488857,-0.0032649253731342753
旅游,2024-06-18,2.220446049250313e-16,-1.197715441488857,0.0013642564802183177
消费,2024-06-18,0.0,-1.197715441488857,-0.012252820575033407
电动车新能源,2024-06-18,2.220446049250313e-16,-1.197715441488857,-0.0011047689191677756
金融,2024-06-18,2.220446049250313e-16,-1.197715441488857,0.004219823356231833
高端装备,2024-06-18,2.220446049250313e-16,-1.197715441488857,0.0070185699663694034
传统能源,2024-06-19,0.0,-1.196617102571497,0.004082178946664072
化工,2024-06-19,2.220446049250313e-16,-1.196617102571497,-0.011071367739737603
医药,2024-06-19,2.220446049250313e-16,-1.196617102571497,-0.009595812736260423
半导体与信息技术,2024-06-19,2.220446049250313e-16,-1.196617102571497,-0.005780346820809301
房地产,2024-06-19,2.220446049250313e-16,-1.196617102571497,-0.006941194821400654
旅游,2024-06-19,2.220446049250313e-16,-1.196617102571497,-0.015894641235240647
消费,2024-06-19,0.0,-1.196617102571497,-0.005895357406042745
电动车新能源,2024-06-19,2.220446049250313e-16,-1.196617102571497,-0.02009216589861751
金融,2024-06-19,0.0,-1.196617102571497,0.004104368220463117
高端装备,2024-06-19,2.220446049250313e-16,-1.196617102571497,-0.01771453463046313
传统能源,2024-06-20,9.021888705057918,-1.1953360354433298,0.012796587576646257
化工,2024-06-20,1.6087034913485216,-1.1953360354433298,-0.010850843954529732
医药,2024-06-20,4.735894846805618,-1.1953360354433298,-0.014679976512037562
半导体与信息技术,2024-06-20,8.860047968267441,-1.1953360354433298,-0.012028869286287103
房地产,2024-06-20,0.0,-1.1953360354433298,-0.028351527526898623
旅游,2024-06-20,3.79716341497176,-1.1953360354433298,-0.02322719581602828
消费,2024-06-20,7.103842270208426,-1.1953360354433298,-0.0102545095132196
电动车新能源,2024-06-20,7.781869312703729,-1.1953360354433298,-0.024454477050413814
金融,2024-06-20,8.303994360572839,-1.1953360354433298,-0.0051581508515815555
高端装备,2024-06-20,3.3487833611626776,-1.1953360354433298,-0.015816703621581718
传统能源,2024-06-21,2.220446049250313e-16,-1.2233384649776733,-0.006712292708607515
化工,2024-06-21,2.220446049250313e-16,-1.2233384649776733,0.003134250391781057
医药,2024-06-21,2.220446049250313e-16,-1.2233384649776733,-0.004469606674612603
半导体与信息技术,2024-06-21,2.220446049250313e-16,-1.2233384649776733,0.0042613636363635354
房地产,2024-06-21,0.0,-1.2233384649776733,0.0008891044293564132
旅游,2024-06-21,2.220446049250313e-16,-1.2233384649776733,-0.0020472440944880876
消费,2024-06-21,0.0,-1.2233384649776733,-0.008363500187242634
电动车新能源,2024-06-21,2.220446049250313e-16,-1.2233384649776733,-0.00838796760509053
金融,2024-06-21,0.0,-1.2233384649776733,-0.0006847974955976888
高端装备,2024-06-21,2.220446049250313e-16,-1.2233384649776733,-0.0006007810153197957
传统能源,2024-06-22,0.0,,0.0
化工,2024-06-22,0.0,,0.0
医药,2024-06-22,2.53144227664784,,0.0
半导体与信息技术,2024-06-22,2.53144227664784,,0.0
房地产,2024-06-22,0.0,,0.0
旅游,2024-06-22,-2.53144227664784,,0.0
消费,2024-06-22,2.53144227664784,,0.0
电动车新能源,2024-06-22,2.53144227664784,,0.0
金融,2024-06-22,2.53144227664784,,0.0
高端装备,2024-06-22,2.53144227664784,,0.0
传统能源,2024-06-24,4.440892098500626e-16,-1.2483103849511958,-0.009076454220219965
化工,2024-06-24,0.0,-1.2483103849511958,-0.010588439507030034
医药,2024-06-24,0.0,-1.2483103849511958,-0.007183478000598709
半导体与信息技术,2024-06-24,-1.1102230246251563e-16,-1.2483103849511958,-0.02323701757930896
房地产,2024-06-24,0.0,-1.2483103849511958,-0.03173705887103273
旅游,2024-06-24,-1.1102230246251563e-16,-1.2483103849511958,-0.020672242385987083
消费,2024-06-24,4.440892098500626e-16,-1.2483103849511958,-0.0012588116817724426
电动车新能源,2024-06-24,0.0,-1.2483103849511958,-0.019543023821098737
金融,2024-06-24,0.0,-1.2483103849511958,0.0018600097895251633
高端装备,2024-06-24,0.0,-1.2483103849511958,-0.014277126540426788
传统能源,2024-06-25,0.0,-1.296119253262201,-0.0030754830514140297
化工,2024-06-25,0.0,-1.296119253262201,0.008245614035087723
医药,2024-06-25,0.0,-1.296119253262201,-0.006029544769369899
半导体与信息技术,2024-06-25,0.0,-1.296119253262201,-0.029375258585022768
房地产,2024-06-25,0.0,-1.296119253262201,0.01134278565471214
旅游,2024-06-25,0.0,-1.296119253262201,0.007573316145665476
消费,2024-06-25,0.0,-1.296119253262201,-0.0006301991429290554
电动车新能源,2024-06-25,0.0,-1.296119253262201,-0.007040856802855933
金融,2024-06-25,0.0,-1.296119253262201,-0.0030291186241939716
高端装备,2024-06-25,0.0,-1.296119253262201,-0.010214971794480943
传统能源,2024-06-26,0.0,-1.276894750215703,-0.0016766145798404741
化工,2024-06-26,-2.06691396369886,-1.276894750215703,0.010788237341221585
医药,2024-06-26,0.0,-1.276894750215703,0.013042159538974918
半导体与信息技术,2024-06-26,0.0,-1.276894750215703,0.032182438192668306
房地产,2024-06-26,-2.06691396369886,-1.276894750215703,0.004865578096651779
旅游,2024-06-26,-4.13382792739772,-1.276894750215703,0.009755317447625034
消费,2024-06-26,2.0669139636988607,-1.276894750215703,0.0018917896329926354
电动车新能源,2024-06-26,0.0,-1.276894750215703,0.020972735443922863
金融,2024-06-26,-2.06691396369886,-1.276894750215703,0.00352837400764483
高端装备,2024-06-26,-2.06691396369886,-1.276894750215703,0.009550215650030891
传统能源,2024-06-27,0.0,-1.2692996183823595,-0.005911594787048169
化工,2024-06-27,0.0,-1.2692996183823595,-0.022034773627130133
医药,2024-06-27,0.0,-1.2692996183823595,-0.014970059880239583
半导体与信息技术,2024-06-27,0.0,-1.2692996183823595,-0.011563080735081499
房地产,2024-06-27,0.0,-1.2692996183823595,-0.02248666393106269
旅游,2024-06-27,0.0,-1.2692996183823595,-0.010611339879632475
消费,2024-06-27,0.0,-1.2692996183823595,-0.007552870090634434
电动车新能源,2024-06-27,0.0,-1.2692996183823595,-0.021324464442922908
金融,2024-06-27,0.0,-1.2692996183823595,0.0030276394179118427
高端装备,2024-06-27,0.0,-1.2692996183823595,-0.015868172108635892
传统能源,2024-06-28,-1.1102230246251563e-16,-1.2665161636054427,0.021962427355048053
化工,2024-06-28,5.551115123125783e-17,-1.2665161636054427,-0.0019362788241508166
医药,2024-06-28,-2.220446049250313e-16,-1.2665161636054427,-0.0082066869300913
半导体与信息技术,2024-06-28,3.3306690738754696e-16,-1.2665161636054427,0.006266973052015956
房地产,2024-06-28,3.3306690738754696e-16,-1.2665161636054427,-0.013349005121316426
旅游,2024-06-28,0.0,-1.2665161636054427,0.0011205378581717884
消费,2024-06-28,0.0,-1.2665161636054427,-0.010400811770674756
电动车新能源,2024-06-28,3.3306690738754696e-16,-1.2665161636054427,-0.009995002498750516
金融,2024-06-28,8.881784197001252e-16,-1.2665161636054427,-0.0013631937682568873
高端装备,2024-06-28,6.661338147750939e-16,-1.2665161636054427,0.009147286821705514
传统能源,2024-06-29,0.0,,0.0
化工,2024-06-29,0.0,,0.0
医药,2024-06-29,0.0,,0.0
半导体与信息技术,2024-06-29,0.0,,0.0
房地产,2024-06-29,0.0,,0.0
旅游,2024-06-29,0.0,,0.0
消费,2024-06-29,0.0,,0.0
电动车新能源,2024-06-29,0.0,,0.0
金融,2024-06-29,0.0,,0.0
高端装备,2024-06-29,0.0,,0.0
传统能源,2024-06-30,-3.579999999999999,,-6.612444620779367e-05
化工,2024-06-30,2.264190804680558,,0.0
医药,2024-06-30,10.82490250698427,,0.0
半导体与信息技术,2024-06-30,4.528381609361121,,0.0
房地产,2024-06-30,10.82490250698427,,0.0
旅游,2024-06-30,10.82490250698427,,0.0
消费,2024-06-30,2.220446049250313e-15,,0.0
电动车新能源,2024-06-30,7.160000000000003,,0.0
金融,2024-06-30,-2.7062256267460683,,-9.750390015594856e-05
高端装备,2024-06-30,2.220446049250313e-15,,0.0
传统能源,2024-07-01,1.3531128133730328,-0.1423926836745278,0.02473217828329588
化工,2024-07-01,-2.096233356693449,-0.1423926836745278,0.01763668430335108
医药,2024-07-01,-2.096233356693449,-0.1423926836745278,0.0
半导体与信息技术,2024-07-01,3.827180984185917,-0.1423926836745278,-0.00249117708117097
房地产,2024-07-01,-2.096233356693449,-0.1423926836745278,0.04637508509189914
旅游,2024-07-01,1.3531128133730346,-0.1423926836745278,0.01247201790853869
消费,2024-07-01,1.3531128133730346,-0.1423926836745278,0.0033324788515765036
电动车新能源,2024-07-01,-1.3531128133730328,-0.1423926836745278,-0.008480565371024817
金融,2024-07-01,2.870385738139439,-0.1423926836745278,0.00789858605558269
高端装备,2024-07-01,2.870385738139439,-0.1423926836745278,-0.001382700875710574
传统能源,2024-07-02,0.0,-0.1482413680077313,0.004710893133711869
化工,2024-07-02,0.0,-0.1482413680077313,-0.020277296360485142
医药,2024-07-02,2.220446049250313e-16,-0.1482413680077313,-0.009806926141587402
半导体与信息技术,2024-07-02,4.440892098500626e-16,-0.1482413680077313,-0.012486992715920908
房地产,2024-07-02,0.0,-0.1482413680077313,-0.007318858258111849
旅游,2024-07-02,0.0,-0.1482413680077313,-0.003316487681617186
消费,2024-07-02,-6.661338147750939e-16,-0.1482413680077313,0.0025549310168624384
电动车新能源,2024-07-02,0.0,-0.1482413680077313,-0.006109357499236356
金融,2024-07-02,-6.661338147750939e-16,-0.1482413680077313,0.010932662538699622
高端装备,2024-07-02,-4.440892098500626e-16,-0.1482413680077313,-0.01738461538461533
传统能源,2024-07-03,-4.440892098500626e-16,-0.1825371088916672,-0.013552572419551656
化工,2024-07-03,-2.220446049250313e-16,-0.1825371088916672,-0.0054838139041216705
医药,2024-07-03,0.0,-0.1825371088916672,-0.00371402042711233
半导体与信息技术,2024-07-03,4.440892098500626e-16,-0.1825371088916672,0.00021074815595367724
房地产,2024-07-03,0.0,-0.1825371088916672,0.012124191037929277
旅游,2024-07-03,0.0,-0.1825371088916672,0.022975756615433385
消费,2024-07-03,0.0,-0.1825371088916672,-0.005351681957186716
电动车新能源,2024-07-03,0.0,-0.1825371088916672,0.003380801147423451
金融,2024-07-03,0.0,-0.1825371088916672,-0.003923820461288141
高端装备,2024-07-03,0.0,-0.1825371088916672,-0.00704556129638334
传统能源,2024-07-04,0.0,-0.1844303056932462,0.0005209011590050494
化工,2024-07-04,0.0,-0.1844303056932462,-0.007292778370686537
医药,2024-07-04,0.0,-0.1844303056932462,-0.013047530288909703
半导体与信息技术,2024-07-04,0.0,-0.1844303056932462,-0.013695743784239323
房地产,2024-07-04,0.0,-0.1844303056932462,-0.03383245649534605
旅游,2024-07-04,0.0,-0.1844303056932462,-0.03516109045848814
消费,2024-07-04,0.0,-0.1844303056932462,-0.010504739943633101
电动车新能源,2024-07-04,0.0,-0.1844303056932462,-0.00959771288544009
金融,2024-07-04,0.0,-0.1844303056932462,-0.0018255188316679272
高端装备,2024-07-04,0.0,-0.1844303056932462,-0.008199306212551272
传统能源,2024-07-05,0.0,-0.1835451127239565,-0.007158661980996905
化工,2024-07-05,0.0,-0.1835451127239565,0.005196201397599021
医药,2024-07-05,0.0,-0.1835451127239565,0.02171860245514634
半导体与信息技术,2024-07-05,0.0,-0.1835451127239565,0.0010681478316598714
房地产,2024-07-05,0.0,-0.1835451127239565,-0.003350925693222706
旅游,2024-07-05,0.0,-0.1835451127239565,0.005618879434901247
消费,2024-07-05,0.0,-0.1835451127239565,-0.005178663904712555
电动车新能源,2024-07-05,0.0,-0.1835451127239565,-0.006185567010309256
金融,2024-07-05,0.0,-0.1835451127239565,-0.01684473962845301
高端装备,2024-07-05,0.0,-0.1835451127239565,0.001748807631160476
传统能源,2024-07-06,0.0,,0.0
化工,2024-07-06,0.0,,0.0
医药,2024-07-06,0.0,,0.0
半导体与信息技术,2024-07-06,0.0,,0.0
房地产,2024-07-06,0.0,,0.0
旅游,2024-07-06,0.0,,0.0
消费,2024-07-06,0.0,,0.0
电动车新能源,2024-07-06,0.0,,0.0
金融,2024-07-06,0.0,,0.0
高端装备,2024-07-06,0.0,,0.0
传统能源,2024-07-08,1.79,-0.1710444659580848,0.0016386995280543992
化工,2024-07-08,-3.10037094554829,-0.1710444659580848,-0.021212121212121238
医药,2024-07-08,-1.79,-0.1710444659580848,-0.022797288971041385
半导体与信息技术,2024-07-08,5.37,-0.1710444659580848,-0.008962868117797784
房地产,2024-07-08,0.0,-0.1710444659580848,-0.030007564932335917
旅游,2024-07-08,2.804391037446292,-0.1710444659580848,-0.016283524904214586
消费,2024-07-08,3.10037094554829,-0.1710444659580848,-0.014185320145757463
电动车新能源,2024-07-08,0.0,-0.1710444659580848,-0.021369294605809053
金融,2024-07-08,1.79,-0.1710444659580848,-0.0016643822204817083
高端装备,2024-07-08,3.10037094554829,-0.1710444659580848,-0.017457546421203007
传统能源,2024-07-09,-2.220446049250313e-16,-0.1241591639508872,0.002683070479680749
化工,2024-07-09,7.771561172376097e-16,-0.1241591639508872,0.0036423238025860005
医药,2024-07-09,0.0,-0.1241591639508872,0.0034678436317781003
半导体与信息技术,2024-07-09,0.0,-0.1241591639508872,0.03854435831180014
房地产,2024-07-09,2.220446049250313e-16,-0.1241591639508872,0.0075389948006934215
旅游,2024-07-09,6.661338147750939e-16,-0.1241591639508872,0.012009087958455122
消费,2024-07-09,0.0,-0.1241591639508872,-0.0007920792079206818
电动车新能源,2024-07-09,4.440892098500626e-16,-0.1241591639508872,0.014627941488233986
金融,2024-07-09,-4.440892098500626e-16,-0.1241591639508872,0.013631460233402004
高端装备,2024-07-09,0.0,-0.1241591639508872,0.010499111613632817
传统能源,2024-07-10,0.0,-0.124519672494414,-0.03322020623939426
化工,2024-07-10,8.611157214418315,-0.124519672494414,-0.007258210851025182
医药,2024-07-10,8.611157214418315,-0.124519672494414,0.002513352183474593
半导体与信息技术,2024-07-10,11.481542952557753,-0.124519672494414,0.005805515239477366
房地产,2024-07-10,6.288700070080351,-0.124519672494414,-0.015395200825664479
旅游,2024-07-10,4.783976230232398,-0.124519672494414,-0.011545862732521006
消费,2024-07-10,8.611157214418315,-0.124519672494414,0.002774474831549689
电动车新能源,2024-07-10,8.611157214418315,-0.124519672494414,0.005745925616380987
金融,2024-07-10,1.3000287401725883,-0.124519672494414,0.0060952012383901355
高端装备,2024-07-10,5.412451253492136,-0.124519672494414,-0.004315856777493687
传统能源,2024-07-11,-2.220446049250313e-16,-0.0772776736274274,0.005468169850806781
化工,2024-07-11,2.220446049250313e-16,-0.0772776736274274,0.030159020288795357
医药,2024-07-11,2.220446049250313e-16,-0.0772776736274274,0.027577561892823566
半导体与信息技术,2024-07-11,0.0,-0.0772776736274274,0.016697588126159735
房地产,2024-07-11,0.0,-0.0772776736274274,0.024633123689727476
旅游,2024-07-11,2.220446049250313e-16,-0.0772776736274274,0.03926022063595069
消费,2024-07-11,0.0,-0.0772776736274274,0.020026350461133102
电动车新能源,2024-07-11,0.0,-0.0772776736274274,0.03085073231536306
金融,2024-07-11,2.220446049250313e-16,-0.0772776736274274,-0.0011539571112607616
高端装备,2024-07-11,2.220446049250313e-16,-0.0772776736274274,0.026489003050248705
传统能源,2024-07-12,1.1102230246251563e-16,-0.0844449478028602,-0.01080972203571906
化工,2024-07-12,4.440892098500626e-16,-0.0844449478028602,0.002661462029808437
医药,2024-07-12,0.0,-0.0844449478028602,0.0009149130832570851
半导体与信息技术,2024-07-12,4.440892098500626e-16,-0.0844449478028602,-0.006488240064882467
房地产,2024-07-12,0.0,-0.0844449478028602,0.024722932651321416
旅游,2024-07-12,0.0,-0.0844449478028602,0.00280986575085862
消费,2024-07-12,4.440892098500626e-16,-0.0844449478028602,0.00012916559028663954
电动车新能源,2024-07-12,0.0,-0.0844449478028602,-0.0007053607416364072
金融,2024-07-12,0.0,-0.0844449478028602,0.016174063733513266
高端装备,2024-07-12,4.440892098500626e-16,-0.0844449478028602,0.0001563966218329771
传统能源,2024-07-14,0.0,,0.0
化工,2024-07-14,0.0,,0.0
医药,2024-07-14,0.0,,0.0
半导体与信息技术,2024-07-14,0.0,,0.0
房地产,2024-07-14,0.0,,0.0
旅游,2024-07-14,0.0,,0.0
消费,2024-07-14,0.0,,0.0
电动车新能源,2024-07-14,0.0,,0.0
金融,2024-07-14,0.0,,0.0
高端装备,2024-07-14,0.0,,0.0
传统能源,2024-07-15,-2.220446049250313e-16,-0.0832966587403723,0.018122581958867734
化工,2024-07-15,0.0,-0.0832966587403723,-0.008140152185453942
医药,2024-07-15,2.220446049250313e-16,-0.0832966587403723,-0.007312614259597838
半导体与信息技术,2024-07-15,0.0,-0.0832966587403723,-0.007959183673469372
房地产,2024-07-15,0.0,-0.0832966587403723,-0.015973377703826896
旅游,2024-07-15,0.0,-0.0832966587403723,-0.009495641344956396
消费,2024-07-15,2.220446049250313e-16,-0.0832966587403723,0.00645744543458604
电动车新能源,2024-07-15,0.0,-0.0832966587403723,-0.01250378138549968
金融,2024-07-15,2.220446049250313e-16,-0.0832966587403723,0.005873993368072039
高端装备,2024-07-15,2.220446049250313e-16,-0.0832966587403723,-0.007662236121970145
传统能源,2024-07-16,2.53144227664784,-0.0714667181545248,0.0029333333333332323
化工,2024-07-16,2.53144227664784,-0.0714667181545248,-0.00695807314897412
医药,2024-07-16,2.53144227664784,-0.0714667181545248,0.0049109883364029105
半导体与信息技术,2024-07-16,2.53144227664784,-0.0714667181545248,0.0304464102036619
房地产,2024-07-16,2.53144227664784,-0.0714667181545248,0.005833615150490301
旅游,2024-07-16,2.53144227664784,-0.0714667181545248,0.0014144271570013522
消费,2024-07-16,2.53144227664784,-0.0714667181545248,0.0005132811497496892
电动车新能源,2024-07-16,2.53144227664784,-0.0714667181545248,0.008577555396712011
金融,2024-07-16,0.0,-0.0714667181545248,-0.002543091268720099
高端装备,2024-07-16,2.53144227664784,-0.0714667181545248,0.00819413803970992
传统能源,2024-07-17,-1.1102230246251563e-16,-0.0762795732219179,-0.023663919170433312
化工,2024-07-17,2.220446049250313e-16,-0.0762795732219179,-0.004311893639956765
医药,2024-07-17,3.3306690738754696e-16,-0.0762795732219179,0.022907758094074415
半导体与信息技术,2024-07-17,2.220446049250313e-16,-0.0762795732219179,-0.017169095627869835
房地产,2024-07-17,0.0,-0.0762795732219179,0.015297974279230075
旅游,2024-07-17,0.0,-0.0762795732219179,0.012084118016321366
消费,2024-07-17,-4.440892098500626e-16,-0.0762795732219179,0.018596896242144556
电动车新能源,2024-07-17,1.1102230246251563e-16,-0.0762795732219179,-0.003948567378758705
金融,2024-07-17,8.881784197001252e-16,-0.0762795732219179,0.01104815864022668
高端装备,2024-07-17,2.220446049250313e-16,-0.0762795732219179,-0.005626758361988227
传统能源,2024-07-18,0.0,-0.0825187220644025,0.008578431372548989
化工,2024-07-18,0.0,-0.0825187220644025,0.0036088054853844476
医药,2024-07-18,-5.551115123125783e-17,-0.0825187220644025,0.009555091071961952
半导体与信息技术,2024-07-18,-5.551115123125783e-17,-0.0825187220644025,-0.0048750761730652625
房地产,2024-07-18,0.0,-0.0825187220644025,0.007202582995281093
旅游,2024-07-18,0.0,-0.0825187220644025,0.002481004806946796
消费,2024-07-18,0.0,-0.0825187220644025,0.0036514731805590284
电动车新能源,2024-07-18,-5.551115123125783e-17,-0.0825187220644025,0.010774547672291135
金融,2024-07-18,0.0,-0.0825187220644025,0.0020547305501072977
高端装备,2024-07-18,0.0,-0.0825187220644025,0.01807607670543865
传统能源,2024-07-19,0.0,-0.0778861897026502,-0.007492912110166117
化工,2024-07-19,0.0,-0.0778861897026502,0.0010787486515639877
医药,2024-07-19,0.0,-0.0778861897026502,0.008281573498964745
半导体与信息技术,2024-07-19,0.0,-0.0778861897026502,0.013268013880383789
房地产,2024-07-19,0.0,-0.0778861897026502,-0.01676804208449778
旅游,2024-07-19,0.0,-0.0778861897026502,-0.0009280742459395475
消费,2024-07-19,-4.440892098500626e-16,-0.0778861897026502,0.012043658261196688
电动车新能源,2024-07-19,0.0,-0.0778861897026502,0.004726468222043589
金融,2024-07-19,0.0,-0.0778861897026502,0.004753471898592654
高端装备,2024-07-19,0.0,-0.0778861897026502,0.010807472595337098
传统能源,2024-07-20,1.7541855280290906,,0.0
化工,2024-07-20,17.01823973754941,,0.0
医药,2024-07-20,10.793017599705976,,0.0
半导体与信息技术,2024-07-20,17.84999064566758,,0.0
房地产,2024-07-20,13.94375699491091,,0.0
旅游,2024-07-20,14.64435820202856,,0.0
消费,2024-07-20,13.612510479406062,,0.0
电动车新能源,2024-07-20,19.64687791392581,,0.0
金融,2024-07-20,13.004110453536722,,0.0
高端装备,2024-07-20,21.19188370205984,,0.0
传统能源,2024-07-22,0.0,-0.0720591879074791,-0.020063932530775985
化工,2024-07-22,0.0,-0.0720591879074791,-0.012751436781609171
医药,2024-07-22,0.0,-0.0720591879074791,0.004986799647990647
半导体与信息技术,2024-07-22,0.0,-0.0720591879074791,0.0026188557614825747
房地产,2024-07-22,0.0,-0.0720591879074791,-0.005601070055174628
旅游,2024-07-22,5.551115123125784e-16,-0.0720591879074791,-0.004799504567270407
消费,2024-07-22,-6.661338147750939e-16,-0.0720591879074791,-0.016362960208255894
电动车新能源,2024-07-22,0.0,-0.0720591879074791,-0.006105494945450873
金融,2024-07-22,-6.661338147750939e-16,-0.0720591879074791,-0.006679035250463872
高端装备,2024-07-22,0.0,-0.0720591879074791,-0.0013746754238580516
传统能源,2024-07-23,0.0,0.0426531023076787,-0.01568573014991681
化工,2024-07-23,2.220446049250313e-16,0.0426531023076787,-0.03529197744224122
医药,2024-07-23,0.0,0.0426531023076787,-0.03123175715119686
半导体与信息技术,2024-07-23,0.0,0.0426531023076787,-0.037170986538075046
房地产,2024-07-23,0.0,0.0426531023076787,-0.014627994955863866
旅游,2024-07-23,2.220446049250313e-16,0.0426531023076787,-0.01882389545737395
消费,2024-07-23,2.220446049250313e-16,0.0426531023076787,-0.03490863264020161
电动车新能源,2024-07-23,0.0,0.0426531023076787,-0.03303121852970792
金融,2024-07-23,2.220446049250313e-16,0.0426531023076787,-0.0018677624206201449
高端装备,2024-07-23,0.0,0.0426531023076787,-0.02493117161211389
传统能源,2024-07-24,-1.6653345369377348e-16,0.0388204330316059,0.005570441404597393
化工,2024-07-24,0.0,0.0388204330316059,-0.011691495379973604
医药,2024-07-24,0.0,0.0388204330316059,-0.008737571557697943
半导体与信息技术,2024-07-24,0.0,0.0388204330316059,-0.014398998330550916
房地产,2024-07-24,0.0,0.0388204330316059,-0.024485965361317197
旅游,2024-07-24,0.0,0.0388204330316059,-0.017758046614872347
消费,2024-07-24,0.0,0.0388204330316059,-0.01201358056933921
电动车新能源,2024-07-24,0.0,0.0388204330316059,-0.019683399291814285
金融,2024-07-24,0.0,0.0388204330316059,-0.003929640718562832
高端装备,2024-07-24,0.0,0.0388204330316059,-0.0065882352941176725
传统能源,2024-07-25,0.0,0.0333980008223014,-0.018652268424374174
化工,2024-07-25,0.0,0.0333980008223014,0.0015264262545315876
医药,2024-07-25,0.0,0.0333980008223014,-0.002431610942249307
半导体与信息技术,2024-07-25,0.0,0.0333980008223014,-0.009739572305737854
房地产,2024-07-25,0.0,0.0333980008223014,0.007521427322021879
旅游,2024-07-25,0.0,0.0333980008223014,0.008071025020177647
消费,2024-07-25,0.0,0.0333980008223014,0.0002643404705260366
电动车新能源,2024-07-25,0.0,0.0333980008223014,0.008286412408371469
金融,2024-07-25,0.0,0.0333980008223014,-0.003569415743002069
高端装备,2024-07-25,0.0,0.0333980008223014,0.002526448760461042
传统能源,2024-07-26,0.0,0.0346219687003791,0.0008574490889603492
化工,2024-07-26,-3.3962862070208395,0.0346219687003791,0.014097923413983526
医药,2024-07-26,2.7730560758845124,0.0346219687003791,-0.0015234613040828737
半导体与信息技术,2024-07-26,-3.3962862070208395,0.0346219687003791,0.010904425914047389
房地产,2024-07-26,-2.77305607588451,0.0346219687003791,0.011458333333333348
旅游,2024-07-26,-2.2233912322010663,0.0346219687003791,0.006885508406725416
消费,2024-07-26,2.223391232201067,0.0346219687003791,0.0003964059196617242
电动车新能源,2024-07-26,-3.3962862070208395,0.0346219687003791,0.021704772942787942
金融,2024-07-26,2.223391232201067,0.0346219687003791,-0.00631598793363497
高端装备,2024-07-26,-4.159584113826765,0.0346219687003791,0.018743109151047488
传统能源,2024-07-27,0.0,,0.0
化工,2024-07-27,0.0,,0.0
医药,2024-07-27,0.0,,0.0
半导体与信息技术,2024-07-27,0.0,,0.0
房地产,2024-07-27,0.0,,0.0
旅游,2024-07-27,0.0,,0.0
消费,2024-07-27,0.0,,0.0
电动车新能源,2024-07-27,0.0,,0.0
金融,2024-07-27,0.0,,0.0
高端装备,2024-07-27,0.0,,0.0
传统能源,2024-07-28,0.0,,0.0
化工,2024-07-28,0.0,,0.0
医药,2024-07-28,0.0,,0.0
半导体与信息技术,2024-07-28,0.0,,0.0
房地产,2024-07-28,0.0,,0.0
旅游,2024-07-28,0.0,,0.0
消费,2024-07-28,0.0,,0.0
电动车新能源,2024-07-28,0.0,,0.0
金融,2024-07-28,0.0,,0.0
高端装备,2024-07-28,0.0,,0.0
传统能源,2024-07-29,2.9230577597212597,0.03138703284568,0.00014278574998205507
化工,2024-07-29,-4.621760126474182,0.03138703284568,-0.01239902310727048
医药,2024-07-29,0.0,0.03138703284568,-0.01800427220018319
半导体与信息技术,2024-07-29,-4.621760126474182,0.03138703284568,-0.007191201353637933
房地产,2024-07-29,2.3108800632370925,0.03138703284568,-0.011757638173704121
旅游,2024-07-29,0.0,0.03138703284568,-0.014472010178117056
消费,2024-07-29,0.0,0.03138703284568,-0.017038700303790844
电动车新能源,2024-07-29,-4.621760126474182,0.03138703284568,-0.024853047334227107
金融,2024-07-29,-2.310880063237091,0.03138703284568,0.006451000853808786
高端装备,2024-07-29,-9.243520252948366,0.03138703284568,-0.013605442176870763
传统能源,2024-07-30,3.697408101179348,0.0372178935891391,-0.027696480833749648
化工,2024-07-30,-5.108703446970756,0.0372178935891391,-0.01141335362373963
医药,2024-07-30,-5.108703446970756,0.0372178935891391,-0.004661280298321913
半导体与信息技术,2024-07-30,4.891211165618051,0.0372178935891391,-0.000852151682999569
房地产,2024-07-30,1.2771758617426916,0.0372178935891391,0.020147633521493846
旅游,2024-07-30,4.89121116561805,0.0372178935891391,0.0016136840406648645
消费,2024-07-30,9.7824223312361,0.0372178935891391,-0.0008062348830958355
电动车新能源,2024-07-30,4.89121116561805,0.0372178935891391,-0.0028553299492386497
金融,2024-07-30,6.917217166847756,0.0372178935891391,-0.0011311150909604217
高端装备,2024-07-30,0.924352025294838,0.0372178935891391,-0.0026645768025078675
传统能源,2024-07-31,1.1102230246251563e-16,0.1460889073426699,0.021951398575728476
化工,2024-07-31,-4.440892098500626e-16,0.1460889073426699,0.03848374061958815
医药,2024-07-31,-2.220446049250313e-16,0.1460889073426699,0.04433343740243534
半导体与信息技术,2024-07-31,-1.1102230246251563e-16,0.1460889073426699,0.03624733475479758
房地产,2024-07-31,0.0,0.1460889073426699,0.03822252489997435
旅游,2024-07-31,0.0,0.1460889073426699,0.04076043177058164
消费,2024-07-31,0.0,0.1460889073426699,0.03146853146853146
电动车新能源,2024-07-31,-1.1102230246251563e-16,0.1460889073426699,0.03521052073390596
金融,2024-07-31,-4.440892098500626e-16,0.1460889073426699,0.01273945456261183
高端装备,2024-07-31,2.220446049250313e-16,0.1460889073426699,0.025774005972025726
传统能源,2024-08-01,0.0,-0.3588035479385187,-0.0015086206896551824
化工,2024-08-01,0.0,-0.3588035479385187,-0.019269964795256556
医药,2024-08-01,0.0,-0.3588035479385187,-0.008669656203288523
半导体与信息技术,2024-08-01,0.0,-0.3588035479385187,-0.0012345679012345512
房地产,2024-08-01,0.0,-0.3588035479385187,-0.018530665792062972
旅游,2024-08-01,0.0,-0.3588035479385187,-0.006346749226006199
消费,2024-08-01,0.0,-0.3588035479385187,-0.020208604954367715
电动车新能源,2024-08-01,0.0,-0.3588035479385187,-0.01721135129597373
金融,2024-08-01,0.0,-0.3588035479385187,0.0007454342154307181
高端装备,2024-08-01,0.0,-0.3588035479385187,-0.009345794392523366
传统能源,2024-08-02,-4.440892098500626e-16,-0.3432207548006253,-0.008777609899992767
化工,2024-08-02,0.0,-0.3432207548006253,-0.00850179482335145
医药,2024-08-02,-4.440892098500626e-16,-0.3432207548006253,0.009047044632086942
半导体与信息技术,2024-08-02,-1.1102230246251563e-16,-0.3432207548006253,-0.025339925834363397
房地产,2024-08-02,4.440892098500626e-16,-0.3432207548006253,-0.005346700083542211
旅游,2024-08-02,0.0,-0.3432207548006253,0.0003115750116839955
消费,2024-08-02,0.0,-0.3432207548006253,0.0011976047904191933
电动车新能源,2024-08-02,0.0,-0.3432207548006253,-0.016470342958407214
金融,2024-08-02,1.1102230246251563e-16,-0.3432207548006253,-0.01108007448789572
高端装备,2024-08-02,4.440892098500626e-16,-0.3432207548006253,-0.012836374884008572
传统能源,2024-08-03,-3.58,,0.0
化工,2024-08-03,2.0669139636988607,,0.0
医药,2024-08-03,4.1338279273977205,,0.0
半导体与信息技术,2024-08-03,4.1338279273977205,,0.0
房地产,2024-08-03,4.1338279273977205,,0.0
旅游,2024-08-03,4.1338279273977205,,0.0
消费,2024-08-03,2.0669139636988607,,0.0
电动车新能源,2024-08-03,2.0669139636988607,,0.0
金融,2024-08-03,2.0669139636988607,,0.0
高端装备,2024-08-03,2.0669139636988607,,0.0
传统能源,2024-08-05,2.096233356693449,-0.330040988245112,-0.023372287145242088
化工,2024-08-05,0.0,-0.330040988245112,-0.020007621951219634
医药,2024-08-05,-1.3531128133730328,-0.330040988245112,-0.0026897788404064427
半导体与信息技术,2024-08-05,0.0,-0.330040988245112,-0.0443880786303108
房地产,2024-08-05,1.3531128133730332,-0.330040988245112,-0.011254829497732266
旅游,2024-08-05,-3.8271809841859152,-0.330040988245112,0.008098427036287159
消费,2024-08-05,1.3531128133730346,-0.330040988245112,0.007575757575757569
电动车新能源,2024-08-05,-1.3531128133730332,-0.330040988245112,-0.015050344462109178
金融,2024-08-05,-3.8271809841859152,-0.330040988245112,-0.004331042274738683
高端装备,2024-08-05,3.8271809841859175,-0.330040988245112,-0.01644994516684939
传统能源,2024-08-06,0.0,-0.3590149490236914,0.0014864362690449884
化工,2024-08-06,0.0,-0.3590149490236914,0.008360878864476007
医药,2024-08-06,0.0,-0.3590149490236914,0.011986814504045595
半导体与信息技术,2024-08-06,0.0,-0.3590149490236914,0.010617120106171107
房地产,2024-08-06,0.0,-0.3590149490236914,0.024379884471627644
旅游,2024-08-06,0.0,-0.3590149490236914,0.01714815386992119
消费,2024-08-06,0.0,-0.3590149490236914,0.003957261574990101
电动车新能源,2024-08-06,0.0,-0.3590149490236914,0.010760787689658935
金融,2024-08-06,0.0,-0.3590149490236914,-0.012671394799054436
高端装备,2024-08-06,0.0,-0.3590149490236914,0.017202930869703703
传统能源,2024-08-07,0.0,-0.3595279993524296,0.01224489795918382
化工,2024-08-07,2.220446049250313e-16,-0.3595279993524296,0.002892402622445056
医药,2024-08-07,2.220446049250313e-16,-0.3595279993524296,-0.006810778797749606
半导体与信息技术,2024-08-07,2.220446049250313e-16,-0.3595279993524296,-0.009192383453709763
房地产,2024-08-07,2.220446049250313e-16,-0.3595279993524296,-0.009702297039555607
旅游,2024-08-07,2.220446049250313e-16,-0.3595279993524296,-0.01351761846901578
消费,2024-08-07,2.220446049250313e-16,-0.3595279993524296,-0.001708054132177117
电动车新能源,2024-08-07,2.220446049250313e-16,-0.3595279993524296,-0.003513254551261502
金融,2024-08-07,0.0,-0.3595279993524296,-0.0005746575998466508
高端装备,2024-08-07,2.220446049250313e-16,-0.3595279993524296,0.00046977763858446764
传统能源,2024-08-08,0.0,-0.392829815521546,-0.0029325513196480912
化工,2024-08-08,0.0,-0.392829815521546,0.009421265141319024
医药,2024-08-08,0.0,-0.392829815521546,0.004770423375074717
半导体与信息技术,2024-08-08,0.0,-0.392829815521546,0.0015462778882262551
房地产,2024-08-08,0.0,-0.392829815521546,0.014235471445319225
旅游,2024-08-08,0.0,-0.392829815521546,0.0007698229407238077
消费,2024-08-08,0.0,-0.392829815521546,0.014609107659910414
电动车新能源,2024-08-08,0.0,-0.392829815521546,-0.005555555555555647
金融,2024-08-08,0.0,-0.392829815521546,0.0033540967896501517
高端装备,2024-08-08,0.0,-0.392829815521546,-0.010330255125997834
传统能源,2024-08-09,-4.133827927397721,-0.3944337292116595,0.007426470588235201
化工,2024-08-09,0.0,-0.3944337292116595,-0.010857142857142899
医药,2024-08-09,0.0,-0.3944337292116595,-0.016320474777448135
半导体与信息技术,2024-08-09,4.133827927397721,-0.3944337292116595,0.00044111160123505577
房地产,2024-08-09,-4.133827927397721,-0.3944337292116595,0.016925363276089733
旅游,2024-08-09,2.0669139636988607,-0.3944337292116595,-0.0170769230769231
消费,2024-08-09,2.0669139636988607,-0.3944337292116595,-0.007264236606563834
电动车新能源,2024-08-09,4.133827927397721,-0.3944337292116595,-0.009454232917920025
金融,2024-08-09,2.0669139636988607,-0.3944337292116595,0.0006685768863421426
高端装备,2024-08-09,4.133827927397721,-0.3944337292116595,-0.010279930412778637
传统能源,2024-08-10,8.4907155175521,,0.0
化工,2024-08-10,-3.1533725787939613,,0.0
医药,2024-08-10,-3.7056520536684423,,0.0
半导体与信息技术,2024-08-10,-6.661338147750939e-16,,0.0
房地产,2024-08-10,-6.932640189711279,,0.0
旅游,2024-08-10,-11.116956161005325,,0.0
消费,2024-08-10,-13.865280379422552,,0.0
电动车新能源,2024-08-10,-6.661338147750939e-16,,0.0
金融,2024-08-10,-10.240188208497669,,0.0
高端装备,2024-08-10,3.705652053668441,,0.0
传统能源,2024-08-12,0.0,-0.3965648529714261,0.006641850959783868
化工,2024-08-12,0.0,-0.3965648529714261,-0.0023108030040438488
医药,2024-08-12,0.0,-0.3965648529714261,0.010859728506787292
半导体与信息技术,2024-08-12,0.0,-0.3965648529714261,-0.005952380952380931
房地产,2024-08-12,0.0,-0.3965648529714261,-0.031825931639198
旅游,2024-08-12,0.0,-0.3965648529714261,-0.019877915166692794
消费,2024-08-12,0.0,-0.3965648529714261,0.001306677120083588
电动车新能源,2024-08-12,0.0,-0.3965648529714261,-0.007266811279826535
金融,2024-08-12,0.0,-0.3965648529714261,-0.0005726830199486166
高端装备,2024-08-12,0.0,-0.3965648529714261,-0.0030361137743688538
传统能源,2024-08-13,0.0,-0.4072994599229873,0.0027552204176333195
化工,2024-08-13,2.220446049250313e-16,-0.4072994599229873,-0.0007720517274656391
医药,2024-08-13,2.220446049250313e-16,-0.4072994599229873,-0.008952551477171
半导体与信息技术,2024-08-13,0.0,-0.4072994599229873,0.008205810601020103
房地产,2024-08-13,0.0,-0.4072994599229873,-0.0027672955974841207
旅游,2024-08-13,0.0,-0.4072994599229873,-0.0036729479399552067
消费,2024-08-13,2.220446049250313e-16,-0.4072994599229873,-0.007046848492757385
电动车新能源,2024-08-13,0.0,-0.4072994599229873,0.007320004370152011
金融,2024-08-13,0.0,-0.4072994599229873,0.005730111737178856
高端装备,2024-08-13,0.0,-0.4072994599229873,0.008815515306940025
传统能源,2024-08-14,-2.220446049250313e-16,-0.4046732086078142,-0.007375271149674623
化工,2024-08-14,2.220446049250313e-16,-0.4046732086078142,-0.02472474406026659
医药,2024-08-14,2.220446049250313e-16,-0.4046732086078142,-0.01565793435712126
半导体与信息技术,2024-08-14,2.220446049250313e-16,-0.4046732086078142,-0.009238891333040011
房地产,2024-08-14,2.220446049250313e-16,-0.4046732086078142,-0.008829465186680041
旅游,2024-08-14,2.220446049250313e-16,-0.4046732086078142,-0.009937489982368986
消费,2024-08-14,2.220446049250313e-16,-0.4046732086078142,-0.013668024707583215
电动车新能源,2024-08-14,2.220446049250313e-16,-0.4046732086078142,-0.018655097613882843
金融,2024-08-14,2.220446049250313e-16,-0.4046732086078142,-0.0027537745703161143
高端装备,2024-08-14,2.220446049250313e-16,-0.4046732086078142,-0.015729265967588058
传统能源,2024-08-15,-2.220446049250313e-16,-0.3857230579284613,0.01631701631701632
化工,2024-08-15,2.220446049250313e-16,-0.3857230579284613,0.002970885323826389
医药,2024-08-15,0.0,-0.3857230579284613,0.006729886815539876
半导体与信息技术,2024-08-15,0.0,-0.3857230579284613,0.006882770870337396
房地产,2024-08-15,0.0,-0.3857230579284613,0.01713752439127858
旅游,2024-08-15,2.220446049250313e-16,-0.3857230579284613,0.011170471102476931
消费,2024-08-15,2.220446049250313e-16,-0.3857230579284613,0.004263824117255233
电动车新能源,2024-08-15,2.220446049250313e-16,-0.3857230579284613,0.01105216622457994
金融,2024-08-15,2.220446049250313e-16,-0.3857230579284613,0.014854313464102153
高端装备,2024-08-15,2.220446049250313e-16,-0.3857230579284613,0.010008071025020104
传统能源,2024-08-16,0.0,-0.3954340967083459,0.005948967889908285
化工,2024-08-16,0.0,-0.3954340967083459,-0.0053317535545022166
医药,2024-08-16,0.0,-0.3954340967083459,0.0012154360376785966
半导体与信息技术,2024-08-16,0.0,-0.3954340967083459,-0.0006615214994487584
房地产,2024-08-16,0.0,-0.3954340967083459,-0.013762615731086947
旅游,2024-08-16,0.0,-0.3954340967083459,-0.006884406019852851
消费,2024-08-16,-3.3306690738754696e-16,-0.3954340967083459,-0.007695369510415273
电动车新能源,2024-08-16,0.0,-0.3954340967083459,-0.006886751202448638
金融,2024-08-16,0.0,-0.3954340967083459,0.007881403640457751
高端装备,2024-08-16,0.0,-0.3954340967083459,-0.010548186031644646
传统能源,2024-08-19,-2.220446049250313e-16,-0.392004819585773,0.0027075169219807904
化工,2024-08-19,2.220446049250313e-16,-0.392004819585773,0.001985308715505285
医药,2024-08-19,0.0,-0.392004819585773,-0.01001517450682865
半导体与信息技术,2024-08-19,2.220446049250313e-16,-0.392004819585773,-0.00022065313327446212
房地产,2024-08-19,0.0,-0.392004819585773,-0.001945196211096012
旅游,2024-08-19,2.220446049250313e-16,-0.392004819585773,0.004191520232145862
消费,2024-08-19,0.0,-0.392004819585773,-0.008022462896109084
电动车新能源,2024-08-19,2.220446049250313e-16,-0.392004819585773,-0.0012107870115575237
金融,2024-08-19,2.220446049250313e-16,-0.392004819585773,0.012846769689071058
高端装备,2024-08-19,2.220446049250313e-16,-0.392004819585773,0.0008076239702794474
传统能源,2024-08-20,-3.259466375441168,-0.4698447245448946,-0.024443970724081554
化工,2024-08-20,3.167903547989785,-0.4698447245448946,-0.014265900534971343
医药,2024-08-20,6.663669381358913,-0.4698447245448946,-0.011036174126302867
半导体与信息技术,2024-08-20,8.366254196946546,-0.4698447245448946,-0.013021408077687036
房地产,2024-08-20,0.7514900742533759,-0.4698447245448946,-0.016524023387848308
旅游,2024-08-20,0.3714506670960782,-0.4698447245448946,-0.01107721945737683
消费,2024-08-20,1.2494380090048005,-0.4698447245448946,-0.014018061733387155
电动车新能源,2024-08-20,4.04864187754753,-0.4698447245448946,-0.008375578576151566
金融,2024-08-20,10.265180726044036,-0.4698447245448946,-0.0010110294117647856
高端装备,2024-08-20,4.182110666166084,-0.4698447245448946,-0.012750161394448067
传统能源,2024-08-21,0.0,-0.4746394871088313,-0.0018938014422026361
化工,2024-08-21,0.0,-0.4746394871088313,0.0004020100502513113
医药,2024-08-21,0.0,-0.4746394871088313,-0.0071295722256665695
半导体与信息技术,2024-08-21,0.0,-0.4746394871088313,0.0
房地产,2024-08-21,0.0,-0.4746394871088313,-0.003360330863346528
旅游,2024-08-21,0.0,-0.4746394871088313,-0.0025974025974027093
消费,2024-08-21,0.0,-0.4746394871088313,-0.01025290498974718
电动车新能源,2024-08-21,0.0,-0.4746394871088313,0.007668370749055242
金融,2024-08-21,0.0,-0.4746394871088313,-0.004416229643941394
高端装备,2024-08-21,0.0,-0.4746394871088313,-0.004413928396272748
传统能源,2024-08-22,0.0,-0.4785438114558454,-0.002116324892359467
化工,2024-08-22,0.0,-0.4785438114558454,-0.006831424552943499
医药,2024-08-22,0.0,-0.4785438114558454,-0.005619731501717018
半导体与信息技术,2024-08-22,0.0,-0.4785438114558454,-0.013640429338103721
房地产,2024-08-22,0.0,-0.4785438114558454,-0.005878793118354042
旅游,2024-08-22,0.0,-0.4785438114558454,-0.0185546875
消费,2024-08-22,0.0,-0.4785438114558454,-0.012154696132596676
电动车新能源,2024-08-22,0.0,-0.4785438114558454,-0.01213190691518684
金融,2024-08-22,0.0,-0.4785438114558454,0.0006468903058867159
高端装备,2024-08-22,0.0,-0.4785438114558454,-0.002955665024630627
传统能源,2024-08-23,4.440892098500626e-16,-0.4755241930982932,0.005411730291063455
化工,2024-08-23,0.0,-0.4755241930982932,0.00404612583451347
医药,2024-08-23,4.440892098500626e-16,-0.4755241930982932,-0.002197802197802079
半导体与信息技术,2024-08-23,-4.440892098500626e-16,-0.4755241930982932,0.0029471775107685616
房地产,2024-08-23,-4.440892098500626e-16,-0.4755241930982932,-0.005739629533002777
旅游,2024-08-23,1.1102230246251563e-16,-0.4755241930982932,0.0063018242122721
消费,2024-08-23,1.1102230246251563e-16,-0.4755241930982932,0.0013982102908276506
电动车新能源,2024-08-23,-1.1102230246251563e-16,-0.4755241930982932,-0.00960142904990513
金融,2024-08-23,1.1102230246251563e-16,-0.4755241930982932,0.01357591429626881
高端装备,2024-08-23,4.440892098500626e-16,-0.4755241930982932,0.0026350461133071157
传统能源,2024-08-24,0.0,,0.0
化工,2024-08-24,0.0,,0.0
医药,2024-08-24,0.0,,0.0
半导体与信息技术,2024-08-24,0.0,,0.0
房地产,2024-08-24,0.0,,0.0
旅游,2024-08-24,0.0,,0.0
消费,2024-08-24,0.0,,0.0
电动车新能源,2024-08-24,0.0,,0.0
金融,2024-08-24,0.0,,0.0
高端装备,2024-08-24,0.0,,0.0
传统能源,2024-08-26,0.0,-0.4801377109255966,0.0058190282222869705
化工,2024-08-26,0.0,-0.4801377109255966,0.003425347572032944
医药,2024-08-26,0.0,-0.4801377109255966,-0.009125235997482717
半导体与信息技术,2024-08-26,0.0,-0.4801377109255966,-0.0024864376130199206
房地产,2024-08-26,0.0,-0.4801377109255966,0.011632992215516502
旅游,2024-08-26,0.0,-0.4801377109255966,0.0009887936717205559
消费,2024-08-26,0.0,-0.4801377109255966,-0.006422786931024715
电动车新能源,2024-08-26,0.0,-0.4801377109255966,0.019276293540750666
金融,2024-08-26,0.0,-0.4801377109255966,0.0008200455580866794
高端装备,2024-08-26,0.0,-0.4801377109255966,0.004106438896189113
传统能源,2024-08-27,0.0,-0.4816571160647421,0.02176742840613244
化工,2024-08-27,0.0,-0.4816571160647421,-0.002610441767068372
医药,2024-08-27,0.0,-0.4816571160647421,-0.0022229279136234403
半导体与信息技术,2024-08-27,0.0,-0.4816571160647421,-0.01971447994561537
房地产,2024-08-27,0.0,-0.4816571160647421,-0.030520491094587654
旅游,2024-08-27,0.0,-0.4816571160647421,-0.012018439249259272
消费,2024-08-27,0.0,-0.4816571160647421,-0.009555930297920234
电动车新能源,2024-08-27,0.0,-0.4816571160647421,-0.011723070117230727
金融,2024-08-27,0.0,-0.4816571160647421,0.0
高端装备,2024-08-27,0.0,-0.4816571160647421,-0.010796662849664518
传统能源,2024-08-28,0.0,-0.630666518094821,-0.0032557151956967845
化工,2024-08-28,0.0,-0.630666518094821,0.005234548016911811
医药,2024-08-28,0.0,-0.630666518094821,-0.0035009548058561046
半导体与信息技术,2024-08-28,0.0,-0.630666518094821,0.0006934812760055475
房地产,2024-08-28,0.0,-0.630666518094821,-0.008383126727904977
旅游,2024-08-28,0.0,-0.630666518094821,-0.003832694550908178
消费,2024-08-28,0.0,-0.630666518094821,-0.01347900113507372
电动车新能源,2024-08-28,0.0,-0.630666518094821,0.001007162041181786
金融,2024-08-28,0.0,-0.630666518094821,-0.00409686817188637
高端装备,2024-08-28,0.0,-0.630666518094821,0.0034727964279808177
传统能源,2024-08-29,0.0,-0.6373964427119061,-0.012639352410708016
化工,2024-08-29,0.0,-0.6373964427119061,0.008612056879631513
医药,2024-08-29,0.0,-0.6373964427119061,0.013414244650271634
半导体与信息技术,2024-08-29,0.0,-0.6373964427119061,0.013860013860013787
房地产,2024-08-29,0.0,-0.6373964427119061,0.0033276373774617785
旅游,2024-08-29,0.0,-0.6373964427119061,0.006022080963532961
消费,2024-08-29,0.0,-0.6373964427119061,0.014382281029771349
电动车新能源,2024-08-29,0.0,-0.6373964427119061,0.01609837898267208
金融,2024-08-29,0.0,-0.6373964427119061,-0.02230551238687284
高端装备,2024-08-29,0.0,-0.6373964427119061,0.01499670402109432
传统能源,2024-08-30,-2.310880063237092,-0.5896485069410209,0.007910823444803983
化工,2024-08-30,-7.059855207832209,-0.5896485069410209,0.02005559968228754
医药,2024-08-30,-2.6070243108908207,-0.5896485069410209,0.01575795776867306
半导体与信息技术,2024-08-30,0.0,-0.5896485069410209,0.034404192298929104
房地产,2024-08-30,3.3914447416842046,-0.5896485069410209,0.04813553244890656
旅游,2024-08-30,5.21404862178164,-0.5896485069410209,0.021117392750249264
消费,2024-08-30,-2.3108800632370903,-0.5896485069410209,0.023536083935913776
电动车新能源,2024-08-30,0.0,-0.5896485069410209,0.022334690284959713
金融,2024-08-30,-7.059855207832204,-0.5896485069410209,-0.002057035998129897
高端装备,2024-08-30,-4.891211165618044,-0.5896485069410209,0.014450397791849312
传统能源,2024-09-02,0.0,-0.4378746230895639,0.008134141990724375
化工,2024-09-02,0.0,-0.4378746230895639,-0.015573291804555245
医药,2024-09-02,0.0,-0.4378746230895639,-0.018926466025442124
半导体与信息技术,2024-09-02,0.0,-0.4378746230895639,-0.03149779735682823
房地产,2024-09-02,0.0,-0.4378746230895639,-0.026511588129650154
旅游,2024-09-02,0.0,-0.4378746230895639,-0.018563751831949138
消费,2024-09-02,0.0,-0.4378746230895639,-0.027704668236597896
电动车新能源,2024-09-02,0.0,-0.4378746230895639,-0.025290572535514477
金融,2024-09-02,0.0,-0.4378746230895639,-0.004872107186357999
高端装备,2024-09-02,0.0,-0.4378746230895639,-0.02224711907810506
传统能源,2024-09-03,-2.220446049250313e-16,-0.4343499018740525,-0.01918040908769203
化工,2024-09-03,2.220446049250313e-16,-0.4343499018740525,0.011864741941862711
医药,2024-09-03,2.220446049250313e-16,-0.4343499018740525,0.009487666034155628
半导体与信息技术,2024-09-03,2.220446049250313e-16,-0.4343499018740525,0.010006822833750428
房地产,2024-09-03,0.0,-0.4343499018740525,0.011771940613195087
旅游,2024-09-03,2.220446049250313e-16,-0.4343499018740525,0.005309440849510461
消费,2024-09-03,0.0,-0.4343499018740525,0.011825046302892162
电动车新能源,2024-09-03,2.220446049250313e-16,-0.4343499018740525,0.023959368444297358
金融,2024-09-03,2.220446049250313e-16,-0.4343499018740525,-0.009980227850484802
高端装备,2024-09-03,2.220446049250313e-16,-0.4343499018740525,0.015059747912915311
传统能源,2024-09-04,-2.220446049250313e-16,-0.426646459802054,-0.022730552749314348
化工,2024-09-04,2.220446049250313e-16,-0.426646459802054,-0.00508110220832525
医药,2024-09-04,2.220446049250313e-16,-0.426646459802054,-0.0009398496240600185
半导体与信息技术,2024-09-04,2.220446049250313e-16,-0.426646459802054,-0.009907678450799429
房地产,2024-09-04,0.0,-0.426646459802054,-0.010766692715116766
旅游,2024-09-04,2.220446049250313e-16,-0.426646459802054,-0.0014853936293117709
消费,2024-09-04,0.0,-0.426646459802054,-0.01098282174035492
电动车新能源,2024-09-04,2.220446049250313e-16,-0.426646459802054,0.006685356911796392
金融,2024-09-04,2.220446049250313e-16,-0.426646459802054,-0.005135520684736106
高端装备,2024-09-04,2.220446049250313e-16,-0.426646459802054,0.0016126431220770954
传统能源,2024-09-05,0.0,-0.4249606921753663,-0.012847965738758127
化工,2024-09-05,4.440892098500626e-16,-0.4249606921753663,-0.005696326851306277
医药,2024-09-05,2.220446049250313e-16,-0.4249606921753663,0.008466603951081675
半导体与信息技术,2024-09-05,1.1102230246251563e-16,-0.4249606921753663,0.000682283375028403
房地产,2024-09-05,0.0,-0.4249606921753663,0.020626700605635095
旅游,2024-09-05,2.220446049250313e-16,-0.4249606921753663,0.007603305785124137
消费,2024-09-05,-6.661338147750939e-16,-0.4249606921753663,0.006264236902050024
电动车新能源,2024-09-05,1.1102230246251563e-16,-0.4249606921753663,0.003106255355612708
金融,2024-09-05,0.0,-0.4249606921753663,0.0050664372430933025
高端装备,2024-09-05,0.0,-0.4249606921753663,0.0014490420222186273
传统能源,2024-09-06,0.0,-0.4137916880730837,-0.015408781509462122
化工,2024-09-06,0.0,-0.4137916880730837,-0.016396681153694193
医药,2024-09-06,2.220446049250313e-16,-0.4137916880730837,-0.017723880597014907
半导体与信息技术,2024-09-06,0.0,-0.4137916880730837,-0.01931818181818179
房地产,2024-09-06,2.220446049250313e-16,-0.4137916880730837,-0.01590987272101818
旅游,2024-09-06,2.220446049250313e-16,-0.4137916880730837,-0.010334645669291431
消费,2024-09-06,0.0,-0.4137916880730837,-0.012308998302206997
电动车新能源,2024-09-06,2.220446049250313e-16,-0.4137916880730837,-0.015803523758675997
金融,2024-09-06,2.220446049250313e-16,-0.4137916880730837,0.0028533384059350464
高端装备,2024-09-06,0.0,-0.4137916880730837,-0.014951768488745909
传统能源,2024-09-07,0.0,,0.0
化工,2024-09-07,0.0,,0.0
医药,2024-09-07,0.0,,0.0
半导体与信息技术,2024-09-07,0.0,,0.0
房地产,2024-09-07,0.0,,0.0
旅游,2024-09-07,0.0,,0.0
消费,2024-09-07,0.0,,0.0
电动车新能源,2024-09-07,0.0,,0.0
金融,2024-09-07,0.0,,0.0
高端装备,2024-09-07,0.0,,0.0
传统能源,2024-09-08,0.0,,0.0
化工,2024-09-08,0.0,,0.0
医药,2024-09-08,0.0,,0.0
半导体与信息技术,2024-09-08,0.0,,0.0
房地产,2024-09-08,0.0,,0.0
旅游,2024-09-08,0.0,,0.0
消费,2024-09-08,0.0,,0.0
电动车新能源,2024-09-08,0.0,,0.0
金融,2024-09-08,0.0,,0.0
高端装备,2024-09-08,0.0,,0.0
传统能源,2024-09-09,0.0,-0.3870728861283187,-0.027805211577907718
化工,2024-09-09,0.0,-0.3870728861283187,-0.004820245029122372
医药,2024-09-09,0.0,-0.3870728861283187,0.0009496676163340823
半导体与信息技术,2024-09-09,0.0,-0.3870728861283187,-0.007415990730011535
房地产,2024-09-09,0.0,-0.3870728861283187,-0.0050686008913746194
旅游,2024-09-09,0.0,-0.3870728861283187,-0.003812365324051048
消费,2024-09-09,0.0,-0.3870728861283187,-0.009740724824523705
电动车新能源,2024-09-09,0.0,-0.3870728861283187,-0.006726700661820573
金融,2024-09-09,0.0,-0.3870728861283187,-0.014415781487101764
高端装备,2024-09-09,0.0,-0.3870728861283187,-0.009303084707034448
传统能源,2024-09-10,2.6030104142671475,-0.3903112634991335,0.007189184965226136
化工,2024-09-10,3.233615684689567,-0.3903112634991335,-0.008879919273461212
医药,2024-09-10,-15.96469827178362,-0.3903112634991335,-0.009487666034155628
半导体与信息技术,2024-09-10,1.1102230246251563e-16,-0.3903112634991335,0.01354190987625481
房地产,2024-09-10,6.495047546648816,-0.3903112634991335,-0.011067193675889486
旅游,2024-09-10,-5.94901175903115,-0.3903112634991335,-0.017470881863560606
消费,2024-09-10,-12.045289813805418,-0.3903112634991335,-0.0011572399826413893
电动车新能源,2024-09-10,-5.108703446970755,-0.3903112634991335,-0.0037138175860185196
金融,2024-09-10,-18.563038299510428,-0.3903112634991335,0.0033679753656659095
高端装备,2024-09-10,-0.6826792138998381,-0.3903112634991335,-0.0006589785831959682
传统能源,2024-09-11,0.0,-0.3979896766054381,-0.019318798975870854
化工,2024-09-11,0.0,-0.3979896766054381,0.00916310323762981
医药,2024-09-11,0.0,-0.3979896766054381,0.00606641123882512
半导体与信息技术,2024-09-11,0.0,-0.3979896766054381,-0.00368578668509556
房地产,2024-09-11,0.0,-0.3979896766054381,0.0027533528732570645
旅游,2024-09-11,0.0,-0.3979896766054381,-0.005419136325148122
消费,2024-09-11,0.0,-0.3979896766054381,-0.00014482259232440065
电动车新能源,2024-09-11,0.0,-0.3979896766054381,0.03332967876329351
金融,2024-09-11,0.0,-0.3979896766054381,-0.012275822384194779
高端装备,2024-09-11,0.0,-0.3979896766054381,0.014507088691064762
传统能源,2024-09-12,0.0,-0.4364337729200885,0.010996835443038089
化工,2024-09-12,4.803074015669546,-0.4364337729200885,-0.005649717514124242
医药,2024-09-12,1.307231170578997,-0.4364337729200885,-0.011107584893684574
半导体与信息技术,2024-09-12,3.202049343779699,-0.4364337729200885,-0.008554913294797628
房地产,2024-09-12,0.0,-0.4364337729200885,0.0007971656333036758
旅游,2024-09-12,1.307231170578997,-0.4364337729200885,-0.006300017027073057
消费,2024-09-12,1.307231170578997,-0.4364337729200885,-0.01969872537659334
电动车新能源,2024-09-12,0.0,-0.4364337729200885,-0.007639257294429713
金融,2024-09-12,1.307231170578997,-0.4364337729200885,0.0033012913875134497
高端装备,2024-09-12,0.0,-0.4364337729200885,-0.0003249918752030734
传统能源,2024-09-13,0.0,-0.4399420712862046,-0.0014868143047186422
化工,2024-09-13,-5.551115123125783e-17,-0.4399420712862046,-0.011363636363636354
医药,2024-09-13,0.0,-0.4399420712862046,-0.005776636713735406
半导体与信息技术,2024-09-13,4.440892098500626e-16,-0.4399420712862046,-0.005830223880597063
房地产,2024-09-13,-3.3306690738754696e-16,-0.4399420712862046,0.007965306664306615
旅游,2024-09-13,0.0,-0.4399420712862046,-0.007368060315284364
消费,2024-09-13,8.881784197001252e-16,-0.4399420712862046,-0.015366430260047248
电动车新能源,2024-09-13,8.881784197001252e-16,-0.4399420712862046,-0.026622474072490188
金融,2024-09-13,0.0,-0.4399420712862046,0.0002903319461917686
高端装备,2024-09-13,8.881784197001252e-16,-0.4399420712862046,-0.015929778933679972
传统能源,2024-09-14,-3.268077926447491,,0.0
化工,2024-09-14,1.4615288798606283,,0.0
医药,2024-09-14,-3.268077926447491,,0.0
半导体与信息技术,2024-09-14,2.310880063237092,,0.0
房地产,2024-09-14,3.268077926447491,,0.0
旅游,2024-09-14,1.4615288798606283,,0.0
消费,2024-09-14,1.4615288798606287,,0.0
电动车新能源,2024-09-14,3.268077926447491,,0.0
金融,2024-09-14,0.0,,0.0
高端装备,2024-09-14,1.4615288798606283,,0.0
传统能源,2024-09-15,-2.53144227664784,,0.0
化工,2024-09-15,2.53144227664784,,0.0
医药,2024-09-15,0.0,,0.0
半导体与信息技术,2024-09-15,2.53144227664784,,0.0
房地产,2024-09-15,0.0,,0.0
旅游,2024-09-15,2.53144227664784,,0.0
消费,2024-09-15,2.53144227664784,,0.0
电动车新能源,2024-09-15,2.53144227664784,,0.0
金融,2024-09-15,2.53144227664784,,0.0
高端装备,2024-09-15,2.53144227664784,,0.0
传统能源,2024-09-16,0.0,,0.0
化工,2024-09-16,0.0,,0.0
医药,2024-09-16,0.0,,0.0
半导体与信息技术,2024-09-16,0.0,,0.0
房地产,2024-09-16,0.0,,0.0
旅游,2024-09-16,0.0,,0.0
消费,2024-09-16,0.0,,0.0
电动车新能源,2024-09-16,0.0,,0.0
金融,2024-09-16,0.0,,0.0
高端装备,2024-09-16,0.0,,0.0
传统能源,2024-09-18,0.0,-0.438736052094001,0.023667711598746033
化工,2024-09-18,-1.79,-0.438736052094001,0.0067733990147782475
医药,2024-09-18,-1.79,-0.438736052094001,-0.002582311168495832
半导体与信息技术,2024-09-18,0.0,-0.438736052094001,-0.008210180623973717
房地产,2024-09-18,0.0,-0.438736052094001,0.023794889805953012
旅游,2024-09-18,0.0,-0.438736052094001,-0.00949421715863985
消费,2024-09-18,0.0,-0.438736052094001,-0.012755102040816202
电动车新能源,2024-09-18,0.0,-0.438736052094001,0.0002196836555359294
金融,2024-09-18,-1.79,-0.438736052094001,0.011126160990711842
高端装备,2024-09-18,-1.79,-0.438736052094001,0.0047902213412618355
传统能源,2024-09-19,0.0,-0.4155424514563895,0.0013780431786862835
化工,2024-09-19,2.220446049250313e-16,-0.4155424514563895,0.017533129459734953
医药,2024-09-19,0.0,-0.4155424514563895,0.010679611650485477
半导体与信息技术,2024-09-19,2.220446049250313e-16,-0.4155424514563895,0.010879848628192912
房地产,2024-09-19,0.0,-0.4155424514563895,0.027958833619211143
旅游,2024-09-19,0.0,-0.4155424514563895,0.017950505402579253
消费,2024-09-19,2.220446049250313e-16,-0.4155424514563895,0.022191822465420286
电动车新能源,2024-09-19,2.220446049250313e-16,-0.4155424514563895,0.007797056885569864
金融,2024-09-19,2.220446049250313e-16,-0.4155424514563895,0.0028705387044303254
高端装备,2024-09-19,2.220446049250313e-16,-0.4155424514563895,0.005753739930955293
传统能源,2024-09-20,0.0,-0.4127326344303049,0.008639143730886811
化工,2024-09-20,2.7461229967787406,-0.4127326344303049,-0.007814065317571672
医药,2024-09-20,1.582865014502291,-0.4127326344303049,-0.011207172590457892
半导体与信息技术,2024-09-20,-2.220446049250313e-16,-0.4127326344303049,0.003509592887225077
房地产,2024-09-20,7.067173445955779,-0.4127326344303049,0.014767228433171908
旅游,2024-09-20,5.8508055446809495,-0.4127326344303049,0.0
消费,2024-09-20,-1.5828650145022891,-0.4127326344303049,-0.003568773234200684
电动车新能源,2024-09-20,3.2301243516016798,-0.4127326344303049,-0.008390541571319576
金融,2024-09-20,-2.220446049250313e-16,-0.4127326344303049,0.00400725121648704
高端装备,2024-09-20,1.582865014502291,-0.4127326344303049,-0.01160509970578616
传统能源,2024-09-23,0.0,-0.4054088107602346,0.01508375653755789
化工,2024-09-23,0.0,-0.4054088107602346,-0.0010096930533117776
医药,2024-09-23,0.0,-0.4054088107602346,-0.0045336787564767
半导体与信息技术,2024-09-23,0.0,-0.4054088107602346,-0.0025647003963628068
房地产,2024-09-23,0.0,-0.4054088107602346,0.00041108279207446863
旅游,2024-09-23,0.0,-0.4054088107602346,-0.004280089025851641
消费,2024-09-23,0.0,-0.4054088107602346,-0.0011938516639308228
电动车新能源,2024-09-23,0.0,-0.4054088107602346,-0.004505494505494534
金融,2024-09-23,0.0,-0.4054088107602346,0.009217903639646474
高端装备,2024-09-23,0.0,-0.4054088107602346,-0.001819083843228042
传统能源,2024-09-24,1.4615288798606296,-0.042642714667446,0.048835125448028815
化工,2024-09-24,-3.268077926447491,-0.042642714667446,0.052354962603598176
医药,2024-09-24,2.310880063237092,-0.042642714667446,0.0335068314899154
半导体与信息技术,2024-09-24,2.310880063237092,-0.042642714667446,0.04067321178120609
房地产,2024-09-24,-4.621760126474182,-0.042642714667446,0.023750821827744906
旅游,2024-09-24,-7.307644399303149,-0.042642714667446,0.03834250343878942
消费,2024-09-24,-7.307644399303149,-0.042642714667446,0.05991334229792322
电动车新能源,2024-09-24,-3.268077926447491,-0.042642714667446,0.05486256761231911
金融,2024-09-24,-7.307644399303147,-0.042642714667446,0.048493408662900084
高端装备,2024-09-24,2.310880063237092,-0.042642714667446,0.0405897945659377
传统能源,2024-09-25,0.0,-0.0143299222924736,0.004414068062081666
化工,2024-09-25,2.220446049250313e-16,-0.0143299222924736,0.0019208605455243166
医药,2024-09-25,2.220446049250313e-16,-0.0143299222924736,0.014164305949008416
半导体与信息技术,2024-09-25,2.220446049250313e-16,-0.0143299222924736,0.005840071877807773
房地产,2024-09-25,0.0,-0.0143299222924736,0.016857991490728086
旅游,2024-09-25,2.220446049250313e-16,-0.0143299222924736,0.01606226196390148
消费,2024-09-25,2.220446049250313e-16,-0.0143299222924736,0.007189173949816663
电动车新能源,2024-09-25,2.220446049250313e-16,-0.0143299222924736,0.013917957304311335
金融,2024-09-25,2.220446049250313e-16,-0.0143299222924736,0.017422541535698333
高端装备,2024-09-25,2.220446049250313e-16,-0.0143299222924736,0.01496576978188191
传统能源,2024-09-26,0.0,0.1836665020481364,0.021548057839523738
化工,2024-09-26,-2.53144227664784,0.1836665020481364,0.04428680981595101
医药,2024-09-26,-2.53144227664784,0.1836665020481364,0.04314090626939793
半导体与信息技术,2024-09-26,2.53144227664784,0.1836665020481364,0.03595355069227324
房地产,2024-09-26,-2.53144227664784,0.1836665020481364,0.0808399778953186
旅游,2024-09-26,0.0,0.1836665020481364,0.0611147327249022
消费,2024-09-26,0.0,0.1836665020481364,0.0775367389783066
电动车新能源,2024-09-26,0.0,0.1836665020481364,0.034575291567757294
金融,2024-09-26,0.0,0.1836665020481364,0.04192779592197016
高端装备,2024-09-26,0.0,0.1836665020481364,0.02917647058823536
传统能源,2024-09-27,-3.144350035040174,0.345055186868629,0.0038856508465168194
化工,2024-09-27,3.144350035040174,0.345055186868629,0.05654488709381322
医药,2024-09-27,0.0,0.345055186868629,0.0749776852127344
半导体与信息技术,2024-09-27,6.765564066865169,0.345055186868629,0.07027376589782275
房地产,2024-09-27,0.9567952460464793,0.345055186868629,0.06756263238623905
旅游,2024-09-27,3.144350035040173,0.345055186868629,0.05498387344493927
消费,2024-09-27,-3.1443500350401736,0.345055186868629,0.07403558903753726
电动车新能源,2024-09-27,3.144350035040174,0.345055186868629,0.08669193934557051
金融,2024-09-27,-0.956795246046478,0.345055186868629,0.014994916977295825
高端装备,2024-09-27,0.9567952460464793,0.345055186868629,0.06355738454503879
传统能源,2024-09-29,0.0,,0.0
化工,2024-09-29,6.661338147750939e-16,,0.0
医药,2024-09-29,6.661338147750939e-16,,0.0
半导体与信息技术,2024-09-29,3.3306690738754696e-16,,0.0
房地产,2024-09-29,3.3306690738754696e-16,,0.0
旅游,2024-09-29,7.771561172376097e-16,,0.0
消费,2024-09-29,-3.3306690738754696e-16,,0.0
电动车新能源,2024-09-29,6.661338147750939e-16,,0.0
金融,2024-09-29,-8.881784197001252e-16,,0.0
高端装备,2024-09-29,3.3306690738754696e-16,,0.0
传统能源,2024-09-30,-2.409766170754266,0.8348532918258538,0.06220624827204846
化工,2024-09-30,11.87351674947233,0.8348532918258538,0.08566463944396174
医药,2024-09-30,-11.805395035536938,0.8348532918258538,0.10683642402435645
半导体与信息技术,2024-09-30,-5.388891692241144,0.8348532918258538,0.12547834843907335
房地产,2024-09-30,-4.263059318388339,0.8348532918258538,0.09352764094143406
旅游,2024-09-30,7.833823926313932,0.8348532918258538,0.0886591934779446
消费,2024-09-30,-0.2214422291921001,0.8348532918258538,0.0877977990083445
电动车新能源,2024-09-30,-8.395844210083938,0.8348532918258538,0.12026071789222437
金融,2024-09-30,-2.3978017963685,0.8348532918258538,0.0633503046490278
高端装备,2024-09-30,2.8856507320987403,0.8348532918258538,0.10848380624820875
传统能源,2024-10-01,-2.220446049250313e-16,,0.0
化工,2024-10-01,2.220446049250313e-16,,0.0
医药,2024-10-01,2.220446049250313e-16,,0.0
半导体与信息技术,2024-10-01,0.0,,0.0
房地产,2024-10-01,2.220446049250313e-16,,0.0
旅游,2024-10-01,2.220446049250313e-16,,0.0
消费,2024-10-01,2.220446049250313e-16,,0.0
电动车新能源,2024-10-01,2.220446049250313e-16,,0.0
金融,2024-10-01,2.220446049250313e-16,,0.0
高端装备,2024-10-01,0.0,,0.0
传统能源,2024-10-02,0.0,,0.0
化工,2024-10-02,0.0,,0.0
医药,2024-10-02,0.0,,0.0
半导体与信息技术,2024-10-02,0.0,,0.0
房地产,2024-10-02,0.0,,0.0
旅游,2024-10-02,0.0,,0.0
消费,2024-10-02,0.0,,0.0
电动车新能源,2024-10-02,0.0,,0.0
金融,2024-10-02,0.0,,0.0
高端装备,2024-10-02,0.0,,0.0
传统能源,2024-10-03,0.0,,0.0
化工,2024-10-03,0.0,,0.0
医药,2024-10-03,0.0,,0.0
半导体与信息技术,2024-10-03,0.0,,0.0
房地产,2024-10-03,0.0,,0.0
旅游,2024-10-03,0.0,,0.0
消费,2024-10-03,0.0,,0.0
电动车新能源,2024-10-03,0.0,,0.0
金融,2024-10-03,0.0,,0.0
高端装备,2024-10-03,0.0,,0.0
传统能源,2024-10-08,0.0,1.025278683890212,0.0040343571056740135
化工,2024-10-08,0.0,1.025278683890212,0.037932138284250794
医药,2024-10-08,0.0,1.025278683890212,0.08877219304826212
半导体与信息技术,2024-10-08,0.0,1.025278683890212,0.12508947745168242
房地产,2024-10-08,0.0,1.025278683890212,0.02527685666020152
旅游,2024-10-08,0.0,1.025278683890212,0.006418828563787171
消费,2024-10-08,-4.440892098500626e-16,1.025278683890212,0.02345747637576423
电动车新能源,2024-10-08,0.0,1.025278683890212,0.12144554617716974
金融,2024-10-08,0.0,1.025278683890212,0.051412872841444246
高端装备,2024-10-08,0.0,1.025278683890212,0.10277957336780874
传统能源,2024-10-09,0.0,1.387072675402354,-0.07219701879455598
化工,2024-10-09,0.0,1.387072675402354,-0.07925983037779494
医药,2024-10-09,0.0,1.387072675402354,-0.08406063389986229
半导体与信息技术,2024-10-09,0.0,1.387072675402354,-0.03133449976141256
房地产,2024-10-09,0.0,1.387072675402354,-0.08946115823518641
旅游,2024-10-09,0.0,1.387072675402354,-0.08955620515546103
消费,2024-10-09,0.0,1.387072675402354,-0.08657397349554641
电动车新能源,2024-10-09,0.0,1.387072675402354,-0.1018633540372671
金融,2024-10-09,0.0,1.387072675402354,-0.0594998133631951
高端装备,2024-10-09,0.0,1.387072675402354,-0.09566236811254392
传统能源,2024-10-10,3.3962862070208395,1.3836882266351525,0.04351774238614148
化工,2024-10-10,0.7411304107336878,1.3836882266351525,0.0008373806732542288
医药,2024-10-10,-5.09442931053126,1.3836882266351525,-0.0010030090270812808
半导体与信息技术,2024-10-10,0.7411304107336881,1.3836882266351525,-0.03694581280788167
房地产,2024-10-10,-3.3962862070208395,1.3836882266351525,-0.01581663427384228
旅游,2024-10-10,5.546112151769021,1.3836882266351525,0.004962054874489086
消费,2024-10-10,-0.7411304107336862,1.3836882266351525,0.02069211559043871
电动车新能源,2024-10-10,-5.094429310531259,1.3836882266351525,-0.004962981043039605
金融,2024-10-10,-0.7411304107336854,1.3836882266351525,0.022860771551039827
高端装备,2024-10-10,1.3865280379422549,1.3836882266351525,0.0049261083743843415
传统能源,2024-10-11,0.0,1.447404866499743,-0.014458799116406795
化工,2024-10-11,0.0,1.447404866499743,-0.033634538152610416
医药,2024-10-11,0.0,1.447404866499743,-0.04919678714859421
半导体与信息技术,2024-10-11,0.0,1.447404866499743,-0.04978687127024728
房地产,2024-10-11,0.0,1.447404866499743,-0.003064351378958108
旅游,2024-10-11,0.0,1.447404866499743,-0.026866105140865515
消费,2024-10-11,-5.551115123125783e-17,1.447404866499743,-0.02644762903413722
电动车新能源,2024-10-11,0.0,1.447404866499743,-0.06009811937857734
金融,2024-10-11,1.6653345369377348e-16,1.447404866499743,-0.005897873661337871
高端装备,2024-10-11,-5.551115123125783e-17,1.447404866499743,-0.04914860681114552
传统能源,2024-10-12,-2.220446049250313e-16,,0.0
化工,2024-10-12,2.220446049250313e-16,,0.0
医药,2024-10-12,0.0,,0.0
半导体与信息技术,2024-10-12,2.220446049250313e-16,,0.0
房地产,2024-10-12,2.220446049250313e-16,,0.0
旅游,2024-10-12,2.220446049250313e-16,,0.0
消费,2024-10-12,2.220446049250313e-16,,0.0
电动车新能源,2024-10-12,2.220446049250313e-16,,0.0
金融,2024-10-12,2.220446049250313e-16,,0.0
高端装备,2024-10-12,2.220446049250313e-16,,0.0
传统能源,2024-10-13,0.0,,0.0
化工,2024-10-13,0.0,,0.0
医药,2024-10-13,0.0,,0.0
半导体与信息技术,2024-10-13,0.0,,0.0
房地产,2024-10-13,0.0,,0.0
旅游,2024-10-13,0.0,,0.0
消费,2024-10-13,0.0,,0.0
电动车新能源,2024-10-13,0.0,,0.0
金融,2024-10-13,0.0,,0.0
高端装备,2024-10-13,0.0,,0.0
传统能源,2024-10-14,0.0,1.4483364186853402,0.009984378183794274
化工,2024-10-14,0.0,1.4483364186853402,0.014718614718614687
医药,2024-10-14,0.0,1.4483364186853402,0.0065997888067579336
半导体与信息技术,2024-10-14,0.0,1.4483364186853402,0.03768167952628754
房地产,2024-10-14,0.0,1.4483364186853402,0.037568306010928865
旅游,2024-10-14,0.0,1.4483364186853402,0.0023877033278614235
消费,2024-10-14,0.0,1.4483364186853402,0.008855911919578796
电动车新能源,2024-10-14,0.0,1.4483364186853402,0.019312744671596382
金融,2024-10-14,0.0,1.4483364186853402,0.021623731459797124
高端装备,2024-10-14,0.0,1.4483364186853402,0.022927689594356204
传统能源,2024-10-15,0.0,1.5028246880511833,-0.029858776059179526
化工,2024-10-15,0.0,1.5028246880511833,-0.02235494880546074
医药,2024-10-15,0.0,1.5028246880511833,-0.029635457644898944
半导体与信息技术,2024-10-15,0.0,1.5028246880511833,-0.020058793014006704
房地产,2024-10-15,0.0,1.5028246880511833,-0.015404871626069738
旅游,2024-10-15,0.0,1.5028246880511833,-0.020396010123566954
消费,2024-10-15,0.0,1.5028246880511833,-0.033096085409252574
电动车新能源,2024-10-15,0.0,1.5028246880511833,-0.02910301271656568
金融,2024-10-15,0.0,1.5028246880511833,-0.026438450370596778
高端装备,2024-10-15,0.0,1.5028246880511833,-0.024933687002652527
传统能源,2024-10-16,0.0,1.4917056445805723,-0.00395119922362408
化工,2024-10-16,0.0,1.4917056445805723,-0.005236515971373756
医药,2024-10-16,0.0,1.4917056445805723,-0.020000000000000018
半导体与信息技术,2024-10-16,0.0,1.4917056445805723,-0.018528321863419683
房地产,2024-10-16,0.0,1.4917056445805723,0.05589729874297933
旅游,2024-10-16,0.0,1.4917056445805723,-0.0007598784194530195
消费,2024-10-16,0.0,1.4917056445805723,-0.012759170653907637
电动车新能源,2024-10-16,0.0,1.4917056445805723,-0.018899437412095543
金融,2024-10-16,0.0,1.4917056445805723,0.013656698846244542
高端装备,2024-10-16,0.0,1.4917056445805723,-0.01822633297062015
传统能源,2024-10-17,-4.1338279273977205,1.5107876267079838,-0.010299951284014286
化工,2024-10-17,0.0,1.5107876267079838,-0.02000350938761175
医药,2024-10-17,-4.13382792739772,1.5107876267079838,-0.007997793712079315
半导体与信息技术,2024-10-17,-2.06691396369886,1.5107876267079838,0.008450197770585977
房地产,2024-10-17,0.0,1.5107876267079838,-0.062373353596757886
旅游,2024-10-17,0.0,1.5107876267079838,-0.008821292775665457
消费,2024-10-17,0.0,1.5107876267079838,-0.019758916366347745
电动车新能源,2024-10-17,2.0669139636988607,1.5107876267079838,-0.009138966042469332
金融,2024-10-17,0.0,1.5107876267079838,-0.0076655052264809065
高端装备,2024-10-17,2.0669139636988607,1.5107876267079838,-0.009836519811582178
传统能源,2024-10-18,-3.3306690738754696e-16,1.5378198855727527,0.015118486744954751
化工,2024-10-18,0.0,1.5378198855727527,0.028290062667860383
医药,2024-10-18,0.0,1.5378198855727527,0.04114539894356395
半导体与信息技术,2024-10-18,7.771561172376097e-16,1.5378198855727527,0.07862364057764304
房地产,2024-10-18,0.0,1.5378198855727527,0.01796447626122788
旅游,2024-10-18,-1.3322676295501878e-15,1.5378198855727527,0.027773515421205985
消费,2024-10-18,-7.771561172376097e-16,1.5378198855727527,0.02941176470588247
电动车新能源,2024-10-18,8.881784197001252e-16,1.5378198855727527,0.057961841034451345
金融,2024-10-18,-7.771561172376097e-16,1.5378198855727527,0.020677278401997512
高端装备,2024-10-18,8.881784197001252e-16,1.5378198855727527,0.04799216454456423
传统能源,2024-10-19,-3.58,,0.0
化工,2024-10-19,0.0,,0.0
医药,2024-10-19,3.58,,0.0
半导体与信息技术,2024-10-19,-3.58,,0.0
房地产,2024-10-19,3.58,,0.0
旅游,2024-10-19,3.58,,0.0
消费,2024-10-19,3.58,,0.0
电动车新能源,2024-10-19,0.0,,0.0
金融,2024-10-19,3.58,,0.0
高端装备,2024-10-19,-3.58,,0.0
传统能源,2024-10-20,-5.426311586694732,,0.0
化工,2024-10-20,5.1087034469707575,,0.0
医药,2024-10-20,6.917217166847763,,0.0
半导体与信息技术,2024-10-20,8.342477794850621,,0.0
房地产,2024-10-20,3.697408101179348,,0.0
旅游,2024-10-20,9.883797290965097,,0.0
消费,2024-10-20,12.22802791404512,,0.0
电动车新能源,2024-10-20,6.91721716684776,,0.0
金融,2024-10-20,7.733683900100052,,0.0
高端装备,2024-10-20,14.789632404717391,,0.0
传统能源,2024-10-21,0.0,1.5291022854468317,-0.005264616237184883
化工,2024-10-21,4.440892098500626e-16,1.5291022854468317,0.004179000522374965
医药,2024-10-21,6.661338147750939e-16,1.5291022854468317,0.0050734312416556016
半导体与信息技术,2024-10-21,0.0,1.5291022854468317,0.022148760330578554
房地产,2024-10-21,0.0,1.5291022854468317,0.002852783122138991
旅游,2024-10-21,0.0,1.5291022854468317,0.028217378321887088
消费,2024-10-21,0.0,1.5291022854468317,0.004433497536945774
电动车新能源,2024-10-21,4.440892098500626e-16,1.5291022854468317,0.011282051282051286
金融,2024-10-21,8.881784197001252e-16,1.5291022854468317,-0.013454628851005346
高端装备,2024-10-21,4.440892098500626e-16,1.5291022854468317,0.01628838451268355
传统能源,2024-10-23,0.0,1.5175531745840918,0.0010390689941812692
化工,2024-10-23,0.0,1.5175531745840918,0.01522148110141952
医药,2024-10-23,-5.551115123125783e-17,1.5175531745840918,0.0028939752696659493
半导体与信息技术,2024-10-23,0.0,1.5175531745840918,-0.011085751548744582
房地产,2024-10-23,0.0,1.5175531745840918,0.001703800786369447
旅游,2024-10-23,0.0,1.5175531745840918,0.004926822199681213
消费,2024-10-23,0.0,1.5175531745840918,0.010630587098332978
电动车新能源,2024-10-23,0.0,1.5175531745840918,0.009736444519053311
金融,2024-10-23,-4.440892098500626e-16,1.5175531745840918,0.00425170068027203
高端装备,2024-10-23,-4.440892098500626e-16,1.5175531745840918,0.020323084940073066
传统能源,2024-10-24,0.0,1.5438626920468372,-0.005189952252439345
化工,2024-10-24,0.0,1.5438626920468372,-0.018025606469002753
医药,2024-10-24,0.0,1.5438626920468372,-0.01364113326337879
半导体与信息技术,2024-10-24,0.0,1.5438626920468372,-0.006099571381470548
房地产,2024-10-24,0.0,1.5438626920468372,-0.0036634829255528523
旅游,2024-10-24,0.0,1.5438626920468372,-0.010814708002883866
消费,2024-10-24,0.0,1.5438626920468372,-0.016017212526894586
电动车新能源,2024-10-24,0.0,1.5438626920468372,-0.020282626766417233
金融,2024-10-24,0.0,1.5438626920468372,-0.00269417288892293
高端装备,2024-10-24,0.0,1.5438626920468372,-0.02298263534218592
传统能源,2024-10-25,3.268077926447491,1.539970324880087,-0.0008347245409016102
化工,2024-10-25,-0.7926253225583854,1.539970324880087,0.026419626007891717
医药,2024-10-25,1.46152887986063,1.539970324880087,0.014095744680850952
半导体与信息技术,2024-10-25,-0.7926253225583852,1.539970324880087,0.008127384309172259
房地产,2024-10-25,-0.7926253225583852,1.539970324880087,0.01707156927117537
旅游,2024-10-25,0.0,1.539970324880087,0.007434402332361589
消费,2024-10-25,-1.4615288798606294,1.539970324880087,0.008017492711370089
电动车新能源,2024-10-25,-0.7926253225583854,1.539970324880087,0.04615645681316827
金融,2024-10-25,-0.7926253225583854,1.539970324880087,-0.004476690336523648
高端装备,2024-10-25,-0.7926253225583854,1.539970324880087,0.03606900156821746
传统能源,2024-10-26,0.0,,0.0
化工,2024-10-26,0.0,,0.0
医药,2024-10-26,0.0,,0.0
半导体与信息技术,2024-10-26,0.0,,0.0
房地产,2024-10-26,0.0,,0.0
旅游,2024-10-26,0.0,,0.0
消费,2024-10-26,0.0,,0.0
电动车新能源,2024-10-26,0.0,,0.0
金融,2024-10-26,0.0,,0.0
高端装备,2024-10-26,0.0,,0.0
传统能源,2024-10-27,0.0,,0.0
化工,2024-10-27,0.0,,0.0
医药,2024-10-27,0.0,,0.0
半导体与信息技术,2024-10-27,0.0,,0.0
房地产,2024-10-27,-2.53144227664784,,0.0
旅游,2024-10-27,0.0,,0.0
消费,2024-10-27,0.0,,0.0
电动车新能源,2024-10-27,2.53144227664784,,0.0
金融,2024-10-27,0.0,,0.0
高端装备,2024-10-27,0.0,,0.0
传统能源,2024-10-28,4.440892098500626e-16,1.541468667860984,0.006404901141743302
化工,2024-10-28,-4.440892098500626e-16,1.541468667860984,0.00685274945679426
医药,2024-10-28,0.0,1.541468667860984,0.009703645423551066
半导体与信息技术,2024-10-28,4.440892098500626e-16,1.541468667860984,0.0018098058571898168
房地产,2024-10-28,0.0,1.541468667860984,0.035054874112330436
旅游,2024-10-28,0.0,1.541468667860984,0.015337867168282449
消费,2024-10-28,4.440892098500626e-16,1.541468667860984,0.01916124367317429
电动车新能源,2024-10-28,-1.1102230246251563e-16,1.541468667860984,-0.0030008110300081547
金融,2024-10-28,0.0,1.541468667860984,-0.005969917816715853
高端装备,2024-10-28,1.1102230246251563e-16,1.541468667860984,0.005171543895055697
传统能源,2024-10-29,0.0,1.5025946681978726,-0.019576646375207507
化工,2024-10-29,2.220446049250313e-16,1.5025946681978726,-0.02108233731739717
医药,2024-10-29,2.220446049250313e-16,1.5025946681978726,-0.018701298701298663
半导体与信息技术,2024-10-29,2.220446049250313e-16,1.5025946681978726,0.0021349975365412277
房地产,2024-10-29,0.0,1.5025946681978726,-0.020707291211875423
旅游,2024-10-29,0.0,1.5025946681978726,-0.012540971925324218
消费,2024-10-29,0.0,1.5025946681978726,-0.01903748374127945
电动车新能源,2024-10-29,0.0,1.5025946681978726,-0.017977710892377763
金融,2024-10-29,0.0,1.5025946681978726,-0.00054597925278832
高端装备,2024-10-29,2.220446049250313e-16,1.5025946681978726,-0.016940644999372645
传统能源,2024-10-30,2.3164018872702723,1.5151554355873174,-0.011147957383757845
化工,2024-10-30,19.078332539668462,1.5151554355873174,-0.004069866033576286
医药,2024-10-30,7.66305517045614,1.5151554355873174,-0.012440444679724827
半导体与信息技术,2024-10-30,23.55243287954463,1.5151554355873174,0.004424778761062065
房地产,2024-10-30,20.017038989178488,1.5151554355873174,0.015221960384688815
旅游,2024-10-30,20.434813787883023,1.5151554355873174,0.002453456487227612
消费,2024-10-30,11.748219607303394,1.5151554355873174,-0.007352941176470562
电动车新能源,2024-10-30,23.55243287954463,1.5151554355873174,-0.012756792577866216
金融,2024-10-30,16.525032663975427,1.5151554355873174,-0.012876541282971887
高端装备,2024-10-30,17.488450734439258,1.5151554355873174,-0.0019147306612202764
传统能源,2024-10-31,0.0,1.446850334948227,-0.0039957188726365
化工,2024-10-31,-1.601024671889849,1.446850334948227,-0.0005108121913843799
医药,2024-10-31,-2.6144623411579926,1.446850334948227,-0.009380863039399667
半导体与信息技术,2024-10-31,0.0,1.446850334948227,0.017294827867515128
房地产,2024-10-31,2.6144623411579926,1.446850334948227,0.03425345043914674
旅游,2024-10-31,2.6144623411579926,1.446850334948227,-0.005614742297725295
消费,2024-10-31,0.0,1.446850334948227,-0.0009714632665452916
电动车新能源,2024-10-31,0.0,1.446850334948227,0.003859708004698703
金融,2024-10-31,1.6010246718898489,1.446850334948227,-0.0021345560913905715
高端装备,2024-10-31,3.9216935117369895,1.446850334948227,0.008185189921984914
传统能源,2024-11-01,3.3306690738754696e-16,1.396757849696281,0.01683501683501687
化工,2024-11-01,3.3306690738754696e-16,1.396757849696281,0.005621805792163759
医药,2024-11-01,8.881784197001252e-16,1.396757849696281,0.0016233766233766378
半导体与信息技术,2024-11-01,3.3306690738754696e-16,1.396757849696281,-0.037690457097033
房地产,2024-11-01,3.3306690738754696e-16,1.396757849696281,-0.0006672328035909336
旅游,2024-11-01,0.0,1.396757849696281,-0.0011582452584335545
消费,2024-11-01,8.881784197001252e-16,1.396757849696281,0.008022365382277963
电动车新能源,2024-11-01,3.3306690738754696e-16,1.396757849696281,-0.004513540621865486
金融,2024-11-01,-1.1102230246251563e-16,1.396757849696281,0.004278244335287562
高端装备,2024-11-01,0.0,1.396757849696281,-0.011797539007991853
传统能源,2024-11-02,-2.53144227664784,,0.0
化工,2024-11-02,0.0,,0.0
医药,2024-11-02,-2.53144227664784,,0.0
半导体与信息技术,2024-11-02,0.0,,0.0
房地产,2024-11-02,0.0,,0.0
旅游,2024-11-02,0.0,,0.0
消费,2024-11-02,0.0,,0.0
电动车新能源,2024-11-02,0.0,,0.0
金融,2024-11-02,0.0,,0.0
高端装备,2024-11-02,0.0,,0.0
传统能源,2024-11-03,0.0,,0.0
化工,2024-11-03,0.0,,0.0
医药,2024-11-03,0.0,,0.0
半导体与信息技术,2024-11-03,0.0,,0.0
房地产,2024-11-03,0.0,,0.0
旅游,2024-11-03,0.0,,0.0
消费,2024-11-03,0.0,,0.0
电动车新能源,2024-11-03,0.0,,0.0
金融,2024-11-03,0.0,,0.0
高端装备,2024-11-03,0.0,,0.0
传统能源,2024-11-04,0.0,0.964703192607574,0.0001409046075806497
化工,2024-11-04,0.0,0.964703192607574,0.011519566322208963
医药,2024-11-04,0.0,0.964703192607574,0.011075094543490094
半导体与信息技术,2024-11-04,0.0,0.964703192607574,0.02183333333333337
房地产,2024-11-04,0.0,0.964703192607574,-0.0009104704097117056
旅游,2024-11-04,0.0,0.964703192607574,0.01869836208146114
消费,2024-11-04,0.0,0.964703192607574,0.013143615097069627
电动车新能源,2024-11-04,0.0,0.964703192607574,0.02921914357682609
金融,2024-11-04,0.0,0.964703192607574,0.014831177027453402
高端装备,2024-11-04,0.0,0.964703192607574,0.018613607188703307
传统能源,2024-11-05,0.0,0.7394107542537469,0.007396449704141883
化工,2024-11-05,0.0,0.7394107542537469,0.025121420197621758
医药,2024-11-05,0.0,0.7394107542537469,0.02377771840769416
半导体与信息技术,2024-11-05,0.0,0.7394107542537469,0.04615886478551623
房地产,2024-11-05,0.0,0.7394107542537469,0.043438639125152
旅游,2024-11-05,0.0,0.7394107542537469,0.01821286283437673
消费,2024-11-05,0.0,0.7394107542537469,0.01868602713639622
电动车新能源,2024-11-05,0.0,0.7394107542537469,0.03418175885136243
金融,2024-11-05,0.0,0.7394107542537469,0.023165422885572218
高端装备,2024-11-05,0.0,0.7394107542537469,0.03415248897290479
传统能源,2024-11-06,0.0,0.2750372219376466,-0.008181246066708447
化工,2024-11-06,0.0,0.2750372219376466,0.006698251919621034
医药,2024-11-06,0.0,0.2750372219376466,-0.0007828810020875654
半导体与信息技术,2024-11-06,0.0,0.2750372219376466,0.00093545369504211
房地产,2024-11-06,0.0,0.2750372219376466,0.020960698689956425
旅游,2024-11-06,0.0,0.2750372219376466,0.0069871436556736555
消费,2024-11-06,0.0,0.2750372219376466,-0.002804065895548491
电动车新能源,2024-11-06,0.0,0.2750372219376466,0.010175909126765026
金融,2024-11-06,0.0,0.2750372219376466,-0.007141771767208649
高端装备,2024-11-06,0.0,0.2750372219376466,0.0010967584694125954
传统能源,2024-11-07,0.0,0.3578498952012261,0.015721940214326047
化工,2024-11-07,0.0,0.3578498952012261,0.01428107757221686
医药,2024-11-07,0.0,0.3578498952012261,0.03577957691303202
半导体与信息技术,2024-11-07,0.0,0.3578498952012261,0.024922118380062308
房地产,2024-11-07,0.0,0.3578498952012261,0.03838038209295691
旅游,2024-11-07,0.0,0.3578498952012261,0.043436025534276945
消费,2024-11-07,0.0,0.3578498952012261,0.057293497363795964
电动车新能源,2024-11-07,0.0,0.3578498952012261,0.015930032797126348
金融,2024-11-07,0.0,0.3578498952012261,0.042852770125497486
高端装备,2024-11-07,0.0,0.3578498952012261,0.00462568472306768
传统能源,2024-11-08,1.79,0.2741321068953585,-0.010619837578954683
化工,2024-11-08,5.37,0.2741321068953585,0.0011200000000000099
医药,2024-11-08,-3.10037094554829,0.2741321068953585,-0.005547150781644028
半导体与信息技术,2024-11-08,3.100370945548291,0.2741321068953585,0.007294832826747699
房地产,2024-11-08,3.10037094554829,0.2741321068953585,-0.033172231985940215
旅游,2024-11-08,-3.10037094554829,0.2741321068953585,-0.010506716318659404
消费,2024-11-08,0.0,0.2741321068953585,-0.019060283687943214
电动车新能源,2024-11-08,5.37,0.2741321068953585,-0.0031514219830899304
金融,2024-11-08,0.0,0.2741321068953585,-0.016363369533313743
高端装备,2024-11-08,0.0,0.2741321068953585,0.000969344480794776
传统能源,2024-11-09,0.0,,0.0
化工,2024-11-09,0.0,,0.0
医药,2024-11-09,-4.13382792739772,,0.0
半导体与信息技术,2024-11-09,0.0,,0.0
房地产,2024-11-09,-2.0669139636988594,,0.0
旅游,2024-11-09,0.0,,0.0
消费,2024-11-09,0.0,,0.0
电动车新能源,2024-11-09,0.0,,0.0
金融,2024-11-09,0.0,,0.0
高端装备,2024-11-09,0.0,,0.0
传统能源,2024-11-10,-5.404757644409706,,0.0
化工,2024-11-10,1.582865014502291,,0.0
医药,2024-11-10,-3.9571625362557272,,0.0
半导体与信息技术,2024-11-10,0.4037655439502082,,0.0
房地产,2024-11-10,11.709200774556091,,0.0
旅游,2024-11-10,4.9793203303644695,,0.0
消费,2024-11-10,3.957162536255733,,0.0
电动车新能源,2024-11-10,1.582865014502291,,0.0
金融,2024-11-10,2.356644507203691,,0.0
高端装备,2024-11-10,1.582865014502291,,0.0
传统能源,2024-11-11,0.0,0.2438119952010142,-0.01746878069313873
化工,2024-11-11,0.0,0.2438119952010142,0.012625859037877607
医药,2024-11-11,2.220446049250313e-16,0.2438119952010142,0.006592292089249607
半导体与信息技术,2024-11-11,0.0,0.2438119952010142,0.04722389861194953
房地产,2024-11-11,0.0,0.2438119952010142,-0.011985912292660661
旅游,2024-11-11,2.220446049250313e-16,0.2438119952010142,-0.011827956989247324
消费,2024-11-11,2.220446049250313e-16,0.2438119952010142,-0.007681879801174962
电动车新能源,2024-11-11,0.0,0.2438119952010142,0.05081347829439431
金融,2024-11-11,2.220446049250313e-16,0.2438119952010142,-0.011861245803804543
高端装备,2024-11-11,0.0,0.2438119952010142,0.023725941169350007
传统能源,2024-11-12,0.0,0.1608154651587832,-0.009139593002499224
化工,2024-11-12,-2.6144623411579926,0.1608154651587832,-0.00583964646464652
医药,2024-11-12,-2.6144623411579926,0.1608154651587832,0.009571788413098137
半导体与信息技术,2024-11-12,-2.6144623411579926,0.1608154651587832,-0.015847860538827252
房地产,2024-11-12,-2.6144623411579926,0.1608154651587832,-0.006439372161214374
旅游,2024-11-12,1.6010246718898489,0.1608154651587832,0.00244831338411311
消费,2024-11-12,1.601024671889849,0.1608154651587832,-0.007513661202185773
电动车新能源,2024-11-12,-2.6144623411579926,0.1608154651587832,-0.0029351335485764407
金融,2024-11-12,-1.6010246718898498,0.1608154651587832,-0.01781669938094521
高端装备,2024-11-12,-2.6144623411579926,0.1608154651587832,-0.01489890031926222
传统能源,2024-11-13,0.0,0.1497873596030873,0.009151833969878398
化工,2024-11-13,0.0,0.1497873596030873,0.00222257501190648
医药,2024-11-13,0.0,0.1497873596030873,-0.006736526946107713
半导体与信息技术,2024-11-13,0.0,0.1497873596030873,0.0024886546625675354
房地产,2024-11-13,0.0,0.1497873596030873,-0.00960592558301021
旅游,2024-11-13,0.0,0.1497873596030873,-0.01546811397557657
消费,2024-11-13,0.0,0.1497873596030873,-0.0005735260380821394
电动车新能源,2024-11-13,0.0,0.1497873596030873,0.0055931704445097985
金融,2024-11-13,0.0,0.1497873596030873,0.001537279016141424
高端装备,2024-11-13,0.0,0.1497873596030873,0.007922218221102062
传统能源,2024-11-14,0.0,0.1774615375679428,-0.00778349043130544
化工,2024-11-14,0.0,0.1774615375679428,-0.024552510692222307
医药,2024-11-14,0.0,0.1774615375679428,-0.026626475759859325
半导体与信息技术,2024-11-14,0.0,0.1774615375679428,-0.037675233644859696
房地产,2024-11-14,0.0,0.1774615375679428,-0.0359333917616127
旅游,2024-11-14,0.0,0.1774615375679428,-0.018880926130099285
消费,2024-11-14,0.0,0.1774615375679428,-0.01469069206932161
电动车新能源,2024-11-14,0.0,0.1774615375679428,-0.0374707259953162
金融,2024-11-14,0.0,0.1774615375679428,-0.0012279355333845166
高端装备,2024-11-14,0.0,0.1774615375679428,-0.028105275693700027
传统能源,2024-11-15,0.0,0.0711723424132292,0.001007556675062915
化工,2024-11-15,-2.220446049250313e-16,0.0711723424132292,-0.014615134784020767
医药,2024-11-15,0.0,0.0711723424132292,-0.020645161290322567
半导体与信息技术,2024-11-15,0.0,0.0711723424132292,-0.03262518968133543
房地产,2024-11-15,0.0,0.0711723424132292,-0.033030303030303076
旅游,2024-11-15,4.440892098500626e-16,0.0711723424132292,-0.00505689001264209
消费,2024-11-15,-6.661338147750939e-16,0.0711723424132292,-0.010949330227140397
电动车新能源,2024-11-15,4.440892098500626e-16,0.0711723424132292,-0.035355839416058354
金融,2024-11-15,5.551115123125784e-16,0.0711723424132292,-0.016290149070231963
高端装备,2024-11-15,0.0,0.0711723424132292,-0.031736306825144056
传统能源,2024-11-18,0.0,0.0742541316808448,0.013300740527715904
化工,2024-11-18,0.0,0.0742541316808448,-0.012689518787079801
医药,2024-11-18,0.0,0.0742541316808448,-0.010803689064558641
半导体与信息技术,2024-11-18,0.0,0.0742541316808448,-0.0326274509803921
房地产,2024-11-18,0.0,0.0742541316808448,0.008523973675963692
旅游,2024-11-18,0.0,0.0742541316808448,-0.005364958350981275
消费,2024-11-18,0.0,0.0742541316808448,-0.01130608879990569
电动车新能源,2024-11-18,0.0,0.0742541316808448,-0.013241901158666303
金融,2024-11-18,0.0,0.0742541316808448,0.007030151538822027
高端装备,2024-11-18,0.0,0.0742541316808448,-0.01265502404454566
传统能源,2024-11-19,0.0,0.0758942214870621,-0.002057613168724215
化工,2024-11-19,2.220446049250313e-16,0.0758942214870621,0.020864630278751628
医药,2024-11-19,2.220446049250313e-16,0.0758942214870621,0.01038891848694723
半导体与信息技术,2024-11-19,2.220446049250313e-16,0.0758942214870621,0.027403924112210154
房地产,2024-11-19,0.0,0.0758942214870621,0.00522030948977692
旅游,2024-11-19,2.220446049250313e-16,0.0758942214870621,0.007523066004258228
消费,2024-11-19,2.220446049250313e-16,0.0758942214870621,-0.0008338296605122641
电动车新能源,2024-11-19,2.220446049250313e-16,0.0758942214870621,0.04249540698138832
金融,2024-11-19,2.220446049250313e-16,0.0758942214870621,0.0002327024511326048
高端装备,2024-11-19,2.220446049250313e-16,0.0758942214870621,0.022173801589336017
传统能源,2024-11-20,0.0,0.0745736784914123,0.004834696054034859
化工,2024-11-20,-0.337338278760987,0.0745736784914123,0.009156311314584498
医药,2024-11-20,2.137551533814981,0.0745736784914123,0.02135512786712357
半导体与信息技术,2024-11-20,-0.4093099565401207,0.0745736784914123,0.004892676767676685
房地产,2024-11-20,-1.9868883581101384,0.0745736784914123,0.006738794435857898
旅游,2024-11-20,5.397412460175786,0.0745736784914123,0.007889546351084853
消费,2024-11-20,4.767930577404647,0.0745736784914123,0.003576537911301969
电动车新能源,2024-11-20,0.4093099565401208,0.0745736784914123,0.005976553520802952
金融,2024-11-20,4.767930577404647,0.0745736784914123,-0.0019387359441644936
高端装备,2024-11-20,4.483765924169668,0.0745736784914123,0.0022570532915360264
传统能源,2024-11-21,0.0,0.0548810079118429,0.001061345786457224
化工,2024-11-21,0.0,0.0548810079118429,-0.00048606610499024594
医药,2024-11-21,0.0,0.0548810079118429,-0.005937016004130213
半导体与信息技术,2024-11-21,0.0,0.0548810079118429,0.003926495994974077
房地产,2024-11-21,0.0,0.0548810079118429,-0.0035003684598379214
旅游,2024-11-21,0.0,0.0548810079118429,-0.004193458205199896
消费,2024-11-21,0.0,0.0548810079118429,0.0003563791874554578
电动车新能源,2024-11-21,0.0,0.0548810079118429,0.0037321959022014184
金融,2024-11-21,0.0,0.0548810079118429,0.0017094017094017033
高端装备,2024-11-21,0.0,0.0548810079118429,0.0
传统能源,2024-11-22,0.0,0.1774312606769226,-0.025445292620865145
化工,2024-11-22,0.0,0.1774312606769226,-0.03679688766412714
医药,2024-11-22,0.0,0.1774312606769226,-0.03791223058945725
半导体与信息技术,2024-11-22,0.0,0.1774312606769226,-0.03801627033792243
房地产,2024-11-22,0.0,0.1774312606769226,-0.024650274234300884
旅游,2024-11-22,0.0,0.1774312606769226,-0.023862998315553052
消费,2024-11-22,0.0,0.1774312606769226,-0.03301270632941444
电动车新能源,2024-11-22,0.0,0.1774312606769226,-0.03558961906207325
金融,2024-11-22,0.0,0.1774312606769226,-0.033043748060812894
高端装备,2024-11-22,0.0,0.1774312606769226,-0.0365319654697861
传统能源,2024-11-24,0.0,,0.0
化工,2024-11-24,0.0,,0.0
医药,2024-11-24,0.0,,0.0
半导体与信息技术,2024-11-24,0.0,,0.0
房地产,2024-11-24,0.0,,0.0
旅游,2024-11-24,0.0,,0.0
消费,2024-11-24,0.0,,0.0
电动车新能源,2024-11-24,0.0,,0.0
金融,2024-11-24,0.0,,0.0
高端装备,2024-11-24,0.0,,0.0
传统能源,2024-11-25,-7.843387023473979,0.1775547835912938,0.0011604293588627357
化工,2024-11-25,-5.228924682315985,0.1775547835912938,0.0005048805116123489
医药,2024-11-25,-5.228924682315985,0.1775547835912938,-0.00512820512820511
半导体与信息技术,2024-11-25,-5.228924682315984,0.1775547835912938,-0.011709221011546589
房地产,2024-11-25,-3.202049343779698,0.1775547835912938,-0.00252732672016176
旅游,2024-11-25,3.202049343779698,0.1775547835912938,0.009059534081104381
消费,2024-11-25,0.0,0.1775547835912938,-0.003929755618322428
电动车新能源,2024-11-25,-1.3072311705789974,0.1775547835912938,0.015972932567471787
金融,2024-11-25,3.202049343779698,0.1775547835912938,-0.004331782448259158
高端装备,2024-11-25,3.202049343779698,0.1775547835912938,0.003765744708479346
传统能源,2024-11-27,-9.992007221626409e-16,0.1982303340426213,0.008291512109971588
化工,2024-11-27,-8.881784197001252e-16,0.1982303340426213,0.015784114052953324
医药,2024-11-27,4.440892098500626e-16,0.1982303340426213,0.017857142857142794
半导体与信息技术,2024-11-27,-9.992007221626409e-16,0.1982303340426213,0.03173284598770554
房地产,2024-11-27,2.220446049250313e-16,0.1982303340426213,0.01716846556838969
旅游,2024-11-27,-8.881784197001252e-16,0.1982303340426213,0.012554662152630902
消费,2024-11-27,-1.3322676295501878e-15,0.1982303340426213,0.01151537424966298
电动车新能源,2024-11-27,-8.881784197001252e-16,0.1982303340426213,0.02050132137422933
金融,2024-11-27,8.881784197001252e-16,0.1982303340426213,0.011912376079309395
高端装备,2024-11-27,-9.992007221626409e-16,0.1982303340426213,0.023231395196219973
传统能源,2024-11-28,-1.1102230246251563e-16,0.2081072879560529,-0.007574118156243315
化工,2024-11-28,0.0,0.2081072879560529,-0.011862990810359242
医药,2024-11-28,4.440892098500626e-16,0.2081072879560529,-0.012227538543328031
半导体与信息技术,2024-11-28,0.0,0.2081072879560529,-0.007890499194847078
房地产,2024-11-28,0.0,0.2081072879560529,0.011417933602233976
旅游,2024-11-28,4.440892098500626e-16,0.2081072879560529,-0.0013931457230426103
消费,2024-11-28,0.0,0.2081072879560529,-0.010415405110814957
电动车新能源,2024-11-28,0.0,0.2081072879560529,-0.015851840226006386
金融,2024-11-28,4.440892098500626e-16,0.2081072879560529,-0.005767559453267013
高端装备,2024-11-28,4.440892098500626e-16,0.2081072879560529,-0.01000513083632626
传统能源,2024-11-29,-9.197186526324234,0.2235119833594432,0.000872219799389562
化工,2024-11-29,6.8551780915353815,0.2235119833594432,0.01082177882989499
医药,2024-11-29,-6.200741891096582,0.2235119833594432,0.015339074273412301
半导体与信息技术,2024-11-29,6.8551780915353815,0.2235119833594432,0.022723583833793137
房地产,2024-11-29,3.4762097585897003,0.2235119833594432,0.003926621265108343
旅游,2024-11-29,-9.197186526324236,0.2235119833594432,0.004045758928571397
消费,2024-11-29,-9.197186526324236,0.2235119833594432,0.013462244523314126
电动车新能源,2024-11-29,14.542028744298367,0.2235119833594432,0.01602743002950313
金融,2024-11-29,1.7763568394002505e-15,0.2235119833594432,0.005006357279084606
高端装备,2024-11-29,6.8551780915353815,0.2235119833594432,0.015288934957242706
传统能源,2024-11-30,3.988735864043073,,0.0
化工,2024-11-30,8.425149165536382,,0.0
医药,2024-11-30,5.740771476278879,,0.0
半导体与信息技术,2024-11-30,1.503900810246082,,0.0
房地产,2024-11-30,15.30872393674367,,0.0
旅游,2024-11-30,15.446106803483367,,0.0
消费,2024-11-30,24.845990957630704,,0.0
电动车新能源,2024-11-30,14.061960846807343,,0.0
金融,2024-11-30,14.735158435444362,,0.0
高端装备,2024-11-30,12.637723748304577,,0.0
传统能源,2024-12-01,0.0,,0.0
化工,2024-12-01,0.0,,0.0
医药,2024-12-01,0.0,,0.0
半导体与信息技术,2024-12-01,0.0,,0.0
房地产,2024-12-01,0.0,,0.0
旅游,2024-12-01,0.0,,0.0
消费,2024-12-01,0.0,,0.0
电动车新能源,2024-12-01,0.0,,0.0
金融,2024-12-01,0.0,,0.0
高端装备,2024-12-01,0.0,,0.0
传统能源,2024-12-02,0.0,1.1476238471010327,0.001888162672476268
化工,2024-12-02,0.0,1.1476238471010327,0.009033121445299441
医药,2024-12-02,0.0,1.1476238471010327,0.008481314603763446
半导体与信息技术,2024-12-02,0.0,1.1476238471010327,0.01190287255991107
房地产,2024-12-02,0.0,1.1476238471010327,0.026034345780113544
旅游,2024-12-02,0.0,1.1476238471010327,0.02125885785744064
消费,2024-12-02,-4.440892098500626e-16,1.1476238471010327,0.009056877188745371
电动车新能源,2024-12-02,0.0,1.1476238471010327,0.014675875058860477
金融,2024-12-02,0.0,1.1476238471010327,0.005455839329485457
高端装备,2024-12-02,0.0,1.1476238471010327,0.00906074527820322
传统能源,2024-12-03,4.440892098500626e-16,1.0622115204888565,0.011525079733256005
化工,2024-12-03,-1.1102230246251563e-16,1.0622115204888565,-0.003315649867373982
医药,2024-12-03,0.0,1.0622115204888565,-0.004467805519053791
半导体与信息技术,2024-12-03,-4.440892098500626e-16,1.0622115204888565,-0.012860727728983612
房地产,2024-12-03,0.0,1.0622115204888565,0.008219667639525863
旅游,2024-12-03,-4.440892098500626e-16,1.0622115204888565,-0.009795918367346945
消费,2024-12-03,4.440892098500626e-16,1.0622115204888565,0.0014360938247965915
电动车新能源,2024-12-03,0.0,1.0622115204888565,-0.0072704772217494495
金融,2024-12-03,0.0,1.0622115204888565,0.010459263919471384
高端装备,2024-12-03,0.0,1.0622115204888565,-0.003920576704186107
传统能源,2024-12-04,0.0,1.0626356313265026,0.02515227517019003
化工,2024-12-04,2.220446049250313e-16,1.0626356313265026,-0.01330671989354626
医药,2024-12-04,0.0,1.0626356313265026,-0.011087645195353879
半导体与信息技术,2024-12-04,2.220446049250313e-16,1.0626356313265026,-0.006514140451223338
房地产,2024-12-04,2.220446049250313e-16,1.0626356313265026,-0.021858569149878937
旅游,2024-12-04,2.220446049250313e-16,1.0626356313265026,-0.014427040395713076
消费,2024-12-04,0.0,1.0626356313265026,-0.008962715105162444
电动车新能源,2024-12-04,2.220446049250313e-16,1.0626356313265026,-0.015582391897156267
金融,2024-12-04,2.220446049250313e-16,1.0626356313265026,-0.0038135263444625256
高端装备,2024-12-04,2.220446049250313e-16,1.0626356313265026,-0.014093448450990365
传统能源,2024-12-05,0.0,0.9116106484891656,-0.009436600027960318
化工,2024-12-05,0.0,0.9116106484891656,-0.0030343897505056283
医药,2024-12-05,1.6653345369377348e-16,0.9116106484891656,-0.006139882541377428
半导体与信息技术,2024-12-05,0.0,0.9116106484891656,0.00495762034223568
房地产,2024-12-05,0.0,0.9116106484891656,0.006100138914054476
旅游,2024-12-05,0.0,0.9116106484891656,0.01059528788512476
消费,2024-12-05,0.0,0.9116106484891656,-0.004702761365006691
电动车新能源,2024-12-05,0.0,0.9116106484891656,-0.0038781163434904453
金融,2024-12-05,0.0,0.9116106484891656,-0.0009375000000000355
高端装备,2024-12-05,0.0,0.9116106484891656,-0.0006439150032194751
传统能源,2024-12-06,0.0,0.9386481858528464,0.0056453320160891884
化工,2024-12-06,8.152434518070573,0.9386481858528464,0.014034494420020138
医药,2024-12-06,8.319168227653531,0.9386481858528464,0.024442653773838252
半导体与信息技术,2024-12-06,3.396286207020839,0.9386481858528464,0.01400381922342464
房地产,2024-12-06,7.92466781638196,0.9386481858528464,0.012786649057509925
旅游,2024-12-06,5.54611215176902,0.9386481858528464,0.020968409435784263
消费,2024-12-06,-1.3865280379422562,0.9386481858528464,0.007874969711654911
电动车新能源,2024-12-06,-3.39628620702084,0.9386481858528464,0.015016685205784253
金融,2024-12-06,-3.3962862070208395,0.9386481858528464,0.016499843603378306
高端装备,2024-12-06,8.152434518070573,0.9386481858528464,0.01134020618556697
传统能源,2024-12-09,-6.765564066865169,0.9277030395390804,0.00357869623184337
化工,2024-12-09,3.1443500350401727,0.9277030395390804,0.0005002501250623848
医药,2024-12-09,-5.740771476278876,0.9277030395390804,0.0023597273203983526
半导体与信息技术,2024-12-09,10.481166783467245,0.9277030395390804,-0.010043942247332072
房地产,2024-12-09,10.481166783467245,0.9277030395390804,-0.030347934325173465
旅游,2024-12-09,4.192466713386898,0.9277030395390804,-0.005269558167815158
消费,2024-12-09,2.7062256267460696,0.9277030395390804,-0.006010337780983255
电动车新能源,2024-12-09,10.481166783467245,0.9277030395390804,-0.0004696673189824585
金融,2024-12-09,2.7062256267460696,0.9277030395390804,-0.0010000769289946199
高端装备,2024-12-09,7.654361968371834,0.9277030395390804,-0.0050968399592252744
传统能源,2024-12-10,-17.66683433142785,0.9258489299855877,-0.0017480072717102058
化工,2024-12-10,19.01718019876485,0.9258489299855877,0.00550000000000006
医药,2024-12-10,21.03317164522184,0.9258489299855877,-0.0031388961548521888
半导体与信息技术,2024-12-10,21.133672686310856,0.9258489299855877,0.012048192771084265
房地产,2024-12-10,15.801697004919884,0.9258489299855877,0.009658292071642594
旅游,2024-12-10,20.075575063352325,0.9258489299855877,0.018065743004618495
消费,2024-12-10,16.28801645382273,0.9258489299855877,0.01826097472487609
电动车新能源,2024-12-10,24.78142785770559,0.9258489299855877,-0.0011747200250605827
金融,2024-12-10,12.694932625477438,0.9258489299855877,0.01193593100261836
高端装备,2024-12-10,14.018492548535068,0.9258489299855877,0.003329918032786816
传统能源,2024-12-11,0.0,0.9171691263927356,0.011767177978566856
化工,2024-12-11,0.0,0.9171691263927356,0.0031493452676942812
医药,2024-12-11,0.0,0.9171691263927356,0.0023615848858566935
半导体与信息技术,2024-12-11,0.0,0.9171691263927356,0.003916040100250706
房地产,2024-12-11,0.0,0.9171691263927356,0.0231276866259007
旅游,2024-12-11,0.0,0.9171691263927356,0.015076717811874474
消费,2024-12-11,0.0,0.9171691263927356,0.01080760095011879
电动车新能源,2024-12-11,0.0,0.9171691263927356,-0.006899796142386783
金融,2024-12-11,0.0,0.9171691263927356,-0.010729777033711252
高端装备,2024-12-11,0.0,0.9171691263927356,-0.0037018126116926675
传统能源,2024-12-12,0.0,0.8911472934321494,-0.0029768085842851733
化工,2024-12-12,-5.846115519442519,0.8911472934321494,0.007766027759418481
医药,2024-12-12,-7.307644399303149,0.8911472934321494,0.006282722513089034
半导体与信息技术,2024-12-12,-2.310880063237091,0.8911472934321494,0.0029645810578873277
房地产,2024-12-12,-5.548377257908697,0.8911472934321494,0.010237292147464494
旅游,2024-12-12,1.4615288798606283,0.8911472934321494,0.02155625657202931
消费,2024-12-12,0.0,0.8911472934321494,0.020561626130889632
电动车新能源,2024-12-12,-2.310880063237091,0.8911472934321494,0.01010579504184439
金融,2024-12-12,0.0,0.8911472934321494,0.013307692307692243
高端装备,2024-12-12,-3.268077926447491,0.8911472934321494,0.008968609865470878
传统能源,2024-12-13,-2.220446049250313e-16,0.9313996960836538,-0.0212470490209693
化工,2024-12-13,2.220446049250313e-16,0.9313996960836538,-0.02410231185440248
医药,2024-12-13,2.220446049250313e-16,0.9313996960836538,-0.027575442247658732
半导体与信息技术,2024-12-13,2.220446049250313e-16,0.9313996960836538,-0.01866832607342872
房地产,2024-12-13,2.220446049250313e-16,0.9313996960836538,-0.03368088097469546
旅游,2024-12-13,2.220446049250313e-16,0.9313996960836538,-0.0023160061760164607
消费,2024-12-13,2.220446049250313e-16,0.9313996960836538,-0.025788625374165375
电动车新能源,2024-12-13,2.220446049250313e-16,0.9313996960836538,-0.02438643113959682
金融,2024-12-13,2.220446049250313e-16,0.9313996960836538,-0.0261899339558187
高端装备,2024-12-13,2.220446049250313e-16,0.9313996960836538,-0.024380952380952392
传统能源,2024-12-15,-4.1338279273977205,,0.0
化工,2024-12-15,0.0,,0.0
医药,2024-12-15,2.0669139636988607,,0.0
半导体与信息技术,2024-12-15,4.1338279273977205,,0.0
房地产,2024-12-15,0.0,,0.0
旅游,2024-12-15,0.0,,0.0
消费,2024-12-15,4.1338279273977205,,0.0
电动车新能源,2024-12-15,2.066913963698861,,0.0
金融,2024-12-15,0.0,,0.0
高端装备,2024-12-15,0.0,,0.0
传统能源,2024-12-16,0.0,0.932528834393874,0.012414869466515377
化工,2024-12-16,6.200741891096581,0.932528834393874,-0.011424731182795522
医药,2024-12-16,0.0,0.932528834393874,-0.010968432316747045
半导体与信息技术,2024-12-16,6.200741891096581,0.932528834393874,-0.016169942929613157
房地产,2024-12-16,6.200741891096581,0.932528834393874,-0.013093289689034227
旅游,2024-12-16,3.58,0.932528834393874,-0.005803456280629282
消费,2024-12-16,3.58,0.932528834393874,-0.013353817064523765
电动车新能源,2024-12-16,6.200741891096581,0.932528834393874,-0.01682422688671681
金融,2024-12-16,3.58,0.932528834393874,0.0007015902712816935
高端装备,2024-12-16,6.200741891096581,0.932528834393874,-0.012885591565794607
传统能源,2024-12-17,0.0,0.9258232425186402,-0.004344474809053311
化工,2024-12-17,0.0,0.9258232425186402,0.0006798096532969478
医药,2024-12-17,0.0,0.9258232425186402,-0.0032458750338111297
半导体与信息技术,2024-12-17,0.0,0.9258232425186402,-0.006606509829197527
房地产,2024-12-17,0.0,0.9258232425186402,-0.02745531601253004
旅游,2024-12-17,0.0,0.9258232425186402,-0.02775976131794
消费,2024-12-17,0.0,0.9258232425186402,0.0011977482333214162
电动车新能源,2024-12-17,0.0,0.9258232425186402,0.002037157757496688
金融,2024-12-17,0.0,0.9258232425186402,-0.0006231985666433904
高端装备,2024-12-17,0.0,0.9258232425186402,0.001054852320675037
传统能源,2024-12-18,0.0,0.9295818343913578,0.008797241185164228
化工,2024-12-18,0.0,0.9295818343913578,0.00033967391304345895
医药,2024-12-18,0.0,0.9295818343913578,0.001899592944369033
半导体与信息技术,2024-12-18,0.0,0.9295818343913578,0.017680454176804306
房地产,2024-12-18,0.0,0.9295818343913578,-0.0006947075912592249
旅游,2024-12-18,0.0,0.9295818343913578,-0.009739826551034114
消费,2024-12-18,0.0,0.9295818343913578,-0.0015552099533436836
电动车新能源,2024-12-18,0.0,0.9295818343913578,-0.0030088639505571058
金融,2024-12-18,0.0,0.9295818343913578,0.007171252630758573
高端装备,2024-12-18,0.0,0.9295818343913578,0.0013171759747101497
传统能源,2024-12-19,-2.220446049250313e-16,0.9295905523247012,-0.015836472722198902
化工,2024-12-19,0.0,0.9295905523247012,-0.0039049235993208198
医药,2024-12-19,0.0,0.9295905523247012,-0.00189599133261098
半导体与信息技术,2024-12-19,0.0,0.9295905523247012,0.022951864839018343
房地产,2024-12-19,0.0,0.9295905523247012,-0.01257662895784617
旅游,2024-12-19,0.0,0.9295905523247012,-0.00538938291565616
消费,2024-12-19,0.0,0.9295905523247012,-0.009944883776659474
电动车新能源,2024-12-19,0.0,0.9295905523247012,0.00024469820554640087
金融,2024-12-19,0.0,0.9295905523247012,-0.006191471248355396
高端装备,2024-12-19,0.0,0.9295905523247012,0.0006577216521967966
传统能源,2024-12-20,-2.2641908046805623,0.7628726438578417,-0.018855887148224282
化工,2024-12-20,2.7062256267460656,0.7628726438578417,-0.004772456110448298
医药,2024-12-20,4.528381609361116,0.7628726438578417,-0.0027137042062415073
半导体与信息技术,2024-12-20,2.7062256267460656,0.7628726438578417,0.015892801495793085
房地产,2024-12-20,4.528381609361116,0.7628726438578417,0.0023041474654377225
旅游,2024-12-20,7.160000000000003,0.7628726438578417,-0.007179626117583271
消费,2024-12-20,2.7062256267460656,0.7628726438578417,-0.0015732784702893188
电动车新能源,2024-12-20,-2.2641908046805623,0.7628726438578417,-0.002283291201174209
金融,2024-12-20,2.7062256267460656,0.7628726438578417,-0.0007008799937699983
高端装备,2024-12-20,2.7062256267460656,0.7628726438578417,-0.006047061916655827
传统能源,2024-12-22,0.0,,0.0
化工,2024-12-22,0.0,,0.0
医药,2024-12-22,0.0,,0.0
半导体与信息技术,2024-12-22,0.0,,0.0
房地产,2024-12-22,0.0,,0.0
旅游,2024-12-22,0.0,,0.0
消费,2024-12-22,0.0,,0.0
电动车新能源,2024-12-22,0.0,,0.0
金融,2024-12-22,0.0,,0.0
高端装备,2024-12-22,0.0,,0.0
传统能源,2024-12-23,-2.53144227664784,0.75678507588041,0.00700816414998906
化工,2024-12-23,2.53144227664784,0.75678507588041,-0.0018838842267511202
医药,2024-12-23,0.0,0.75678507588041,-0.004897959183673417
半导体与信息技术,2024-12-23,0.0,0.75678507588041,-0.02009202453987735
房地产,2024-12-23,2.53144227664784,0.75678507588041,-0.03378033205619424
旅游,2024-12-23,2.53144227664784,0.75678507588041,-0.019647973802701557
消费,2024-12-23,2.53144227664784,0.75678507588041,-0.0052121212121212235
电动车新能源,2024-12-23,0.0,0.75678507588041,-0.013404168369431924
金融,2024-12-23,0.0,0.75678507588041,0.008338528678304424
高端装备,2024-12-23,2.53144227664784,0.75678507588041,-0.004629017325750495
传统能源,2024-12-24,0.0,0.7791656423965014,0.00789209355718179
化工,2024-12-24,0.0,0.7791656423965014,0.013040494166094874
医药,2024-12-24,0.0,0.7791656423965014,0.00929723817336603
半导体与信息技术,2024-12-24,0.0,0.7791656423965014,0.013773673501330519
房地产,2024-12-24,0.0,0.7791656423965014,0.004097548080100655
旅游,2024-12-24,0.0,0.7791656423965014,0.008350730688935215
消费,2024-12-24,0.0,0.7791656423965014,0.009747776288534293
电动车新能源,2024-12-24,0.0,0.7791656423965014,0.016402949217132035
金融,2024-12-24,0.0,0.7791656423965014,0.01530257361465348
高端装备,2024-12-24,0.0,0.7791656423965014,0.01421737975019921
传统能源,2024-12-25,0.0,0.7279919904455456,0.012742027334851969
化工,2024-12-25,0.0,0.7279919904455456,-0.011517615176151796
医药,2024-12-25,0.0,0.7279919904455456,-0.0002709292874559788
半导体与信息技术,2024-12-25,0.0,0.7279919904455456,-0.0049405589007257555
房地产,2024-12-25,0.0,0.7279919904455456,-0.014809451721187528
旅游,2024-12-25,0.0,0.7279919904455456,-0.00897170462387864
消费,2024-12-25,0.0,0.7279919904455456,-0.0048268372149149474
电动车新能源,2024-12-25,0.0,0.7279919904455456,-0.012388947754503277
金融,2024-12-25,0.0,0.7279919904455456,0.00616579127654715
高端装备,2024-12-25,0.0,0.7279919904455456,-0.006288484213284429
传统能源,2024-12-26,1.3531128133730328,0.7063075738929702,-0.010473044211710247
化工,2024-12-26,3.827180984185917,0.7063075738929702,0.00274160383824551
医药,2024-12-26,-2.870385738139438,0.7063075738929702,-0.008401084010840054
半导体与信息技术,2024-12-26,2.870385738139439,0.7063075738929702,0.021877424359968867
房地产,2024-12-26,-2.096233356693449,0.7063075738929702,-0.0009353287012291434
旅游,2024-12-26,-2.870385738139438,0.7063075738929702,0.0004178272980501774
消费,2024-12-26,0.0,0.7063075738929702,-0.002910149145143648
电动车新能源,2024-12-26,8.118676880238203,0.7063075738929702,0.0034662045060658286
金融,2024-12-26,2.096233356693449,0.7063075738929702,-0.0020426690876079734
高端装备,2024-12-26,2.870385738139439,0.7063075738929702,0.0
传统能源,2024-12-27,0.0,0.6849083621127356,7.103281716158705e-05
化工,2024-12-27,0.0,0.6849083621127356,0.00034176349965830966
医药,2024-12-27,0.0,0.6849083621127356,-0.0008198961464881416
半导体与信息技术,2024-12-27,0.0,0.6849083621127356,-0.011843303978135267
房地产,2024-12-27,0.0,0.6849083621127356,0.009763274040390568
旅游,2024-12-27,0.0,0.6849083621127356,0.010719754977029039
消费,2024-12-27,0.0,0.6849083621127356,0.005107624954396206
电动车新能源,2024-12-27,0.0,0.6849083621127356,0.0002467308166789195
金融,2024-12-27,0.0,0.6849083621127356,-0.00015161852778411422
高端装备,2024-12-27,0.0,0.6849083621127356,0.0019775873434411118
传统能源,2024-12-28,0.0,,0.0
化工,2024-12-28,0.0,,0.0
医药,2024-12-28,0.0,,0.0
半导体与信息技术,2024-12-28,0.0,,0.0
房地产,2024-12-28,0.0,,0.0
旅游,2024-12-28,0.0,,0.0
消费,2024-12-28,0.0,,0.0
电动车新能源,2024-12-28,0.0,,0.0
金融,2024-12-28,0.0,,0.0
高端装备,2024-12-28,0.0,,0.0
传统能源,2024-12-30,9.05113315356902,0.6764157649279001,0.012713971162724658
化工,2024-12-30,10.96621079593034,0.6764157649279001,0.0022207037922787887
医药,2024-12-30,11.2636323688859,0.6764157649279001,0.001094091903719896
半导体与信息技术,2024-12-30,6.967565550245633,0.6764157649279001,0.0013829133374307911
房地产,2024-12-30,6.967565550245634,0.6764157649279001,-0.01490066225165565
旅游,2024-12-30,5.032777936184022,0.6764157649279001,-0.015151515151515138
消费,2024-12-30,5.608782074892587,0.6764157649279001,-0.006049606775559546
电动车新能源,2024-12-30,7.555874295118755,0.6764157649279001,0.003946719289590561
金融,2024-12-30,3.2253561164501034,0.6764157649279001,0.011221472439153946
高端装备,2024-12-30,8.10157410817818,0.6764157649279001,0.0050000000000001155
传统能源,2024-12-31,1.1102230246251563e-16,0.7342726425952698,-0.004488708093701721
化工,2024-12-31,-9.992007221626409e-16,0.7342726425952698,-0.016703596386569042
医药,2024-12-31,-8.881784197001252e-16,0.7342726425952698,-0.015573770491803196
半导体与信息技术,2024-12-31,-4.440892098500626e-16,0.7342726425952698,-0.03820776430873085
房地产,2024-12-31,-6.661338147750939e-16,0.7342726425952698,-0.017546218487395016
旅游,2024-12-31,-8.881784197001252e-16,0.7342726425952698,-0.014405594405594413
消费,2024-12-31,-1.1102230246251563e-15,0.7342726425952698,-0.005477784540474762
电动车新能源,2024-12-31,0.0,0.7342726425952698,-0.023177723177723153
金融,2024-12-31,-1.3322676295501878e-15,0.7342726425952698,-0.02024443278098531
高端装备,2024-12-31,8.881784197001252e-16,0.7342726425952698,-0.015449070437287271
