代码,名称,日期,开盘价(元),最高价(元),最低价(元),收盘价(元),涨跌幅,成交额(百万),成交量(股)
159928.OF,汇添富中证主要消费ETF,2013-08-23,0.25,0.25,0.25,0.25,0.0,0.0,0.0
159928.OF,汇添富中证主要消费ETF,2013-08-30,0.2501,0.2501,0.2501,0.2501,0.0004,0.0,0.0
159928.OF,汇添富中证主要消费ETF,2013-09-06,0.2502,0.2502,0.2502,0.2502,0.0005,0.0,0.0
159928.OF,汇添富中证主要消费ETF,2013-09-09,0.2502,0.2502,0.2502,0.2502,-0.0002,0.0,0.0
159928.OF,汇添富中证主要消费ETF,2013-09-13,0.2526,0.2526,0.2526,0.2526,0.0098,0.0,0.0
159928.OF,汇添富中证主要消费ETF,2013-09-16,0.2513,0.2513,0.2513,0.2513,-0.0053,0.0,0.0
159928.OF,汇添富中证主要消费ETF,2013-09-17,0.2464,0.2464,0.2464,0.2464,-0.0194,0.0,0.0
159928.OF,汇添富中证主要消费ETF,2013-09-18,0.246,0.246,0.246,0.246,-0.0015,0.0,0.0
159928.OF,汇添富中证主要消费ETF,2013-09-23,0.2502,0.2502,0.2502,0.2502,0.0168,0.0,0.0
159928.OF,汇添富中证主要消费ETF,2013-09-24,0.2532,0.2532,0.2532,0.2532,0.0122,0.0,0.0
159928.OF,汇添富中证主要消费ETF,2013-09-25,0.2526,0.2526,0.2526,0.2526,-0.0023,0.0,0.0
159928.OF,汇添富中证主要消费ETF,2013-09-26,0.2525,0.2525,0.2525,0.2525,-0.0006,0.0,0.0
159928.OF,汇添富中证主要消费ETF,2013-09-27,0.2517,0.2517,0.2517,0.2517,-0.0033,0.0,0.0
159928.OF,汇添富中证主要消费ETF,2013-09-30,0.2552,0.2552,0.2552,0.2552,0.0141,0.0,0.0
159928.OF,汇添富中证主要消费ETF,2013-10-08,0.2577,0.2577,0.2577,0.2577,0.0099,0.0,0.0
159928.OF,汇添富中证主要消费ETF,2013-10-09,0.2605,0.2605,0.2605,0.2605,0.0107,0.0,0.0
159928.OF,汇添富中证主要消费ETF,2013-10-10,0.2598,0.2598,0.2598,0.2598,-0.0028,0.0,0.0
159928.OF,汇添富中证主要消费ETF,2013-10-11,0.2632,0.2632,0.2632,0.2632,0.0131,0.0,0.0
159928.OF,汇添富中证主要消费ETF,2013-10-14,0.2688,0.2688,0.2688,0.2688,0.0214,0.0,0.0
159928.OF,汇添富中证主要消费ETF,2013-10-15,0.2711,0.2711,0.2711,0.2711,0.0086,0.0,0.0
159928.OF,汇添富中证主要消费ETF,2013-10-16,0.2661,0.2661,0.2661,0.2661,-0.0183,0.0,0.0
159928.OF,汇添富中证主要消费ETF,2013-10-17,0.2658,0.2658,0.2658,0.2658,-0.0014,0.0,0.0
159928.OF,汇添富中证主要消费ETF,2013-10-18,0.2667,0.2667,0.2667,0.2667,0.0035,0.0,0.0
159928.OF,汇添富中证主要消费ETF,2013-10-21,0.2759,0.2759,0.2759,0.2759,0.0347,0.0,0.0
159928.OF,汇添富中证主要消费ETF,2013-10-22,0.2735,0.2735,0.2735,0.2735,-0.009,0.0,0.0
159928.OF,汇添富中证主要消费ETF,2013-10-23,0.2639,0.2639,0.2639,0.2639,-0.0349,0.0,0.0
159928.OF,汇添富中证主要消费ETF,2013-10-24,0.2611,0.2611,0.2611,0.2611,-0.0105,0.0,0.0
159928.OF,汇添富中证主要消费ETF,2013-10-25,0.2546,0.2546,0.2546,0.2546,-0.0251,0.0,0.0
159928.OF,汇添富中证主要消费ETF,2013-10-28,0.2527,0.2527,0.2527,0.2527,-0.0076,0.0,0.0
159928.OF,汇添富中证主要消费ETF,2013-10-29,0.2498,0.2498,0.2498,0.2498,-0.0113,0.0,0.0
159928.OF,汇添富中证主要消费ETF,2013-10-30,0.2529,0.2529,0.2529,0.2529,0.0125,0.0,0.0
159928.OF,汇添富中证主要消费ETF,2013-10-31,0.2463,0.2463,0.2463,0.2463,-0.0262,0.0,0.0
159928.OF,汇添富中证主要消费ETF,2013-11-01,0.2448,0.2448,0.2448,0.2448,-0.006,0.0,0.0
159928.OF,汇添富中证主要消费ETF,2013-11-04,0.2452,0.2452,0.2452,0.2452,0.0015,0.0,0.0
159928.OF,汇添富中证主要消费ETF,2013-11-05,0.2472,0.2472,0.2472,0.2472,0.008,0.0,0.0
159928.OF,汇添富中证主要消费ETF,2013-11-06,0.2449,0.2449,0.2449,0.2449,-0.0092,0.0,0.0
159928.OF,汇添富中证主要消费ETF,2013-11-07,0.2418,0.2418,0.2418,0.2418,-0.0127,0.0,0.0
159928.OF,汇添富中证主要消费ETF,2013-11-08,0.2387,0.2387,0.2387,0.2387,-0.0128,0.0,0.0
159928.OF,汇添富中证主要消费ETF,2013-11-11,0.2419,0.2419,0.2419,0.2419,0.0135,0.0,0.0
159928.OF,汇添富中证主要消费ETF,2013-11-12,0.2456,0.2456,0.2456,0.2456,0.0151,0.0,0.0
159928.OF,汇添富中证主要消费ETF,2013-11-13,0.2417,0.2417,0.2417,0.2417,-0.0156,0.0,0.0
159928.OF,汇添富中证主要消费ETF,2013-11-14,0.2452,0.2452,0.2452,0.2452,0.0142,0.0,0.0
159928.OF,汇添富中证主要消费ETF,2013-11-15,0.2495,0.2495,0.2495,0.2495,0.0177,0.0,0.0
159928.OF,汇添富中证主要消费ETF,2013-11-18,0.2552,0.2552,0.2552,0.2552,0.0227,0.0,0.0
159928.OF,汇添富中证主要消费ETF,2013-11-19,0.2519,0.2519,0.2519,0.2519,-0.0128,0.0,0.0
159928.OF,汇添富中证主要消费ETF,2013-11-20,0.2523,0.2523,0.2523,0.2523,0.0017,0.0,0.0
159928.OF,汇添富中证主要消费ETF,2013-11-21,0.2504,0.2504,0.2504,0.2504,-0.0077,0.0,0.0
159928.OF,汇添富中证主要消费ETF,2013-11-22,0.2495,0.2495,0.2495,0.2495,-0.0037,0.0,0.0
159928.OF,汇添富中证主要消费ETF,2013-11-25,0.2491,0.2491,0.2491,0.2491,-0.0013,0.0,0.0
159928.OF,汇添富中证主要消费ETF,2013-11-26,0.2491,0.2491,0.2491,0.2491,-0.0003,0.0,0.0
159928.OF,汇添富中证主要消费ETF,2013-11-27,0.2505,0.2505,0.2505,0.2505,0.0058,0.0,0.0
159928.OF,汇添富中证主要消费ETF,2013-11-28,0.2541,0.2541,0.2541,0.2541,0.0143,0.0,0.0
159928.OF,汇添富中证主要消费ETF,2013-11-29,0.2542,0.2542,0.2542,0.2542,0.0006,0.0,0.0
159928.OF,汇添富中证主要消费ETF,2013-12-02,0.245,0.245,0.245,0.245,-0.0364,0.0,0.0
159928.OF,汇添富中证主要消费ETF,2013-12-03,0.2503,0.2503,0.2503,0.2503,0.0216,0.0,0.0
159928.OF,汇添富中证主要消费ETF,2013-12-04,0.2547,0.2547,0.2547,0.2547,0.0175,0.0,0.0
159928.OF,汇添富中证主要消费ETF,2013-12-05,0.2543,0.2543,0.2543,0.2543,-0.0015,0.0,0.0
159928.OF,汇添富中证主要消费ETF,2013-12-06,0.254,0.254,0.254,0.254,-0.0012,0.0,0.0
159928.OF,汇添富中证主要消费ETF,2013-12-09,0.2554,0.2554,0.2554,0.2554,0.0054,0.0,0.0
159928.OF,汇添富中证主要消费ETF,2013-12-10,0.2549,0.2549,0.2549,0.2549,-0.0019,0.0,0.0
159928.OF,汇添富中证主要消费ETF,2013-12-11,0.2527,0.2527,0.2527,0.2527,-0.0086,0.0,0.0
159928.OF,汇添富中证主要消费ETF,2013-12-12,0.2522,0.2522,0.2522,0.2522,-0.002,0.0,0.0
159928.OF,汇添富中证主要消费ETF,2013-12-13,0.2516,0.2516,0.2516,0.2516,-0.0025,0.0,0.0
159928.OF,汇添富中证主要消费ETF,2013-12-16,0.2467,0.2467,0.2467,0.2467,-0.0194,0.0,0.0
159928.OF,汇添富中证主要消费ETF,2013-12-17,0.2454,0.2454,0.2454,0.2454,-0.0051,0.0,0.0
159928.OF,汇添富中证主要消费ETF,2013-12-18,0.2453,0.2453,0.2453,0.2453,-0.0006,0.0,0.0
159928.OF,汇添富中证主要消费ETF,2013-12-19,0.2427,0.2427,0.2427,0.2427,-0.0104,0.0,0.0
159928.OF,汇添富中证主要消费ETF,2013-12-20,0.2417,0.2417,0.2417,0.2417,-0.0043,0.0,0.0
159928.OF,汇添富中证主要消费ETF,2013-12-23,0.2414,0.2414,0.2414,0.2414,-0.001,0.0,0.0
159928.OF,汇添富中证主要消费ETF,2013-12-24,0.242,0.242,0.242,0.242,0.0025,0.0,0.0
159928.OF,汇添富中证主要消费ETF,2013-12-25,0.2442,0.2442,0.2442,0.2442,0.0091,0.0,0.0
159928.OF,汇添富中证主要消费ETF,2013-12-26,0.2411,0.2411,0.2411,0.2411,-0.0127,0.0,0.0
159928.OF,汇添富中证主要消费ETF,2013-12-27,0.2442,0.2442,0.2442,0.2442,0.0126,0.0,0.0
159928.OF,汇添富中证主要消费ETF,2013-12-30,0.2448,0.2448,0.2448,0.2448,0.0024,0.0,0.0
159928.OF,汇添富中证主要消费ETF,2013-12-31,0.2481,0.2481,0.2481,0.2481,0.0137,0.0,0.0
159928.OF,汇添富中证主要消费ETF,2014-01-02,0.2463,0.2463,0.2463,0.2463,-0.0073,0.0,0.0
159928.OF,汇添富中证主要消费ETF,2014-01-03,0.2438,0.2438,0.2438,0.2438,-0.0102,0.0,0.0
159928.OF,汇添富中证主要消费ETF,2014-01-06,0.2368,0.2368,0.2368,0.2368,-0.0289,0.0,0.0
159928.OF,汇添富中证主要消费ETF,2014-01-07,0.2371,0.2371,0.2371,0.2371,0.0015,0.0,0.0
159928.OF,汇添富中证主要消费ETF,2014-01-08,0.2382,0.2382,0.2382,0.2382,0.0046,0.0,0.0
159928.OF,汇添富中证主要消费ETF,2014-01-09,0.2357,0.2357,0.2357,0.2357,-0.0107,0.0,0.0
159928.OF,汇添富中证主要消费ETF,2014-01-10,0.2349,0.2349,0.2349,0.2349,-0.0034,0.0,0.0
159928.OF,汇添富中证主要消费ETF,2014-01-13,0.2347,0.2347,0.2347,0.2347,-0.0007,0.0,0.0
159928.OF,汇添富中证主要消费ETF,2014-01-14,0.2376,0.2376,0.2376,0.2376,0.0125,0.0,0.0
159928.OF,汇添富中证主要消费ETF,2014-01-15,0.2374,0.2374,0.2374,0.2374,-0.0007,0.0,0.0
159928.OF,汇添富中证主要消费ETF,2014-01-16,0.2386,0.2386,0.2386,0.2386,0.0051,0.0,0.0
159928.OF,汇添富中证主要消费ETF,2014-01-17,0.2333,0.2333,0.2333,0.2333,-0.0225,0.0,0.0
159928.OF,汇添富中证主要消费ETF,2014-01-20,0.232,0.232,0.232,0.232,-0.0056,0.0,0.0
159928.OF,汇添富中证主要消费ETF,2014-01-21,0.2325,0.2325,0.2325,0.2325,0.0025,0.0,0.0
159928.OF,汇添富中证主要消费ETF,2014-01-22,0.2389,0.2389,0.2389,0.2389,0.0275,0.0,0.0
159928.OF,汇添富中证主要消费ETF,2014-01-23,0.2386,0.2386,0.2386,0.2386,-0.0013,0.0,0.0
159928.OF,汇添富中证主要消费ETF,2014-01-24,0.2397,0.2397,0.2397,0.2397,0.0044,0.0,0.0
159928.OF,汇添富中证主要消费ETF,2014-01-27,0.2377,0.2377,0.2377,0.2377,-0.0083,0.0,0.0
159928.OF,汇添富中证主要消费ETF,2014-01-28,0.2348,0.2348,0.2348,0.2348,-0.0123,0.0,0.0
159928.OF,汇添富中证主要消费ETF,2014-01-29,0.2324,0.2324,0.2324,0.2324,-0.0101,0.0,0.0
159928.OF,汇添富中证主要消费ETF,2014-01-30,0.2282,0.2282,0.2282,0.2282,-0.0181,0.0,0.0
159928.OF,汇添富中证主要消费ETF,2014-02-07,0.2313,0.2313,0.2313,0.2313,0.0135,0.0,0.0
159928.OF,汇添富中证主要消费ETF,2014-02-10,0.2368,0.2368,0.2368,0.2368,0.024,0.0,0.0
159928.OF,汇添富中证主要消费ETF,2014-02-11,0.2382,0.2382,0.2382,0.2382,0.0059,0.0,0.0
159928.OF,汇添富中证主要消费ETF,2014-02-12,0.2396,0.2396,0.2396,0.2396,0.006,0.0,0.0
159928.OF,汇添富中证主要消费ETF,2014-02-13,0.2377,0.2377,0.2377,0.2377,-0.0079,0.0,0.0
159928.OF,汇添富中证主要消费ETF,2014-02-14,0.2425,0.2425,0.2425,0.2425,0.0201,0.0,0.0
159928.OF,汇添富中证主要消费ETF,2014-02-17,0.2458,0.2458,0.2458,0.2458,0.0137,0.0,0.0
159928.OF,汇添富中证主要消费ETF,2014-02-18,0.2431,0.2431,0.2431,0.2431,-0.0113,0.0,0.0
159928.OF,汇添富中证主要消费ETF,2014-02-19,0.2444,0.2444,0.2444,0.2444,0.0057,0.0,0.0
159928.OF,汇添富中证主要消费ETF,2014-02-20,0.2435,0.2435,0.2435,0.2435,-0.0038,0.0,0.0
159928.OF,汇添富中证主要消费ETF,2014-02-21,0.2414,0.2414,0.2414,0.2414,-0.0085,0.0,0.0
159928.OF,汇添富中证主要消费ETF,2014-02-24,0.2385,0.2385,0.2385,0.2385,-0.0121,0.0,0.0
159928.OF,汇添富中证主要消费ETF,2014-02-25,0.23,0.23,0.23,0.23,-0.0355,0.0,0.0
159928.OF,汇添富中证主要消费ETF,2014-02-26,0.2298,0.2298,0.2298,0.2298,-0.0011,0.0,0.0
159928.OF,汇添富中证主要消费ETF,2014-02-27,0.2273,0.2273,0.2273,0.2273,-0.0109,0.0,0.0
159928.OF,汇添富中证主要消费ETF,2014-02-28,0.2317,0.2317,0.2317,0.2317,0.0192,0.0,0.0
159928.OF,汇添富中证主要消费ETF,2014-03-03,0.2359,0.2359,0.2359,0.2359,0.0182,0.0,0.0
159928.OF,汇添富中证主要消费ETF,2014-03-04,0.2339,0.2339,0.2339,0.2339,-0.0084,0.0,0.0
159928.OF,汇添富中证主要消费ETF,2014-03-05,0.2353,0.2353,0.2353,0.2353,0.0061,0.0,0.0
159928.OF,汇添富中证主要消费ETF,2014-03-06,0.2346,0.2346,0.2346,0.2346,-0.003,0.0,0.0
159928.OF,汇添富中证主要消费ETF,2014-03-07,0.2359,0.2359,0.2359,0.2359,0.0055,0.0,0.0
159928.OF,汇添富中证主要消费ETF,2014-03-10,0.2309,0.2309,0.2309,0.2309,-0.0215,0.0,0.0
159928.OF,汇添富中证主要消费ETF,2014-03-11,0.2349,0.2349,0.2349,0.2349,0.0175,0.0,0.0
159928.OF,汇添富中证主要消费ETF,2014-03-12,0.234,0.234,0.234,0.234,-0.004,0.0,0.0
159928.OF,汇添富中证主要消费ETF,2014-03-13,0.2409,0.2409,0.2409,0.2409,0.0297,0.0,0.0
159928.OF,汇添富中证主要消费ETF,2014-03-14,0.2384,0.2384,0.2384,0.2384,-0.0106,0.0,0.0
159928.OF,汇添富中证主要消费ETF,2014-03-17,0.2397,0.2397,0.2397,0.2397,0.0056,0.0,0.0
159928.OF,汇添富中证主要消费ETF,2014-03-18,0.2414,0.2414,0.2414,0.2414,0.007,0.0,0.0
159928.OF,汇添富中证主要消费ETF,2014-03-19,0.2379,0.2379,0.2379,0.2379,-0.0144,0.0,0.0
159928.OF,汇添富中证主要消费ETF,2014-03-20,0.2324,0.2324,0.2324,0.2324,-0.0229,0.0,0.0
159928.OF,汇添富中证主要消费ETF,2014-03-21,0.2367,0.2367,0.2367,0.2367,0.0184,0.0,0.0
159928.OF,汇添富中证主要消费ETF,2014-03-24,0.2372,0.2372,0.2372,0.2372,0.0022,0.0,0.0
159928.OF,汇添富中证主要消费ETF,2014-03-25,0.236,0.236,0.236,0.236,-0.0054,0.0,0.0
159928.OF,汇添富中证主要消费ETF,2014-03-26,0.2345,0.2345,0.2345,0.2345,-0.006,0.0,0.0
159928.OF,汇添富中证主要消费ETF,2014-03-27,0.2309,0.2309,0.2309,0.2309,-0.0157,0.0,0.0
159928.OF,汇添富中证主要消费ETF,2014-03-28,0.2278,0.2278,0.2278,0.2278,-0.0133,0.0,0.0
159928.OF,汇添富中证主要消费ETF,2014-03-31,0.2291,0.2291,0.2291,0.2291,0.0056,0.0,0.0
159928.OF,汇添富中证主要消费ETF,2014-04-01,0.2333,0.2333,0.2333,0.2333,0.0187,0.0,0.0
159928.OF,汇添富中证主要消费ETF,2014-04-02,0.2338,0.2338,0.2338,0.2338,0.0019,0.0,0.0
159928.OF,汇添富中证主要消费ETF,2014-04-03,0.2326,0.2326,0.2326,0.2326,-0.0051,0.0,0.0
159928.OF,汇添富中证主要消费ETF,2014-04-04,0.2348,0.2348,0.2348,0.2348,0.0097,0.0,0.0
159928.OF,汇添富中证主要消费ETF,2014-04-08,0.2391,0.2391,0.2391,0.2391,0.0181,0.0,0.0
159928.OF,汇添富中证主要消费ETF,2014-04-09,0.24,0.24,0.24,0.24,0.0037,0.0,0.0
159928.OF,汇添富中证主要消费ETF,2014-04-10,0.2424,0.2424,0.2424,0.2424,0.0101,0.0,0.0
159928.OF,汇添富中证主要消费ETF,2014-04-11,0.2452,0.2452,0.2452,0.2452,0.0117,0.0,0.0
159928.OF,汇添富中证主要消费ETF,2014-04-14,0.2456,0.2456,0.2456,0.2456,0.0014,0.0,0.0
159928.OF,汇添富中证主要消费ETF,2014-04-15,0.2432,0.2432,0.2432,0.2432,-0.0095,0.0,0.0
159928.OF,汇添富中证主要消费ETF,2014-04-16,0.2426,0.2426,0.2426,0.2426,-0.0027,0.0,0.0
159928.OF,汇添富中证主要消费ETF,2014-04-17,0.2428,0.2428,0.2428,0.2428,0.0008,0.0,0.0
159928.OF,汇添富中证主要消费ETF,2014-04-18,0.2436,0.2436,0.2436,0.2436,0.0032,0.0,0.0
159928.OF,汇添富中证主要消费ETF,2014-04-21,0.239,0.239,0.239,0.239,-0.0187,0.0,0.0
159928.OF,汇添富中证主要消费ETF,2014-04-22,0.2389,0.2389,0.2389,0.2389,-0.0005,0.0,0.0
159928.OF,汇添富中证主要消费ETF,2014-04-23,0.2402,0.2402,0.2402,0.2402,0.0057,0.0,0.0
159928.OF,汇添富中证主要消费ETF,2014-04-24,0.2395,0.2395,0.2395,0.2395,-0.003,0.0,0.0
159928.OF,汇添富中证主要消费ETF,2014-04-25,0.2328,0.2328,0.2328,0.2328,-0.0281,0.0,0.0
159928.OF,汇添富中证主要消费ETF,2014-04-28,0.2272,0.2272,0.2272,0.2272,-0.0241,0.0,0.0
159928.OF,汇添富中证主要消费ETF,2014-04-29,0.2305,0.2305,0.2305,0.2305,0.0145,0.0,0.0
159928.OF,汇添富中证主要消费ETF,2014-04-30,0.2325,0.2325,0.2325,0.2325,0.0087,0.0,0.0
159928.OF,汇添富中证主要消费ETF,2014-05-05,0.2334,0.2334,0.2334,0.2334,0.0038,0.0,0.0
159928.OF,汇添富中证主要消费ETF,2014-05-06,0.2339,0.2339,0.2339,0.2339,0.0025,0.0,0.0
159928.OF,汇添富中证主要消费ETF,2014-05-07,0.231,0.231,0.231,0.231,-0.0127,0.0,0.0
159928.OF,汇添富中证主要消费ETF,2014-05-08,0.2303,0.2303,0.2303,0.2303,-0.003,0.0,0.0
159928.OF,汇添富中证主要消费ETF,2014-05-09,0.229,0.229,0.229,0.229,-0.0054,0.0,0.0
159928.OF,汇添富中证主要消费ETF,2014-05-12,0.2326,0.2326,0.2326,0.2326,0.0158,0.0,0.0
159928.OF,汇添富中证主要消费ETF,2014-05-13,0.2333,0.2333,0.2333,0.2333,0.003,0.0,0.0
159928.OF,汇添富中证主要消费ETF,2014-05-14,0.2313,0.2313,0.2313,0.2313,-0.0086,0.0,0.0
159928.OF,汇添富中证主要消费ETF,2014-05-15,0.2282,0.2282,0.2282,0.2282,-0.0137,0.0,0.0
159928.OF,汇添富中证主要消费ETF,2014-05-16,0.2279,0.2279,0.2279,0.2279,-0.0012,0.0,0.0
159928.OF,汇添富中证主要消费ETF,2014-05-19,0.2251,0.2251,0.2251,0.2251,-0.0121,0.0,0.0
159928.OF,汇添富中证主要消费ETF,2014-05-20,0.2239,0.2239,0.2239,0.2239,-0.0056,0.0,0.0
159928.OF,汇添富中证主要消费ETF,2014-05-21,0.2271,0.2271,0.2271,0.2271,0.0145,0.0,0.0
159928.OF,汇添富中证主要消费ETF,2014-05-22,0.2259,0.2259,0.2259,0.2259,-0.0056,0.0,0.0
159928.OF,汇添富中证主要消费ETF,2014-05-23,0.2276,0.2276,0.2276,0.2276,0.0079,0.0,0.0
159928.OF,汇添富中证主要消费ETF,2014-05-26,0.2293,0.2293,0.2293,0.2293,0.0072,0.0,0.0
159928.OF,汇添富中证主要消费ETF,2014-05-27,0.2282,0.2282,0.2282,0.2282,-0.0047,0.0,0.0
159928.OF,汇添富中证主要消费ETF,2014-05-28,0.229,0.229,0.229,0.229,0.0036,0.0,0.0
159928.OF,汇添富中证主要消费ETF,2014-05-29,0.2277,0.2277,0.2277,0.2277,-0.0058,0.0,0.0
159928.OF,汇添富中证主要消费ETF,2014-05-30,0.2281,0.2281,0.2281,0.2281,0.0015,0.0,0.0
159928.OF,汇添富中证主要消费ETF,2014-06-03,0.225,0.225,0.225,0.225,-0.0133,0.0,0.0
159928.OF,汇添富中证主要消费ETF,2014-06-04,0.2235,0.2235,0.2235,0.2235,-0.0069,0.0,0.0
159928.OF,汇添富中证主要消费ETF,2014-06-05,0.226,0.226,0.226,0.226,0.0111,0.0,0.0
159928.OF,汇添富中证主要消费ETF,2014-06-06,0.2244,0.2244,0.2244,0.2244,-0.0071,0.0,0.0
159928.OF,汇添富中证主要消费ETF,2014-06-09,0.224,0.224,0.224,0.224,-0.0017,0.0,0.0
159928.OF,汇添富中证主要消费ETF,2014-06-10,0.2257,0.2257,0.2257,0.2257,0.0075,0.0,0.0
159928.OF,汇添富中证主要消费ETF,2014-06-11,0.2267,0.2267,0.2267,0.2267,0.0045,0.0,0.0
159928.OF,汇添富中证主要消费ETF,2014-06-12,0.2268,0.2268,0.2268,0.2268,0.0003,0.0,0.0
159928.OF,汇添富中证主要消费ETF,2014-06-13,0.2278,0.2278,0.2278,0.2278,0.0045,0.0,0.0
159928.OF,汇添富中证主要消费ETF,2014-06-16,0.2284,0.2284,0.2284,0.2284,0.0029,0.0,0.0
159928.OF,汇添富中证主要消费ETF,2014-06-17,0.2261,0.2261,0.2261,0.2261,-0.0101,0.0,0.0
159928.OF,汇添富中证主要消费ETF,2014-06-18,0.2246,0.2246,0.2246,0.2246,-0.0066,0.0,0.0
159928.OF,汇添富中证主要消费ETF,2014-06-19,0.2214,0.2214,0.2214,0.2214,-0.0146,0.0,0.0
159928.OF,汇添富中证主要消费ETF,2014-06-20,0.2222,0.2222,0.2222,0.2222,0.0037,0.0,0.0
159928.OF,汇添富中证主要消费ETF,2014-06-23,0.2233,0.2233,0.2233,0.2233,0.005,0.0,0.0
159928.OF,汇添富中证主要消费ETF,2014-06-24,0.2264,0.2264,0.2264,0.2264,0.0139,0.0,0.0
159928.OF,汇添富中证主要消费ETF,2014-06-25,0.2256,0.2256,0.2256,0.2256,-0.0036,0.0,0.0
159928.OF,汇添富中证主要消费ETF,2014-06-26,0.2274,0.2274,0.2274,0.2274,0.0081,0.0,0.0
159928.OF,汇添富中证主要消费ETF,2014-06-27,0.2282,0.2282,0.2282,0.2282,0.0036,0.0,0.0
159928.OF,汇添富中证主要消费ETF,2014-06-30,0.2296,0.2296,0.2296,0.2296,0.006,0.0,0.0
159928.OF,汇添富中证主要消费ETF,2014-07-01,0.2297,0.2297,0.2297,0.2297,0.0003,0.0,0.0
159928.OF,汇添富中证主要消费ETF,2014-07-02,0.2297,0.2297,0.2297,0.2297,0.0002,0.0,0.0
159928.OF,汇添富中证主要消费ETF,2014-07-03,0.2311,0.2311,0.2311,0.2311,0.0061,0.0,0.0
159928.OF,汇添富中证主要消费ETF,2014-07-04,0.2311,0.2311,0.2311,0.2311,-0.0001,0.0,0.0
159928.OF,汇添富中证主要消费ETF,2014-07-07,0.2306,0.2306,0.2306,0.2306,-0.0019,0.0,0.0
159928.OF,汇添富中证主要消费ETF,2014-07-08,0.2313,0.2313,0.2313,0.2313,0.0029,0.0,0.0
159928.OF,汇添富中证主要消费ETF,2014-07-09,0.2274,0.2274,0.2274,0.2274,-0.0169,0.0,0.0
159928.OF,汇添富中证主要消费ETF,2014-07-10,0.2262,0.2262,0.2262,0.2262,-0.0052,0.0,0.0
159928.OF,汇添富中证主要消费ETF,2014-07-11,0.227,0.227,0.227,0.227,0.0035,0.0,0.0
159928.OF,汇添富中证主要消费ETF,2014-07-14,0.2323,0.2323,0.2323,0.2323,0.0233,0.0,0.0
159928.OF,汇添富中证主要消费ETF,2014-07-15,0.2368,0.2368,0.2368,0.2368,0.0193,0.0,0.0
159928.OF,汇添富中证主要消费ETF,2014-07-16,0.2358,0.2358,0.2358,0.2358,-0.0041,0.0,0.0
159928.OF,汇添富中证主要消费ETF,2014-07-17,0.2334,0.2334,0.2334,0.2334,-0.0103,0.0,0.0
159928.OF,汇添富中证主要消费ETF,2014-07-18,0.2373,0.2373,0.2373,0.2373,0.0168,0.0,0.0
159928.OF,汇添富中证主要消费ETF,2014-07-21,0.238,0.238,0.238,0.238,0.0027,0.0,0.0
159928.OF,汇添富中证主要消费ETF,2014-07-22,0.2406,0.2406,0.2406,0.2406,0.011,0.0,0.0
159928.OF,汇添富中证主要消费ETF,2014-07-23,0.24,0.24,0.24,0.24,-0.0026,0.0,0.0
159928.OF,汇添富中证主要消费ETF,2014-07-24,0.2412,0.2412,0.2412,0.2412,0.005,0.0,0.0
159928.OF,汇添富中证主要消费ETF,2014-07-25,0.2428,0.2428,0.2428,0.2428,0.0066,0.0,0.0
159928.OF,汇添富中证主要消费ETF,2014-07-28,0.2476,0.2476,0.2476,0.2476,0.0199,0.0,0.0
159928.OF,汇添富中证主要消费ETF,2014-07-29,0.247,0.247,0.247,0.247,-0.0024,0.0,0.0
159928.OF,汇添富中证主要消费ETF,2014-07-30,0.2469,0.2469,0.2469,0.2469,-0.0005,0.0,0.0
159928.OF,汇添富中证主要消费ETF,2014-07-31,0.2511,0.2511,0.2511,0.2511,0.017,0.0,0.0
159928.OF,汇添富中证主要消费ETF,2014-08-01,0.2522,0.2522,0.2522,0.2522,0.0044,0.0,0.0
159928.OF,汇添富中证主要消费ETF,2014-08-04,0.2558,0.2558,0.2558,0.2558,0.0145,0.0,0.0
159928.OF,汇添富中证主要消费ETF,2014-08-05,0.2558,0.2558,0.2558,0.2558,-0.0002,0.0,0.0
159928.OF,汇添富中证主要消费ETF,2014-08-06,0.2547,0.2547,0.2547,0.2547,-0.0042,0.0,0.0
159928.OF,汇添富中证主要消费ETF,2014-08-07,0.2503,0.2503,0.2503,0.2503,-0.0175,0.0,0.0
159928.OF,汇添富中证主要消费ETF,2014-08-08,0.2515,0.2515,0.2515,0.2515,0.0051,0.0,0.0
159928.OF,汇添富中证主要消费ETF,2014-08-11,0.2554,0.2554,0.2554,0.2554,0.0153,0.0,0.0
159928.OF,汇添富中证主要消费ETF,2014-08-12,0.2557,0.2557,0.2557,0.2557,0.0013,0.0,0.0
159928.OF,汇添富中证主要消费ETF,2014-08-13,0.2561,0.2561,0.2561,0.2561,0.0014,0.0,0.0
159928.OF,汇添富中证主要消费ETF,2014-08-14,0.2535,0.2535,0.2535,0.2535,-0.01,0.0,0.0
159928.OF,汇添富中证主要消费ETF,2014-08-15,0.2561,0.2561,0.2561,0.2561,0.0102,0.0,0.0
159928.OF,汇添富中证主要消费ETF,2014-08-18,0.2571,0.2571,0.2571,0.2571,0.0039,0.0,0.0
159928.OF,汇添富中证主要消费ETF,2014-08-19,0.2574,0.2574,0.2574,0.2574,0.0012,0.0,0.0
159928.OF,汇添富中证主要消费ETF,2014-08-20,0.2583,0.2583,0.2583,0.2583,0.0034,0.0,0.0
159928.OF,汇添富中证主要消费ETF,2014-08-21,0.2567,0.2567,0.2567,0.2567,-0.0062,0.0,0.0
159928.OF,汇添富中证主要消费ETF,2014-08-22,0.2571,0.2571,0.2571,0.2571,0.0016,0.0,0.0
159928.OF,汇添富中证主要消费ETF,2014-08-25,0.2552,0.2552,0.2552,0.2552,-0.0072,0.0,0.0
159928.OF,汇添富中证主要消费ETF,2014-08-26,0.2526,0.2526,0.2526,0.2526,-0.0102,0.0,0.0
159928.OF,汇添富中证主要消费ETF,2014-08-27,0.2522,0.2522,0.2522,0.2522,-0.0016,0.0,0.0
159928.OF,汇添富中证主要消费ETF,2014-08-28,0.2513,0.2513,0.2513,0.2513,-0.0037,0.0,0.0
159928.OF,汇添富中证主要消费ETF,2014-08-29,0.2542,0.2542,0.2542,0.2542,0.0117,0.0,0.0
159928.OF,汇添富中证主要消费ETF,2014-09-01,0.256,0.256,0.256,0.256,0.0071,0.0,0.0
159928.OF,汇添富中证主要消费ETF,2014-09-02,0.2594,0.2594,0.2594,0.2594,0.0131,0.0,0.0
159928.OF,汇添富中证主要消费ETF,2014-09-03,0.2613,0.2613,0.2613,0.2613,0.0073,0.0,0.0
159928.OF,汇添富中证主要消费ETF,2014-09-04,0.2621,0.2621,0.2621,0.2621,0.0031,0.0,0.0
159928.OF,汇添富中证主要消费ETF,2014-09-05,0.2644,0.2644,0.2644,0.2644,0.0087,0.0,0.0
159928.OF,汇添富中证主要消费ETF,2014-09-09,0.2645,0.2645,0.2645,0.2645,0.0004,0.0,0.0
159928.OF,汇添富中证主要消费ETF,2014-09-10,0.2645,0.2645,0.2645,0.2645,0.0002,0.0,0.0
159928.OF,汇添富中证主要消费ETF,2014-09-11,0.2622,0.2622,0.2622,0.2622,-0.0089,0.0,0.0
159928.OF,汇添富中证主要消费ETF,2014-09-12,0.2629,0.2629,0.2629,0.2629,0.0027,0.0,0.0
159928.OF,汇添富中证主要消费ETF,2014-09-15,0.2633,0.2633,0.2633,0.2633,0.0016,0.0,0.0
159928.OF,汇添富中证主要消费ETF,2014-09-16,0.2566,0.2566,0.2566,0.2566,-0.0253,0.0,0.0
159928.OF,汇添富中证主要消费ETF,2014-09-17,0.2586,0.2586,0.2586,0.2586,0.0075,0.0,0.0
159928.OF,汇添富中证主要消费ETF,2014-09-18,0.2606,0.2606,0.2606,0.2606,0.0077,0.0,0.0
159928.OF,汇添富中证主要消费ETF,2014-09-19,0.2625,0.2625,0.2625,0.2625,0.0075,0.0,0.0
159928.OF,汇添富中证主要消费ETF,2014-09-22,0.2578,0.2578,0.2578,0.2578,-0.0179,0.0,0.0
159928.OF,汇添富中证主要消费ETF,2014-09-23,0.2601,0.2601,0.2601,0.2601,0.0089,0.0,0.0
159928.OF,汇添富中证主要消费ETF,2014-09-24,0.2636,0.2636,0.2636,0.2636,0.0136,0.0,0.0
159928.OF,汇添富中证主要消费ETF,2014-09-25,0.2628,0.2628,0.2628,0.2628,-0.0033,0.0,0.0
159928.OF,汇添富中证主要消费ETF,2014-09-26,0.2639,0.2639,0.2639,0.2639,0.0044,0.0,0.0
159928.OF,汇添富中证主要消费ETF,2014-09-29,0.2654,0.2654,0.2654,0.2654,0.0056,0.0,0.0
159928.OF,汇添富中证主要消费ETF,2014-09-30,0.2661,0.2661,0.2661,0.2661,0.0027,0.0,0.0
159928.OF,汇添富中证主要消费ETF,2014-10-08,0.2699,0.2699,0.2699,0.2699,0.0142,0.0,0.0
159928.OF,汇添富中证主要消费ETF,2014-10-09,0.27,0.27,0.27,0.27,0.0006,0.0,0.0
159928.OF,汇添富中证主要消费ETF,2014-10-10,0.2672,0.2672,0.2672,0.2672,-0.0106,0.0,0.0
159928.OF,汇添富中证主要消费ETF,2014-10-13,0.2636,0.2636,0.2636,0.2636,-0.0134,0.0,0.0
159928.OF,汇添富中证主要消费ETF,2014-10-14,0.2627,0.2627,0.2627,0.2627,-0.0032,0.0,0.0
159928.OF,汇添富中证主要消费ETF,2014-10-15,0.2639,0.2639,0.2639,0.2639,0.0046,0.0,0.0
159928.OF,汇添富中证主要消费ETF,2014-10-16,0.261,0.261,0.261,0.261,-0.0113,0.0,0.0
159928.OF,汇添富中证主要消费ETF,2014-10-17,0.2617,0.2617,0.2617,0.2617,0.0027,0.0,0.0
159928.OF,汇添富中证主要消费ETF,2014-10-20,0.263,0.263,0.263,0.263,0.0053,0.0,0.0
159928.OF,汇添富中证主要消费ETF,2014-10-21,0.2611,0.2611,0.2611,0.2611,-0.0073,0.0,0.0
159928.OF,汇添富中证主要消费ETF,2014-10-22,0.2579,0.2579,0.2579,0.2579,-0.0124,0.0,0.0
159928.OF,汇添富中证主要消费ETF,2014-10-23,0.2541,0.2541,0.2541,0.2541,-0.0145,0.0,0.0
159928.OF,汇添富中证主要消费ETF,2014-10-24,0.2542,0.2542,0.2542,0.2542,0.0001,0.0,0.0
159928.OF,汇添富中证主要消费ETF,2014-10-27,0.2544,0.2544,0.2544,0.2544,0.0011,0.0,0.0
159928.OF,汇添富中证主要消费ETF,2014-10-28,0.2567,0.2567,0.2567,0.2567,0.0088,0.0,0.0
159928.OF,汇添富中证主要消费ETF,2014-10-29,0.2582,0.2582,0.2582,0.2582,0.0059,0.0,0.0
159928.OF,汇添富中证主要消费ETF,2014-10-30,0.2581,0.2581,0.2581,0.2581,-0.0006,0.0,0.0
159928.OF,汇添富中证主要消费ETF,2014-10-31,0.2584,0.2584,0.2584,0.2584,0.0014,0.0,0.0
159928.OF,汇添富中证主要消费ETF,2014-11-03,0.2582,0.2582,0.2582,0.2582,-0.0007,0.0,0.0
159928.OF,汇添富中证主要消费ETF,2014-11-04,0.2546,0.2546,0.2546,0.2546,-0.0141,0.0,0.0
159928.OF,汇添富中证主要消费ETF,2014-11-05,0.2531,0.2531,0.2531,0.2531,-0.0057,0.0,0.0
159928.OF,汇添富中证主要消费ETF,2014-11-06,0.254,0.254,0.254,0.254,0.0033,0.0,0.0
159928.OF,汇添富中证主要消费ETF,2014-11-07,0.2519,0.2519,0.2519,0.2519,-0.0083,0.0,0.0
159928.OF,汇添富中证主要消费ETF,2014-11-10,0.2582,0.2582,0.2582,0.2582,0.0251,0.0,0.0
159928.OF,汇添富中证主要消费ETF,2014-11-11,0.2561,0.2561,0.2561,0.2561,-0.008,0.0,0.0
159928.OF,汇添富中证主要消费ETF,2014-11-12,0.2593,0.2593,0.2593,0.2593,0.0126,0.0,0.0
159928.OF,汇添富中证主要消费ETF,2014-11-13,0.259,0.259,0.259,0.259,-0.0013,0.0,0.0
159928.OF,汇添富中证主要消费ETF,2014-11-14,0.2619,0.2619,0.2619,0.2619,0.0114,0.0,0.0
159928.OF,汇添富中证主要消费ETF,2014-11-17,0.2622,0.2622,0.2622,0.2622,0.001,0.0,0.0
159928.OF,汇添富中证主要消费ETF,2014-11-18,0.26,0.26,0.26,0.26,-0.0085,0.0,0.0
159928.OF,汇添富中证主要消费ETF,2014-11-19,0.2595,0.2595,0.2595,0.2595,-0.002,0.0,0.0
159928.OF,汇添富中证主要消费ETF,2014-11-20,0.2577,0.2577,0.2577,0.2577,-0.0067,0.0,0.0
159928.OF,汇添富中证主要消费ETF,2014-11-21,0.2599,0.2599,0.2599,0.2599,0.0083,0.0,0.0
159928.OF,汇添富中证主要消费ETF,2014-11-24,0.2616,0.2616,0.2616,0.2616,0.0068,0.0,0.0
159928.OF,汇添富中证主要消费ETF,2014-11-25,0.2648,0.2648,0.2648,0.2648,0.0121,0.0,0.0
159928.OF,汇添富中证主要消费ETF,2014-11-26,0.2662,0.2662,0.2662,0.2662,0.0054,0.0,0.0
159928.OF,汇添富中证主要消费ETF,2014-11-27,0.2668,0.2668,0.2668,0.2668,0.0023,0.0,0.0
159928.OF,汇添富中证主要消费ETF,2014-11-28,0.2665,0.2665,0.2665,0.2665,-0.0014,0.0,0.0
159928.OF,汇添富中证主要消费ETF,2014-12-01,0.2715,0.2715,0.2715,0.2715,0.019,0.0,0.0
159928.OF,汇添富中证主要消费ETF,2014-12-02,0.2739,0.2739,0.2739,0.2739,0.0086,0.0,0.0
159928.OF,汇添富中证主要消费ETF,2014-12-03,0.2789,0.2789,0.2789,0.2789,0.0185,0.0,0.0
159928.OF,汇添富中证主要消费ETF,2014-12-04,0.2852,0.2852,0.2852,0.2852,0.0223,0.0,0.0
159928.OF,汇添富中证主要消费ETF,2014-12-05,0.2778,0.2778,0.2778,0.2778,-0.0259,0.0,0.0
159928.OF,汇添富中证主要消费ETF,2014-12-08,0.2806,0.2806,0.2806,0.2806,0.0102,0.0,0.0
159928.OF,汇添富中证主要消费ETF,2014-12-09,0.2756,0.2756,0.2756,0.2756,-0.018,0.0,0.0
159928.OF,汇添富中证主要消费ETF,2014-12-10,0.2864,0.2864,0.2864,0.2864,0.0394,0.0,0.0
159928.OF,汇添富中证主要消费ETF,2014-12-11,0.2861,0.2861,0.2861,0.2861,-0.001,0.0,0.0
159928.OF,汇添富中证主要消费ETF,2014-12-12,0.2876,0.2876,0.2876,0.2876,0.005,0.0,0.0
159928.OF,汇添富中证主要消费ETF,2014-12-15,0.2912,0.2912,0.2912,0.2912,0.0128,0.0,0.0
159928.OF,汇添富中证主要消费ETF,2014-12-16,0.2881,0.2881,0.2881,0.2881,-0.0108,0.0,0.0
159928.OF,汇添富中证主要消费ETF,2014-12-17,0.2831,0.2831,0.2831,0.2831,-0.0174,0.0,0.0
159928.OF,汇添富中证主要消费ETF,2014-12-18,0.2843,0.2843,0.2843,0.2843,0.0043,0.0,0.0
159928.OF,汇添富中证主要消费ETF,2014-12-19,0.2835,0.2835,0.2835,0.2835,-0.0028,0.0,0.0
159928.OF,汇添富中证主要消费ETF,2014-12-22,0.2854,0.2854,0.2854,0.2854,0.0065,0.0,0.0
159928.OF,汇添富中证主要消费ETF,2014-12-23,0.2844,0.2844,0.2844,0.2844,-0.0034,0.0,0.0
159928.OF,汇添富中证主要消费ETF,2014-12-24,0.2835,0.2835,0.2835,0.2835,-0.003,0.0,0.0
159928.OF,汇添富中证主要消费ETF,2014-12-25,0.286,0.286,0.286,0.286,0.0087,0.0,0.0
159928.OF,汇添富中证主要消费ETF,2014-12-26,0.2878,0.2878,0.2878,0.2878,0.0064,0.0,0.0
159928.OF,汇添富中证主要消费ETF,2014-12-29,0.2875,0.2875,0.2875,0.2875,-0.0011,0.0,0.0
159928.OF,汇添富中证主要消费ETF,2014-12-30,0.2849,0.2849,0.2849,0.2849,-0.0092,0.0,0.0
159928.OF,汇添富中证主要消费ETF,2014-12-31,0.2877,0.2877,0.2877,0.2877,0.0098,0.0,0.0
159928.OF,汇添富中证主要消费ETF,2015-01-05,0.2996,0.2996,0.2996,0.2996,0.0415,0.0,0.0
159928.OF,汇添富中证主要消费ETF,2015-01-06,0.3019,0.3019,0.3019,0.3019,0.0075,0.0,0.0
159928.OF,汇添富中证主要消费ETF,2015-01-07,0.299,0.299,0.299,0.299,-0.0096,0.0,0.0
159928.OF,汇添富中证主要消费ETF,2015-01-08,0.2988,0.2988,0.2988,0.2988,-0.0005,0.0,0.0
159928.OF,汇添富中证主要消费ETF,2015-01-09,0.2953,0.2953,0.2953,0.2953,-0.0117,0.0,0.0
159928.OF,汇添富中证主要消费ETF,2015-01-12,0.293,0.293,0.293,0.293,-0.008,0.0,0.0
159928.OF,汇添富中证主要消费ETF,2015-01-13,0.2932,0.2932,0.2932,0.2932,0.0009,0.0,0.0
159928.OF,汇添富中证主要消费ETF,2015-01-14,0.2894,0.2894,0.2894,0.2894,-0.013,0.0,0.0
159928.OF,汇添富中证主要消费ETF,2015-01-15,0.2921,0.2921,0.2921,0.2921,0.0093,0.0,0.0
159928.OF,汇添富中证主要消费ETF,2015-01-16,0.2947,0.2947,0.2947,0.2947,0.0087,0.0,0.0
159928.OF,汇添富中证主要消费ETF,2015-01-19,0.2808,0.2808,0.2808,0.2808,-0.0473,0.0,0.0
159928.OF,汇添富中证主要消费ETF,2015-01-20,0.2878,0.2878,0.2878,0.2878,0.0251,0.0,0.0
159928.OF,汇添富中证主要消费ETF,2015-01-21,0.295,0.295,0.295,0.295,0.0249,0.0,0.0
159928.OF,汇添富中证主要消费ETF,2015-01-22,0.2962,0.2962,0.2962,0.2962,0.0041,0.0,0.0
159928.OF,汇添富中证主要消费ETF,2015-01-23,0.2938,0.2938,0.2938,0.2938,-0.0081,0.0,0.0
159928.OF,汇添富中证主要消费ETF,2015-01-26,0.2994,0.2994,0.2994,0.2994,0.0191,0.0,0.0
159928.OF,汇添富中证主要消费ETF,2015-01-27,0.299,0.299,0.299,0.299,-0.0013,0.0,0.0
159928.OF,汇添富中证主要消费ETF,2015-01-28,0.296,0.296,0.296,0.296,-0.0101,0.0,0.0
159928.OF,汇添富中证主要消费ETF,2015-01-29,0.2927,0.2927,0.2927,0.2927,-0.0112,0.0,0.0
159928.OF,汇添富中证主要消费ETF,2015-01-30,0.2922,0.2922,0.2922,0.2922,-0.0017,0.0,0.0
159928.OF,汇添富中证主要消费ETF,2015-02-02,0.2884,0.2884,0.2884,0.2884,-0.0129,0.0,0.0
159928.OF,汇添富中证主要消费ETF,2015-02-03,0.2914,0.2914,0.2914,0.2914,0.0103,0.0,0.0
159928.OF,汇添富中证主要消费ETF,2015-02-04,0.2891,0.2891,0.2891,0.2891,-0.0077,0.0,0.0
159928.OF,汇添富中证主要消费ETF,2015-02-05,0.2861,0.2861,0.2861,0.2861,-0.0105,0.0,0.0
159928.OF,汇添富中证主要消费ETF,2015-02-06,0.2827,0.2827,0.2827,0.2827,-0.0118,0.0,0.0
159928.OF,汇添富中证主要消费ETF,2015-02-09,0.2859,0.2859,0.2859,0.2859,0.0112,0.0,0.0
159928.OF,汇添富中证主要消费ETF,2015-02-10,0.2882,0.2882,0.2882,0.2882,0.0081,0.0,0.0
159928.OF,汇添富中证主要消费ETF,2015-02-11,0.2915,0.2915,0.2915,0.2915,0.0114,0.0,0.0
159928.OF,汇添富中证主要消费ETF,2015-02-12,0.2939,0.2939,0.2939,0.2939,0.0083,0.0,0.0
159928.OF,汇添富中证主要消费ETF,2015-02-13,0.2966,0.2966,0.2966,0.2966,0.0089,0.0,0.0
159928.OF,汇添富中证主要消费ETF,2015-02-16,0.2993,0.2993,0.2993,0.2993,0.0093,0.0,0.0
159928.OF,汇添富中证主要消费ETF,2015-02-17,0.2991,0.2991,0.2991,0.2991,-0.0008,0.0,0.0
159928.OF,汇添富中证主要消费ETF,2015-02-25,0.2979,0.2979,0.2979,0.2979,-0.0038,0.0,0.0
159928.OF,汇添富中证主要消费ETF,2015-02-26,0.3019,0.3019,0.3019,0.3019,0.0132,0.0,0.0
159928.OF,汇添富中证主要消费ETF,2015-02-27,0.3039,0.3039,0.3039,0.3039,0.0066,0.0,0.0
159928.OF,汇添富中证主要消费ETF,2015-03-02,0.306,0.306,0.306,0.306,0.0071,0.0,0.0
159928.OF,汇添富中证主要消费ETF,2015-03-03,0.3016,0.3016,0.3016,0.3016,-0.0144,0.0,0.0
159928.OF,汇添富中证主要消费ETF,2015-03-04,0.3084,0.3084,0.3084,0.3084,0.0225,0.0,0.0
159928.OF,汇添富中证主要消费ETF,2015-03-05,0.3095,0.3095,0.3095,0.3095,0.0036,0.0,0.0
159928.OF,汇添富中证主要消费ETF,2015-03-06,0.3076,0.3076,0.3076,0.3076,-0.006,0.0,0.0
159928.OF,汇添富中证主要消费ETF,2015-03-09,0.3142,0.3142,0.3142,0.3142,0.0212,0.0,0.0
159928.OF,汇添富中证主要消费ETF,2015-03-10,0.3156,0.3156,0.3156,0.3156,0.0045,0.0,0.0
159928.OF,汇添富中证主要消费ETF,2015-03-11,0.3146,0.3146,0.3146,0.3146,-0.0032,0.0,0.0
159928.OF,汇添富中证主要消费ETF,2015-03-12,0.3147,0.3147,0.3147,0.3147,0.0006,0.0,0.0
159928.OF,汇添富中证主要消费ETF,2015-03-13,0.3173,0.3173,0.3173,0.3173,0.0083,0.0,0.0
159928.OF,汇添富中证主要消费ETF,2015-03-16,0.3258,0.3258,0.3258,0.3258,0.0267,0.0,0.0
159928.OF,汇添富中证主要消费ETF,2015-03-17,0.3294,0.3294,0.3294,0.3294,0.0109,0.0,0.0
159928.OF,汇添富中证主要消费ETF,2015-03-18,0.335,0.335,0.335,0.335,0.017,0.0,0.0
159928.OF,汇添富中证主要消费ETF,2015-03-19,0.3332,0.3332,0.3332,0.3332,-0.0054,0.0,0.0
159928.OF,汇添富中证主要消费ETF,2015-03-20,0.3343,0.3343,0.3343,0.3343,0.0035,0.0,0.0
159928.OF,汇添富中证主要消费ETF,2015-03-23,0.3405,0.3405,0.3405,0.3405,0.0185,0.0,0.0
159928.OF,汇添富中证主要消费ETF,2015-03-24,0.3406,0.3406,0.3406,0.3406,0.0004,0.0,0.0
159928.OF,汇添富中证主要消费ETF,2015-03-25,0.3437,0.3437,0.3437,0.3437,0.009,0.0,0.0
159928.OF,汇添富中证主要消费ETF,2015-03-26,0.3473,0.3473,0.3473,0.3473,0.0105,0.0,0.0
159928.OF,汇添富中证主要消费ETF,2015-03-27,0.3472,0.3472,0.3472,0.3472,-0.0004,0.0,0.0
159928.OF,汇添富中证主要消费ETF,2015-03-30,0.3506,0.3506,0.3506,0.3506,0.0098,0.0,0.0
159928.OF,汇添富中证主要消费ETF,2015-03-31,0.3488,0.3488,0.3488,0.3488,-0.0052,0.0,0.0
159928.OF,汇添富中证主要消费ETF,2015-04-01,0.3541,0.3541,0.3541,0.3541,0.0152,0.0,0.0
159928.OF,汇添富中证主要消费ETF,2015-04-02,0.3578,0.3578,0.3578,0.3578,0.0105,0.0,0.0
159928.OF,汇添富中证主要消费ETF,2015-04-03,0.3614,0.3614,0.3614,0.3614,0.01,0.0,0.0
159928.OF,汇添富中证主要消费ETF,2015-04-07,0.371,0.371,0.371,0.371,0.0266,0.0,0.0
159928.OF,汇添富中证主要消费ETF,2015-04-08,0.371,0.371,0.371,0.371,0.0,0.0,0.0
159928.OF,汇添富中证主要消费ETF,2015-04-09,0.367,0.367,0.367,0.367,-0.0106,0.0,0.0
159928.OF,汇添富中证主要消费ETF,2015-04-10,0.3788,0.3788,0.3788,0.3788,0.032,0.0,0.0
159928.OF,汇添富中证主要消费ETF,2015-04-13,0.3839,0.3839,0.3839,0.3839,0.0135,0.0,0.0
159928.OF,汇添富中证主要消费ETF,2015-04-14,0.3845,0.3845,0.3845,0.3845,0.0016,0.0,0.0
159928.OF,汇添富中证主要消费ETF,2015-04-15,0.3718,0.3718,0.3718,0.3718,-0.033,0.0,0.0
159928.OF,汇添富中证主要消费ETF,2015-04-16,0.3869,0.3869,0.3869,0.3869,0.0407,0.0,0.0
159928.OF,汇添富中证主要消费ETF,2015-04-17,0.3884,0.3884,0.3884,0.3884,0.0037,0.0,0.0
159928.OF,汇添富中证主要消费ETF,2015-04-20,0.3832,0.3832,0.3832,0.3832,-0.0133,0.0,0.0
159928.OF,汇添富中证主要消费ETF,2015-04-21,0.4018,0.4018,0.4018,0.4018,0.0486,0.0,0.0
159928.OF,汇添富中证主要消费ETF,2015-04-22,0.4091,0.4091,0.4091,0.4091,0.0181,0.0,0.0
159928.OF,汇添富中证主要消费ETF,2015-04-23,0.4077,0.4077,0.4077,0.4077,-0.0034,0.0,0.0
159928.OF,汇添富中证主要消费ETF,2015-04-24,0.4059,0.4059,0.4059,0.4059,-0.0044,0.0,0.0
159928.OF,汇添富中证主要消费ETF,2015-04-27,0.4083,0.4083,0.4083,0.4083,0.0058,0.0,0.0
159928.OF,汇添富中证主要消费ETF,2015-04-28,0.3939,0.3939,0.3939,0.3939,-0.0352,0.0,0.0
159928.OF,汇添富中证主要消费ETF,2015-04-29,0.4004,0.4004,0.4004,0.4004,0.0166,0.0,0.0
159928.OF,汇添富中证主要消费ETF,2015-04-30,0.3984,0.3984,0.3984,0.3984,-0.0051,0.0,0.0
159928.OF,汇添富中证主要消费ETF,2015-05-04,0.4022,0.4022,0.4022,0.4022,0.0096,0.0,0.0
159928.OF,汇添富中证主要消费ETF,2015-05-05,0.3873,0.3873,0.3873,0.3873,-0.0371,0.0,0.0
159928.OF,汇添富中证主要消费ETF,2015-05-06,0.382,0.382,0.382,0.382,-0.0137,0.0,0.0
159928.OF,汇添富中证主要消费ETF,2015-05-07,0.3785,0.3785,0.3785,0.3785,-0.0091,0.0,0.0
159928.OF,汇添富中证主要消费ETF,2015-05-08,0.3883,0.3883,0.3883,0.3883,0.026,0.0,0.0
159928.OF,汇添富中证主要消费ETF,2015-05-11,0.3987,0.3987,0.3987,0.3987,0.0267,0.0,0.0
159928.OF,汇添富中证主要消费ETF,2015-05-12,0.4054,0.4054,0.4054,0.4054,0.0169,0.0,0.0
159928.OF,汇添富中证主要消费ETF,2015-05-13,0.4104,0.4104,0.4104,0.4104,0.0124,0.0,0.0
159928.OF,汇添富中证主要消费ETF,2015-05-14,0.4076,0.4076,0.4076,0.4076,-0.0069,0.0,0.0
159928.OF,汇添富中证主要消费ETF,2015-05-15,0.402,0.402,0.402,0.402,-0.0137,0.0,0.0
159928.OF,汇添富中证主要消费ETF,2015-05-18,0.4019,0.4019,0.4019,0.4019,-0.0002,0.0,0.0
159928.OF,汇添富中证主要消费ETF,2015-05-19,0.4118,0.4118,0.4118,0.4118,0.0247,0.0,0.0
159928.OF,汇添富中证主要消费ETF,2015-05-20,0.4148,0.4148,0.4148,0.4148,0.0073,0.0,0.0
159928.OF,汇添富中证主要消费ETF,2015-05-21,0.43,0.43,0.43,0.43,0.0368,0.0,0.0
159928.OF,汇添富中证主要消费ETF,2015-05-22,0.4395,0.4395,0.4395,0.4395,0.0221,0.0,0.0
159928.OF,汇添富中证主要消费ETF,2015-05-25,0.4549,0.4549,0.4549,0.4549,0.035,0.0,0.0
159928.OF,汇添富中证主要消费ETF,2015-05-26,0.4639,0.4639,0.4639,0.4639,0.0198,0.0,0.0
159928.OF,汇添富中证主要消费ETF,2015-05-27,0.4672,0.4672,0.4672,0.4672,0.0071,0.0,0.0
159928.OF,汇添富中证主要消费ETF,2015-05-28,0.4375,0.4375,0.4375,0.4375,-0.0636,0.0,0.0
159928.OF,汇添富中证主要消费ETF,2015-05-29,0.4362,0.4362,0.4362,0.4362,-0.003,0.0,0.0
159928.OF,汇添富中证主要消费ETF,2015-06-01,0.4576,0.4576,0.4576,0.4576,0.0491,0.0,0.0
159928.OF,汇添富中证主要消费ETF,2015-06-02,0.47,0.47,0.47,0.47,0.027,0.0,0.0
159928.OF,汇添富中证主要消费ETF,2015-06-03,0.4653,0.4653,0.4653,0.4653,-0.01,0.0,0.0
159928.OF,汇添富中证主要消费ETF,2015-06-04,0.4596,0.4596,0.4596,0.4596,-0.0123,0.0,0.0
159928.OF,汇添富中证主要消费ETF,2015-06-05,0.4668,0.4668,0.4668,0.4668,0.0157,0.0,0.0
159928.OF,汇添富中证主要消费ETF,2015-06-08,0.4732,0.4732,0.4732,0.4732,0.0138,0.0,0.0
159928.OF,汇添富中证主要消费ETF,2015-06-09,0.4706,0.4706,0.4706,0.4706,-0.0056,0.0,0.0
159928.OF,汇添富中证主要消费ETF,2015-06-10,0.4788,0.4788,0.4788,0.4788,0.0175,0.0,0.0
159928.OF,汇添富中证主要消费ETF,2015-06-11,0.4835,0.4835,0.4835,0.4835,0.0098,0.0,0.0
159928.OF,汇添富中证主要消费ETF,2015-06-12,0.492,0.492,0.492,0.492,0.0176,0.0,0.0
159928.OF,汇添富中证主要消费ETF,2015-06-15,0.4839,0.4839,0.4839,0.4839,-0.0165,0.0,0.0
159928.OF,汇添富中证主要消费ETF,2015-06-16,0.4707,0.4707,0.4707,0.4707,-0.0271,0.0,0.0
159928.OF,汇添富中证主要消费ETF,2015-06-17,0.4761,0.4761,0.4761,0.4761,0.0115,0.0,0.0
159928.OF,汇添富中证主要消费ETF,2015-06-18,0.4577,0.4577,0.4577,0.4577,-0.0388,0.0,0.0
159928.OF,汇添富中证主要消费ETF,2015-06-19,0.4252,0.4252,0.4252,0.4252,-0.0709,0.0,0.0
159928.OF,汇添富中证主要消费ETF,2015-06-23,0.4411,0.4411,0.4411,0.4411,0.0374,0.0,0.0
159928.OF,汇添富中证主要消费ETF,2015-06-24,0.4548,0.4548,0.4548,0.4548,0.031,0.0,0.0
159928.OF,汇添富中证主要消费ETF,2015-06-25,0.4407,0.4407,0.4407,0.4407,-0.0309,0.0,0.0
159928.OF,汇添富中证主要消费ETF,2015-06-26,0.4059,0.4059,0.4059,0.4059,-0.0791,0.0,0.0
159928.OF,汇添富中证主要消费ETF,2015-06-29,0.3929,0.3929,0.3929,0.3929,-0.0321,0.0,0.0
159928.OF,汇添富中证主要消费ETF,2015-06-30,0.4142,0.4142,0.4142,0.4142,0.0543,0.0,0.0
159928.OF,汇添富中证主要消费ETF,2015-07-01,0.3963,0.3963,0.3963,0.3963,-0.0433,0.0,0.0
159928.OF,汇添富中证主要消费ETF,2015-07-02,0.375,0.375,0.375,0.375,-0.0536,0.0,0.0
159928.OF,汇添富中证主要消费ETF,2015-07-03,0.3542,0.3542,0.3542,0.3542,-0.0554,0.0,0.0
159928.OF,汇添富中证主要消费ETF,2015-07-06,0.3603,0.3603,0.3603,0.3603,0.0171,0.0,0.0
159928.OF,汇添富中证主要消费ETF,2015-07-07,0.3413,0.3413,0.3413,0.3413,-0.0527,0.0,0.0
159928.OF,汇添富中证主要消费ETF,2015-07-08,0.3222,0.3222,0.3222,0.3222,-0.056,0.0,0.0
159928.OF,汇添富中证主要消费ETF,2015-07-09,0.3447,0.3447,0.3447,0.3447,0.0701,0.0,0.0
159928.OF,汇添富中证主要消费ETF,2015-07-10,0.369,0.369,0.369,0.369,0.0704,0.0,0.0
159928.OF,汇添富中证主要消费ETF,2015-07-13,0.3857,0.3857,0.3857,0.3857,0.0453,0.0,0.0
159928.OF,汇添富中证主要消费ETF,2015-07-14,0.3792,0.3792,0.3792,0.3792,-0.0169,0.0,0.0
159928.OF,汇添富中证主要消费ETF,2015-07-15,0.3615,0.3615,0.3615,0.3615,-0.0468,0.0,0.0
159928.OF,汇添富中证主要消费ETF,2015-07-16,0.3692,0.3692,0.3692,0.3692,0.0215,0.0,0.0
159928.OF,汇添富中证主要消费ETF,2015-07-17,0.3865,0.3865,0.3865,0.3865,0.0469,0.0,0.0
159928.OF,汇添富中证主要消费ETF,2015-07-20,0.3875,0.3875,0.3875,0.3875,0.0025,0.0,0.0
159928.OF,汇添富中证主要消费ETF,2015-07-21,0.391,0.391,0.391,0.391,0.0091,0.0,0.0
159928.OF,汇添富中证主要消费ETF,2015-07-22,0.3945,0.3945,0.3945,0.3945,0.0088,0.0,0.0
159928.OF,汇添富中证主要消费ETF,2015-07-23,0.4026,0.4026,0.4026,0.4026,0.0205,0.0,0.0
159928.OF,汇添富中证主要消费ETF,2015-07-24,0.3946,0.3946,0.3946,0.3946,-0.0198,0.0,0.0
159928.OF,汇添富中证主要消费ETF,2015-07-27,0.363,0.363,0.363,0.363,-0.0802,0.0,0.0
159928.OF,汇添富中证主要消费ETF,2015-07-28,0.3666,0.3666,0.3666,0.3666,0.0101,0.0,0.0
159928.OF,汇添富中证主要消费ETF,2015-07-29,0.3796,0.3796,0.3796,0.3796,0.0353,0.0,0.0
159928.OF,汇添富中证主要消费ETF,2015-07-30,0.3695,0.3695,0.3695,0.3695,-0.0264,0.0,0.0
159928.OF,汇添富中证主要消费ETF,2015-07-31,0.3694,0.3694,0.3694,0.3694,-0.0003,0.0,0.0
159928.OF,汇添富中证主要消费ETF,2015-08-03,0.3692,0.3692,0.3692,0.3692,-0.0006,0.0,0.0
159928.OF,汇添富中证主要消费ETF,2015-08-04,0.3821,0.3821,0.3821,0.3821,0.0351,0.0,0.0
159928.OF,汇添富中证主要消费ETF,2015-08-05,0.3758,0.3758,0.3758,0.3758,-0.0165,0.0,0.0
159928.OF,汇添富中证主要消费ETF,2015-08-06,0.3713,0.3713,0.3713,0.3713,-0.012,0.0,0.0
159928.OF,汇添富中证主要消费ETF,2015-08-07,0.378,0.378,0.378,0.378,0.018,0.0,0.0
159928.OF,汇添富中证主要消费ETF,2015-08-10,0.3935,0.3935,0.3935,0.3935,0.0409,0.0,0.0
159928.OF,汇添富中证主要消费ETF,2015-08-11,0.3934,0.3934,0.3934,0.3934,-0.0002,0.0,0.0
159928.OF,汇添富中证主要消费ETF,2015-08-12,0.3913,0.3913,0.3913,0.3913,-0.0054,0.0,0.0
159928.OF,汇添富中证主要消费ETF,2015-08-13,0.3954,0.3954,0.3954,0.3954,0.0105,0.0,0.0
159928.OF,汇添富中证主要消费ETF,2015-08-14,0.3983,0.3983,0.3983,0.3983,0.0075,0.0,0.0
159928.OF,汇添富中证主要消费ETF,2015-08-17,0.4042,0.4042,0.4042,0.4042,0.0146,0.0,0.0
159928.OF,汇添富中证主要消费ETF,2015-08-18,0.3785,0.3785,0.3785,0.3785,-0.0636,0.0,0.0
159928.OF,汇添富中证主要消费ETF,2015-08-19,0.3849,0.3849,0.3849,0.3849,0.0171,0.0,0.0
159928.OF,汇添富中证主要消费ETF,2015-08-20,0.373,0.373,0.373,0.373,-0.031,0.0,0.0
159928.OF,汇添富中证主要消费ETF,2015-08-21,0.3574,0.3574,0.3574,0.3574,-0.0418,0.0,0.0
159928.OF,汇添富中证主要消费ETF,2015-08-24,0.3281,0.3281,0.3281,0.3281,-0.0819,0.0,0.0
159928.OF,汇添富中证主要消费ETF,2015-08-25,0.3112,0.3112,0.3112,0.3112,-0.0515,0.0,0.0
159928.OF,汇添富中证主要消费ETF,2015-08-26,0.3129,0.3129,0.3129,0.3129,0.0053,0.0,0.0
159928.OF,汇添富中证主要消费ETF,2015-08-27,0.328,0.328,0.328,0.328,0.0483,0.0,0.0
159928.OF,汇添富中证主要消费ETF,2015-08-28,0.3395,0.3395,0.3395,0.3395,0.0351,0.0,0.0
159928.OF,汇添富中证主要消费ETF,2015-08-31,0.3335,0.3335,0.3335,0.3335,-0.0177,0.0,0.0
159928.OF,汇添富中证主要消费ETF,2015-09-01,0.326,0.326,0.326,0.326,-0.0225,0.0,0.0
159928.OF,汇添富中证主要消费ETF,2015-09-02,0.325,0.325,0.325,0.325,-0.003,0.0,0.0
159928.OF,汇添富中证主要消费ETF,2015-09-07,0.3171,0.3171,0.3171,0.3171,-0.0245,0.0,0.0
159928.OF,汇添富中证主要消费ETF,2015-09-08,0.3225,0.3225,0.3225,0.3225,0.0172,0.0,0.0
159928.OF,汇添富中证主要消费ETF,2015-09-09,0.3271,0.3271,0.3271,0.3271,0.0143,0.0,0.0
159928.OF,汇添富中证主要消费ETF,2015-09-10,0.3221,0.3221,0.3221,0.3221,-0.0153,0.0,0.0
159928.OF,汇添富中证主要消费ETF,2015-09-11,0.3202,0.3202,0.3202,0.3202,-0.0059,0.0,0.0
159928.OF,汇添富中证主要消费ETF,2015-09-14,0.3117,0.3117,0.3117,0.3117,-0.0266,0.0,0.0
159928.OF,汇添富中证主要消费ETF,2015-09-15,0.3003,0.3003,0.3003,0.3003,-0.0367,0.0,0.0
159928.OF,汇添富中证主要消费ETF,2015-09-16,0.3169,0.3169,0.3169,0.3169,0.0554,0.0,0.0
159928.OF,汇添富中证主要消费ETF,2015-09-17,0.3072,0.3072,0.3072,0.3072,-0.0306,0.0,0.0
159928.OF,汇添富中证主要消费ETF,2015-09-18,0.3093,0.3093,0.3093,0.3093,0.0068,0.0,0.0
159928.OF,汇添富中证主要消费ETF,2015-09-21,0.3161,0.3161,0.3161,0.3161,0.0218,0.0,0.0
159928.OF,汇添富中证主要消费ETF,2015-09-22,0.3181,0.3181,0.3181,0.3181,0.0066,0.0,0.0
159928.OF,汇添富中证主要消费ETF,2015-09-23,0.313,0.313,0.313,0.313,-0.0161,0.0,0.0
159928.OF,汇添富中证主要消费ETF,2015-09-24,0.3147,0.3147,0.3147,0.3147,0.0054,0.0,0.0
159928.OF,汇添富中证主要消费ETF,2015-09-25,0.309,0.309,0.309,0.309,-0.018,0.0,0.0
159928.OF,汇添富中证主要消费ETF,2015-09-28,0.3108,0.3108,0.3108,0.3108,0.0057,0.0,0.0
159928.OF,汇添富中证主要消费ETF,2015-09-29,0.3074,0.3074,0.3074,0.3074,-0.011,0.0,0.0
159928.OF,汇添富中证主要消费ETF,2015-09-30,0.3077,0.3077,0.3077,0.3077,0.0011,0.0,0.0
159928.OF,汇添富中证主要消费ETF,2015-10-08,0.3185,0.3185,0.3185,0.3185,0.035,0.0,0.0
159928.OF,汇添富中证主要消费ETF,2015-10-09,0.3203,0.3203,0.3203,0.3203,0.0058,0.0,0.0
159928.OF,汇添富中证主要消费ETF,2015-10-12,0.3291,0.3291,0.3291,0.3291,0.0274,0.0,0.0
159928.OF,汇添富中证主要消费ETF,2015-10-13,0.3311,0.3311,0.3311,0.3311,0.0062,0.0,0.0
159928.OF,汇添富中证主要消费ETF,2015-10-14,0.3271,0.3271,0.3271,0.3271,-0.0121,0.0,0.0
159928.OF,汇添富中证主要消费ETF,2015-10-15,0.3354,0.3354,0.3354,0.3354,0.0253,0.0,0.0
159928.OF,汇添富中证主要消费ETF,2015-10-16,0.3399,0.3399,0.3399,0.3399,0.0135,0.0,0.0
159928.OF,汇添富中证主要消费ETF,2015-10-19,0.3386,0.3386,0.3386,0.3386,-0.004,0.0,0.0
159928.OF,汇添富中证主要消费ETF,2015-10-20,0.3407,0.3407,0.3407,0.3407,0.0063,0.0,0.0
159928.OF,汇添富中证主要消费ETF,2015-10-21,0.3261,0.3261,0.3261,0.3261,-0.0428,0.0,0.0
159928.OF,汇添富中证主要消费ETF,2015-10-22,0.3354,0.3354,0.3354,0.3354,0.0284,0.0,0.0
159928.OF,汇添富中证主要消费ETF,2015-10-23,0.3421,0.3421,0.3421,0.3421,0.02,0.0,0.0
159928.OF,汇添富中证主要消费ETF,2015-10-26,0.3441,0.3441,0.3441,0.3441,0.0058,0.0,0.0
159928.OF,汇添富中证主要消费ETF,2015-10-27,0.3427,0.3427,0.3427,0.3427,-0.0041,0.0,0.0
159928.OF,汇添富中证主要消费ETF,2015-10-28,0.3368,0.3368,0.3368,0.3368,-0.0172,0.0,0.0
159928.OF,汇添富中证主要消费ETF,2015-10-29,0.3402,0.3402,0.3402,0.3402,0.0102,0.0,0.0
159928.OF,汇添富中证主要消费ETF,2015-10-30,0.3406,0.3406,0.3406,0.3406,0.001,0.0,0.0
159928.OF,汇添富中证主要消费ETF,2015-11-02,0.3358,0.3358,0.3358,0.3358,-0.0139,0.0,0.0
159928.OF,汇添富中证主要消费ETF,2015-11-03,0.3354,0.3354,0.3354,0.3354,-0.0013,0.0,0.0
159928.OF,汇添富中证主要消费ETF,2015-11-04,0.3485,0.3485,0.3485,0.3485,0.0392,0.0,0.0
159928.OF,汇添富中证主要消费ETF,2015-11-05,0.3496,0.3496,0.3496,0.3496,0.003,0.0,0.0
159928.OF,汇添富中证主要消费ETF,2015-11-06,0.3534,0.3534,0.3534,0.3534,0.0109,0.0,0.0
159928.OF,汇添富中证主要消费ETF,2015-11-09,0.3581,0.3581,0.3581,0.3581,0.0132,0.0,0.0
159928.OF,汇添富中证主要消费ETF,2015-11-10,0.3562,0.3562,0.3562,0.3562,-0.0052,0.0,0.0
159928.OF,汇添富中证主要消费ETF,2015-11-11,0.3572,0.3572,0.3572,0.3572,0.0029,0.0,0.0
159928.OF,汇添富中证主要消费ETF,2015-11-12,0.3558,0.3558,0.3558,0.3558,-0.0039,0.0,0.0
159928.OF,汇添富中证主要消费ETF,2015-11-13,0.3482,0.3482,0.3482,0.3482,-0.0216,0.0,0.0
159928.OF,汇添富中证主要消费ETF,2015-11-16,0.3502,0.3502,0.3502,0.3502,0.0058,0.0,0.0
159928.OF,汇添富中证主要消费ETF,2015-11-17,0.3504,0.3504,0.3504,0.3504,0.0006,0.0,0.0
159928.OF,汇添富中证主要消费ETF,2015-11-18,0.3488,0.3488,0.3488,0.3488,-0.0046,0.0,0.0
159928.OF,汇添富中证主要消费ETF,2015-11-19,0.3522,0.3522,0.3522,0.3522,0.0097,0.0,0.0
159928.OF,汇添富中证主要消费ETF,2015-11-20,0.3518,0.3518,0.3518,0.3518,-0.0011,0.0,0.0
159928.OF,汇添富中证主要消费ETF,2015-11-23,0.3502,0.3502,0.3502,0.3502,-0.0045,0.0,0.0
159928.OF,汇添富中证主要消费ETF,2015-11-24,0.3504,0.3504,0.3504,0.3504,0.0006,0.0,0.0
159928.OF,汇添富中证主要消费ETF,2015-11-25,0.3552,0.3552,0.3552,0.3552,0.0135,0.0,0.0
159928.OF,汇添富中证主要消费ETF,2015-11-26,0.3544,0.3544,0.3544,0.3544,-0.0023,0.0,0.0
159928.OF,汇添富中证主要消费ETF,2015-11-27,0.3385,0.3385,0.3385,0.3385,-0.0449,0.0,0.0
159928.OF,汇添富中证主要消费ETF,2015-11-30,0.3387,0.3387,0.3387,0.3387,0.0006,0.0,0.0
159928.OF,汇添富中证主要消费ETF,2015-12-01,0.3414,0.3414,0.3414,0.3414,0.008,0.0,0.0
159928.OF,汇添富中证主要消费ETF,2015-12-02,0.3481,0.3481,0.3481,0.3481,0.0196,0.0,0.0
159928.OF,汇添富中证主要消费ETF,2015-12-03,0.3499,0.3499,0.3499,0.3499,0.0052,0.0,0.0
159928.OF,汇添富中证主要消费ETF,2015-12-04,0.3479,0.3479,0.3479,0.3479,-0.0056,0.0,0.0
159928.OF,汇添富中证主要消费ETF,2015-12-07,0.3497,0.3497,0.3497,0.3497,0.0052,0.0,0.0
159928.OF,汇添富中证主要消费ETF,2015-12-08,0.3409,0.3409,0.3409,0.3409,-0.0253,0.0,0.0
159928.OF,汇添富中证主要消费ETF,2015-12-09,0.3415,0.3415,0.3415,0.3415,0.0018,0.0,0.0
159928.OF,汇添富中证主要消费ETF,2015-12-10,0.3402,0.3402,0.3402,0.3402,-0.0037,0.0,0.0
159928.OF,汇添富中证主要消费ETF,2015-12-11,0.3371,0.3371,0.3371,0.3371,-0.009,0.0,0.0
159928.OF,汇添富中证主要消费ETF,2015-12-14,0.3422,0.3422,0.3422,0.3422,0.0152,0.0,0.0
159928.OF,汇添富中证主要消费ETF,2015-12-15,0.3435,0.3435,0.3435,0.3435,0.0037,0.0,0.0
159928.OF,汇添富中证主要消费ETF,2015-12-16,0.3421,0.3421,0.3421,0.3421,-0.0039,0.0,0.0
159928.OF,汇添富中证主要消费ETF,2015-12-17,0.3485,0.3485,0.3485,0.3485,0.0185,0.0,0.0
159928.OF,汇添富中证主要消费ETF,2015-12-18,0.3535,0.3535,0.3535,0.3535,0.0146,0.0,0.0
159928.OF,汇添富中证主要消费ETF,2015-12-21,0.3694,0.3694,0.3694,0.3694,0.0449,0.0,0.0
159928.OF,汇添富中证主要消费ETF,2015-12-22,0.3713,0.3713,0.3713,0.3713,0.005,0.0,0.0
159928.OF,汇添富中证主要消费ETF,2015-12-23,0.368,0.368,0.368,0.368,-0.0088,0.0,0.0
159928.OF,汇添富中证主要消费ETF,2015-12-24,0.3652,0.3652,0.3652,0.3652,-0.0075,0.0,0.0
159928.OF,汇添富中证主要消费ETF,2015-12-25,0.3649,0.3649,0.3649,0.3649,-0.0009,0.0,0.0
159928.OF,汇添富中证主要消费ETF,2015-12-28,0.3558,0.3558,0.3558,0.3558,-0.0249,0.0,0.0
159928.OF,汇添富中证主要消费ETF,2015-12-29,0.3597,0.3597,0.3597,0.3597,0.011,0.0,0.0
159928.OF,汇添富中证主要消费ETF,2015-12-30,0.3605,0.3605,0.3605,0.3605,0.0022,0.0,0.0
159928.OF,汇添富中证主要消费ETF,2015-12-31,0.3584,0.3584,0.3584,0.3584,-0.006,0.0,0.0
159928.OF,汇添富中证主要消费ETF,2016-01-04,0.3335,0.3335,0.3335,0.3335,-0.0694,0.0,0.0
159928.OF,汇添富中证主要消费ETF,2016-01-05,0.3374,0.3374,0.3374,0.3374,0.0118,0.0,0.0
159928.OF,汇添富中证主要消费ETF,2016-01-06,0.3424,0.3424,0.3424,0.3424,0.0149,0.0,0.0
159928.OF,汇添富中证主要消费ETF,2016-01-07,0.3192,0.3192,0.3192,0.3192,-0.0678,0.0,0.0
159928.OF,汇添富中证主要消费ETF,2016-01-08,0.3262,0.3262,0.3262,0.3262,0.022,0.0,0.0
159928.OF,汇添富中证主要消费ETF,2016-01-11,0.31,0.31,0.31,0.31,-0.0498,0.0,0.0
159928.OF,汇添富中证主要消费ETF,2016-01-12,0.3098,0.3098,0.3098,0.3098,-0.0007,0.0,0.0
159928.OF,汇添富中证主要消费ETF,2016-01-13,0.3039,0.3039,0.3039,0.3039,-0.0188,0.0,0.0
159928.OF,汇添富中证主要消费ETF,2016-01-14,0.3104,0.3104,0.3104,0.3104,0.0214,0.0,0.0
159928.OF,汇添富中证主要消费ETF,2016-01-15,0.3011,0.3011,0.3011,0.3011,-0.03,0.0,0.0
159928.OF,汇添富中证主要消费ETF,2016-01-18,0.3025,0.3025,0.3025,0.3025,0.0045,0.0,0.0
159928.OF,汇添富中证主要消费ETF,2016-01-19,0.3125,0.3125,0.3125,0.3125,0.0331,0.0,0.0
159928.OF,汇添富中证主要消费ETF,2016-01-20,0.3061,0.3061,0.3061,0.3061,-0.0203,0.0,0.0
159928.OF,汇添富中证主要消费ETF,2016-01-21,0.2989,0.2989,0.2989,0.2989,-0.0236,0.0,0.0
159928.OF,汇添富中证主要消费ETF,2016-01-22,0.3012,0.3012,0.3012,0.3012,0.0078,0.0,0.0
159928.OF,汇添富中证主要消费ETF,2016-01-25,0.3043,0.3043,0.3043,0.3043,0.0104,0.0,0.0
159928.OF,汇添富中证主要消费ETF,2016-01-26,0.2887,0.2887,0.2887,0.2887,-0.0514,0.0,0.0
159928.OF,汇添富中证主要消费ETF,2016-01-27,0.2878,0.2878,0.2878,0.2878,-0.0029,0.0,0.0
159928.OF,汇添富中证主要消费ETF,2016-01-28,0.2814,0.2814,0.2814,0.2814,-0.0225,0.0,0.0
159928.OF,汇添富中证主要消费ETF,2016-01-29,0.2899,0.2899,0.2899,0.2899,0.0305,0.0,0.0
159928.OF,汇添富中证主要消费ETF,2016-02-01,0.2882,0.2882,0.2882,0.2882,-0.0059,0.0,0.0
159928.OF,汇添富中证主要消费ETF,2016-02-02,0.2944,0.2944,0.2944,0.2944,0.0214,0.0,0.0
159928.OF,汇添富中证主要消费ETF,2016-02-03,0.2936,0.2936,0.2936,0.2936,-0.0027,0.0,0.0
159928.OF,汇添富中证主要消费ETF,2016-02-04,0.2968,0.2968,0.2968,0.2968,0.0107,0.0,0.0
159928.OF,汇添富中证主要消费ETF,2016-02-05,0.295,0.295,0.295,0.295,-0.0058,0.0,0.0
159928.OF,汇添富中证主要消费ETF,2016-02-15,0.2925,0.2925,0.2925,0.2925,-0.0085,0.0,0.0
159928.OF,汇添富中证主要消费ETF,2016-02-16,0.3016,0.3016,0.3016,0.3016,0.0309,0.0,0.0
159928.OF,汇添富中证主要消费ETF,2016-02-17,0.3034,0.3034,0.3034,0.3034,0.0059,0.0,0.0
159928.OF,汇添富中证主要消费ETF,2016-02-18,0.3018,0.3018,0.3018,0.3018,-0.0052,0.0,0.0
159928.OF,汇添富中证主要消费ETF,2016-02-19,0.3027,0.3027,0.3027,0.3027,0.003,0.0,0.0
159928.OF,汇添富中证主要消费ETF,2016-02-22,0.3082,0.3082,0.3082,0.3082,0.0183,0.0,0.0
159928.OF,汇添富中证主要消费ETF,2016-02-23,0.3082,0.3082,0.3082,0.3082,-0.0002,0.0,0.0
159928.OF,汇添富中证主要消费ETF,2016-02-24,0.3104,0.3104,0.3104,0.3104,0.0071,0.0,0.0
159928.OF,汇添富中证主要消费ETF,2016-02-25,0.2911,0.2911,0.2911,0.2911,-0.0619,0.0,0.0
159928.OF,汇添富中证主要消费ETF,2016-02-26,0.2953,0.2953,0.2953,0.2953,0.0143,0.0,0.0
159928.OF,汇添富中证主要消费ETF,2016-02-29,0.2879,0.2879,0.2879,0.2879,-0.0251,0.0,0.0
159928.OF,汇添富中证主要消费ETF,2016-03-01,0.293,0.293,0.293,0.293,0.0176,0.0,0.0
159928.OF,汇添富中证主要消费ETF,2016-03-02,0.3028,0.3028,0.3028,0.3028,0.0336,0.0,0.0
159928.OF,汇添富中证主要消费ETF,2016-03-03,0.3055,0.3055,0.3055,0.3055,0.0089,0.0,0.0
159928.OF,汇添富中证主要消费ETF,2016-03-04,0.3092,0.3092,0.3092,0.3092,0.012,0.0,0.0
159928.OF,汇添富中证主要消费ETF,2016-03-07,0.3109,0.3109,0.3109,0.3109,0.0054,0.0,0.0
159928.OF,汇添富中证主要消费ETF,2016-03-08,0.3085,0.3085,0.3085,0.3085,-0.0077,0.0,0.0
159928.OF,汇添富中证主要消费ETF,2016-03-09,0.3036,0.3036,0.3036,0.3036,-0.0157,0.0,0.0
159928.OF,汇添富中证主要消费ETF,2016-03-10,0.3039,0.3039,0.3039,0.3039,0.001,0.0,0.0
159928.OF,汇添富中证主要消费ETF,2016-03-11,0.3026,0.3026,0.3026,0.3026,-0.0042,0.0,0.0
159928.OF,汇添富中证主要消费ETF,2016-03-14,0.3061,0.3061,0.3061,0.3061,0.0113,0.0,0.0
159928.OF,汇添富中证主要消费ETF,2016-03-15,0.3083,0.3083,0.3083,0.3083,0.0074,0.0,0.0
159928.OF,汇添富中证主要消费ETF,2016-03-16,0.3055,0.3055,0.3055,0.3055,-0.0092,0.0,0.0
159928.OF,汇添富中证主要消费ETF,2016-03-17,0.3094,0.3094,0.3094,0.3094,0.013,0.0,0.0
159928.OF,汇添富中证主要消费ETF,2016-03-18,0.3141,0.3141,0.3141,0.3141,0.015,0.0,0.0
159928.OF,汇添富中证主要消费ETF,2016-03-21,0.3199,0.3199,0.3199,0.3199,0.0185,0.0,0.0
159928.OF,汇添富中证主要消费ETF,2016-03-22,0.3204,0.3204,0.3204,0.3204,0.0015,0.0,0.0
159928.OF,汇添富中证主要消费ETF,2016-03-23,0.3211,0.3211,0.3211,0.3211,0.0023,0.0,0.0
159928.OF,汇添富中证主要消费ETF,2016-03-24,0.3201,0.3201,0.3201,0.3201,-0.0032,0.0,0.0
159928.OF,汇添富中证主要消费ETF,2016-03-25,0.3231,0.3231,0.3231,0.3231,0.0093,0.0,0.0
159928.OF,汇添富中证主要消费ETF,2016-03-28,0.3262,0.3262,0.3262,0.3262,0.0095,0.0,0.0
159928.OF,汇添富中证主要消费ETF,2016-03-29,0.3208,0.3208,0.3208,0.3208,-0.0163,0.0,0.0
159928.OF,汇添富中证主要消费ETF,2016-03-30,0.3277,0.3277,0.3277,0.3277,0.0215,0.0,0.0
159928.OF,汇添富中证主要消费ETF,2016-03-31,0.3281,0.3281,0.3281,0.3281,0.001,0.0,0.0
159928.OF,汇添富中证主要消费ETF,2016-04-01,0.3255,0.3255,0.3255,0.3255,-0.0079,0.0,0.0
159928.OF,汇添富中证主要消费ETF,2016-04-05,0.3299,0.3299,0.3299,0.3299,0.0137,0.0,0.0
159928.OF,汇添富中证主要消费ETF,2016-04-06,0.3328,0.3328,0.3328,0.3328,0.0087,0.0,0.0
159928.OF,汇添富中证主要消费ETF,2016-04-07,0.3268,0.3268,0.3268,0.3268,-0.018,0.0,0.0
159928.OF,汇添富中证主要消费ETF,2016-04-08,0.3229,0.3229,0.3229,0.3229,-0.012,0.0,0.0
159928.OF,汇添富中证主要消费ETF,2016-04-11,0.3262,0.3262,0.3262,0.3262,0.0103,0.0,0.0
159928.OF,汇添富中证主要消费ETF,2016-04-12,0.3239,0.3239,0.3239,0.3239,-0.007,0.0,0.0
159928.OF,汇添富中证主要消费ETF,2016-04-13,0.3261,0.3261,0.3261,0.3261,0.0066,0.0,0.0
159928.OF,汇添富中证主要消费ETF,2016-04-14,0.3287,0.3287,0.3287,0.3287,0.008,0.0,0.0
159928.OF,汇添富中证主要消费ETF,2016-04-15,0.3283,0.3283,0.3283,0.3283,-0.0012,0.0,0.0
159928.OF,汇添富中证主要消费ETF,2016-04-18,0.3243,0.3243,0.3243,0.3243,-0.012,0.0,0.0
159928.OF,汇添富中证主要消费ETF,2016-04-19,0.3246,0.3246,0.3246,0.3246,0.0008,0.0,0.0
159928.OF,汇添富中证主要消费ETF,2016-04-20,0.3155,0.3155,0.3155,0.3155,-0.0278,0.0,0.0
159928.OF,汇添富中证主要消费ETF,2016-04-21,0.3149,0.3149,0.3149,0.3149,-0.0021,0.0,0.0
159928.OF,汇添富中证主要消费ETF,2016-04-22,0.3184,0.3184,0.3184,0.3184,0.0114,0.0,0.0
159928.OF,汇添富中证主要消费ETF,2016-04-25,0.3179,0.3179,0.3179,0.3179,-0.0018,0.0,0.0
159928.OF,汇添富中证主要消费ETF,2016-04-26,0.3203,0.3203,0.3203,0.3203,0.0078,0.0,0.0
159928.OF,汇添富中证主要消费ETF,2016-04-27,0.3209,0.3209,0.3209,0.3209,0.0019,0.0,0.0
159928.OF,汇添富中证主要消费ETF,2016-04-28,0.3204,0.3204,0.3204,0.3204,-0.0016,0.0,0.0
159928.OF,汇添富中证主要消费ETF,2016-04-29,0.3248,0.3248,0.3248,0.3248,0.0138,0.0,0.0
159928.OF,汇添富中证主要消费ETF,2016-05-03,0.3378,0.3378,0.3378,0.3378,0.0398,0.0,0.0
159928.OF,汇添富中证主要消费ETF,2016-05-04,0.3361,0.3361,0.3361,0.3361,-0.0048,0.0,0.0
159928.OF,汇添富中证主要消费ETF,2016-05-05,0.3377,0.3377,0.3377,0.3377,0.0045,0.0,0.0
159928.OF,汇添富中证主要消费ETF,2016-05-06,0.3273,0.3273,0.3273,0.3273,-0.0307,0.0,0.0
159928.OF,汇添富中证主要消费ETF,2016-05-09,0.3239,0.3239,0.3239,0.3239,-0.0105,0.0,0.0
159928.OF,汇添富中证主要消费ETF,2016-05-10,0.3282,0.3282,0.3282,0.3282,0.0134,0.0,0.0
159928.OF,汇添富中证主要消费ETF,2016-05-11,0.3365,0.3365,0.3365,0.3365,0.0252,0.0,0.0
159928.OF,汇添富中证主要消费ETF,2016-05-12,0.3345,0.3345,0.3345,0.3345,-0.0057,0.0,0.0
159928.OF,汇添富中证主要消费ETF,2016-05-13,0.3318,0.3318,0.3318,0.3318,-0.0081,0.0,0.0
159928.OF,汇添富中证主要消费ETF,2016-05-16,0.3372,0.3372,0.3372,0.3372,0.0161,0.0,0.0
159928.OF,汇添富中证主要消费ETF,2016-05-17,0.3333,0.3333,0.3333,0.3333,-0.0116,0.0,0.0
159928.OF,汇添富中证主要消费ETF,2016-05-18,0.3273,0.3273,0.3273,0.3273,-0.0179,0.0,0.0
159928.OF,汇添富中证主要消费ETF,2016-05-19,0.3264,0.3264,0.3264,0.3264,-0.0028,0.0,0.0
159928.OF,汇添富中证主要消费ETF,2016-05-20,0.3289,0.3289,0.3289,0.3289,0.0078,0.0,0.0
159928.OF,汇添富中证主要消费ETF,2016-05-23,0.332,0.332,0.332,0.332,0.0094,0.0,0.0
159928.OF,汇添富中证主要消费ETF,2016-05-24,0.3282,0.3282,0.3282,0.3282,-0.0114,0.0,0.0
159928.OF,汇添富中证主要消费ETF,2016-05-25,0.3253,0.3253,0.3253,0.3253,-0.0091,0.0,0.0
159928.OF,汇添富中证主要消费ETF,2016-05-26,0.3244,0.3244,0.3244,0.3244,-0.0027,0.0,0.0
159928.OF,汇添富中证主要消费ETF,2016-05-27,0.324,0.324,0.324,0.324,-0.0011,0.0,0.0
159928.OF,汇添富中证主要消费ETF,2016-05-30,0.3232,0.3232,0.3232,0.3232,-0.0025,0.0,0.0
159928.OF,汇添富中证主要消费ETF,2016-05-31,0.3339,0.3339,0.3339,0.3339,0.0332,0.0,0.0
159928.OF,汇添富中证主要消费ETF,2016-06-01,0.3346,0.3346,0.3346,0.3346,0.0021,0.0,0.0
159928.OF,汇添富中证主要消费ETF,2016-06-02,0.3364,0.3364,0.3364,0.3364,0.0054,0.0,0.0
159928.OF,汇添富中证主要消费ETF,2016-06-03,0.3452,0.3452,0.3452,0.3452,0.0262,0.0,0.0
159928.OF,汇添富中证主要消费ETF,2016-06-06,0.3431,0.3431,0.3431,0.3431,-0.0061,0.0,0.0
159928.OF,汇添富中证主要消费ETF,2016-06-07,0.3445,0.3445,0.3445,0.3445,0.0039,0.0,0.0
159928.OF,汇添富中证主要消费ETF,2016-06-08,0.3404,0.3404,0.3404,0.3404,-0.0118,0.0,0.0
159928.OF,汇添富中证主要消费ETF,2016-06-13,0.3316,0.3316,0.3316,0.3316,-0.0258,0.0,0.0
159928.OF,汇添富中证主要消费ETF,2016-06-14,0.3362,0.3362,0.3362,0.3362,0.0136,0.0,0.0
159928.OF,汇添富中证主要消费ETF,2016-06-15,0.3425,0.3425,0.3425,0.3425,0.0188,0.0,0.0
159928.OF,汇添富中证主要消费ETF,2016-06-16,0.3404,0.3404,0.3404,0.3404,-0.0061,0.0,0.0
159928.OF,汇添富中证主要消费ETF,2016-06-17,0.3456,0.3456,0.3456,0.3456,0.0152,0.0,0.0
159928.OF,汇添富中证主要消费ETF,2016-06-20,0.3443,0.3443,0.3443,0.3443,-0.0037,0.0,0.0
159928.OF,汇添富中证主要消费ETF,2016-06-21,0.3407,0.3407,0.3407,0.3407,-0.0106,0.0,0.0
159928.OF,汇添富中证主要消费ETF,2016-06-22,0.3436,0.3436,0.3436,0.3436,0.0085,0.0,0.0
159928.OF,汇添富中证主要消费ETF,2016-06-23,0.3408,0.3408,0.3408,0.3408,-0.0079,0.0,0.0
159928.OF,汇添富中证主要消费ETF,2016-06-24,0.336,0.336,0.336,0.336,-0.0141,0.0,0.0
159928.OF,汇添富中证主要消费ETF,2016-06-27,0.3447,0.3447,0.3447,0.3447,0.0258,0.0,0.0
159928.OF,汇添富中证主要消费ETF,2016-06-28,0.346,0.346,0.346,0.346,0.0036,0.0,0.0
159928.OF,汇添富中证主要消费ETF,2016-06-29,0.3456,0.3456,0.3456,0.3456,-0.001,0.0,0.0
159928.OF,汇添富中证主要消费ETF,2016-06-30,0.3477,0.3477,0.3477,0.3477,0.0059,0.0,0.0
159928.OF,汇添富中证主要消费ETF,2016-07-01,0.3477,0.3477,0.3477,0.3477,0.0002,0.0,0.0
159928.OF,汇添富中证主要消费ETF,2016-07-04,0.3523,0.3523,0.3523,0.3523,0.0132,0.0,0.0
159928.OF,汇添富中证主要消费ETF,2016-07-05,0.354,0.354,0.354,0.354,0.0047,0.0,0.0
159928.OF,汇添富中证主要消费ETF,2016-07-06,0.3654,0.3654,0.3654,0.3654,0.0323,0.0,0.0
159928.OF,汇添富中证主要消费ETF,2016-07-07,0.3664,0.3664,0.3664,0.3664,0.0027,0.0,0.0
159928.OF,汇添富中证主要消费ETF,2016-07-08,0.3643,0.3643,0.3643,0.3643,-0.0057,0.0,0.0
159928.OF,汇添富中证主要消费ETF,2016-07-11,0.37,0.37,0.37,0.37,0.0158,0.0,0.0
159928.OF,汇添富中证主要消费ETF,2016-07-12,0.3793,0.3793,0.3793,0.3793,0.0251,0.0,0.0
159928.OF,汇添富中证主要消费ETF,2016-07-13,0.376,0.376,0.376,0.376,-0.0087,0.0,0.0
159928.OF,汇添富中证主要消费ETF,2016-07-14,0.3754,0.3754,0.3754,0.3754,-0.0015,0.0,0.0
159928.OF,汇添富中证主要消费ETF,2016-07-15,0.3756,0.3756,0.3756,0.3756,0.0005,0.0,0.0
159928.OF,汇添富中证主要消费ETF,2016-07-18,0.3736,0.3736,0.3736,0.3736,-0.0055,0.0,0.0
159928.OF,汇添富中证主要消费ETF,2016-07-19,0.3681,0.3681,0.3681,0.3681,-0.0146,0.0,0.0
159928.OF,汇添富中证主要消费ETF,2016-07-20,0.3683,0.3683,0.3683,0.3683,0.0005,0.0,0.0
159928.OF,汇添富中证主要消费ETF,2016-07-21,0.3705,0.3705,0.3705,0.3705,0.0061,0.0,0.0
159928.OF,汇添富中证主要消费ETF,2016-07-22,0.364,0.364,0.364,0.364,-0.0175,0.0,0.0
159928.OF,汇添富中证主要消费ETF,2016-07-25,0.3658,0.3658,0.3658,0.3658,0.0049,0.0,0.0
159928.OF,汇添富中证主要消费ETF,2016-07-26,0.3737,0.3737,0.3737,0.3737,0.0214,0.0,0.0
159928.OF,汇添富中证主要消费ETF,2016-07-27,0.3653,0.3653,0.3653,0.3653,-0.0225,0.0,0.0
159928.OF,汇添富中证主要消费ETF,2016-07-28,0.3701,0.3701,0.3701,0.3701,0.0133,0.0,0.0
159928.OF,汇添富中证主要消费ETF,2016-07-29,0.3695,0.3695,0.3695,0.3695,-0.0018,0.0,0.0
159928.OF,汇添富中证主要消费ETF,2016-08-01,0.3627,0.3627,0.3627,0.3627,-0.0184,0.0,0.0
159928.OF,汇添富中证主要消费ETF,2016-08-02,0.3629,0.3629,0.3629,0.3629,0.0006,0.0,0.0
159928.OF,汇添富中证主要消费ETF,2016-08-03,0.3643,0.3643,0.3643,0.3643,0.004,0.0,0.0
159928.OF,汇添富中证主要消费ETF,2016-08-04,0.3639,0.3639,0.3639,0.3639,-0.0012,0.0,0.0
159928.OF,汇添富中证主要消费ETF,2016-08-05,0.3635,0.3635,0.3635,0.3635,-0.0012,0.0,0.0
159928.OF,汇添富中证主要消费ETF,2016-08-08,0.3661,0.3661,0.3661,0.3661,0.0072,0.0,0.0
159928.OF,汇添富中证主要消费ETF,2016-08-09,0.3702,0.3702,0.3702,0.3702,0.0112,0.0,0.0
159928.OF,汇添富中证主要消费ETF,2016-08-10,0.3669,0.3669,0.3669,0.3669,-0.0089,0.0,0.0
159928.OF,汇添富中证主要消费ETF,2016-08-11,0.3655,0.3655,0.3655,0.3655,-0.0037,0.0,0.0
159928.OF,汇添富中证主要消费ETF,2016-08-12,0.368,0.368,0.368,0.368,0.0069,0.0,0.0
159928.OF,汇添富中证主要消费ETF,2016-08-15,0.3742,0.3742,0.3742,0.3742,0.0168,0.0,0.0
159928.OF,汇添富中证主要消费ETF,2016-08-16,0.3727,0.3727,0.3727,0.3727,-0.004,0.0,0.0
159928.OF,汇添富中证主要消费ETF,2016-08-17,0.3729,0.3729,0.3729,0.3729,0.0005,0.0,0.0
159928.OF,汇添富中证主要消费ETF,2016-08-18,0.3702,0.3702,0.3702,0.3702,-0.0074,0.0,0.0
159928.OF,汇添富中证主要消费ETF,2016-08-19,0.3692,0.3692,0.3692,0.3692,-0.0026,0.0,0.0
159928.OF,汇添富中证主要消费ETF,2016-08-22,0.3691,0.3691,0.3691,0.3691,-0.0003,0.0,0.0
159928.OF,汇添富中证主要消费ETF,2016-08-23,0.3693,0.3693,0.3693,0.3693,0.0005,0.0,0.0
159928.OF,汇添富中证主要消费ETF,2016-08-24,0.3679,0.3679,0.3679,0.3679,-0.0037,0.0,0.0
159928.OF,汇添富中证主要消费ETF,2016-08-25,0.3657,0.3657,0.3657,0.3657,-0.006,0.0,0.0
159928.OF,汇添富中证主要消费ETF,2016-08-26,0.3655,0.3655,0.3655,0.3655,-0.0005,0.0,0.0
159928.OF,汇添富中证主要消费ETF,2016-08-29,0.364,0.364,0.364,0.364,-0.0042,0.0,0.0
159928.OF,汇添富中证主要消费ETF,2016-08-30,0.3638,0.3638,0.3638,0.3638,-0.0004,0.0,0.0
159928.OF,汇添富中证主要消费ETF,2016-08-31,0.3651,0.3651,0.3651,0.3651,0.0034,0.0,0.0
159928.OF,汇添富中证主要消费ETF,2016-09-01,0.3623,0.3623,0.3623,0.3623,-0.0077,0.0,0.0
159928.OF,汇添富中证主要消费ETF,2016-09-02,0.3607,0.3607,0.3607,0.3607,-0.0044,0.0,0.0
159928.OF,汇添富中证主要消费ETF,2016-09-05,0.3616,0.3616,0.3616,0.3616,0.0026,0.0,0.0
159928.OF,汇添富中证主要消费ETF,2016-09-06,0.3651,0.3651,0.3651,0.3651,0.0098,0.0,0.0
159928.OF,汇添富中证主要消费ETF,2016-09-07,0.363,0.363,0.363,0.363,-0.0059,0.0,0.0
159928.OF,汇添富中证主要消费ETF,2016-09-08,0.3626,0.3626,0.3626,0.3626,-0.001,0.0,0.0
159928.OF,汇添富中证主要消费ETF,2016-09-09,0.3601,0.3601,0.3601,0.3601,-0.007,0.0,0.0
159928.OF,汇添富中证主要消费ETF,2016-09-12,0.3511,0.3511,0.3511,0.3511,-0.0249,0.0,0.0
159928.OF,汇添富中证主要消费ETF,2016-09-13,0.3518,0.3518,0.3518,0.3518,0.0021,0.0,0.0
159928.OF,汇添富中证主要消费ETF,2016-09-14,0.3511,0.3511,0.3511,0.3511,-0.0021,0.0,0.0
159928.OF,汇添富中证主要消费ETF,2016-09-19,0.3538,0.3538,0.3538,0.3538,0.0077,0.0,0.0
159928.OF,汇添富中证主要消费ETF,2016-09-20,0.3536,0.3536,0.3536,0.3536,-0.0006,0.0,0.0
159928.OF,汇添富中证主要消费ETF,2016-09-21,0.3532,0.3532,0.3532,0.3532,-0.0011,0.0,0.0
159928.OF,汇添富中证主要消费ETF,2016-09-22,0.356,0.356,0.356,0.356,0.0079,0.0,0.0
159928.OF,汇添富中证主要消费ETF,2016-09-23,0.3555,0.3555,0.3555,0.3555,-0.0013,0.0,0.0
159928.OF,汇添富中证主要消费ETF,2016-09-26,0.348,0.348,0.348,0.348,-0.0211,0.0,0.0
159928.OF,汇添富中证主要消费ETF,2016-09-27,0.35,0.35,0.35,0.35,0.0055,0.0,0.0
159928.OF,汇添富中证主要消费ETF,2016-09-28,0.349,0.349,0.349,0.349,-0.0029,0.0,0.0
159928.OF,汇添富中证主要消费ETF,2016-09-29,0.3504,0.3504,0.3504,0.3504,0.0042,0.0,0.0
159928.OF,汇添富中证主要消费ETF,2016-09-30,0.3535,0.3535,0.3535,0.3535,0.0087,0.0,0.0
159928.OF,汇添富中证主要消费ETF,2016-10-10,0.3591,0.3591,0.3591,0.3591,0.0159,0.0,0.0
159928.OF,汇添富中证主要消费ETF,2016-10-11,0.3603,0.3603,0.3603,0.3603,0.0033,0.0,0.0
159928.OF,汇添富中证主要消费ETF,2016-10-12,0.3596,0.3596,0.3596,0.3596,-0.002,0.0,0.0
159928.OF,汇添富中证主要消费ETF,2016-10-13,0.3588,0.3588,0.3588,0.3588,-0.0022,0.0,0.0
159928.OF,汇添富中证主要消费ETF,2016-10-14,0.3595,0.3595,0.3595,0.3595,0.002,0.0,0.0
159928.OF,汇添富中证主要消费ETF,2016-10-17,0.3574,0.3574,0.3574,0.3574,-0.0059,0.0,0.0
159928.OF,汇添富中证主要消费ETF,2016-10-18,0.3622,0.3622,0.3622,0.3622,0.0136,0.0,0.0
159928.OF,汇添富中证主要消费ETF,2016-10-19,0.3618,0.3618,0.3618,0.3618,-0.0013,0.0,0.0
159928.OF,汇添富中证主要消费ETF,2016-10-20,0.3608,0.3608,0.3608,0.3608,-0.0026,0.0,0.0
159928.OF,汇添富中证主要消费ETF,2016-10-21,0.3594,0.3594,0.3594,0.3594,-0.0038,0.0,0.0
159928.OF,汇添富中证主要消费ETF,2016-10-24,0.364,0.364,0.364,0.364,0.0126,0.0,0.0
159928.OF,汇添富中证主要消费ETF,2016-10-25,0.3672,0.3672,0.3672,0.3672,0.0089,0.0,0.0
159928.OF,汇添富中证主要消费ETF,2016-10-26,0.3715,0.3715,0.3715,0.3715,0.0117,0.0,0.0
159928.OF,汇添富中证主要消费ETF,2016-10-27,0.3698,0.3698,0.3698,0.3698,-0.0044,0.0,0.0
159928.OF,汇添富中证主要消费ETF,2016-10-28,0.3683,0.3683,0.3683,0.3683,-0.0041,0.0,0.0
159928.OF,汇添富中证主要消费ETF,2016-10-31,0.3687,0.3687,0.3687,0.3687,0.0011,0.0,0.0
159928.OF,汇添富中证主要消费ETF,2016-11-01,0.3714,0.3714,0.3714,0.3714,0.0073,0.0,0.0
159928.OF,汇添富中证主要消费ETF,2016-11-02,0.3685,0.3685,0.3685,0.3685,-0.0078,0.0,0.0
159928.OF,汇添富中证主要消费ETF,2016-11-03,0.3693,0.3693,0.3693,0.3693,0.0022,0.0,0.0
159928.OF,汇添富中证主要消费ETF,2016-11-04,0.3679,0.3679,0.3679,0.3679,-0.0039,0.0,0.0
159928.OF,汇添富中证主要消费ETF,2016-11-07,0.3675,0.3675,0.3675,0.3675,-0.0012,0.0,0.0
159928.OF,汇添富中证主要消费ETF,2016-11-08,0.3702,0.3702,0.3702,0.3702,0.0075,0.0,0.0
159928.OF,汇添富中证主要消费ETF,2016-11-09,0.3672,0.3672,0.3672,0.3672,-0.0082,0.0,0.0
159928.OF,汇添富中证主要消费ETF,2016-11-10,0.3708,0.3708,0.3708,0.3708,0.0099,0.0,0.0
159928.OF,汇添富中证主要消费ETF,2016-11-11,0.3704,0.3704,0.3704,0.3704,-0.0011,0.0,0.0
159928.OF,汇添富中证主要消费ETF,2016-11-14,0.3684,0.3684,0.3684,0.3684,-0.0055,0.0,0.0
159928.OF,汇添富中证主要消费ETF,2016-11-15,0.3714,0.3714,0.3714,0.3714,0.0081,0.0,0.0
159928.OF,汇添富中证主要消费ETF,2016-11-16,0.3702,0.3702,0.3702,0.3702,-0.0034,0.0,0.0
159928.OF,汇添富中证主要消费ETF,2016-11-17,0.3698,0.3698,0.3698,0.3698,-0.0011,0.0,0.0
159928.OF,汇添富中证主要消费ETF,2016-11-18,0.3681,0.3681,0.3681,0.3681,-0.0044,0.0,0.0
159928.OF,汇添富中证主要消费ETF,2016-11-21,0.3671,0.3671,0.3671,0.3671,-0.0028,0.0,0.0
159928.OF,汇添富中证主要消费ETF,2016-11-22,0.3676,0.3676,0.3676,0.3676,0.0012,0.0,0.0
159928.OF,汇添富中证主要消费ETF,2016-11-23,0.369,0.369,0.369,0.369,0.004,0.0,0.0
159928.OF,汇添富中证主要消费ETF,2016-11-24,0.3729,0.3729,0.3729,0.3729,0.0105,0.0,0.0
159928.OF,汇添富中证主要消费ETF,2016-11-25,0.3735,0.3735,0.3735,0.3735,0.0015,0.0,0.0
159928.OF,汇添富中证主要消费ETF,2016-11-28,0.3732,0.3732,0.3732,0.3732,-0.0007,0.0,0.0
159928.OF,汇添富中证主要消费ETF,2016-11-29,0.3799,0.3799,0.3799,0.3799,0.0178,0.0,0.0
159928.OF,汇添富中证主要消费ETF,2016-11-30,0.3755,0.3755,0.3755,0.3755,-0.0115,0.0,0.0
159928.OF,汇添富中证主要消费ETF,2016-12-01,0.3773,0.3773,0.3773,0.3773,0.0047,0.0,0.0
159928.OF,汇添富中证主要消费ETF,2016-12-02,0.3722,0.3722,0.3722,0.3722,-0.0134,0.0,0.0
159928.OF,汇添富中证主要消费ETF,2016-12-05,0.3677,0.3677,0.3677,0.3677,-0.0122,0.0,0.0
159928.OF,汇添富中证主要消费ETF,2016-12-06,0.3703,0.3703,0.3703,0.3703,0.007,0.0,0.0
159928.OF,汇添富中证主要消费ETF,2016-12-07,0.3744,0.3744,0.3744,0.3744,0.0112,0.0,0.0
159928.OF,汇添富中证主要消费ETF,2016-12-08,0.3753,0.3753,0.3753,0.3753,0.0024,0.0,0.0
159928.OF,汇添富中证主要消费ETF,2016-12-09,0.375,0.375,0.375,0.375,-0.0007,0.0,0.0
159928.OF,汇添富中证主要消费ETF,2016-12-12,0.365,0.365,0.365,0.365,-0.0268,0.0,0.0
159928.OF,汇添富中证主要消费ETF,2016-12-13,0.3708,0.3708,0.3708,0.3708,0.016,0.0,0.0
159928.OF,汇添富中证主要消费ETF,2016-12-14,0.3678,0.3678,0.3678,0.3678,-0.008,0.0,0.0
159928.OF,汇添富中证主要消费ETF,2016-12-15,0.3661,0.3661,0.3661,0.3661,-0.0046,0.0,0.0
159928.OF,汇添富中证主要消费ETF,2016-12-16,0.3673,0.3673,0.3673,0.3673,0.0031,0.0,0.0
159928.OF,汇添富中证主要消费ETF,2016-12-19,0.3689,0.3689,0.3689,0.3689,0.0046,0.0,0.0
159928.OF,汇添富中证主要消费ETF,2016-12-20,0.3659,0.3659,0.3659,0.3659,-0.0083,0.0,0.0
159928.OF,汇添富中证主要消费ETF,2016-12-21,0.3679,0.3679,0.3679,0.3679,0.0057,0.0,0.0
159928.OF,汇添富中证主要消费ETF,2016-12-22,0.3666,0.3666,0.3666,0.3666,-0.0036,0.0,0.0
159928.OF,汇添富中证主要消费ETF,2016-12-23,0.3619,0.3619,0.3619,0.3619,-0.0129,0.0,0.0
159928.OF,汇添富中证主要消费ETF,2016-12-26,0.3639,0.3639,0.3639,0.3639,0.0055,0.0,0.0
159928.OF,汇添富中证主要消费ETF,2016-12-27,0.3635,0.3635,0.3635,0.3635,-0.001,0.0,0.0
159928.OF,汇添富中证主要消费ETF,2016-12-28,0.3613,0.3613,0.3613,0.3613,-0.0061,0.0,0.0
159928.OF,汇添富中证主要消费ETF,2016-12-29,0.3622,0.3622,0.3622,0.3622,0.0024,0.0,0.0
159928.OF,汇添富中证主要消费ETF,2016-12-30,0.3661,0.3661,0.3661,0.3661,0.0109,0.0,0.0
159928.OF,汇添富中证主要消费ETF,2016-12-31,0.3661,0.3661,0.3661,0.3661,0.0,0.0,0.0
159928.OF,汇添富中证主要消费ETF,2017-01-03,0.3682,0.3682,0.3682,0.3682,0.0057,0.0,0.0
159928.OF,汇添富中证主要消费ETF,2017-01-04,0.3759,0.3759,0.3759,0.3759,0.0209,0.0,0.0
159928.OF,汇添富中证主要消费ETF,2017-01-05,0.3749,0.3749,0.3749,0.3749,-0.0028,0.0,0.0
159928.OF,汇添富中证主要消费ETF,2017-01-06,0.3743,0.3743,0.3743,0.3743,-0.0016,0.0,0.0
159928.OF,汇添富中证主要消费ETF,2017-01-09,0.3742,0.3742,0.3742,0.3742,-0.0001,0.0,0.0
159928.OF,汇添富中证主要消费ETF,2017-01-10,0.3743,0.3743,0.3743,0.3743,0.0003,0.0,0.0
159928.OF,汇添富中证主要消费ETF,2017-01-11,0.3701,0.3701,0.3701,0.3701,-0.0112,0.0,0.0
159928.OF,汇添富中证主要消费ETF,2017-01-12,0.3675,0.3675,0.3675,0.3675,-0.0072,0.0,0.0
159928.OF,汇添富中证主要消费ETF,2017-01-13,0.3647,0.3647,0.3647,0.3647,-0.0076,0.0,0.0
159928.OF,汇添富中证主要消费ETF,2017-01-16,0.3623,0.3623,0.3623,0.3623,-0.0065,0.0,0.0
159928.OF,汇添富中证主要消费ETF,2017-01-17,0.3664,0.3664,0.3664,0.3664,0.0112,0.0,0.0
159928.OF,汇添富中证主要消费ETF,2017-01-18,0.3701,0.3701,0.3701,0.3701,0.0102,0.0,0.0
159928.OF,汇添富中证主要消费ETF,2017-01-19,0.3688,0.3688,0.3688,0.3688,-0.0034,0.0,0.0
159928.OF,汇添富中证主要消费ETF,2017-01-20,0.3713,0.3713,0.3713,0.3713,0.0068,0.0,0.0
159928.OF,汇添富中证主要消费ETF,2017-01-23,0.3722,0.3722,0.3722,0.3722,0.0024,0.0,0.0
159928.OF,汇添富中证主要消费ETF,2017-01-24,0.3724,0.3724,0.3724,0.3724,0.0005,0.0,0.0
159928.OF,汇添富中证主要消费ETF,2017-01-25,0.3723,0.3723,0.3723,0.3723,-0.0004,0.0,0.0
159928.OF,汇添富中证主要消费ETF,2017-01-26,0.3716,0.3716,0.3716,0.3716,-0.0019,0.0,0.0
159928.OF,汇添富中证主要消费ETF,2017-02-03,0.3703,0.3703,0.3703,0.3703,-0.0035,0.0,0.0
159928.OF,汇添富中证主要消费ETF,2017-02-06,0.3718,0.3718,0.3718,0.3718,0.0041,0.0,0.0
159928.OF,汇添富中证主要消费ETF,2017-02-07,0.371,0.371,0.371,0.371,-0.0022,0.0,0.0
159928.OF,汇添富中证主要消费ETF,2017-02-08,0.3726,0.3726,0.3726,0.3726,0.0044,0.0,0.0
159928.OF,汇添富中证主要消费ETF,2017-02-09,0.375,0.375,0.375,0.375,0.0066,0.0,0.0
159928.OF,汇添富中证主要消费ETF,2017-02-10,0.3763,0.3763,0.3763,0.3763,0.0033,0.0,0.0
159928.OF,汇添富中证主要消费ETF,2017-02-13,0.3827,0.3827,0.3827,0.3827,0.0169,0.0,0.0
159928.OF,汇添富中证主要消费ETF,2017-02-14,0.3823,0.3823,0.3823,0.3823,-0.0009,0.0,0.0
159928.OF,汇添富中证主要消费ETF,2017-02-15,0.3795,0.3795,0.3795,0.3795,-0.0075,0.0,0.0
159928.OF,汇添富中证主要消费ETF,2017-02-16,0.3804,0.3804,0.3804,0.3804,0.0025,0.0,0.0
159928.OF,汇添富中证主要消费ETF,2017-02-17,0.3811,0.3811,0.3811,0.3811,0.0018,0.0,0.0
159928.OF,汇添富中证主要消费ETF,2017-02-20,0.3911,0.3911,0.3911,0.3911,0.0264,0.0,0.0
159928.OF,汇添富中证主要消费ETF,2017-02-21,0.3927,0.3927,0.3927,0.3927,0.004,0.0,0.0
159928.OF,汇添富中证主要消费ETF,2017-02-22,0.3972,0.3972,0.3972,0.3972,0.0115,0.0,0.0
159928.OF,汇添富中证主要消费ETF,2017-02-23,0.3937,0.3937,0.3937,0.3937,-0.009,0.0,0.0
159928.OF,汇添富中证主要消费ETF,2017-02-24,0.3934,0.3934,0.3934,0.3934,-0.0006,0.0,0.0
159928.OF,汇添富中证主要消费ETF,2017-02-27,0.3878,0.3878,0.3878,0.3878,-0.0142,0.0,0.0
159928.OF,汇添富中证主要消费ETF,2017-02-28,0.3875,0.3875,0.3875,0.3875,-0.0009,0.0,0.0
159928.OF,汇添富中证主要消费ETF,2017-03-01,0.3891,0.3891,0.3891,0.3891,0.0041,0.0,0.0
159928.OF,汇添富中证主要消费ETF,2017-03-02,0.388,0.388,0.388,0.388,-0.0029,0.0,0.0
159928.OF,汇添富中证主要消费ETF,2017-03-03,0.3879,0.3879,0.3879,0.3879,-0.0003,0.0,0.0
159928.OF,汇添富中证主要消费ETF,2017-03-06,0.3899,0.3899,0.3899,0.3899,0.0054,0.0,0.0
159928.OF,汇添富中证主要消费ETF,2017-03-07,0.3954,0.3954,0.3954,0.3954,0.0141,0.0,0.0
159928.OF,汇添富中证主要消费ETF,2017-03-08,0.394,0.394,0.394,0.394,-0.0037,0.0,0.0
159928.OF,汇添富中证主要消费ETF,2017-03-09,0.3918,0.3918,0.3918,0.3918,-0.0056,0.0,0.0
159928.OF,汇添富中证主要消费ETF,2017-03-10,0.3923,0.3923,0.3923,0.3923,0.0013,0.0,0.0
159928.OF,汇添富中证主要消费ETF,2017-03-13,0.3966,0.3966,0.3966,0.3966,0.011,0.0,0.0
159928.OF,汇添富中证主要消费ETF,2017-03-14,0.3946,0.3946,0.3946,0.3946,-0.005,0.0,0.0
159928.OF,汇添富中证主要消费ETF,2017-03-15,0.3956,0.3956,0.3956,0.3956,0.0027,0.0,0.0
159928.OF,汇添富中证主要消费ETF,2017-03-16,0.3952,0.3952,0.3952,0.3952,-0.001,0.0,0.0
159928.OF,汇添富中证主要消费ETF,2017-03-17,0.3943,0.3943,0.3943,0.3943,-0.0025,0.0,0.0
159928.OF,汇添富中证主要消费ETF,2017-03-20,0.398,0.398,0.398,0.398,0.0094,0.0,0.0
159928.OF,汇添富中证主要消费ETF,2017-03-21,0.4067,0.4067,0.4067,0.4067,0.0219,0.0,0.0
159928.OF,汇添富中证主要消费ETF,2017-03-22,0.4077,0.4077,0.4077,0.4077,0.0026,0.0,0.0
159928.OF,汇添富中证主要消费ETF,2017-03-23,0.4067,0.4067,0.4067,0.4067,-0.0026,0.0,0.0
159928.OF,汇添富中证主要消费ETF,2017-03-24,0.4075,0.4075,0.4075,0.4075,0.0019,0.0,0.0
159928.OF,汇添富中证主要消费ETF,2017-03-27,0.4025,0.4025,0.4025,0.4025,-0.0121,0.0,0.0
159928.OF,汇添富中证主要消费ETF,2017-03-28,0.4014,0.4014,0.4014,0.4014,-0.0027,0.0,0.0
159928.OF,汇添富中证主要消费ETF,2017-03-29,0.4024,0.4024,0.4024,0.4024,0.0024,0.0,0.0
159928.OF,汇添富中证主要消费ETF,2017-03-30,0.3999,0.3999,0.3999,0.3999,-0.0062,0.0,0.0
159928.OF,汇添富中证主要消费ETF,2017-03-31,0.4013,0.4013,0.4013,0.4013,0.0036,0.0,0.0
159928.OF,汇添富中证主要消费ETF,2017-04-05,0.4054,0.4054,0.4054,0.4054,0.0102,0.0,0.0
159928.OF,汇添富中证主要消费ETF,2017-04-06,0.4051,0.4051,0.4051,0.4051,-0.0009,0.0,0.0
159928.OF,汇添富中证主要消费ETF,2017-04-07,0.4041,0.4041,0.4041,0.4041,-0.0024,0.0,0.0
159928.OF,汇添富中证主要消费ETF,2017-04-10,0.3999,0.3999,0.3999,0.3999,-0.0105,0.0,0.0
159928.OF,汇添富中证主要消费ETF,2017-04-11,0.399,0.399,0.399,0.399,-0.0021,0.0,0.0
159928.OF,汇添富中证主要消费ETF,2017-04-12,0.4015,0.4015,0.4015,0.4015,0.0061,0.0,0.0
159928.OF,汇添富中证主要消费ETF,2017-04-13,0.4054,0.4054,0.4054,0.4054,0.0097,0.0,0.0
159928.OF,汇添富中证主要消费ETF,2017-04-14,0.4011,0.4011,0.4011,0.4011,-0.0106,0.0,0.0
159928.OF,汇添富中证主要消费ETF,2017-04-17,0.4023,0.4023,0.4023,0.4023,0.0032,0.0,0.0
159928.OF,汇添富中证主要消费ETF,2017-04-18,0.4067,0.4067,0.4067,0.4067,0.0109,0.0,0.0
159928.OF,汇添富中证主要消费ETF,2017-04-19,0.4049,0.4049,0.4049,0.4049,-0.0045,0.0,0.0
159928.OF,汇添富中证主要消费ETF,2017-04-20,0.4134,0.4134,0.4134,0.4134,0.0212,0.0,0.0
159928.OF,汇添富中证主要消费ETF,2017-04-21,0.4092,0.4092,0.4092,0.4092,-0.0103,0.0,0.0
159928.OF,汇添富中证主要消费ETF,2017-04-24,0.403,0.403,0.403,0.403,-0.0152,0.0,0.0
159928.OF,汇添富中证主要消费ETF,2017-04-25,0.4119,0.4119,0.4119,0.4119,0.0222,0.0,0.0
159928.OF,汇添富中证主要消费ETF,2017-04-26,0.4112,0.4112,0.4112,0.4112,-0.0018,0.0,0.0
159928.OF,汇添富中证主要消费ETF,2017-04-27,0.4121,0.4121,0.4121,0.4121,0.0022,0.0,0.0
159928.OF,汇添富中证主要消费ETF,2017-04-28,0.4038,0.4038,0.4038,0.4038,-0.0201,0.0,0.0
159928.OF,汇添富中证主要消费ETF,2017-05-02,0.4017,0.4017,0.4017,0.4017,-0.0053,0.0,0.0
159928.OF,汇添富中证主要消费ETF,2017-05-03,0.4024,0.4024,0.4024,0.4024,0.0018,0.0,0.0
159928.OF,汇添富中证主要消费ETF,2017-05-04,0.4017,0.4017,0.4017,0.4017,-0.0019,0.0,0.0
159928.OF,汇添富中证主要消费ETF,2017-05-05,0.3999,0.3999,0.3999,0.3999,-0.0045,0.0,0.0
159928.OF,汇添富中证主要消费ETF,2017-05-08,0.3932,0.3932,0.3932,0.3932,-0.0166,0.0,0.0
159928.OF,汇添富中证主要消费ETF,2017-05-09,0.3944,0.3944,0.3944,0.3944,0.0031,0.0,0.0
159928.OF,汇添富中证主要消费ETF,2017-05-10,0.3917,0.3917,0.3917,0.3917,-0.0069,0.0,0.0
159928.OF,汇添富中证主要消费ETF,2017-05-11,0.3942,0.3942,0.3942,0.3942,0.0063,0.0,0.0
159928.OF,汇添富中证主要消费ETF,2017-05-12,0.3958,0.3958,0.3958,0.3958,0.0041,0.0,0.0
159928.OF,汇添富中证主要消费ETF,2017-05-15,0.4004,0.4004,0.4004,0.4004,0.0116,0.0,0.0
159928.OF,汇添富中证主要消费ETF,2017-05-16,0.4092,0.4092,0.4092,0.4092,0.022,0.0,0.0
159928.OF,汇添富中证主要消费ETF,2017-05-17,0.4055,0.4055,0.4055,0.4055,-0.0089,0.0,0.0
159928.OF,汇添富中证主要消费ETF,2017-05-18,0.4058,0.4058,0.4058,0.4058,0.0006,0.0,0.0
159928.OF,汇添富中证主要消费ETF,2017-05-19,0.4105,0.4105,0.4105,0.4105,0.0116,0.0,0.0
159928.OF,汇添富中证主要消费ETF,2017-05-22,0.411,0.411,0.411,0.411,0.0012,0.0,0.0
159928.OF,汇添富中证主要消费ETF,2017-05-23,0.4154,0.4154,0.4154,0.4154,0.0108,0.0,0.0
159928.OF,汇添富中证主要消费ETF,2017-05-24,0.4119,0.4119,0.4119,0.4119,-0.0084,0.0,0.0
159928.OF,汇添富中证主要消费ETF,2017-05-25,0.4144,0.4144,0.4144,0.4144,0.0059,0.0,0.0
159928.OF,汇添富中证主要消费ETF,2017-05-26,0.4144,0.4144,0.4144,0.4144,0.0001,0.0,0.0
159928.OF,汇添富中证主要消费ETF,2017-05-31,0.4132,0.4132,0.4132,0.4132,-0.003,0.0,0.0
159928.OF,汇添富中证主要消费ETF,2017-06-01,0.4133,0.4133,0.4133,0.4133,0.0003,0.0,0.0
159928.OF,汇添富中证主要消费ETF,2017-06-02,0.4115,0.4115,0.4115,0.4115,-0.0045,0.0,0.0
159928.OF,汇添富中证主要消费ETF,2017-06-05,0.4094,0.4094,0.4094,0.4094,-0.0049,0.0,0.0
159928.OF,汇添富中证主要消费ETF,2017-06-06,0.4146,0.4146,0.4146,0.4146,0.0125,0.0,0.0
159928.OF,汇添富中证主要消费ETF,2017-06-07,0.4232,0.4232,0.4232,0.4232,0.0209,0.0,0.0
159928.OF,汇添富中证主要消费ETF,2017-06-08,0.4301,0.4301,0.4301,0.4301,0.0162,0.0,0.0
159928.OF,汇添富中证主要消费ETF,2017-06-09,0.4325,0.4325,0.4325,0.4325,0.0056,0.0,0.0
159928.OF,汇添富中证主要消费ETF,2017-06-12,0.4372,0.4372,0.4372,0.4372,0.011,0.0,0.0
159928.OF,汇添富中证主要消费ETF,2017-06-13,0.4375,0.4375,0.4375,0.4375,0.0006,0.0,0.0
159928.OF,汇添富中证主要消费ETF,2017-06-14,0.4336,0.4336,0.4336,0.4336,-0.0089,0.0,0.0
159928.OF,汇添富中证主要消费ETF,2017-06-15,0.4286,0.4286,0.4286,0.4286,-0.0115,0.0,0.0
159928.OF,汇添富中证主要消费ETF,2017-06-16,0.4269,0.4269,0.4269,0.4269,-0.0041,0.0,0.0
159928.OF,汇添富中证主要消费ETF,2017-06-19,0.4317,0.4317,0.4317,0.4317,0.0113,0.0,0.0
159928.OF,汇添富中证主要消费ETF,2017-06-20,0.4291,0.4291,0.4291,0.4291,-0.006,0.0,0.0
159928.OF,汇添富中证主要消费ETF,2017-06-21,0.4393,0.4393,0.4393,0.4393,0.0237,0.0,0.0
159928.OF,汇添富中证主要消费ETF,2017-06-22,0.4366,0.4366,0.4366,0.4366,-0.006,0.0,0.0
159928.OF,汇添富中证主要消费ETF,2017-06-23,0.4396,0.4396,0.4396,0.4396,0.0068,0.0,0.0
159928.OF,汇添富中证主要消费ETF,2017-06-26,0.4479,0.4479,0.4479,0.4479,0.0189,0.0,0.0
159928.OF,汇添富中证主要消费ETF,2017-06-27,0.4496,0.4496,0.4496,0.4496,0.0037,0.0,0.0
159928.OF,汇添富中证主要消费ETF,2017-06-28,0.4435,0.4435,0.4435,0.4435,-0.0135,0.0,0.0
159928.OF,汇添富中证主要消费ETF,2017-06-29,0.4462,0.4462,0.4462,0.4462,0.0062,0.0,0.0
159928.OF,汇添富中证主要消费ETF,2017-06-30,0.4483,0.4483,0.4483,0.4483,0.0045,0.0,0.0
159928.OF,汇添富中证主要消费ETF,2017-07-03,0.4434,0.4434,0.4434,0.4434,-0.0108,0.0,0.0
159928.OF,汇添富中证主要消费ETF,2017-07-04,0.4367,0.4367,0.4367,0.4367,-0.0152,0.0,0.0
159928.OF,汇添富中证主要消费ETF,2017-07-05,0.4412,0.4412,0.4412,0.4412,0.0102,0.0,0.0
159928.OF,汇添富中证主要消费ETF,2017-07-06,0.4388,0.4388,0.4388,0.4388,-0.0054,0.0,0.0
159928.OF,汇添富中证主要消费ETF,2017-07-07,0.4344,0.4344,0.4344,0.4344,-0.0099,0.0,0.0
159928.OF,汇添富中证主要消费ETF,2017-07-10,0.438,0.438,0.438,0.438,0.0081,0.0,0.0
159928.OF,汇添富中证主要消费ETF,2017-07-11,0.4416,0.4416,0.4416,0.4416,0.0083,0.0,0.0
159928.OF,汇添富中证主要消费ETF,2017-07-12,0.4373,0.4373,0.4373,0.4373,-0.0098,0.0,0.0
159928.OF,汇添富中证主要消费ETF,2017-07-13,0.4364,0.4364,0.4364,0.4364,-0.0021,0.0,0.0
159928.OF,汇添富中证主要消费ETF,2017-07-14,0.438,0.438,0.438,0.438,0.0037,0.0,0.0
159928.OF,汇添富中证主要消费ETF,2017-07-17,0.4276,0.4276,0.4276,0.4276,-0.0236,0.0,0.0
159928.OF,汇添富中证主要消费ETF,2017-07-18,0.4294,0.4294,0.4294,0.4294,0.0041,0.0,0.0
159928.OF,汇添富中证主要消费ETF,2017-07-19,0.4351,0.4351,0.4351,0.4351,0.0132,0.0,0.0
159928.OF,汇添富中证主要消费ETF,2017-07-20,0.4403,0.4403,0.4403,0.4403,0.0121,0.0,0.0
159928.OF,汇添富中证主要消费ETF,2017-07-21,0.4434,0.4434,0.4434,0.4434,0.0069,0.0,0.0
159928.OF,汇添富中证主要消费ETF,2017-07-24,0.449,0.449,0.449,0.449,0.0128,0.0,0.0
159928.OF,汇添富中证主要消费ETF,2017-07-25,0.447,0.447,0.447,0.447,-0.0045,0.0,0.0
159928.OF,汇添富中证主要消费ETF,2017-07-26,0.4402,0.4402,0.4402,0.4402,-0.0152,0.0,0.0
159928.OF,汇添富中证主要消费ETF,2017-07-27,0.4416,0.4416,0.4416,0.4416,0.0031,0.0,0.0
159928.OF,汇添富中证主要消费ETF,2017-07-28,0.45,0.45,0.45,0.45,0.019,0.0,0.0
159928.OF,汇添富中证主要消费ETF,2017-07-31,0.4525,0.4525,0.4525,0.4525,0.0056,0.0,0.0
159928.OF,汇添富中证主要消费ETF,2017-08-01,0.4536,0.4536,0.4536,0.4536,0.0024,0.0,0.0
159928.OF,汇添富中证主要消费ETF,2017-08-02,0.4515,0.4515,0.4515,0.4515,-0.0046,0.0,0.0
159928.OF,汇添富中证主要消费ETF,2017-08-03,0.4486,0.4486,0.4486,0.4486,-0.0065,0.0,0.0
159928.OF,汇添富中证主要消费ETF,2017-08-04,0.4441,0.4441,0.4441,0.4441,-0.0101,0.0,0.0
159928.OF,汇添富中证主要消费ETF,2017-08-07,0.4545,0.4545,0.4545,0.4545,0.0235,0.0,0.0
159928.OF,汇添富中证主要消费ETF,2017-08-08,0.4578,0.4578,0.4578,0.4578,0.0072,0.0,0.0
159928.OF,汇添富中证主要消费ETF,2017-08-09,0.4691,0.4691,0.4691,0.4691,0.0247,0.0,0.0
159928.OF,汇添富中证主要消费ETF,2017-08-10,0.4688,0.4688,0.4688,0.4688,-0.0006,0.0,0.0
159928.OF,汇添富中证主要消费ETF,2017-08-11,0.4588,0.4588,0.4588,0.4588,-0.0214,0.0,0.0
159928.OF,汇添富中证主要消费ETF,2017-08-14,0.4674,0.4674,0.4674,0.4674,0.0189,0.0,0.0
159928.OF,汇添富中证主要消费ETF,2017-08-15,0.4683,0.4683,0.4683,0.4683,0.0019,0.0,0.0
159928.OF,汇添富中证主要消费ETF,2017-08-16,0.4661,0.4661,0.4661,0.4661,-0.0048,0.0,0.0
159928.OF,汇添富中证主要消费ETF,2017-08-17,0.4642,0.4642,0.4642,0.4642,-0.004,0.0,0.0
159928.OF,汇添富中证主要消费ETF,2017-08-18,0.4645,0.4645,0.4645,0.4645,0.0006,0.0,0.0
159928.OF,汇添富中证主要消费ETF,2017-08-21,0.4656,0.4656,0.4656,0.4656,0.0025,0.0,0.0
159928.OF,汇添富中证主要消费ETF,2017-08-22,0.4627,0.4627,0.4627,0.4627,-0.0063,0.0,0.0
159928.OF,汇添富中证主要消费ETF,2017-08-23,0.464,0.464,0.464,0.464,0.0029,0.0,0.0
159928.OF,汇添富中证主要消费ETF,2017-08-24,0.4598,0.4598,0.4598,0.4598,-0.0092,0.0,0.0
159928.OF,汇添富中证主要消费ETF,2017-08-25,0.463,0.463,0.463,0.463,0.0071,0.0,0.0
159928.OF,汇添富中证主要消费ETF,2017-08-28,0.4657,0.4657,0.4657,0.4657,0.0057,0.0,0.0
159928.OF,汇添富中证主要消费ETF,2017-08-29,0.4656,0.4656,0.4656,0.4656,-0.0002,0.0,0.0
159928.OF,汇添富中证主要消费ETF,2017-08-30,0.4682,0.4682,0.4682,0.4682,0.0056,0.0,0.0
159928.OF,汇添富中证主要消费ETF,2017-08-31,0.4685,0.4685,0.4685,0.4685,0.0007,0.0,0.0
159928.OF,汇添富中证主要消费ETF,2017-09-01,0.4699,0.4699,0.4699,0.4699,0.0028,0.0,0.0
159928.OF,汇添富中证主要消费ETF,2017-09-04,0.4673,0.4673,0.4673,0.4673,-0.0055,0.0,0.0
159928.OF,汇添富中证主要消费ETF,2017-09-05,0.4695,0.4695,0.4695,0.4695,0.0047,0.0,0.0
159928.OF,汇添富中证主要消费ETF,2017-09-06,0.4667,0.4667,0.4667,0.4667,-0.0059,0.0,0.0
159928.OF,汇添富中证主要消费ETF,2017-09-07,0.4619,0.4619,0.4619,0.4619,-0.0102,0.0,0.0
159928.OF,汇添富中证主要消费ETF,2017-09-08,0.4592,0.4592,0.4592,0.4592,-0.006,0.0,0.0
159928.OF,汇添富中证主要消费ETF,2017-09-11,0.4607,0.4607,0.4607,0.4607,0.0033,0.0,0.0
159928.OF,汇添富中证主要消费ETF,2017-09-12,0.4639,0.4639,0.4639,0.4639,0.0071,0.0,0.0
159928.OF,汇添富中证主要消费ETF,2017-09-13,0.4707,0.4707,0.4707,0.4707,0.0147,0.0,0.0
159928.OF,汇添富中证主要消费ETF,2017-09-14,0.4707,0.4707,0.4707,0.4707,0.0,0.0,0.0
159928.OF,汇添富中证主要消费ETF,2017-09-15,0.4737,0.4737,0.4737,0.4737,0.0064,0.0,0.0
159928.OF,汇添富中证主要消费ETF,2017-09-18,0.4814,0.4814,0.4814,0.4814,0.0161,0.0,0.0
159928.OF,汇添富中证主要消费ETF,2017-09-19,0.4804,0.4804,0.4804,0.4804,-0.002,0.0,0.0
159928.OF,汇添富中证主要消费ETF,2017-09-20,0.4848,0.4848,0.4848,0.4848,0.0092,0.0,0.0
159928.OF,汇添富中证主要消费ETF,2017-09-21,0.4841,0.4841,0.4841,0.4841,-0.0016,0.0,0.0
159928.OF,汇添富中证主要消费ETF,2017-09-22,0.4845,0.4845,0.4845,0.4845,0.001,0.0,0.0
159928.OF,汇添富中证主要消费ETF,2017-09-25,0.4896,0.4896,0.4896,0.4896,0.0104,0.0,0.0
159928.OF,汇添富中证主要消费ETF,2017-09-26,0.489,0.489,0.489,0.489,-0.0011,0.0,0.0
159928.OF,汇添富中证主要消费ETF,2017-09-27,0.488,0.488,0.488,0.488,-0.0021,0.0,0.0
159928.OF,汇添富中证主要消费ETF,2017-09-28,0.496,0.496,0.496,0.496,0.0164,0.0,0.0
159928.OF,汇添富中证主要消费ETF,2017-09-29,0.5,0.5,0.5,0.5,0.0081,0.0,0.0
159928.OF,汇添富中证主要消费ETF,2017-09-30,0.5,0.5,0.5,0.5,0.0,0.0,0.0
159928.OF,汇添富中证主要消费ETF,2017-10-09,0.5058,0.5058,0.5058,0.5058,0.0116,0.0,0.0
159928.OF,汇添富中证主要消费ETF,2017-10-10,0.5112,0.5112,0.5112,0.5112,0.0106,0.0,0.0
159928.OF,汇添富中证主要消费ETF,2017-10-11,0.5222,0.5222,0.5222,0.5222,0.0215,0.0,0.0
159928.OF,汇添富中证主要消费ETF,2017-10-12,0.5205,0.5205,0.5205,0.5205,-0.0032,0.0,0.0
159928.OF,汇添富中证主要消费ETF,2017-10-13,0.5215,0.5215,0.5215,0.5215,0.0018,0.0,0.0
159928.OF,汇添富中证主要消费ETF,2017-10-16,0.5175,0.5175,0.5175,0.5175,-0.0075,0.0,0.0
159928.OF,汇添富中证主要消费ETF,2017-10-17,0.5183,0.5183,0.5183,0.5183,0.0014,0.0,0.0
159928.OF,汇添富中证主要消费ETF,2017-10-18,0.5275,0.5275,0.5275,0.5275,0.0178,0.0,0.0
159928.OF,汇添富中证主要消费ETF,2017-10-19,0.537,0.537,0.537,0.537,0.0181,0.0,0.0
159928.OF,汇添富中证主要消费ETF,2017-10-20,0.5316,0.5316,0.5316,0.5316,-0.01,0.0,0.0
159928.OF,汇添富中证主要消费ETF,2017-10-23,0.5347,0.5347,0.5347,0.5347,0.0057,0.0,0.0
159928.OF,汇添富中证主要消费ETF,2017-10-24,0.5362,0.5362,0.5362,0.5362,0.0028,0.0,0.0
159928.OF,汇添富中证主要消费ETF,2017-10-25,0.5361,0.5361,0.5361,0.5361,-0.0001,0.0,0.0
159928.OF,汇添富中证主要消费ETF,2017-10-26,0.545,0.545,0.545,0.545,0.0165,0.0,0.0
159928.OF,汇添富中证主要消费ETF,2017-10-27,0.5577,0.5577,0.5577,0.5577,0.0234,0.0,0.0
159928.OF,汇添富中证主要消费ETF,2017-10-30,0.5498,0.5498,0.5498,0.5498,-0.0142,0.0,0.0
159928.OF,汇添富中证主要消费ETF,2017-10-31,0.5465,0.5465,0.5465,0.5465,-0.006,0.0,0.0
159928.OF,汇添富中证主要消费ETF,2017-11-01,0.5443,0.5443,0.5443,0.5443,-0.0041,0.0,0.0
159928.OF,汇添富中证主要消费ETF,2017-11-02,0.5472,0.5472,0.5472,0.5472,0.0054,0.0,0.0
159928.OF,汇添富中证主要消费ETF,2017-11-03,0.5512,0.5512,0.5512,0.5512,0.0074,0.0,0.0
159928.OF,汇添富中证主要消费ETF,2017-11-06,0.5666,0.5666,0.5666,0.5666,0.0279,0.0,0.0
159928.OF,汇添富中证主要消费ETF,2017-11-07,0.5649,0.5649,0.5649,0.5649,-0.0031,0.0,0.0
159928.OF,汇添富中证主要消费ETF,2017-11-08,0.5607,0.5607,0.5607,0.5607,-0.0073,0.0,0.0
159928.OF,汇添富中证主要消费ETF,2017-11-09,0.563,0.563,0.563,0.563,0.004,0.0,0.0
159928.OF,汇添富中证主要消费ETF,2017-11-10,0.5788,0.5788,0.5788,0.5788,0.028,0.0,0.0
159928.OF,汇添富中证主要消费ETF,2017-11-13,0.5771,0.5771,0.5771,0.5771,-0.0028,0.0,0.0
159928.OF,汇添富中证主要消费ETF,2017-11-14,0.5646,0.5646,0.5646,0.5646,-0.0217,0.0,0.0
159928.OF,汇添富中证主要消费ETF,2017-11-15,0.5699,0.5699,0.5699,0.5699,0.0094,0.0,0.0
159928.OF,汇添富中证主要消费ETF,2017-11-16,0.5859,0.5859,0.5859,0.5859,0.028,0.0,0.0
159928.OF,汇添富中证主要消费ETF,2017-11-17,0.5768,0.5768,0.5768,0.5768,-0.0156,0.0,0.0
159928.OF,汇添富中证主要消费ETF,2017-11-20,0.5738,0.5738,0.5738,0.5738,-0.0051,0.0,0.0
159928.OF,汇添富中证主要消费ETF,2017-11-21,0.5854,0.5854,0.5854,0.5854,0.0201,0.0,0.0
159928.OF,汇添富中证主要消费ETF,2017-11-22,0.5727,0.5727,0.5727,0.5727,-0.0216,0.0,0.0
159928.OF,汇添富中证主要消费ETF,2017-11-23,0.55,0.55,0.55,0.55,-0.0396,0.0,0.0
159928.OF,汇添富中证主要消费ETF,2017-11-24,0.5488,0.5488,0.5488,0.5488,-0.0022,0.0,0.0
159928.OF,汇添富中证主要消费ETF,2017-11-27,0.5405,0.5405,0.5405,0.5405,-0.0152,0.0,0.0
159928.OF,汇添富中证主要消费ETF,2017-11-28,0.5473,0.5473,0.5473,0.5473,0.0126,0.0,0.0
159928.OF,汇添富中证主要消费ETF,2017-11-29,0.5356,0.5356,0.5356,0.5356,-0.0212,0.0,0.0
159928.OF,汇添富中证主要消费ETF,2017-11-30,0.53,0.53,0.53,0.53,-0.0105,0.0,0.0
159928.OF,汇添富中证主要消费ETF,2017-12-01,0.5302,0.5302,0.5302,0.5302,0.0003,0.0,0.0
159928.OF,汇添富中证主要消费ETF,2017-12-04,0.5421,0.5421,0.5421,0.5421,0.0224,0.0,0.0
159928.OF,汇添富中证主要消费ETF,2017-12-05,0.5404,0.5404,0.5404,0.5404,-0.003,0.0,0.0
159928.OF,汇添富中证主要消费ETF,2017-12-06,0.5375,0.5375,0.5375,0.5375,-0.0053,0.0,0.0
159928.OF,汇添富中证主要消费ETF,2017-12-07,0.5284,0.5284,0.5284,0.5284,-0.0169,0.0,0.0
159928.OF,汇添富中证主要消费ETF,2017-12-08,0.5394,0.5394,0.5394,0.5394,0.0208,0.0,0.0
159928.OF,汇添富中证主要消费ETF,2017-12-11,0.5577,0.5577,0.5577,0.5577,0.0338,0.0,0.0
159928.OF,汇添富中证主要消费ETF,2017-12-12,0.5552,0.5552,0.5552,0.5552,-0.0043,0.0,0.0
159928.OF,汇添富中证主要消费ETF,2017-12-13,0.5688,0.5688,0.5688,0.5688,0.0244,0.0,0.0
159928.OF,汇添富中证主要消费ETF,2017-12-14,0.5697,0.5697,0.5697,0.5697,0.0017,0.0,0.0
159928.OF,汇添富中证主要消费ETF,2017-12-15,0.5635,0.5635,0.5635,0.5635,-0.011,0.0,0.0
159928.OF,汇添富中证主要消费ETF,2017-12-18,0.5709,0.5709,0.5709,0.5709,0.0133,0.0,0.0
159928.OF,汇添富中证主要消费ETF,2017-12-19,0.5762,0.5762,0.5762,0.5762,0.0093,0.0,0.0
159928.OF,汇添富中证主要消费ETF,2017-12-20,0.5906,0.5906,0.5906,0.5906,0.025,0.0,0.0
159928.OF,汇添富中证主要消费ETF,2017-12-21,0.5919,0.5919,0.5919,0.5919,0.0021,0.0,0.0
159928.OF,汇添富中证主要消费ETF,2017-12-22,0.5894,0.5894,0.5894,0.5894,-0.0041,0.0,0.0
159928.OF,汇添富中证主要消费ETF,2017-12-25,0.5907,0.5907,0.5907,0.5907,0.0021,0.0,0.0
159928.OF,汇添富中证主要消费ETF,2017-12-26,0.5841,0.5841,0.5841,0.5841,-0.0112,0.0,0.0
159928.OF,汇添富中证主要消费ETF,2017-12-27,0.5722,0.5722,0.5722,0.5722,-0.0203,0.0,0.0
159928.OF,汇添富中证主要消费ETF,2017-12-28,0.5878,0.5878,0.5878,0.5878,0.0273,0.0,0.0
159928.OF,汇添富中证主要消费ETF,2017-12-29,0.584,0.584,0.584,0.584,-0.0065,0.0,0.0
159928.OF,汇添富中证主要消费ETF,2017-12-31,0.584,0.584,0.584,0.584,0.0,0.0,0.0
159928.OF,汇添富中证主要消费ETF,2018-01-02,0.5864,0.5864,0.5864,0.5864,0.0042,0.0,0.0
159928.OF,汇添富中证主要消费ETF,2018-01-03,0.5917,0.5917,0.5917,0.5917,0.0089,0.0,0.0
159928.OF,汇添富中证主要消费ETF,2018-01-04,0.6038,0.6038,0.6038,0.6038,0.0205,0.0,0.0
159928.OF,汇添富中证主要消费ETF,2018-01-05,0.6053,0.6053,0.6053,0.6053,0.0026,0.0,0.0
159928.OF,汇添富中证主要消费ETF,2018-01-08,0.6092,0.6092,0.6092,0.6092,0.0064,0.0,0.0
159928.OF,汇添富中证主要消费ETF,2018-01-09,0.6248,0.6248,0.6248,0.6248,0.0256,0.0,0.0
159928.OF,汇添富中证主要消费ETF,2018-01-10,0.6322,0.6322,0.6322,0.6322,0.0118,0.0,0.0
159928.OF,汇添富中证主要消费ETF,2018-01-11,0.626,0.626,0.626,0.626,-0.0098,0.0,0.0
159928.OF,汇添富中证主要消费ETF,2018-01-12,0.634,0.634,0.634,0.634,0.0128,0.0,0.0
159928.OF,汇添富中证主要消费ETF,2018-01-15,0.6303,0.6303,0.6303,0.6303,-0.0058,0.0,0.0
159928.OF,汇添富中证主要消费ETF,2018-01-16,0.6362,0.6362,0.6362,0.6362,0.0094,0.0,0.0
159928.OF,汇添富中证主要消费ETF,2018-01-17,0.6228,0.6228,0.6228,0.6228,-0.0211,0.0,0.0
159928.OF,汇添富中证主要消费ETF,2018-01-18,0.624,0.624,0.624,0.624,0.002,0.0,0.0
159928.OF,汇添富中证主要消费ETF,2018-01-19,0.617,0.617,0.617,0.617,-0.0113,0.0,0.0
159928.OF,汇添富中证主要消费ETF,2018-01-22,0.6382,0.6382,0.6382,0.6382,0.0344,0.0,0.0
159928.OF,汇添富中证主要消费ETF,2018-01-23,0.6396,0.6396,0.6396,0.6396,0.0022,0.0,0.0
159928.OF,汇添富中证主要消费ETF,2018-01-24,0.6317,0.6317,0.6317,0.6317,-0.0125,0.0,0.0
159928.OF,汇添富中证主要消费ETF,2018-01-25,0.6265,0.6265,0.6265,0.6265,-0.0082,0.0,0.0
159928.OF,汇添富中证主要消费ETF,2018-01-26,0.6303,0.6303,0.6303,0.6303,0.006,0.0,0.0
159928.OF,汇添富中证主要消费ETF,2018-01-29,0.6087,0.6087,0.6087,0.6087,-0.0342,0.0,0.0
159928.OF,汇添富中证主要消费ETF,2018-01-30,0.607,0.607,0.607,0.607,-0.0029,0.0,0.0
159928.OF,汇添富中证主要消费ETF,2018-01-31,0.6162,0.6162,0.6162,0.6162,0.0153,0.0,0.0
159928.OF,汇添富中证主要消费ETF,2018-02-01,0.605,0.605,0.605,0.605,-0.0183,0.0,0.0
159928.OF,汇添富中证主要消费ETF,2018-02-02,0.6033,0.6033,0.6033,0.6033,-0.0027,0.0,0.0
159928.OF,汇添富中证主要消费ETF,2018-02-05,0.5845,0.5845,0.5845,0.5845,-0.0312,0.0,0.0
159928.OF,汇添富中证主要消费ETF,2018-02-06,0.5696,0.5696,0.5696,0.5696,-0.0255,0.0,0.0
159928.OF,汇添富中证主要消费ETF,2018-02-07,0.5512,0.5512,0.5512,0.5512,-0.0323,0.0,0.0
159928.OF,汇添富中证主要消费ETF,2018-02-08,0.5591,0.5591,0.5591,0.5591,0.0144,0.0,0.0
159928.OF,汇添富中证主要消费ETF,2018-02-09,0.5474,0.5474,0.5474,0.5474,-0.021,0.0,0.0
159928.OF,汇添富中证主要消费ETF,2018-02-12,0.5626,0.5626,0.5626,0.5626,0.0277,0.0,0.0
159928.OF,汇添富中证主要消费ETF,2018-02-13,0.5675,0.5675,0.5675,0.5675,0.0087,0.0,0.0
159928.OF,汇添富中证主要消费ETF,2018-02-14,0.5731,0.5731,0.5731,0.5731,0.0099,0.0,0.0
159928.OF,汇添富中证主要消费ETF,2018-02-22,0.5936,0.5936,0.5936,0.5936,0.0358,0.0,0.0
159928.OF,汇添富中证主要消费ETF,2018-02-23,0.592,0.592,0.592,0.592,-0.0027,0.0,0.0
159928.OF,汇添富中证主要消费ETF,2018-02-26,0.5929,0.5929,0.5929,0.5929,0.0015,0.0,0.0
159928.OF,汇添富中证主要消费ETF,2018-02-27,0.5832,0.5832,0.5832,0.5832,-0.0163,0.0,0.0
159928.OF,汇添富中证主要消费ETF,2018-02-28,0.5708,0.5708,0.5708,0.5708,-0.0212,0.0,0.0
159928.OF,汇添富中证主要消费ETF,2018-03-01,0.5762,0.5762,0.5762,0.5762,0.0094,0.0,0.0
159928.OF,汇添富中证主要消费ETF,2018-03-02,0.5726,0.5726,0.5726,0.5726,-0.0062,0.0,0.0
159928.OF,汇添富中证主要消费ETF,2018-03-05,0.5657,0.5657,0.5657,0.5657,-0.012,0.0,0.0
159928.OF,汇添富中证主要消费ETF,2018-03-06,0.5686,0.5686,0.5686,0.5686,0.0051,0.0,0.0
159928.OF,汇添富中证主要消费ETF,2018-03-07,0.5627,0.5627,0.5627,0.5627,-0.0104,0.0,0.0
159928.OF,汇添富中证主要消费ETF,2018-03-08,0.5735,0.5735,0.5735,0.5735,0.0192,0.0,0.0
159928.OF,汇添富中证主要消费ETF,2018-03-09,0.5769,0.5769,0.5769,0.5769,0.006,0.0,0.0
159928.OF,汇添富中证主要消费ETF,2018-03-12,0.5759,0.5759,0.5759,0.5759,-0.0018,0.0,0.0
159928.OF,汇添富中证主要消费ETF,2018-03-13,0.5699,0.5699,0.5699,0.5699,-0.0105,0.0,0.0
159928.OF,汇添富中证主要消费ETF,2018-03-14,0.5734,0.5734,0.5734,0.5734,0.0063,0.0,0.0
159928.OF,汇添富中证主要消费ETF,2018-03-15,0.5833,0.5833,0.5833,0.5833,0.0173,0.0,0.0
159928.OF,汇添富中证主要消费ETF,2018-03-16,0.5757,0.5757,0.5757,0.5757,-0.0131,0.0,0.0
159928.OF,汇添富中证主要消费ETF,2018-03-19,0.5774,0.5774,0.5774,0.5774,0.003,0.0,0.0
159928.OF,汇添富中证主要消费ETF,2018-03-20,0.5738,0.5738,0.5738,0.5738,-0.0061,0.0,0.0
159928.OF,汇添富中证主要消费ETF,2018-03-21,0.5717,0.5717,0.5717,0.5717,-0.0037,0.0,0.0
159928.OF,汇添富中证主要消费ETF,2018-03-22,0.5589,0.5589,0.5589,0.5589,-0.0223,0.0,0.0
159928.OF,汇添富中证主要消费ETF,2018-03-23,0.5499,0.5499,0.5499,0.5499,-0.0161,0.0,0.0
159928.OF,汇添富中证主要消费ETF,2018-03-26,0.5447,0.5447,0.5447,0.5447,-0.0095,0.0,0.0
159928.OF,汇添富中证主要消费ETF,2018-03-27,0.5484,0.5484,0.5484,0.5484,0.0068,0.0,0.0
159928.OF,汇添富中证主要消费ETF,2018-03-28,0.5269,0.5269,0.5269,0.5269,-0.0393,0.0,0.0
159928.OF,汇添富中证主要消费ETF,2018-03-29,0.5406,0.5406,0.5406,0.5406,0.0261,0.0,0.0
159928.OF,汇添富中证主要消费ETF,2018-03-30,0.5406,0.5406,0.5406,0.5406,0.0,0.0,0.0
159928.OF,汇添富中证主要消费ETF,2018-03-31,0.5406,0.5406,0.5406,0.5406,0.0,0.0,0.0
159928.OF,汇添富中证主要消费ETF,2018-04-02,0.5398,0.5398,0.5398,0.5398,-0.0014,0.0,0.0
159928.OF,汇添富中证主要消费ETF,2018-04-03,0.5424,0.5424,0.5424,0.5424,0.0048,0.0,0.0
159928.OF,汇添富中证主要消费ETF,2018-04-04,0.5582,0.5582,0.5582,0.5582,0.029,0.0,0.0
159928.OF,汇添富中证主要消费ETF,2018-04-09,0.5523,0.5523,0.5523,0.5523,-0.0106,0.0,0.0
159928.OF,汇添富中证主要消费ETF,2018-04-10,0.5559,0.5559,0.5559,0.5559,0.0065,0.0,0.0
159928.OF,汇添富中证主要消费ETF,2018-04-11,0.5584,0.5584,0.5584,0.5584,0.0046,0.0,0.0
159928.OF,汇添富中证主要消费ETF,2018-04-12,0.5528,0.5528,0.5528,0.5528,-0.0101,0.0,0.0
159928.OF,汇添富中证主要消费ETF,2018-04-13,0.5469,0.5469,0.5469,0.5469,-0.0106,0.0,0.0
159928.OF,汇添富中证主要消费ETF,2018-04-16,0.5466,0.5466,0.5466,0.5466,-0.0007,0.0,0.0
159928.OF,汇添富中证主要消费ETF,2018-04-17,0.5373,0.5373,0.5373,0.5373,-0.0169,0.0,0.0
159928.OF,汇添富中证主要消费ETF,2018-04-18,0.536,0.536,0.536,0.536,-0.0026,0.0,0.0
159928.OF,汇添富中证主要消费ETF,2018-04-19,0.5498,0.5498,0.5498,0.5498,0.0257,0.0,0.0
159928.OF,汇添富中证主要消费ETF,2018-04-20,0.5432,0.5432,0.5432,0.5432,-0.012,0.0,0.0
159928.OF,汇添富中证主要消费ETF,2018-04-23,0.5425,0.5425,0.5425,0.5425,-0.0012,0.0,0.0
159928.OF,汇添富中证主要消费ETF,2018-04-24,0.5568,0.5568,0.5568,0.5568,0.0263,0.0,0.0
159928.OF,汇添富中证主要消费ETF,2018-04-25,0.5579,0.5579,0.5579,0.5579,0.002,0.0,0.0
159928.OF,汇添富中证主要消费ETF,2018-04-26,0.5455,0.5455,0.5455,0.5455,-0.0223,0.0,0.0
159928.OF,汇添富中证主要消费ETF,2018-04-27,0.5361,0.5361,0.5361,0.5361,-0.0172,0.0,0.0
159928.OF,汇添富中证主要消费ETF,2018-05-02,0.54,0.54,0.54,0.54,0.0072,0.0,0.0
159928.OF,汇添富中证主要消费ETF,2018-05-03,0.5474,0.5474,0.5474,0.5474,0.0137,0.0,0.0
159928.OF,汇添富中证主要消费ETF,2018-05-04,0.5467,0.5467,0.5467,0.5467,-0.0013,0.0,0.0
159928.OF,汇添富中证主要消费ETF,2018-05-07,0.5688,0.5688,0.5688,0.5688,0.0405,0.0,0.0
159928.OF,汇添富中证主要消费ETF,2018-05-08,0.5736,0.5736,0.5736,0.5736,0.0084,0.0,0.0
159928.OF,汇添富中证主要消费ETF,2018-05-09,0.5726,0.5726,0.5726,0.5726,-0.0017,0.0,0.0
159928.OF,汇添富中证主要消费ETF,2018-05-10,0.5788,0.5788,0.5788,0.5788,0.011,0.0,0.0
159928.OF,汇添富中证主要消费ETF,2018-05-11,0.5747,0.5747,0.5747,0.5747,-0.0072,0.0,0.0
159928.OF,汇添富中证主要消费ETF,2018-05-14,0.5858,0.5858,0.5858,0.5858,0.0193,0.0,0.0
159928.OF,汇添富中证主要消费ETF,2018-05-15,0.5894,0.5894,0.5894,0.5894,0.0061,0.0,0.0
159928.OF,汇添富中证主要消费ETF,2018-05-16,0.5907,0.5907,0.5907,0.5907,0.0022,0.0,0.0
159928.OF,汇添富中证主要消费ETF,2018-05-17,0.5821,0.5821,0.5821,0.5821,-0.0145,0.0,0.0
159928.OF,汇添富中证主要消费ETF,2018-05-18,0.5862,0.5862,0.5862,0.5862,0.0071,0.0,0.0
159928.OF,汇添富中证主要消费ETF,2018-05-21,0.5836,0.5836,0.5836,0.5836,-0.0044,0.0,0.0
159928.OF,汇添富中证主要消费ETF,2018-05-22,0.5883,0.5883,0.5883,0.5883,0.008,0.0,0.0
159928.OF,汇添富中证主要消费ETF,2018-05-23,0.5767,0.5767,0.5767,0.5767,-0.0197,0.0,0.0
159928.OF,汇添富中证主要消费ETF,2018-05-24,0.5704,0.5704,0.5704,0.5704,-0.0109,0.0,0.0
159928.OF,汇添富中证主要消费ETF,2018-05-25,0.5739,0.5739,0.5739,0.5739,0.0061,0.0,0.0
159928.OF,汇添富中证主要消费ETF,2018-05-28,0.5908,0.5908,0.5908,0.5908,0.0295,0.0,0.0
159928.OF,汇添富中证主要消费ETF,2018-05-29,0.5871,0.5871,0.5871,0.5871,-0.0061,0.0,0.0
159928.OF,汇添富中证主要消费ETF,2018-05-30,0.5891,0.5891,0.5891,0.5891,0.0034,0.0,0.0
159928.OF,汇添富中证主要消费ETF,2018-05-31,0.611,0.611,0.611,0.611,0.0371,0.0,0.0
159928.OF,汇添富中证主要消费ETF,2018-06-01,0.5999,0.5999,0.5999,0.5999,-0.0181,0.0,0.0
159928.OF,汇添富中证主要消费ETF,2018-06-04,0.6124,0.6124,0.6124,0.6124,0.0208,0.0,0.0
159928.OF,汇添富中证主要消费ETF,2018-06-05,0.6178,0.6178,0.6178,0.6178,0.0089,0.0,0.0
159928.OF,汇添富中证主要消费ETF,2018-06-06,0.6156,0.6156,0.6156,0.6156,-0.0036,0.0,0.0
159928.OF,汇添富中证主要消费ETF,2018-06-07,0.61,0.61,0.61,0.61,-0.0091,0.0,0.0
159928.OF,汇添富中证主要消费ETF,2018-06-08,0.6033,0.6033,0.6033,0.6033,-0.0109,0.0,0.0
159928.OF,汇添富中证主要消费ETF,2018-06-11,0.5992,0.5992,0.5992,0.5992,-0.0068,0.0,0.0
159928.OF,汇添富中证主要消费ETF,2018-06-12,0.6208,0.6208,0.6208,0.6208,0.036,0.0,0.0
159928.OF,汇添富中证主要消费ETF,2018-06-13,0.6129,0.6129,0.6129,0.6129,-0.0127,0.0,0.0
159928.OF,汇添富中证主要消费ETF,2018-06-14,0.6044,0.6044,0.6044,0.6044,-0.0139,0.0,0.0
159928.OF,汇添富中证主要消费ETF,2018-06-15,0.6,0.6,0.6,0.6,-0.0072,0.0,0.0
159928.OF,汇添富中证主要消费ETF,2018-06-19,0.5757,0.5757,0.5757,0.5757,-0.0405,0.0,0.0
159928.OF,汇添富中证主要消费ETF,2018-06-20,0.5903,0.5903,0.5903,0.5903,0.0253,0.0,0.0
159928.OF,汇添富中证主要消费ETF,2018-06-21,0.5841,0.5841,0.5841,0.5841,-0.0105,0.0,0.0
159928.OF,汇添富中证主要消费ETF,2018-06-22,0.5865,0.5865,0.5865,0.5865,0.0042,0.0,0.0
159928.OF,汇添富中证主要消费ETF,2018-06-25,0.5881,0.5881,0.5881,0.5881,0.0028,0.0,0.0
159928.OF,汇添富中证主要消费ETF,2018-06-26,0.5834,0.5834,0.5834,0.5834,-0.008,0.0,0.0
159928.OF,汇添富中证主要消费ETF,2018-06-27,0.5601,0.5601,0.5601,0.5601,-0.0399,0.0,0.0
159928.OF,汇添富中证主要消费ETF,2018-06-28,0.5476,0.5476,0.5476,0.5476,-0.0224,0.0,0.0
159928.OF,汇添富中证主要消费ETF,2018-06-29,0.5637,0.5637,0.5637,0.5637,0.0295,0.0,0.0
159928.OF,汇添富中证主要消费ETF,2018-06-30,0.5637,0.5637,0.5637,0.5637,0.0,0.0,0.0
159928.OF,汇添富中证主要消费ETF,2018-07-02,0.5539,0.5539,0.5539,0.5539,-0.0173,0.0,0.0
159928.OF,汇添富中证主要消费ETF,2018-07-03,0.5428,0.5428,0.5428,0.5428,-0.02,0.0,0.0
159928.OF,汇添富中证主要消费ETF,2018-07-04,0.5376,0.5376,0.5376,0.5376,-0.0097,0.0,0.0
159928.OF,汇添富中证主要消费ETF,2018-07-05,0.5347,0.5347,0.5347,0.5347,-0.0053,0.0,0.0
159928.OF,汇添富中证主要消费ETF,2018-07-06,0.5425,0.5425,0.5425,0.5425,0.0146,0.0,0.0
159928.OF,汇添富中证主要消费ETF,2018-07-09,0.5588,0.5588,0.5588,0.5588,0.03,0.0,0.0
159928.OF,汇添富中证主要消费ETF,2018-07-10,0.5586,0.5586,0.5586,0.5586,-0.0004,0.0,0.0
159928.OF,汇添富中证主要消费ETF,2018-07-11,0.5515,0.5515,0.5515,0.5515,-0.0127,0.0,0.0
159928.OF,汇添富中证主要消费ETF,2018-07-12,0.5653,0.5653,0.5653,0.5653,0.025,0.0,0.0
159928.OF,汇添富中证主要消费ETF,2018-07-13,0.5759,0.5759,0.5759,0.5759,0.0188,0.0,0.0
159928.OF,汇添富中证主要消费ETF,2018-07-16,0.576,0.576,0.576,0.576,0.0002,0.0,0.0
159928.OF,汇添富中证主要消费ETF,2018-07-17,0.5687,0.5687,0.5687,0.5687,-0.0126,0.0,0.0
159928.OF,汇添富中证主要消费ETF,2018-07-18,0.5638,0.5638,0.5638,0.5638,-0.0087,0.0,0.0
159928.OF,汇添富中证主要消费ETF,2018-07-19,0.5602,0.5602,0.5602,0.5602,-0.0063,0.0,0.0
159928.OF,汇添富中证主要消费ETF,2018-07-20,0.5626,0.5626,0.5626,0.5626,0.0043,0.0,0.0
159928.OF,汇添富中证主要消费ETF,2018-07-23,0.5578,0.5578,0.5578,0.5578,-0.0086,0.0,0.0
159928.OF,汇添富中证主要消费ETF,2018-07-24,0.5713,0.5713,0.5713,0.5713,0.0242,0.0,0.0
159928.OF,汇添富中证主要消费ETF,2018-07-25,0.5689,0.5689,0.5689,0.5689,-0.0042,0.0,0.0
159928.OF,汇添富中证主要消费ETF,2018-07-26,0.5619,0.5619,0.5619,0.5619,-0.0123,0.0,0.0
159928.OF,汇添富中证主要消费ETF,2018-07-27,0.5649,0.5649,0.5649,0.5649,0.0055,0.0,0.0
159928.OF,汇添富中证主要消费ETF,2018-07-30,0.5552,0.5552,0.5552,0.5552,-0.0173,0.0,0.0
159928.OF,汇添富中证主要消费ETF,2018-07-31,0.5554,0.5554,0.5554,0.5554,0.0004,0.0,0.0
159928.OF,汇添富中证主要消费ETF,2018-08-01,0.5445,0.5445,0.5445,0.5445,-0.0196,0.0,0.0
159928.OF,汇添富中证主要消费ETF,2018-08-02,0.5307,0.5307,0.5307,0.5307,-0.0253,0.0,0.0
159928.OF,汇添富中证主要消费ETF,2018-08-03,0.5197,0.5197,0.5197,0.5197,-0.0207,0.0,0.0
159928.OF,汇添富中证主要消费ETF,2018-08-06,0.5082,0.5082,0.5082,0.5082,-0.0222,0.0,0.0
159928.OF,汇添富中证主要消费ETF,2018-08-07,0.5216,0.5216,0.5216,0.5216,0.0265,0.0,0.0
159928.OF,汇添富中证主要消费ETF,2018-08-08,0.5106,0.5106,0.5106,0.5106,-0.0211,0.0,0.0
159928.OF,汇添富中证主要消费ETF,2018-08-09,0.5254,0.5254,0.5254,0.5254,0.0289,0.0,0.0
159928.OF,汇添富中证主要消费ETF,2018-08-10,0.5271,0.5271,0.5271,0.5271,0.0034,0.0,0.0
159928.OF,汇添富中证主要消费ETF,2018-08-13,0.5215,0.5215,0.5215,0.5215,-0.0107,0.0,0.0
159928.OF,汇添富中证主要消费ETF,2018-08-14,0.5217,0.5217,0.5217,0.5217,0.0004,0.0,0.0
159928.OF,汇添富中证主要消费ETF,2018-08-15,0.5068,0.5068,0.5068,0.5068,-0.0285,0.0,0.0
159928.OF,汇添富中证主要消费ETF,2018-08-16,0.4956,0.4956,0.4956,0.4956,-0.0221,0.0,0.0
159928.OF,汇添富中证主要消费ETF,2018-08-17,0.487,0.487,0.487,0.487,-0.0174,0.0,0.0
159928.OF,汇添富中证主要消费ETF,2018-08-20,0.4914,0.4914,0.4914,0.4914,0.0091,0.0,0.0
159928.OF,汇添富中证主要消费ETF,2018-08-21,0.5092,0.5092,0.5092,0.5092,0.0362,0.0,0.0
159928.OF,汇添富中证主要消费ETF,2018-08-22,0.5049,0.5049,0.5049,0.5049,-0.0085,0.0,0.0
159928.OF,汇添富中证主要消费ETF,2018-08-23,0.5078,0.5078,0.5078,0.5078,0.0058,0.0,0.0
159928.OF,汇添富中证主要消费ETF,2018-08-24,0.5023,0.5023,0.5023,0.5023,-0.0109,0.0,0.0
159928.OF,汇添富中证主要消费ETF,2018-08-27,0.5201,0.5201,0.5201,0.5201,0.0355,0.0,0.0
159928.OF,汇添富中证主要消费ETF,2018-08-28,0.5166,0.5166,0.5166,0.5166,-0.0066,0.0,0.0
159928.OF,汇添富中证主要消费ETF,2018-08-29,0.5147,0.5147,0.5147,0.5147,-0.0038,0.0,0.0
159928.OF,汇添富中证主要消费ETF,2018-08-30,0.5103,0.5103,0.5103,0.5103,-0.0085,0.0,0.0
159928.OF,汇添富中证主要消费ETF,2018-08-31,0.4988,0.4988,0.4988,0.4988,-0.0225,0.0,0.0
159928.OF,汇添富中证主要消费ETF,2018-09-03,0.4977,0.4977,0.4977,0.4977,-0.0022,0.0,0.0
159928.OF,汇添富中证主要消费ETF,2018-09-04,0.5025,0.5025,0.5025,0.5025,0.0096,0.0,0.0
159928.OF,汇添富中证主要消费ETF,2018-09-05,0.4934,0.4934,0.4934,0.4934,-0.0182,0.0,0.0
159928.OF,汇添富中证主要消费ETF,2018-09-06,0.4822,0.4822,0.4822,0.4822,-0.0227,0.0,0.0
159928.OF,汇添富中证主要消费ETF,2018-09-07,0.4869,0.4869,0.4869,0.4869,0.0097,0.0,0.0
159928.OF,汇添富中证主要消费ETF,2018-09-10,0.4824,0.4824,0.4824,0.4824,-0.0092,0.0,0.0
159928.OF,汇添富中证主要消费ETF,2018-09-11,0.4842,0.4842,0.4842,0.4842,0.0038,0.0,0.0
159928.OF,汇添富中证主要消费ETF,2018-09-12,0.4758,0.4758,0.4758,0.4758,-0.0173,0.0,0.0
159928.OF,汇添富中证主要消费ETF,2018-09-13,0.478,0.478,0.478,0.478,0.0046,0.0,0.0
159928.OF,汇添富中证主要消费ETF,2018-09-14,0.4837,0.4837,0.4837,0.4837,0.0118,0.0,0.0
159928.OF,汇添富中证主要消费ETF,2018-09-17,0.4826,0.4826,0.4826,0.4826,-0.0023,0.0,0.0
159928.OF,汇添富中证主要消费ETF,2018-09-18,0.4933,0.4933,0.4933,0.4933,0.0222,0.0,0.0
159928.OF,汇添富中证主要消费ETF,2018-09-19,0.5037,0.5037,0.5037,0.5037,0.021,0.0,0.0
159928.OF,汇添富中证主要消费ETF,2018-09-20,0.5039,0.5039,0.5039,0.5039,0.0004,0.0,0.0
159928.OF,汇添富中证主要消费ETF,2018-09-21,0.5214,0.5214,0.5214,0.5214,0.0349,0.0,0.0
159928.OF,汇添富中证主要消费ETF,2018-09-25,0.5175,0.5175,0.5175,0.5175,-0.0075,0.0,0.0
159928.OF,汇添富中证主要消费ETF,2018-09-26,0.5318,0.5318,0.5318,0.5318,0.0277,0.0,0.0
159928.OF,汇添富中证主要消费ETF,2018-09-27,0.5313,0.5313,0.5313,0.5313,-0.0009,0.0,0.0
159928.OF,汇添富中证主要消费ETF,2018-09-28,0.5366,0.5366,0.5366,0.5366,0.01,0.0,0.0
159928.OF,汇添富中证主要消费ETF,2018-09-30,0.5366,0.5366,0.5366,0.5366,0.0,0.0,0.0
159928.OF,汇添富中证主要消费ETF,2018-10-08,0.5095,0.5095,0.5095,0.5095,-0.0505,0.0,0.0
159928.OF,汇添富中证主要消费ETF,2018-10-09,0.5128,0.5128,0.5128,0.5128,0.0064,0.0,0.0
159928.OF,汇添富中证主要消费ETF,2018-10-10,0.5018,0.5018,0.5018,0.5018,-0.0214,0.0,0.0
159928.OF,汇添富中证主要消费ETF,2018-10-11,0.4828,0.4828,0.4828,0.4828,-0.0379,0.0,0.0
159928.OF,汇添富中证主要消费ETF,2018-10-12,0.4956,0.4956,0.4956,0.4956,0.0265,0.0,0.0
159928.OF,汇添富中证主要消费ETF,2018-10-15,0.4867,0.4867,0.4867,0.4867,-0.0179,0.0,0.0
159928.OF,汇添富中证主要消费ETF,2018-10-16,0.4843,0.4843,0.4843,0.4843,-0.005,0.0,0.0
159928.OF,汇添富中证主要消费ETF,2018-10-17,0.4802,0.4802,0.4802,0.4802,-0.0084,0.0,0.0
159928.OF,汇添富中证主要消费ETF,2018-10-18,0.4699,0.4699,0.4699,0.4699,-0.0216,0.0,0.0
159928.OF,汇添富中证主要消费ETF,2018-10-19,0.4871,0.4871,0.4871,0.4871,0.0367,0.0,0.0
159928.OF,汇添富中证主要消费ETF,2018-10-22,0.5099,0.5099,0.5099,0.5099,0.0468,0.0,0.0
159928.OF,汇添富中证主要消费ETF,2018-10-23,0.4831,0.4831,0.4831,0.4831,-0.0527,0.0,0.0
159928.OF,汇添富中证主要消费ETF,2018-10-24,0.4698,0.4698,0.4698,0.4698,-0.0274,0.0,0.0
159928.OF,汇添富中证主要消费ETF,2018-10-25,0.4613,0.4613,0.4613,0.4613,-0.0182,0.0,0.0
159928.OF,汇添富中证主要消费ETF,2018-10-26,0.4499,0.4499,0.4499,0.4499,-0.0248,0.0,0.0
159928.OF,汇添富中证主要消费ETF,2018-10-29,0.416,0.416,0.416,0.416,-0.0752,0.0,0.0
159928.OF,汇添富中证主要消费ETF,2018-10-30,0.4134,0.4134,0.4134,0.4134,-0.0064,0.0,0.0
159928.OF,汇添富中证主要消费ETF,2018-10-31,0.427,0.427,0.427,0.427,0.0328,0.0,0.0
159928.OF,汇添富中证主要消费ETF,2018-11-01,0.4339,0.4339,0.4339,0.4339,0.0163,0.0,0.0
159928.OF,汇添富中证主要消费ETF,2018-11-02,0.4578,0.4578,0.4578,0.4578,0.0551,0.0,0.0
159928.OF,汇添富中证主要消费ETF,2018-11-05,0.4488,0.4488,0.4488,0.4488,-0.0197,0.0,0.0
159928.OF,汇添富中证主要消费ETF,2018-11-06,0.4452,0.4452,0.4452,0.4452,-0.008,0.0,0.0
159928.OF,汇添富中证主要消费ETF,2018-11-07,0.4461,0.4461,0.4461,0.4461,0.002,0.0,0.0
159928.OF,汇添富中证主要消费ETF,2018-11-08,0.4466,0.4466,0.4466,0.4466,0.0011,0.0,0.0
159928.OF,汇添富中证主要消费ETF,2018-11-09,0.444,0.444,0.444,0.444,-0.0059,0.0,0.0
159928.OF,汇添富中证主要消费ETF,2018-11-12,0.4459,0.4459,0.4459,0.4459,0.0044,0.0,0.0
159928.OF,汇添富中证主要消费ETF,2018-11-13,0.4564,0.4564,0.4564,0.4564,0.0235,0.0,0.0
159928.OF,汇添富中证主要消费ETF,2018-11-14,0.4488,0.4488,0.4488,0.4488,-0.0168,0.0,0.0
159928.OF,汇添富中证主要消费ETF,2018-11-15,0.4519,0.4519,0.4519,0.4519,0.007,0.0,0.0
159928.OF,汇添富中证主要消费ETF,2018-11-16,0.4534,0.4534,0.4534,0.4534,0.0032,0.0,0.0
159928.OF,汇添富中证主要消费ETF,2018-11-19,0.4577,0.4577,0.4577,0.4577,0.0096,0.0,0.0
159928.OF,汇添富中证主要消费ETF,2018-11-20,0.4483,0.4483,0.4483,0.4483,-0.0206,0.0,0.0
159928.OF,汇添富中证主要消费ETF,2018-11-21,0.4533,0.4533,0.4533,0.4533,0.0113,0.0,0.0
159928.OF,汇添富中证主要消费ETF,2018-11-22,0.4524,0.4524,0.4524,0.4524,-0.002,0.0,0.0
159928.OF,汇添富中证主要消费ETF,2018-11-23,0.443,0.443,0.443,0.443,-0.0209,0.0,0.0
159928.OF,汇添富中证主要消费ETF,2018-11-26,0.4407,0.4407,0.4407,0.4407,-0.0052,0.0,0.0
159928.OF,汇添富中证主要消费ETF,2018-11-27,0.4396,0.4396,0.4396,0.4396,-0.0024,0.0,0.0
159928.OF,汇添富中证主要消费ETF,2018-11-28,0.4472,0.4472,0.4472,0.4472,0.0172,0.0,0.0
159928.OF,汇添富中证主要消费ETF,2018-11-29,0.4459,0.4459,0.4459,0.4459,-0.0029,0.0,0.0
159928.OF,汇添富中证主要消费ETF,2018-11-30,0.455,0.455,0.455,0.455,0.0204,0.0,0.0
159928.OF,汇添富中证主要消费ETF,2018-12-03,0.4729,0.4729,0.4729,0.4729,0.0394,0.0,0.0
159928.OF,汇添富中证主要消费ETF,2018-12-04,0.4738,0.4738,0.4738,0.4738,0.0017,0.0,0.0
159928.OF,汇添富中证主要消费ETF,2018-12-05,0.4761,0.4761,0.4761,0.4761,0.005,0.0,0.0
159928.OF,汇添富中证主要消费ETF,2018-12-06,0.4632,0.4632,0.4632,0.4632,-0.027,0.0,0.0
159928.OF,汇添富中证主要消费ETF,2018-12-07,0.4636,0.4636,0.4636,0.4636,0.0008,0.0,0.0
159928.OF,汇添富中证主要消费ETF,2018-12-10,0.4585,0.4585,0.4585,0.4585,-0.0111,0.0,0.0
159928.OF,汇添富中证主要消费ETF,2018-12-11,0.4621,0.4621,0.4621,0.4621,0.0079,0.0,0.0
159928.OF,汇添富中证主要消费ETF,2018-12-12,0.4657,0.4657,0.4657,0.4657,0.0079,0.0,0.0
159928.OF,汇添富中证主要消费ETF,2018-12-13,0.474,0.474,0.474,0.474,0.0178,0.0,0.0
159928.OF,汇添富中证主要消费ETF,2018-12-14,0.4661,0.4661,0.4661,0.4661,-0.0167,0.0,0.0
159928.OF,汇添富中证主要消费ETF,2018-12-17,0.4621,0.4621,0.4621,0.4621,-0.0085,0.0,0.0
159928.OF,汇添富中证主要消费ETF,2018-12-18,0.4593,0.4593,0.4593,0.4593,-0.0062,0.0,0.0
159928.OF,汇添富中证主要消费ETF,2018-12-19,0.4507,0.4507,0.4507,0.4507,-0.0186,0.0,0.0
159928.OF,汇添富中证主要消费ETF,2018-12-20,0.4504,0.4504,0.4504,0.4504,-0.0008,0.0,0.0
159928.OF,汇添富中证主要消费ETF,2018-12-21,0.4451,0.4451,0.4451,0.4451,-0.0118,0.0,0.0
159928.OF,汇添富中证主要消费ETF,2018-12-24,0.4502,0.4502,0.4502,0.4502,0.0116,0.0,0.0
159928.OF,汇添富中证主要消费ETF,2018-12-25,0.4498,0.4498,0.4498,0.4498,-0.0009,0.0,0.0
159928.OF,汇添富中证主要消费ETF,2018-12-26,0.4468,0.4468,0.4468,0.4468,-0.0067,0.0,0.0
159928.OF,汇添富中证主要消费ETF,2018-12-27,0.4462,0.4462,0.4462,0.4462,-0.0012,0.0,0.0
159928.OF,汇添富中证主要消费ETF,2018-12-28,0.4544,0.4544,0.4544,0.4544,0.0183,0.0,0.0
159928.OF,汇添富中证主要消费ETF,2018-12-31,0.4543,0.4543,0.4543,0.4543,-0.0001,0.0,0.0
159928.OF,汇添富中证主要消费ETF,2019-01-02,0.45,0.45,0.45,0.45,-0.0096,0.0,0.0
159928.OF,汇添富中证主要消费ETF,2019-01-03,0.4411,0.4411,0.4411,0.4411,-0.0198,0.0,0.0
159928.OF,汇添富中证主要消费ETF,2019-01-04,0.448,0.448,0.448,0.448,0.0156,0.0,0.0
159928.OF,汇添富中证主要消费ETF,2019-01-07,0.4528,0.4528,0.4528,0.4528,0.0109,0.0,0.0
159928.OF,汇添富中证主要消费ETF,2019-01-08,0.4508,0.4508,0.4508,0.4508,-0.0044,0.0,0.0
159928.OF,汇添富中证主要消费ETF,2019-01-09,0.4564,0.4564,0.4564,0.4564,0.0124,0.0,0.0
159928.OF,汇添富中证主要消费ETF,2019-01-10,0.4558,0.4558,0.4558,0.4558,-0.0014,0.0,0.0
159928.OF,汇添富中证主要消费ETF,2019-01-11,0.4624,0.4624,0.4624,0.4624,0.0146,0.0,0.0
159928.OF,汇添富中证主要消费ETF,2019-01-14,0.457,0.457,0.457,0.457,-0.0117,0.0,0.0
159928.OF,汇添富中证主要消费ETF,2019-01-15,0.4771,0.4771,0.4771,0.4771,0.0439,0.0,0.0
159928.OF,汇添富中证主要消费ETF,2019-01-16,0.4757,0.4757,0.4757,0.4757,-0.0029,0.0,0.0
159928.OF,汇添富中证主要消费ETF,2019-01-17,0.4746,0.4746,0.4746,0.4746,-0.0022,0.0,0.0
159928.OF,汇添富中证主要消费ETF,2019-01-18,0.4854,0.4854,0.4854,0.4854,0.0228,0.0,0.0
159928.OF,汇添富中证主要消费ETF,2019-01-21,0.4915,0.4915,0.4915,0.4915,0.0126,0.0,0.0
159928.OF,汇添富中证主要消费ETF,2019-01-22,0.4845,0.4845,0.4845,0.4845,-0.0142,0.0,0.0
159928.OF,汇添富中证主要消费ETF,2019-01-23,0.4849,0.4849,0.4849,0.4849,0.0008,0.0,0.0
159928.OF,汇添富中证主要消费ETF,2019-01-24,0.4884,0.4884,0.4884,0.4884,0.0072,0.0,0.0
159928.OF,汇添富中证主要消费ETF,2019-01-25,0.4892,0.4892,0.4892,0.4892,0.0016,0.0,0.0
159928.OF,汇添富中证主要消费ETF,2019-01-28,0.4913,0.4913,0.4913,0.4913,0.0043,0.0,0.0
159928.OF,汇添富中证主要消费ETF,2019-01-29,0.4943,0.4943,0.4943,0.4943,0.0062,0.0,0.0
159928.OF,汇添富中证主要消费ETF,2019-01-30,0.4872,0.4872,0.4872,0.4872,-0.0144,0.0,0.0
159928.OF,汇添富中证主要消费ETF,2019-01-31,0.4915,0.4915,0.4915,0.4915,0.0088,0.0,0.0
159928.OF,汇添富中证主要消费ETF,2019-02-01,0.4998,0.4998,0.4998,0.4998,0.017,0.0,0.0
159928.OF,汇添富中证主要消费ETF,2019-02-11,0.5199,0.5199,0.5199,0.5199,0.0401,0.0,0.0
159928.OF,汇添富中证主要消费ETF,2019-02-12,0.5207,0.5207,0.5207,0.5207,0.0015,0.0,0.0
159928.OF,汇添富中证主要消费ETF,2019-02-13,0.5271,0.5271,0.5271,0.5271,0.0122,0.0,0.0
159928.OF,汇添富中证主要消费ETF,2019-02-14,0.535,0.535,0.535,0.535,0.015,0.0,0.0
159928.OF,汇添富中证主要消费ETF,2019-02-15,0.5283,0.5283,0.5283,0.5283,-0.0124,0.0,0.0
159928.OF,汇添富中证主要消费ETF,2019-02-18,0.5454,0.5454,0.5454,0.5454,0.0324,0.0,0.0
159928.OF,汇添富中证主要消费ETF,2019-02-19,0.5408,0.5408,0.5408,0.5408,-0.0086,0.0,0.0
159928.OF,汇添富中证主要消费ETF,2019-02-20,0.5393,0.5393,0.5393,0.5393,-0.0027,0.0,0.0
159928.OF,汇添富中证主要消费ETF,2019-02-21,0.5388,0.5388,0.5388,0.5388,-0.0009,0.0,0.0
159928.OF,汇添富中证主要消费ETF,2019-02-22,0.5433,0.5433,0.5433,0.5433,0.0084,0.0,0.0
159928.OF,汇添富中证主要消费ETF,2019-02-25,0.5604,0.5604,0.5604,0.5604,0.0315,0.0,0.0
159928.OF,汇添富中证主要消费ETF,2019-02-26,0.5536,0.5536,0.5536,0.5536,-0.0121,0.0,0.0
159928.OF,汇添富中证主要消费ETF,2019-02-27,0.5557,0.5557,0.5557,0.5557,0.0037,0.0,0.0
159928.OF,汇添富中证主要消费ETF,2019-02-28,0.5607,0.5607,0.5607,0.5607,0.009,0.0,0.0
159928.OF,汇添富中证主要消费ETF,2019-03-01,0.5787,0.5787,0.5787,0.5787,0.0321,0.0,0.0
159928.OF,汇添富中证主要消费ETF,2019-03-04,0.5874,0.5874,0.5874,0.5874,0.015,0.0,0.0
159928.OF,汇添富中证主要消费ETF,2019-03-05,0.5894,0.5894,0.5894,0.5894,0.0033,0.0,0.0
159928.OF,汇添富中证主要消费ETF,2019-03-06,0.5851,0.5851,0.5851,0.5851,-0.0072,0.0,0.0
159928.OF,汇添富中证主要消费ETF,2019-03-07,0.5722,0.5722,0.5722,0.5722,-0.0221,0.0,0.0
159928.OF,汇添富中证主要消费ETF,2019-03-08,0.5621,0.5621,0.5621,0.5621,-0.0177,0.0,0.0
159928.OF,汇添富中证主要消费ETF,2019-03-11,0.5794,0.5794,0.5794,0.5794,0.0308,0.0,0.0
159928.OF,汇添富中证主要消费ETF,2019-03-12,0.5815,0.5815,0.5815,0.5815,0.0037,0.0,0.0
159928.OF,汇添富中证主要消费ETF,2019-03-13,0.574,0.574,0.574,0.574,-0.013,0.0,0.0
159928.OF,汇添富中证主要消费ETF,2019-03-14,0.5742,0.5742,0.5742,0.5742,0.0005,0.0,0.0
159928.OF,汇添富中证主要消费ETF,2019-03-15,0.5845,0.5845,0.5845,0.5845,0.0179,0.0,0.0
159928.OF,汇添富中证主要消费ETF,2019-03-18,0.6194,0.6194,0.6194,0.6194,0.0598,0.0,0.0
159928.OF,汇添富中证主要消费ETF,2019-03-19,0.6123,0.6123,0.6123,0.6123,-0.0115,0.0,0.0
159928.OF,汇添富中证主要消费ETF,2019-03-20,0.6108,0.6108,0.6108,0.6108,-0.0026,0.0,0.0
159928.OF,汇添富中证主要消费ETF,2019-03-21,0.6074,0.6074,0.6074,0.6074,-0.0054,0.0,0.0
159928.OF,汇添富中证主要消费ETF,2019-03-22,0.6114,0.6114,0.6114,0.6114,0.0065,0.0,0.0
159928.OF,汇添富中证主要消费ETF,2019-03-25,0.5958,0.5958,0.5958,0.5958,-0.0254,0.0,0.0
159928.OF,汇添富中证主要消费ETF,2019-03-26,0.5982,0.5982,0.5982,0.5982,0.0039,0.0,0.0
159928.OF,汇添富中证主要消费ETF,2019-03-27,0.6125,0.6125,0.6125,0.6125,0.0239,0.0,0.0
159928.OF,汇添富中证主要消费ETF,2019-03-28,0.6202,0.6202,0.6202,0.6202,0.0125,0.0,0.0
159928.OF,汇添富中证主要消费ETF,2019-03-29,0.6481,0.6481,0.6481,0.6481,0.0451,0.0,0.0
159928.OF,汇添富中证主要消费ETF,2019-03-31,0.6481,0.6481,0.6481,0.6481,0.0,0.0,0.0
159928.OF,汇添富中证主要消费ETF,2019-04-01,0.6614,0.6614,0.6614,0.6614,0.0206,0.0,0.0
159928.OF,汇添富中证主要消费ETF,2019-04-02,0.6542,0.6542,0.6542,0.6542,-0.011,0.0,0.0
159928.OF,汇添富中证主要消费ETF,2019-04-03,0.6544,0.6544,0.6544,0.6544,0.0004,0.0,0.0
159928.OF,汇添富中证主要消费ETF,2019-04-04,0.6677,0.6677,0.6677,0.6677,0.0203,0.0,0.0
159928.OF,汇添富中证主要消费ETF,2019-04-08,0.671,0.671,0.671,0.671,0.0049,0.0,0.0
159928.OF,汇添富中证主要消费ETF,2019-04-09,0.6864,0.6864,0.6864,0.6864,0.023,0.0,0.0
159928.OF,汇添富中证主要消费ETF,2019-04-10,0.6956,0.6956,0.6956,0.6956,0.0134,0.0,0.0
159928.OF,汇添富中证主要消费ETF,2019-04-11,0.6702,0.6702,0.6702,0.6702,-0.0366,0.0,0.0
159928.OF,汇添富中证主要消费ETF,2019-04-12,0.6703,0.6703,0.6703,0.6703,0.0001,0.0,0.0
159928.OF,汇添富中证主要消费ETF,2019-04-15,0.6652,0.6652,0.6652,0.6652,-0.0076,0.0,0.0
159928.OF,汇添富中证主要消费ETF,2019-04-16,0.6771,0.6771,0.6771,0.6771,0.0179,0.0,0.0
159928.OF,汇添富中证主要消费ETF,2019-04-17,0.6834,0.6834,0.6834,0.6834,0.0093,0.0,0.0
159928.OF,汇添富中证主要消费ETF,2019-04-18,0.6845,0.6845,0.6845,0.6845,0.0016,0.0,0.0
159928.OF,汇添富中证主要消费ETF,2019-04-19,0.686,0.686,0.686,0.686,0.0022,0.0,0.0
159928.OF,汇添富中证主要消费ETF,2019-04-22,0.6843,0.6843,0.6843,0.6843,-0.0024,0.0,0.0
159928.OF,汇添富中证主要消费ETF,2019-04-23,0.6899,0.6899,0.6899,0.6899,0.0082,0.0,0.0
159928.OF,汇添富中证主要消费ETF,2019-04-24,0.691,0.691,0.691,0.691,0.0016,0.0,0.0
159928.OF,汇添富中证主要消费ETF,2019-04-25,0.6816,0.6816,0.6816,0.6816,-0.0136,0.0,0.0
159928.OF,汇添富中证主要消费ETF,2019-04-26,0.6791,0.6791,0.6791,0.6791,-0.0037,0.0,0.0
159928.OF,汇添富中证主要消费ETF,2019-04-29,0.6863,0.6863,0.6863,0.6863,0.0105,0.0,0.0
159928.OF,汇添富中证主要消费ETF,2019-04-30,0.6936,0.6936,0.6936,0.6936,0.0106,0.0,0.0
159928.OF,汇添富中证主要消费ETF,2019-05-06,0.6532,0.6532,0.6532,0.6532,-0.0582,0.0,0.0
159928.OF,汇添富中证主要消费ETF,2019-05-07,0.6689,0.6689,0.6689,0.6689,0.024,0.0,0.0
159928.OF,汇添富中证主要消费ETF,2019-05-08,0.6598,0.6598,0.6598,0.6598,-0.0136,0.0,0.0
159928.OF,汇添富中证主要消费ETF,2019-05-09,0.6427,0.6427,0.6427,0.6427,-0.0259,0.0,0.0
159928.OF,汇添富中证主要消费ETF,2019-05-10,0.674,0.674,0.674,0.674,0.0487,0.0,0.0
159928.OF,汇添富中证主要消费ETF,2019-05-13,0.676,0.676,0.676,0.676,0.0031,0.0,0.0
159928.OF,汇添富中证主要消费ETF,2019-05-14,0.6705,0.6705,0.6705,0.6705,-0.0081,0.0,0.0
159928.OF,汇添富中证主要消费ETF,2019-05-15,0.7027,0.7027,0.7027,0.7027,0.048,0.0,0.0
159928.OF,汇添富中证主要消费ETF,2019-05-16,0.7077,0.7077,0.7077,0.7077,0.0071,0.0,0.0
159928.OF,汇添富中证主要消费ETF,2019-05-17,0.6912,0.6912,0.6912,0.6912,-0.0232,0.0,0.0
159928.OF,汇添富中证主要消费ETF,2019-05-20,0.6742,0.6742,0.6742,0.6742,-0.0246,0.0,0.0
159928.OF,汇添富中证主要消费ETF,2019-05-21,0.6817,0.6817,0.6817,0.6817,0.0111,0.0,0.0
159928.OF,汇添富中证主要消费ETF,2019-05-22,0.6778,0.6778,0.6778,0.6778,-0.0058,0.0,0.0
159928.OF,汇添富中证主要消费ETF,2019-05-23,0.6587,0.6587,0.6587,0.6587,-0.0281,0.0,0.0
159928.OF,汇添富中证主要消费ETF,2019-05-24,0.6616,0.6616,0.6616,0.6616,0.0044,0.0,0.0
159928.OF,汇添富中证主要消费ETF,2019-05-27,0.6698,0.6698,0.6698,0.6698,0.0124,0.0,0.0
159928.OF,汇添富中证主要消费ETF,2019-05-28,0.6804,0.6804,0.6804,0.6804,0.0158,0.0,0.0
159928.OF,汇添富中证主要消费ETF,2019-05-29,0.6819,0.6819,0.6819,0.6819,0.0021,0.0,0.0
159928.OF,汇添富中证主要消费ETF,2019-05-30,0.6826,0.6826,0.6826,0.6826,0.0011,0.0,0.0
159928.OF,汇添富中证主要消费ETF,2019-05-31,0.6787,0.6787,0.6787,0.6787,-0.0057,0.0,0.0
159928.OF,汇添富中证主要消费ETF,2019-06-03,0.6793,0.6793,0.6793,0.6793,0.0008,0.0,0.0
159928.OF,汇添富中证主要消费ETF,2019-06-04,0.6679,0.6679,0.6679,0.6679,-0.0167,0.0,0.0
159928.OF,汇添富中证主要消费ETF,2019-06-05,0.6658,0.6658,0.6658,0.6658,-0.0032,0.0,0.0
159928.OF,汇添富中证主要消费ETF,2019-06-06,0.6562,0.6562,0.6562,0.6562,-0.0144,0.0,0.0
159928.OF,汇添富中证主要消费ETF,2019-06-10,0.6681,0.6681,0.6681,0.6681,0.0181,0.0,0.0
159928.OF,汇添富中证主要消费ETF,2019-06-11,0.7028,0.7028,0.7028,0.7028,0.052,0.0,0.0
159928.OF,汇添富中证主要消费ETF,2019-06-12,0.6938,0.6938,0.6938,0.6938,-0.0129,0.0,0.0
159928.OF,汇添富中证主要消费ETF,2019-06-13,0.6913,0.6913,0.6913,0.6913,-0.0035,0.0,0.0
159928.OF,汇添富中证主要消费ETF,2019-06-14,0.6849,0.6849,0.6849,0.6849,-0.0093,0.0,0.0
159928.OF,汇添富中证主要消费ETF,2019-06-17,0.678,0.678,0.678,0.678,-0.0102,0.0,0.0
159928.OF,汇添富中证主要消费ETF,2019-06-18,0.6845,0.6845,0.6845,0.6845,0.0096,0.0,0.0
159928.OF,汇添富中证主要消费ETF,2019-06-19,0.6887,0.6887,0.6887,0.6887,0.0062,0.0,0.0
159928.OF,汇添富中证主要消费ETF,2019-06-20,0.7088,0.7088,0.7088,0.7088,0.0292,0.0,0.0
159928.OF,汇添富中证主要消费ETF,2019-06-21,0.7054,0.7054,0.7054,0.7054,-0.0049,0.0,0.0
159928.OF,汇添富中证主要消费ETF,2019-06-24,0.7118,0.7118,0.7118,0.7118,0.0091,0.0,0.0
159928.OF,汇添富中证主要消费ETF,2019-06-25,0.707,0.707,0.707,0.707,-0.0067,0.0,0.0
159928.OF,汇添富中证主要消费ETF,2019-06-26,0.7053,0.7053,0.7053,0.7053,-0.0025,0.0,0.0
159928.OF,汇添富中证主要消费ETF,2019-06-27,0.7173,0.7173,0.7173,0.7173,0.017,0.0,0.0
159928.OF,汇添富中证主要消费ETF,2019-06-28,0.7184,0.7184,0.7184,0.7184,0.0015,0.0,0.0
159928.OF,汇添富中证主要消费ETF,2019-06-30,0.7183,0.7183,0.7183,0.7183,0.0,0.0,0.0
159928.OF,汇添富中证主要消费ETF,2019-07-01,0.7478,0.7478,0.7478,0.7478,0.041,0.0,0.0
159928.OF,汇添富中证主要消费ETF,2019-07-02,0.7511,0.7511,0.7511,0.7511,0.0044,0.0,0.0
159928.OF,汇添富中证主要消费ETF,2019-07-03,0.7327,0.7327,0.7327,0.7327,-0.0245,0.0,0.0
159928.OF,汇添富中证主要消费ETF,2019-07-04,0.7221,0.7221,0.7221,0.7221,-0.0144,0.0,0.0
159928.OF,汇添富中证主要消费ETF,2019-07-05,0.7414,0.7414,0.7414,0.7414,0.0267,0.0,0.0
159928.OF,汇添富中证主要消费ETF,2019-07-08,0.7323,0.7323,0.7323,0.7323,-0.0122,0.0,0.0
159928.OF,汇添富中证主要消费ETF,2019-07-09,0.7336,0.7336,0.7336,0.7336,0.0018,0.0,0.0
159928.OF,汇添富中证主要消费ETF,2019-07-10,0.7344,0.7344,0.7344,0.7344,0.0011,0.0,0.0
159928.OF,汇添富中证主要消费ETF,2019-07-11,0.7322,0.7322,0.7322,0.7322,-0.003,0.0,0.0
159928.OF,汇添富中证主要消费ETF,2019-07-12,0.7376,0.7376,0.7376,0.7376,0.0074,0.0,0.0
159928.OF,汇添富中证主要消费ETF,2019-07-15,0.7402,0.7402,0.7402,0.7402,0.0035,0.0,0.0
159928.OF,汇添富中证主要消费ETF,2019-07-16,0.7305,0.7305,0.7305,0.7305,-0.0131,0.0,0.0
159928.OF,汇添富中证主要消费ETF,2019-07-17,0.7305,0.7305,0.7305,0.7305,0.0,0.0,0.0
159928.OF,汇添富中证主要消费ETF,2019-07-18,0.7209,0.7209,0.7209,0.7209,-0.0132,0.0,0.0
159928.OF,汇添富中证主要消费ETF,2019-07-19,0.7279,0.7279,0.7279,0.7279,0.0098,0.0,0.0
159928.OF,汇添富中证主要消费ETF,2019-07-22,0.7235,0.7235,0.7235,0.7235,-0.0061,0.0,0.0
159928.OF,汇添富中证主要消费ETF,2019-07-23,0.7185,0.7185,0.7185,0.7185,-0.0068,0.0,0.0
159928.OF,汇添富中证主要消费ETF,2019-07-24,0.7191,0.7191,0.7191,0.7191,0.0008,0.0,0.0
159928.OF,汇添富中证主要消费ETF,2019-07-25,0.7263,0.7263,0.7263,0.7263,0.01,0.0,0.0
159928.OF,汇添富中证主要消费ETF,2019-07-26,0.7236,0.7236,0.7236,0.7236,-0.0037,0.0,0.0
159928.OF,汇添富中证主要消费ETF,2019-07-29,0.7324,0.7324,0.7324,0.7324,0.0122,0.0,0.0
159928.OF,汇添富中证主要消费ETF,2019-07-30,0.731,0.731,0.731,0.731,-0.0019,0.0,0.0
159928.OF,汇添富中证主要消费ETF,2019-07-31,0.7222,0.7222,0.7222,0.7222,-0.0121,0.0,0.0
159928.OF,汇添富中证主要消费ETF,2019-08-01,0.7191,0.7191,0.7191,0.7191,-0.0043,0.0,0.0
159928.OF,汇添富中证主要消费ETF,2019-08-02,0.7156,0.7156,0.7156,0.7156,-0.0048,0.0,0.0
159928.OF,汇添富中证主要消费ETF,2019-08-05,0.7076,0.7076,0.7076,0.7076,-0.0112,0.0,0.0
159928.OF,汇添富中证主要消费ETF,2019-08-06,0.7019,0.7019,0.7019,0.7019,-0.008,0.0,0.0
159928.OF,汇添富中证主要消费ETF,2019-08-07,0.6977,0.6977,0.6977,0.6977,-0.0061,0.0,0.0
159928.OF,汇添富中证主要消费ETF,2019-08-08,0.7076,0.7076,0.7076,0.7076,0.0142,0.0,0.0
159928.OF,汇添富中证主要消费ETF,2019-08-09,0.6939,0.6939,0.6939,0.6939,-0.0194,0.0,0.0
159928.OF,汇添富中证主要消费ETF,2019-08-12,0.7101,0.7101,0.7101,0.7101,0.0234,0.0,0.0
159928.OF,汇添富中证主要消费ETF,2019-08-13,0.7062,0.7062,0.7062,0.7062,-0.0054,0.0,0.0
159928.OF,汇添富中证主要消费ETF,2019-08-14,0.7143,0.7143,0.7143,0.7143,0.0115,0.0,0.0
159928.OF,汇添富中证主要消费ETF,2019-08-15,0.7135,0.7135,0.7135,0.7135,-0.0012,0.0,0.0
159928.OF,汇添富中证主要消费ETF,2019-08-16,0.7229,0.7229,0.7229,0.7229,0.0132,0.0,0.0
159928.OF,汇添富中证主要消费ETF,2019-08-19,0.7257,0.7257,0.7257,0.7257,0.0038,0.0,0.0
159928.OF,汇添富中证主要消费ETF,2019-08-20,0.7294,0.7294,0.7294,0.7294,0.0052,0.0,0.0
159928.OF,汇添富中证主要消费ETF,2019-08-21,0.7244,0.7244,0.7244,0.7244,-0.0069,0.0,0.0
159928.OF,汇添富中证主要消费ETF,2019-08-22,0.7369,0.7369,0.7369,0.7369,0.0174,0.0,0.0
159928.OF,汇添富中证主要消费ETF,2019-08-23,0.7396,0.7396,0.7396,0.7396,0.0036,0.0,0.0
159928.OF,汇添富中证主要消费ETF,2019-08-26,0.7298,0.7298,0.7298,0.7298,-0.0133,0.0,0.0
159928.OF,汇添富中证主要消费ETF,2019-08-27,0.7466,0.7466,0.7466,0.7466,0.0231,0.0,0.0
159928.OF,汇添富中证主要消费ETF,2019-08-28,0.7567,0.7567,0.7567,0.7567,0.0136,0.0,0.0
159928.OF,汇添富中证主要消费ETF,2019-08-29,0.7603,0.7603,0.7603,0.7603,0.0047,0.0,0.0
159928.OF,汇添富中证主要消费ETF,2019-08-30,0.7699,0.7699,0.7699,0.7699,0.0127,0.0,0.0
159928.OF,汇添富中证主要消费ETF,2019-09-02,0.7701,0.7701,0.7701,0.7701,0.0002,0.0,0.0
159928.OF,汇添富中证主要消费ETF,2019-09-03,0.7685,0.7685,0.7685,0.7685,-0.002,0.0,0.0
159928.OF,汇添富中证主要消费ETF,2019-09-04,0.7617,0.7617,0.7617,0.7617,-0.0089,0.0,0.0
159928.OF,汇添富中证主要消费ETF,2019-09-05,0.7676,0.7676,0.7676,0.7676,0.0077,0.0,0.0
159928.OF,汇添富中证主要消费ETF,2019-09-06,0.761,0.761,0.761,0.761,-0.0086,0.0,0.0
159928.OF,汇添富中证主要消费ETF,2019-09-09,0.7586,0.7586,0.7586,0.7586,-0.0032,0.0,0.0
159928.OF,汇添富中证主要消费ETF,2019-09-10,0.7586,0.7586,0.7586,0.7586,0.0,0.0,0.0
159928.OF,汇添富中证主要消费ETF,2019-09-11,0.7332,0.7332,0.7332,0.7332,-0.0334,0.0,0.0
159928.OF,汇添富中证主要消费ETF,2019-09-12,0.7415,0.7415,0.7415,0.7415,0.0113,0.0,0.0
159928.OF,汇添富中证主要消费ETF,2019-09-16,0.7399,0.7399,0.7399,0.7399,-0.0022,0.0,0.0
159928.OF,汇添富中证主要消费ETF,2019-09-17,0.7351,0.7351,0.7351,0.7351,-0.0064,0.0,0.0
159928.OF,汇添富中证主要消费ETF,2019-09-18,0.7504,0.7504,0.7504,0.7504,0.0208,0.0,0.0
159928.OF,汇添富中证主要消费ETF,2019-09-19,0.7501,0.7501,0.7501,0.7501,-0.0004,0.0,0.0
159928.OF,汇添富中证主要消费ETF,2019-09-20,0.7551,0.7551,0.7551,0.7551,0.0066,0.0,0.0
159928.OF,汇添富中证主要消费ETF,2019-09-23,0.7442,0.7442,0.7442,0.7442,-0.0144,0.0,0.0
159928.OF,汇添富中证主要消费ETF,2019-09-24,0.748,0.748,0.748,0.748,0.0051,0.0,0.0
159928.OF,汇添富中证主要消费ETF,2019-09-25,0.7445,0.7445,0.7445,0.7445,-0.0047,0.0,0.0
159928.OF,汇添富中证主要消费ETF,2019-09-26,0.7281,0.7281,0.7281,0.7281,-0.022,0.0,0.0
159928.OF,汇添富中证主要消费ETF,2019-09-27,0.7347,0.7347,0.7347,0.7347,0.009,0.0,0.0
159928.OF,汇添富中证主要消费ETF,2019-09-30,0.7305,0.7305,0.7305,0.7305,-0.0056,0.0,0.0
159928.OF,汇添富中证主要消费ETF,2019-10-08,0.7411,0.7411,0.7411,0.7411,0.0145,0.0,0.0
159928.OF,汇添富中证主要消费ETF,2019-10-09,0.7368,0.7368,0.7368,0.7368,-0.0059,0.0,0.0
159928.OF,汇添富中证主要消费ETF,2019-10-10,0.7448,0.7448,0.7448,0.7448,0.0108,0.0,0.0
159928.OF,汇添富中证主要消费ETF,2019-10-11,0.746,0.746,0.746,0.746,0.0016,0.0,0.0
159928.OF,汇添富中证主要消费ETF,2019-10-14,0.7474,0.7474,0.7474,0.7474,0.0019,0.0,0.0
159928.OF,汇添富中证主要消费ETF,2019-10-15,0.753,0.753,0.753,0.753,0.0075,0.0,0.0
159928.OF,汇添富中证主要消费ETF,2019-10-16,0.7401,0.7401,0.7401,0.7401,-0.0171,0.0,0.0
159928.OF,汇添富中证主要消费ETF,2019-10-17,0.7411,0.7411,0.7411,0.7411,0.0014,0.0,0.0
159928.OF,汇添富中证主要消费ETF,2019-10-18,0.735,0.735,0.735,0.735,-0.0083,0.0,0.0
159928.OF,汇添富中证主要消费ETF,2019-10-21,0.7414,0.7414,0.7414,0.7414,0.0086,0.0,0.0
159928.OF,汇添富中证主要消费ETF,2019-10-22,0.7452,0.7452,0.7452,0.7452,0.0052,0.0,0.0
159928.OF,汇添富中证主要消费ETF,2019-10-23,0.7386,0.7386,0.7386,0.7386,-0.0088,0.0,0.0
159928.OF,汇添富中证主要消费ETF,2019-10-24,0.7317,0.7317,0.7317,0.7317,-0.0093,0.0,0.0
159928.OF,汇添富中证主要消费ETF,2019-10-25,0.7506,0.7506,0.7506,0.7506,0.0258,0.0,0.0
159928.OF,汇添富中证主要消费ETF,2019-10-28,0.7577,0.7577,0.7577,0.7577,0.0094,0.0,0.0
159928.OF,汇添富中证主要消费ETF,2019-10-29,0.7682,0.7682,0.7682,0.7682,0.0138,0.0,0.0
159928.OF,汇添富中证主要消费ETF,2019-10-30,0.764,0.764,0.764,0.764,-0.0054,0.0,0.0
159928.OF,汇添富中证主要消费ETF,2019-10-31,0.7652,0.7652,0.7652,0.7652,0.0016,0.0,0.0
159928.OF,汇添富中证主要消费ETF,2019-11-01,0.7683,0.7683,0.7683,0.7683,0.0041,0.0,0.0
159928.OF,汇添富中证主要消费ETF,2019-11-04,0.7725,0.7725,0.7725,0.7725,0.0055,0.0,0.0
159928.OF,汇添富中证主要消费ETF,2019-11-05,0.7789,0.7789,0.7789,0.7789,0.0082,0.0,0.0
159928.OF,汇添富中证主要消费ETF,2019-11-06,0.7678,0.7678,0.7678,0.7678,-0.0143,0.0,0.0
159928.OF,汇添富中证主要消费ETF,2019-11-07,0.7732,0.7732,0.7732,0.7732,0.0071,0.0,0.0
159928.OF,汇添富中证主要消费ETF,2019-11-08,0.7704,0.7704,0.7704,0.7704,-0.0036,0.0,0.0
159928.OF,汇添富中证主要消费ETF,2019-11-11,0.7609,0.7609,0.7609,0.7609,-0.0124,0.0,0.0
159928.OF,汇添富中证主要消费ETF,2019-11-12,0.764,0.764,0.764,0.764,0.0041,0.0,0.0
159928.OF,汇添富中证主要消费ETF,2019-11-13,0.7674,0.7674,0.7674,0.7674,0.0044,0.0,0.0
159928.OF,汇添富中证主要消费ETF,2019-11-14,0.7679,0.7679,0.7679,0.7679,0.0007,0.0,0.0
159928.OF,汇添富中证主要消费ETF,2019-11-15,0.7585,0.7585,0.7585,0.7585,-0.0122,0.0,0.0
159928.OF,汇添富中证主要消费ETF,2019-11-18,0.7617,0.7617,0.7617,0.7617,0.0042,0.0,0.0
159928.OF,汇添富中证主要消费ETF,2019-11-19,0.7689,0.7689,0.7689,0.7689,0.0094,0.0,0.0
159928.OF,汇添富中证主要消费ETF,2019-11-20,0.7664,0.7664,0.7664,0.7664,-0.0032,0.0,0.0
159928.OF,汇添富中证主要消费ETF,2019-11-21,0.7642,0.7642,0.7642,0.7642,-0.0029,0.0,0.0
159928.OF,汇添富中证主要消费ETF,2019-11-22,0.7483,0.7483,0.7483,0.7483,-0.0208,0.0,0.0
159928.OF,汇添富中证主要消费ETF,2019-11-25,0.7447,0.7447,0.7447,0.7447,-0.0048,0.0,0.0
159928.OF,汇添富中证主要消费ETF,2019-11-26,0.7517,0.7517,0.7517,0.7517,0.0093,0.0,0.0
159928.OF,汇添富中证主要消费ETF,2019-11-27,0.7507,0.7507,0.7507,0.7507,-0.0013,0.0,0.0
159928.OF,汇添富中证主要消费ETF,2019-11-28,0.7477,0.7477,0.7477,0.7477,-0.004,0.0,0.0
159928.OF,汇添富中证主要消费ETF,2019-11-29,0.7327,0.7327,0.7327,0.7327,-0.0201,0.0,0.0
159928.OF,汇添富中证主要消费ETF,2019-12-02,0.7374,0.7374,0.7374,0.7374,0.0064,0.0,0.0
159928.OF,汇添富中证主要消费ETF,2019-12-03,0.7361,0.7361,0.7361,0.7361,-0.0017,0.0,0.0
159928.OF,汇添富中证主要消费ETF,2019-12-04,0.7362,0.7362,0.7362,0.7362,0.0001,0.0,0.0
159928.OF,汇添富中证主要消费ETF,2019-12-05,0.7371,0.7371,0.7371,0.7371,0.0012,0.0,0.0
159928.OF,汇添富中证主要消费ETF,2019-12-06,0.7476,0.7476,0.7476,0.7476,0.0143,0.0,0.0
159928.OF,汇添富中证主要消费ETF,2019-12-09,0.743,0.743,0.743,0.743,-0.0062,0.0,0.0
159928.OF,汇添富中证主要消费ETF,2019-12-10,0.7381,0.7381,0.7381,0.7381,-0.0066,0.0,0.0
159928.OF,汇添富中证主要消费ETF,2019-12-11,0.7313,0.7313,0.7313,0.7313,-0.0093,0.0,0.0
159928.OF,汇添富中证主要消费ETF,2019-12-12,0.7268,0.7268,0.7268,0.7268,-0.0062,0.0,0.0
159928.OF,汇添富中证主要消费ETF,2019-12-13,0.736,0.736,0.736,0.736,0.0128,0.0,0.0
159928.OF,汇添富中证主要消费ETF,2019-12-16,0.7321,0.7321,0.7321,0.7321,-0.0053,0.0,0.0
159928.OF,汇添富中证主要消费ETF,2019-12-17,0.7422,0.7422,0.7422,0.7422,0.0137,0.0,0.0
159928.OF,汇添富中证主要消费ETF,2019-12-18,0.7399,0.7399,0.7399,0.7399,-0.0031,0.0,0.0
159928.OF,汇添富中证主要消费ETF,2019-12-19,0.7352,0.7352,0.7352,0.7352,-0.0064,0.0,0.0
159928.OF,汇添富中证主要消费ETF,2019-12-20,0.7356,0.7356,0.7356,0.7356,0.0006,0.0,0.0
159928.OF,汇添富中证主要消费ETF,2019-12-23,0.7286,0.7286,0.7286,0.7286,-0.0095,0.0,0.0
159928.OF,汇添富中证主要消费ETF,2019-12-24,0.73,0.73,0.73,0.73,0.0019,0.0,0.0
159928.OF,汇添富中证主要消费ETF,2019-12-25,0.725,0.725,0.725,0.725,-0.0069,0.0,0.0
159928.OF,汇添富中证主要消费ETF,2019-12-26,0.7253,0.7253,0.7253,0.7253,0.0004,0.0,0.0
159928.OF,汇添富中证主要消费ETF,2019-12-27,0.7362,0.7362,0.7362,0.7362,0.0151,0.0,0.0
159928.OF,汇添富中证主要消费ETF,2019-12-30,0.7503,0.7503,0.7503,0.7503,0.0192,0.0,0.0
159928.OF,汇添富中证主要消费ETF,2019-12-31,0.7555,0.7555,0.7555,0.7555,0.007,0.0,0.0
159928.OF,汇添富中证主要消费ETF,2020-01-02,0.7594,0.7594,0.7594,0.7594,0.0051,0.0,0.0
159928.OF,汇添富中证主要消费ETF,2020-01-03,0.7531,0.7531,0.7531,0.7531,-0.0083,0.0,0.0
159928.OF,汇添富中证主要消费ETF,2020-01-06,0.7529,0.7529,0.7529,0.7529,-0.0002,0.0,0.0
159928.OF,汇添富中证主要消费ETF,2020-01-07,0.7702,0.7702,0.7702,0.7702,0.0229,0.0,0.0
159928.OF,汇添富中证主要消费ETF,2020-01-08,0.7665,0.7665,0.7665,0.7665,-0.0048,0.0,0.0
159928.OF,汇添富中证主要消费ETF,2020-01-09,0.7745,0.7745,0.7745,0.7745,0.0104,0.0,0.0
159928.OF,汇添富中证主要消费ETF,2020-01-10,0.775,0.775,0.775,0.775,0.0007,0.0,0.0
159928.OF,汇添富中证主要消费ETF,2020-01-13,0.7865,0.7865,0.7865,0.7865,0.0149,0.0,0.0
159928.OF,汇添富中证主要消费ETF,2020-01-14,0.7793,0.7793,0.7793,0.7793,-0.0092,0.0,0.0
159928.OF,汇添富中证主要消费ETF,2020-01-15,0.7804,0.7804,0.7804,0.7804,0.0015,0.0,0.0
159928.OF,汇添富中证主要消费ETF,2020-01-16,0.7815,0.7815,0.7815,0.7815,0.0014,0.0,0.0
159928.OF,汇添富中证主要消费ETF,2020-01-17,0.7758,0.7758,0.7758,0.7758,-0.0074,0.0,0.0
159928.OF,汇添富中证主要消费ETF,2020-01-20,0.7741,0.7741,0.7741,0.7741,-0.0021,0.0,0.0
159928.OF,汇添富中证主要消费ETF,2020-01-21,0.7574,0.7574,0.7574,0.7574,-0.0217,0.0,0.0
159928.OF,汇添富中证主要消费ETF,2020-01-22,0.7545,0.7545,0.7545,0.7545,-0.0038,0.0,0.0
159928.OF,汇添富中证主要消费ETF,2020-01-23,0.7242,0.7242,0.7242,0.7242,-0.0402,0.0,0.0
159928.OF,汇添富中证主要消费ETF,2020-02-03,0.6676,0.6676,0.6676,0.6676,-0.0782,0.0,0.0
159928.OF,汇添富中证主要消费ETF,2020-02-04,0.6856,0.6856,0.6856,0.6856,0.027,0.0,0.0
159928.OF,汇添富中证主要消费ETF,2020-02-05,0.6967,0.6967,0.6967,0.6967,0.0162,0.0,0.0
159928.OF,汇添富中证主要消费ETF,2020-02-06,0.7156,0.7156,0.7156,0.7156,0.0272,0.0,0.0
159928.OF,汇添富中证主要消费ETF,2020-02-07,0.7215,0.7215,0.7215,0.7215,0.0082,0.0,0.0
159928.OF,汇添富中证主要消费ETF,2020-02-10,0.7305,0.7305,0.7305,0.7305,0.0125,0.0,0.0
159928.OF,汇添富中证主要消费ETF,2020-02-11,0.737,0.737,0.737,0.737,0.0088,0.0,0.0
159928.OF,汇添富中证主要消费ETF,2020-02-12,0.74,0.74,0.74,0.74,0.0041,0.0,0.0
159928.OF,汇添富中证主要消费ETF,2020-02-13,0.7358,0.7358,0.7358,0.7358,-0.0058,0.0,0.0
159928.OF,汇添富中证主要消费ETF,2020-02-14,0.7423,0.7423,0.7423,0.7423,0.0088,0.0,0.0
159928.OF,汇添富中证主要消费ETF,2020-02-17,0.7531,0.7531,0.7531,0.7531,0.0146,0.0,0.0
159928.OF,汇添富中证主要消费ETF,2020-02-18,0.7498,0.7498,0.7498,0.7498,-0.0044,0.0,0.0
159928.OF,汇添富中证主要消费ETF,2020-02-19,0.7583,0.7583,0.7583,0.7583,0.0114,0.0,0.0
159928.OF,汇添富中证主要消费ETF,2020-02-20,0.7733,0.7733,0.7733,0.7733,0.0197,0.0,0.0
159928.OF,汇添富中证主要消费ETF,2020-02-21,0.7695,0.7695,0.7695,0.7695,-0.0049,0.0,0.0
159928.OF,汇添富中证主要消费ETF,2020-02-24,0.7619,0.7619,0.7619,0.7619,-0.0098,0.0,0.0
159928.OF,汇添富中证主要消费ETF,2020-02-25,0.7602,0.7602,0.7602,0.7602,-0.0023,0.0,0.0
159928.OF,汇添富中证主要消费ETF,2020-02-26,0.7548,0.7548,0.7548,0.7548,-0.0071,0.0,0.0
159928.OF,汇添富中证主要消费ETF,2020-02-27,0.7641,0.7641,0.7641,0.7641,0.0124,0.0,0.0
159928.OF,汇添富中证主要消费ETF,2020-02-28,0.7351,0.7351,0.7351,0.7351,-0.038,0.0,0.0
159928.OF,汇添富中证主要消费ETF,2020-03-02,0.7553,0.7553,0.7553,0.7553,0.0276,0.0,0.0
159928.OF,汇添富中证主要消费ETF,2020-03-03,0.7639,0.7639,0.7639,0.7639,0.0114,0.0,0.0
159928.OF,汇添富中证主要消费ETF,2020-03-04,0.7756,0.7756,0.7756,0.7756,0.0153,0.0,0.0
159928.OF,汇添富中证主要消费ETF,2020-03-05,0.809,0.809,0.809,0.809,0.043,0.0,0.0
159928.OF,汇添富中证主要消费ETF,2020-03-06,0.7964,0.7964,0.7964,0.7964,-0.0156,0.0,0.0
159928.OF,汇添富中证主要消费ETF,2020-03-09,0.774,0.774,0.774,0.774,-0.0281,0.0,0.0
159928.OF,汇添富中证主要消费ETF,2020-03-10,0.7877,0.7877,0.7877,0.7877,0.0178,0.0,0.0
159928.OF,汇添富中证主要消费ETF,2020-03-11,0.7849,0.7849,0.7849,0.7849,-0.0036,0.0,0.0
159928.OF,汇添富中证主要消费ETF,2020-03-12,0.7632,0.7632,0.7632,0.7632,-0.0277,0.0,0.0
159928.OF,汇添富中证主要消费ETF,2020-03-13,0.7534,0.7534,0.7534,0.7534,-0.0128,0.0,0.0
159928.OF,汇添富中证主要消费ETF,2020-03-16,0.7203,0.7203,0.7203,0.7203,-0.0439,0.0,0.0
159928.OF,汇添富中证主要消费ETF,2020-03-17,0.7133,0.7133,0.7133,0.7133,-0.0096,0.0,0.0
159928.OF,汇添富中证主要消费ETF,2020-03-18,0.7071,0.7071,0.7071,0.7071,-0.0088,0.0,0.0
159928.OF,汇添富中证主要消费ETF,2020-03-19,0.6992,0.6992,0.6992,0.6992,-0.0111,0.0,0.0
159928.OF,汇添富中证主要消费ETF,2020-03-20,0.7148,0.7148,0.7148,0.7148,0.0222,0.0,0.0
159928.OF,汇添富中证主要消费ETF,2020-03-23,0.6959,0.6959,0.6959,0.6959,-0.0264,0.0,0.0
159928.OF,汇添富中证主要消费ETF,2020-03-24,0.7192,0.7192,0.7192,0.7192,0.0336,0.0,0.0
159928.OF,汇添富中证主要消费ETF,2020-03-25,0.7352,0.7352,0.7352,0.7352,0.0222,0.0,0.0
159928.OF,汇添富中证主要消费ETF,2020-03-26,0.7357,0.7357,0.7357,0.7357,0.0006,0.0,0.0
159928.OF,汇添富中证主要消费ETF,2020-03-27,0.7398,0.7398,0.7398,0.7398,0.0056,0.0,0.0
159928.OF,汇添富中证主要消费ETF,2020-03-30,0.7393,0.7393,0.7393,0.7393,-0.0007,0.0,0.0
159928.OF,汇添富中证主要消费ETF,2020-03-31,0.7701,0.7701,0.7701,0.7701,0.0416,0.0,0.0
159928.OF,汇添富中证主要消费ETF,2020-04-01,0.7601,0.7601,0.7601,0.7601,-0.013,0.0,0.0
159928.OF,汇添富中证主要消费ETF,2020-04-02,0.7664,0.7664,0.7664,0.7664,0.0083,0.0,0.0
159928.OF,汇添富中证主要消费ETF,2020-04-03,0.7719,0.7719,0.7719,0.7719,0.0072,0.0,0.0
159928.OF,汇添富中证主要消费ETF,2020-04-07,0.7991,0.7991,0.7991,0.7991,0.0352,0.0,0.0
159928.OF,汇添富中证主要消费ETF,2020-04-08,0.7897,0.7897,0.7897,0.7897,-0.0118,0.0,0.0
159928.OF,汇添富中证主要消费ETF,2020-04-09,0.7929,0.7929,0.7929,0.7929,0.0041,0.0,0.0
159928.OF,汇添富中证主要消费ETF,2020-04-10,0.7931,0.7931,0.7931,0.7931,0.0003,0.0,0.0
159928.OF,汇添富中证主要消费ETF,2020-04-13,0.7857,0.7857,0.7857,0.7857,-0.0093,0.0,0.0
159928.OF,汇添富中证主要消费ETF,2020-04-14,0.8013,0.8013,0.8013,0.8013,0.0199,0.0,0.0
159928.OF,汇添富中证主要消费ETF,2020-04-15,0.7934,0.7934,0.7934,0.7934,-0.0099,0.0,0.0
159928.OF,汇添富中证主要消费ETF,2020-04-16,0.7894,0.7894,0.7894,0.7894,-0.005,0.0,0.0
159928.OF,汇添富中证主要消费ETF,2020-04-17,0.7972,0.7972,0.7972,0.7972,0.0099,0.0,0.0
159928.OF,汇添富中证主要消费ETF,2020-04-20,0.8022,0.8022,0.8022,0.8022,0.0063,0.0,0.0
159928.OF,汇添富中证主要消费ETF,2020-04-21,0.7915,0.7915,0.7915,0.7915,-0.0133,0.0,0.0
159928.OF,汇添富中证主要消费ETF,2020-04-22,0.8162,0.8162,0.8162,0.8162,0.0311,0.0,0.0
159928.OF,汇添富中证主要消费ETF,2020-04-23,0.8187,0.8187,0.8187,0.8187,0.0032,0.0,0.0
159928.OF,汇添富中证主要消费ETF,2020-04-24,0.8201,0.8201,0.8201,0.8201,0.0017,0.0,0.0
159928.OF,汇添富中证主要消费ETF,2020-04-27,0.8264,0.8264,0.8264,0.8264,0.0076,0.0,0.0
159928.OF,汇添富中证主要消费ETF,2020-04-28,0.8404,0.8404,0.8404,0.8404,0.0169,0.0,0.0
159928.OF,汇添富中证主要消费ETF,2020-04-29,0.8228,0.8228,0.8228,0.8228,-0.0209,0.0,0.0
159928.OF,汇添富中证主要消费ETF,2020-04-30,0.819,0.819,0.819,0.819,-0.0046,0.0,0.0
159928.OF,汇添富中证主要消费ETF,2020-05-06,0.8269,0.8269,0.8269,0.8269,0.0097,0.0,0.0
159928.OF,汇添富中证主要消费ETF,2020-05-07,0.8367,0.8367,0.8367,0.8367,0.0119,0.0,0.0
159928.OF,汇添富中证主要消费ETF,2020-05-08,0.841,0.841,0.841,0.841,0.0051,0.0,0.0
159928.OF,汇添富中证主要消费ETF,2020-05-11,0.8306,0.8306,0.8306,0.8306,-0.0124,0.0,0.0
159928.OF,汇添富中证主要消费ETF,2020-05-12,0.8385,0.8385,0.8385,0.8385,0.0096,0.0,0.0
159928.OF,汇添富中证主要消费ETF,2020-05-13,0.8492,0.8492,0.8492,0.8492,0.0127,0.0,0.0
159928.OF,汇添富中证主要消费ETF,2020-05-14,0.8372,0.8372,0.8372,0.8372,-0.0141,0.0,0.0
159928.OF,汇添富中证主要消费ETF,2020-05-15,0.8316,0.8316,0.8316,0.8316,-0.0067,0.0,0.0
159928.OF,汇添富中证主要消费ETF,2020-05-18,0.8532,0.8532,0.8532,0.8532,0.026,0.0,0.0
159928.OF,汇添富中证主要消费ETF,2020-05-19,0.8537,0.8537,0.8537,0.8537,0.0006,0.0,0.0
159928.OF,汇添富中证主要消费ETF,2020-05-20,0.8456,0.8456,0.8456,0.8456,-0.0095,0.0,0.0
159928.OF,汇添富中证主要消费ETF,2020-05-21,0.8437,0.8437,0.8437,0.8437,-0.0022,0.0,0.0
159928.OF,汇添富中证主要消费ETF,2020-05-22,0.8224,0.8224,0.8224,0.8224,-0.0253,0.0,0.0
159928.OF,汇添富中证主要消费ETF,2020-05-25,0.8399,0.8399,0.8399,0.8399,0.0213,0.0,0.0
159928.OF,汇添富中证主要消费ETF,2020-05-26,0.8437,0.8437,0.8437,0.8437,0.0045,0.0,0.0
159928.OF,汇添富中证主要消费ETF,2020-05-27,0.8356,0.8356,0.8356,0.8356,-0.0097,0.0,0.0
159928.OF,汇添富中证主要消费ETF,2020-05-28,0.8323,0.8323,0.8323,0.8323,-0.0039,0.0,0.0
159928.OF,汇添富中证主要消费ETF,2020-05-29,0.8452,0.8452,0.8452,0.8452,0.0155,0.0,0.0
159928.OF,汇添富中证主要消费ETF,2020-06-01,0.867,0.867,0.867,0.867,0.0259,0.0,0.0
159928.OF,汇添富中证主要消费ETF,2020-06-02,0.8619,0.8619,0.8619,0.8619,-0.0059,0.0,0.0
159928.OF,汇添富中证主要消费ETF,2020-06-03,0.8573,0.8573,0.8573,0.8573,-0.0054,0.0,0.0
159928.OF,汇添富中证主要消费ETF,2020-06-04,0.8642,0.8642,0.8642,0.8642,0.0081,0.0,0.0
159928.OF,汇添富中证主要消费ETF,2020-06-05,0.8632,0.8632,0.8632,0.8632,-0.0012,0.0,0.0
159928.OF,汇添富中证主要消费ETF,2020-06-08,0.8681,0.8681,0.8681,0.8681,0.0057,0.0,0.0
159928.OF,汇添富中证主要消费ETF,2020-06-09,0.8753,0.8753,0.8753,0.8753,0.0084,0.0,0.0
159928.OF,汇添富中证主要消费ETF,2020-06-10,0.8768,0.8768,0.8768,0.8768,0.0017,0.0,0.0
159928.OF,汇添富中证主要消费ETF,2020-06-11,0.861,0.861,0.861,0.861,-0.0181,0.0,0.0
159928.OF,汇添富中证主要消费ETF,2020-06-12,0.8649,0.8649,0.8649,0.8649,0.0046,0.0,0.0
159928.OF,汇添富中证主要消费ETF,2020-06-15,0.8583,0.8583,0.8583,0.8583,-0.0076,0.0,0.0
159928.OF,汇添富中证主要消费ETF,2020-06-16,0.8674,0.8674,0.8674,0.8674,0.0106,0.0,0.0
159928.OF,汇添富中证主要消费ETF,2020-06-17,0.8693,0.8693,0.8693,0.8693,0.0021,0.0,0.0
159928.OF,汇添富中证主要消费ETF,2020-06-18,0.8761,0.8761,0.8761,0.8761,0.0078,0.0,0.0
159928.OF,汇添富中证主要消费ETF,2020-06-19,0.8973,0.8973,0.8973,0.8973,0.0242,0.0,0.0
159928.OF,汇添富中证主要消费ETF,2020-06-22,0.8964,0.8964,0.8964,0.8964,-0.0009,0.0,0.0
159928.OF,汇添富中证主要消费ETF,2020-06-23,0.9093,0.9093,0.9093,0.9093,0.0143,0.0,0.0
159928.OF,汇添富中证主要消费ETF,2020-06-24,0.9121,0.9121,0.9121,0.9121,0.0031,0.0,0.0
159928.OF,汇添富中证主要消费ETF,2020-06-29,0.9169,0.9169,0.9169,0.9169,0.0053,0.0,0.0
159928.OF,汇添富中证主要消费ETF,2020-06-30,0.9299,0.9299,0.9299,0.9299,0.0142,0.0,0.0
159928.OF,汇添富中证主要消费ETF,2020-07-01,0.9586,0.9586,0.9586,0.9586,0.0309,0.0,0.0
159928.OF,汇添富中证主要消费ETF,2020-07-02,0.9743,0.9743,0.9743,0.9743,0.0163,0.0,0.0
159928.OF,汇添富中证主要消费ETF,2020-07-03,0.9734,0.9734,0.9734,0.9734,-0.0008,0.0,0.0
159928.OF,汇添富中证主要消费ETF,2020-07-06,1.0061,1.0061,1.0061,1.0061,0.0336,0.0,0.0
159928.OF,汇添富中证主要消费ETF,2020-07-07,1.0285,1.0285,1.0285,1.0285,0.0222,0.0,0.0
159928.OF,汇添富中证主要消费ETF,2020-07-08,1.0364,1.0364,1.0364,1.0364,0.0077,0.0,0.0
159928.OF,汇添富中证主要消费ETF,2020-07-09,1.0551,1.0551,1.0551,1.0551,0.018,0.0,0.0
159928.OF,汇添富中证主要消费ETF,2020-07-10,1.0579,1.0579,1.0579,1.0579,0.0026,0.0,0.0
159928.OF,汇添富中证主要消费ETF,2020-07-13,1.102,1.102,1.102,1.102,0.0417,0.0,0.0
159928.OF,汇添富中证主要消费ETF,2020-07-14,1.1028,1.1028,1.1028,1.1028,0.0007,0.0,0.0
159928.OF,汇添富中证主要消费ETF,2020-07-15,1.1152,1.1152,1.1152,1.1152,0.0112,0.0,0.0
159928.OF,汇添富中证主要消费ETF,2020-07-16,1.0318,1.0318,1.0318,1.0318,-0.0748,0.0,0.0
159928.OF,汇添富中证主要消费ETF,2020-07-17,1.0531,1.0531,1.0531,1.0531,0.0206,0.0,0.0
159928.OF,汇添富中证主要消费ETF,2020-07-20,1.0527,1.0527,1.0527,1.0527,-0.0004,0.0,0.0
159928.OF,汇添富中证主要消费ETF,2020-07-21,1.0695,1.0695,1.0695,1.0695,0.016,0.0,0.0
159928.OF,汇添富中证主要消费ETF,2020-07-22,1.0837,1.0837,1.0837,1.0837,0.0133,0.0,0.0
159928.OF,汇添富中证主要消费ETF,2020-07-23,1.0853,1.0853,1.0853,1.0853,0.0014,0.0,0.0
159928.OF,汇添富中证主要消费ETF,2020-07-24,1.043,1.043,1.043,1.043,-0.039,0.0,0.0
159928.OF,汇添富中证主要消费ETF,2020-07-27,1.0549,1.0549,1.0549,1.0549,0.0114,0.0,0.0
159928.OF,汇添富中证主要消费ETF,2020-07-28,1.088,1.088,1.088,1.088,0.0314,0.0,0.0
159928.OF,汇添富中证主要消费ETF,2020-07-29,1.0994,1.0994,1.0994,1.0994,0.0105,0.0,0.0
159928.OF,汇添富中证主要消费ETF,2020-07-30,1.1061,1.1061,1.1061,1.1061,0.0061,0.0,0.0
159928.OF,汇添富中证主要消费ETF,2020-07-31,1.1098,1.1098,1.1098,1.1098,0.0033,0.0,0.0
159928.OF,汇添富中证主要消费ETF,2020-08-03,1.1228,1.1228,1.1228,1.1228,0.0118,0.0,0.0
159928.OF,汇添富中证主要消费ETF,2020-08-04,1.1186,1.1186,1.1186,1.1186,-0.0038,0.0,0.0
159928.OF,汇添富中证主要消费ETF,2020-08-05,1.132,1.132,1.132,1.132,0.012,0.0,0.0
159928.OF,汇添富中证主要消费ETF,2020-08-06,1.1085,1.1085,1.1085,1.1085,-0.0207,0.0,0.0
159928.OF,汇添富中证主要消费ETF,2020-08-07,1.0974,1.0974,1.0974,1.0974,-0.01,0.0,0.0
159928.OF,汇添富中证主要消费ETF,2020-08-10,1.0983,1.0983,1.0983,1.0983,0.0008,0.0,0.0
159928.OF,汇添富中证主要消费ETF,2020-08-11,1.1015,1.1015,1.1015,1.1015,0.003,0.0,0.0
159928.OF,汇添富中证主要消费ETF,2020-08-12,1.0851,1.0851,1.0851,1.0851,-0.0149,0.0,0.0
159928.OF,汇添富中证主要消费ETF,2020-08-13,1.0909,1.0909,1.0909,1.0909,0.0053,0.0,0.0
159928.OF,汇添富中证主要消费ETF,2020-08-14,1.1086,1.1086,1.1086,1.1086,0.0163,0.0,0.0
159928.OF,汇添富中证主要消费ETF,2020-08-17,1.1238,1.1238,1.1238,1.1238,0.0137,0.0,0.0
159928.OF,汇添富中证主要消费ETF,2020-08-18,1.1371,1.1371,1.1371,1.1371,0.0119,0.0,0.0
159928.OF,汇添富中证主要消费ETF,2020-08-19,1.1344,1.1344,1.1344,1.1344,-0.0024,0.0,0.0
159928.OF,汇添富中证主要消费ETF,2020-08-20,1.1134,1.1134,1.1134,1.1134,-0.0185,0.0,0.0
159928.OF,汇添富中证主要消费ETF,2020-08-21,1.1306,1.1306,1.1306,1.1306,0.0155,0.0,0.0
159928.OF,汇添富中证主要消费ETF,2020-08-24,1.1508,1.1508,1.1508,1.1508,0.0178,0.0,0.0
159928.OF,汇添富中证主要消费ETF,2020-08-25,1.1653,1.1653,1.1653,1.1653,0.0127,0.0,0.0
159928.OF,汇添富中证主要消费ETF,2020-08-26,1.1608,1.1608,1.1608,1.1608,-0.0039,0.0,0.0
159928.OF,汇添富中证主要消费ETF,2020-08-27,1.178,1.178,1.178,1.178,0.0148,0.0,0.0
159928.OF,汇添富中证主要消费ETF,2020-08-28,1.2152,1.2152,1.2152,1.2152,0.0316,0.0,0.0
159928.OF,汇添富中证主要消费ETF,2020-08-31,1.2188,1.2188,1.2188,1.2188,0.0029,0.0,0.0
159928.OF,汇添富中证主要消费ETF,2020-09-01,1.2177,1.2177,1.2177,1.2177,-0.0009,0.0,0.0
159928.OF,汇添富中证主要消费ETF,2020-09-02,1.2223,1.2223,1.2223,1.2223,0.0038,0.0,0.0
159928.OF,汇添富中证主要消费ETF,2020-09-03,1.2146,1.2146,1.2146,1.2146,-0.0063,0.0,0.0
159928.OF,汇添富中证主要消费ETF,2020-09-04,1.1866,1.1866,1.1866,1.1866,-0.023,0.0,0.0
159928.OF,汇添富中证主要消费ETF,2020-09-07,1.1476,1.1476,1.1476,1.1476,-0.0329,0.0,0.0
159928.OF,汇添富中证主要消费ETF,2020-09-08,1.1329,1.1329,1.1329,1.1329,-0.0127,0.0,0.0
159928.OF,汇添富中证主要消费ETF,2020-09-09,1.0999,1.0999,1.0999,1.0999,-0.0292,0.0,0.0
159928.OF,汇添富中证主要消费ETF,2020-09-10,1.108,1.108,1.108,1.108,0.0074,0.0,0.0
159928.OF,汇添富中证主要消费ETF,2020-09-11,1.1234,1.1234,1.1234,1.1234,0.0139,0.0,0.0
159928.OF,汇添富中证主要消费ETF,2020-09-14,1.1266,1.1266,1.1266,1.1266,0.0028,0.0,0.0
159928.OF,汇添富中证主要消费ETF,2020-09-15,1.1332,1.1332,1.1332,1.1332,0.0058,0.0,0.0
159928.OF,汇添富中证主要消费ETF,2020-09-16,1.115,1.115,1.115,1.115,-0.016,0.0,0.0
159928.OF,汇添富中证主要消费ETF,2020-09-17,1.0934,1.0934,1.0934,1.0934,-0.0194,0.0,0.0
159928.OF,汇添富中证主要消费ETF,2020-09-18,1.1112,1.1112,1.1112,1.1112,0.0163,0.0,0.0
159928.OF,汇添富中证主要消费ETF,2020-09-21,1.096,1.096,1.096,1.096,-0.0136,0.0,0.0
159928.OF,汇添富中证主要消费ETF,2020-09-22,1.0876,1.0876,1.0876,1.0876,-0.0077,0.0,0.0
159928.OF,汇添富中证主要消费ETF,2020-09-23,1.0902,1.0902,1.0902,1.0902,0.0024,0.0,0.0
159928.OF,汇添富中证主要消费ETF,2020-09-24,1.072,1.072,1.072,1.072,-0.0167,0.0,0.0
159928.OF,汇添富中证主要消费ETF,2020-09-25,1.0763,1.0763,1.0763,1.0763,0.004,0.0,0.0
159928.OF,汇添富中证主要消费ETF,2020-09-28,1.0792,1.0792,1.0792,1.0792,0.0027,0.0,0.0
159928.OF,汇添富中证主要消费ETF,2020-09-29,1.0867,1.0867,1.0867,1.0867,0.0069,0.0,0.0
159928.OF,汇添富中证主要消费ETF,2020-09-30,1.0901,1.0901,1.0901,1.0901,0.0032,0.0,0.0
159928.OF,汇添富中证主要消费ETF,2020-10-09,1.1117,1.1117,1.1117,1.1117,0.0197,0.0,0.0
159928.OF,汇添富中证主要消费ETF,2020-10-12,1.1578,1.1578,1.1578,1.1578,0.0415,0.0,0.0
159928.OF,汇添富中证主要消费ETF,2020-10-13,1.1693,1.1693,1.1693,1.1693,0.01,0.0,0.0
159928.OF,汇添富中证主要消费ETF,2020-10-14,1.16,1.16,1.16,1.16,-0.008,0.0,0.0
159928.OF,汇添富中证主要消费ETF,2020-10-15,1.1498,1.1498,1.1498,1.1498,-0.0088,0.0,0.0
159928.OF,汇添富中证主要消费ETF,2020-10-16,1.1406,1.1406,1.1406,1.1406,-0.008,0.0,0.0
159928.OF,汇添富中证主要消费ETF,2020-10-19,1.124,1.124,1.124,1.124,-0.0146,0.0,0.0
159928.OF,汇添富中证主要消费ETF,2020-10-20,1.1498,1.1498,1.1498,1.1498,0.023,0.0,0.0
159928.OF,汇添富中证主要消费ETF,2020-10-21,1.1479,1.1479,1.1479,1.1479,-0.0017,0.0,0.0
159928.OF,汇添富中证主要消费ETF,2020-10-22,1.1483,1.1483,1.1483,1.1483,0.0004,0.0,0.0
159928.OF,汇添富中证主要消费ETF,2020-10-23,1.1194,1.1194,1.1194,1.1194,-0.0252,0.0,0.0
159928.OF,汇添富中证主要消费ETF,2020-10-26,1.1116,1.1116,1.1116,1.1116,-0.0069,0.0,0.0
159928.OF,汇添富中证主要消费ETF,2020-10-27,1.1196,1.1196,1.1196,1.1196,0.0072,0.0,0.0
159928.OF,汇添富中证主要消费ETF,2020-10-28,1.1421,1.1421,1.1421,1.1421,0.0201,0.0,0.0
159928.OF,汇添富中证主要消费ETF,2020-10-29,1.1666,1.1666,1.1666,1.1666,0.0214,0.0,0.0
159928.OF,汇添富中证主要消费ETF,2020-10-30,1.1297,1.1297,1.1297,1.1297,-0.0316,0.0,0.0
159928.OF,汇添富中证主要消费ETF,2020-11-02,1.1315,1.1315,1.1315,1.1315,0.0016,0.0,0.0
159928.OF,汇添富中证主要消费ETF,2020-11-03,1.1439,1.1439,1.1439,1.1439,0.011,0.0,0.0
159928.OF,汇添富中证主要消费ETF,2020-11-04,1.1469,1.1469,1.1469,1.1469,0.0026,0.0,0.0
159928.OF,汇添富中证主要消费ETF,2020-11-05,1.1663,1.1663,1.1663,1.1663,0.0169,0.0,0.0
159928.OF,汇添富中证主要消费ETF,2020-11-06,1.154,1.154,1.154,1.154,-0.0106,0.0,0.0
159928.OF,汇添富中证主要消费ETF,2020-11-09,1.1758,1.1758,1.1758,1.1758,0.0189,0.0,0.0
159928.OF,汇添富中证主要消费ETF,2020-11-10,1.1807,1.1807,1.1807,1.1807,0.0041,0.0,0.0
159928.OF,汇添富中证主要消费ETF,2020-11-11,1.1734,1.1734,1.1734,1.1734,-0.0062,0.0,0.0
159928.OF,汇添富中证主要消费ETF,2020-11-12,1.1718,1.1718,1.1718,1.1718,-0.0013,0.0,0.0
159928.OF,汇添富中证主要消费ETF,2020-11-13,1.1524,1.1524,1.1524,1.1524,-0.0165,0.0,0.0
159928.OF,汇添富中证主要消费ETF,2020-11-16,1.1782,1.1782,1.1782,1.1782,0.0224,0.0,0.0
159928.OF,汇添富中证主要消费ETF,2020-11-17,1.1638,1.1638,1.1638,1.1638,-0.0122,0.0,0.0
159928.OF,汇添富中证主要消费ETF,2020-11-18,1.1562,1.1562,1.1562,1.1562,-0.0066,0.0,0.0
159928.OF,汇添富中证主要消费ETF,2020-11-19,1.1704,1.1704,1.1704,1.1704,0.0123,0.0,0.0
159928.OF,汇添富中证主要消费ETF,2020-11-20,1.1784,1.1784,1.1784,1.1784,0.0068,0.0,0.0
159928.OF,汇添富中证主要消费ETF,2020-11-23,1.187,1.187,1.187,1.187,0.0073,0.0,0.0
159928.OF,汇添富中证主要消费ETF,2020-11-24,1.1836,1.1836,1.1836,1.1836,-0.0029,0.0,0.0
159928.OF,汇添富中证主要消费ETF,2020-11-25,1.1526,1.1526,1.1526,1.1526,-0.0261,0.0,0.0
159928.OF,汇添富中证主要消费ETF,2020-11-26,1.156,1.156,1.156,1.156,0.0029,0.0,0.0
159928.OF,汇添富中证主要消费ETF,2020-11-27,1.1668,1.1668,1.1668,1.1668,0.0093,0.0,0.0
159928.OF,汇添富中证主要消费ETF,2020-11-30,1.1439,1.1439,1.1439,1.1439,-0.0196,0.0,0.0
159928.OF,汇添富中证主要消费ETF,2020-12-01,1.1625,1.1625,1.1625,1.1625,0.0163,0.0,0.0
159928.OF,汇添富中证主要消费ETF,2020-12-02,1.1662,1.1662,1.1662,1.1662,0.0032,0.0,0.0
159928.OF,汇添富中证主要消费ETF,2020-12-03,1.178,1.178,1.178,1.178,0.0101,0.0,0.0
159928.OF,汇添富中证主要消费ETF,2020-12-04,1.2032,1.2032,1.2032,1.2032,0.0214,0.0,0.0
159928.OF,汇添富中证主要消费ETF,2020-12-07,1.2119,1.2119,1.2119,1.2119,0.0073,0.0,0.0
159928.OF,汇添富中证主要消费ETF,2020-12-08,1.2192,1.2192,1.2192,1.2192,0.006,0.0,0.0
159928.OF,汇添富中证主要消费ETF,2020-12-09,1.2059,1.2059,1.2059,1.2059,-0.0109,0.0,0.0
159928.OF,汇添富中证主要消费ETF,2020-12-10,1.2067,1.2067,1.2067,1.2067,0.0007,0.0,0.0
159928.OF,汇添富中证主要消费ETF,2020-12-11,1.1963,1.1963,1.1963,1.1963,-0.0086,0.0,0.0
159928.OF,汇添富中证主要消费ETF,2020-12-14,1.2265,1.2265,1.2265,1.2265,0.0252,0.0,0.0
159928.OF,汇添富中证主要消费ETF,2020-12-15,1.2225,1.2225,1.2225,1.2225,-0.0032,0.0,0.0
159928.OF,汇添富中证主要消费ETF,2020-12-16,1.2351,1.2351,1.2351,1.2351,0.0103,0.0,0.0
159928.OF,汇添富中证主要消费ETF,2020-12-17,1.2496,1.2496,1.2496,1.2496,0.0118,0.0,0.0
159928.OF,汇添富中证主要消费ETF,2020-12-18,1.2361,1.2361,1.2361,1.2361,-0.0108,0.0,0.0
159928.OF,汇添富中证主要消费ETF,2020-12-21,1.2526,1.2526,1.2526,1.2526,0.0134,0.0,0.0
159928.OF,汇添富中证主要消费ETF,2020-12-22,1.2489,1.2489,1.2489,1.2489,-0.003,0.0,0.0
159928.OF,汇添富中证主要消费ETF,2020-12-23,1.2531,1.2531,1.2531,1.2531,0.0034,0.0,0.0
159928.OF,汇添富中证主要消费ETF,2020-12-24,1.2396,1.2396,1.2396,1.2396,-0.0107,0.0,0.0
159928.OF,汇添富中证主要消费ETF,2020-12-25,1.2436,1.2436,1.2436,1.2436,0.0032,0.0,0.0
159928.OF,汇添富中证主要消费ETF,2020-12-28,1.2761,1.2761,1.2761,1.2761,0.0261,0.0,0.0
159928.OF,汇添富中证主要消费ETF,2020-12-29,1.2613,1.2613,1.2613,1.2613,-0.0116,0.0,0.0
159928.OF,汇添富中证主要消费ETF,2020-12-30,1.2863,1.2863,1.2863,1.2863,0.0198,0.0,0.0
159928.OF,汇添富中证主要消费ETF,2020-12-31,1.3039,1.3039,1.3039,1.3039,0.0137,0.0,0.0
159928.OF,汇添富中证主要消费ETF,2021-01-04,1.3553,1.3553,1.3553,1.3553,0.0394,0.0,0.0
159928.OF,汇添富中证主要消费ETF,2021-01-05,1.4241,1.4241,1.4241,1.4241,0.0508,0.0,0.0
159928.OF,汇添富中证主要消费ETF,2021-01-06,1.4354,1.4354,1.4354,1.4354,0.0079,0.0,0.0
159928.OF,汇添富中证主要消费ETF,2021-01-07,1.454,1.454,1.454,1.454,0.013,0.0,0.0
159928.OF,汇添富中证主要消费ETF,2021-01-08,1.4138,1.4138,1.4138,1.4138,-0.0277,0.0,0.0
159928.OF,汇添富中证主要消费ETF,2021-01-11,1.3676,1.3676,1.3676,1.3676,-0.0327,0.0,0.0
159928.OF,汇添富中证主要消费ETF,2021-01-12,1.3981,1.3981,1.3981,1.3981,0.0223,0.0,0.0
159928.OF,汇添富中证主要消费ETF,2021-01-13,1.3823,1.3823,1.3823,1.3823,-0.0113,0.0,0.0
159928.OF,汇添富中证主要消费ETF,2021-01-14,1.347,1.347,1.347,1.347,-0.0255,0.0,0.0
159928.OF,汇添富中证主要消费ETF,2021-01-15,1.3203,1.3203,1.3203,1.3203,-0.0198,0.0,0.0
159928.OF,汇添富中证主要消费ETF,2021-01-18,1.3177,1.3177,1.3177,1.3177,-0.002,0.0,0.0
159928.OF,汇添富中证主要消费ETF,2021-01-19,1.2913,1.2913,1.2913,1.2913,-0.0201,0.0,0.0
159928.OF,汇添富中证主要消费ETF,2021-01-20,1.2999,1.2999,1.2999,1.2999,0.0066,0.0,0.0
159928.OF,汇添富中证主要消费ETF,2021-01-21,1.3286,1.3286,1.3286,1.3286,0.0221,0.0,0.0
159928.OF,汇添富中证主要消费ETF,2021-01-22,1.3272,1.3272,1.3272,1.3272,-0.0011,0.0,0.0
159928.OF,汇添富中证主要消费ETF,2021-01-25,1.3773,1.3773,1.3773,1.3773,0.0378,0.0,0.0
159928.OF,汇添富中证主要消费ETF,2021-01-26,1.3659,1.3659,1.3659,1.3659,-0.0083,0.0,0.0
159928.OF,汇添富中证主要消费ETF,2021-01-27,1.3542,1.3542,1.3542,1.3542,-0.0086,0.0,0.0
159928.OF,汇添富中证主要消费ETF,2021-01-28,1.3292,1.3292,1.3292,1.3292,-0.0185,0.0,0.0
159928.OF,汇添富中证主要消费ETF,2021-01-29,1.327,1.327,1.327,1.327,-0.0016,0.0,0.0
159928.OF,汇添富中证主要消费ETF,2021-02-01,1.3312,1.3312,1.3312,1.3312,0.0032,0.0,0.0
159928.OF,汇添富中证主要消费ETF,2021-02-02,1.3721,1.3721,1.3721,1.3721,0.0307,0.0,0.0
159928.OF,汇添富中证主要消费ETF,2021-02-03,1.3801,1.3801,1.3801,1.3801,0.0058,0.0,0.0
159928.OF,汇添富中证主要消费ETF,2021-02-04,1.3839,1.3839,1.3839,1.3839,0.0028,0.0,0.0
159928.OF,汇添富中证主要消费ETF,2021-02-05,1.3966,1.3966,1.3966,1.3966,0.0092,0.0,0.0
159928.OF,汇添富中证主要消费ETF,2021-02-08,1.4244,1.4244,1.4244,1.4244,0.0199,0.0,0.0
159928.OF,汇添富中证主要消费ETF,2021-02-09,1.4589,1.4589,1.4589,1.4589,0.0242,0.0,0.0
159928.OF,汇添富中证主要消费ETF,2021-02-10,1.5093,1.5093,1.5093,1.5093,0.0345,0.0,0.0
159928.OF,汇添富中证主要消费ETF,2021-02-18,1.4635,1.4635,1.4635,1.4635,-0.0303,0.0,0.0
159928.OF,汇添富中证主要消费ETF,2021-02-19,1.4866,1.4866,1.4866,1.4866,0.0157,0.0,0.0
159928.OF,汇添富中证主要消费ETF,2021-02-22,1.417,1.417,1.417,1.417,-0.0468,0.0,0.0
159928.OF,汇添富中证主要消费ETF,2021-02-23,1.4029,1.4029,1.4029,1.4029,-0.01,0.0,0.0
159928.OF,汇添富中证主要消费ETF,2021-02-24,1.3518,1.3518,1.3518,1.3518,-0.0364,0.0,0.0
159928.OF,汇添富中证主要消费ETF,2021-02-25,1.3379,1.3379,1.3379,1.3379,-0.0103,0.0,0.0
159928.OF,汇添富中证主要消费ETF,2021-02-26,1.3013,1.3013,1.3013,1.3013,-0.0274,0.0,0.0
159928.OF,汇添富中证主要消费ETF,2021-03-01,1.3161,1.3161,1.3161,1.3161,0.0114,0.0,0.0
159928.OF,汇添富中证主要消费ETF,2021-03-02,1.2892,1.2892,1.2892,1.2892,-0.0205,0.0,0.0
159928.OF,汇添富中证主要消费ETF,2021-03-03,1.3065,1.3065,1.3065,1.3065,0.0134,0.0,0.0
159928.OF,汇添富中证主要消费ETF,2021-03-04,1.2502,1.2502,1.2502,1.2502,-0.0431,0.0,0.0
159928.OF,汇添富中证主要消费ETF,2021-03-05,1.2499,1.2499,1.2499,1.2499,-0.0002,0.0,0.0
159928.OF,汇添富中证主要消费ETF,2021-03-08,1.1845,1.1845,1.1845,1.1845,-0.0523,0.0,0.0
159928.OF,汇添富中证主要消费ETF,2021-03-09,1.15,1.15,1.15,1.15,-0.0291,0.0,0.0
159928.OF,汇添富中证主要消费ETF,2021-03-10,1.1682,1.1682,1.1682,1.1682,0.0158,0.0,0.0
159928.OF,汇添富中证主要消费ETF,2021-03-11,1.2006,1.2006,1.2006,1.2006,0.0277,0.0,0.0
159928.OF,汇添富中证主要消费ETF,2021-03-12,1.1994,1.1994,1.1994,1.1994,-0.0009,0.0,0.0
159928.OF,汇添富中证主要消费ETF,2021-03-15,1.1551,1.1551,1.1551,1.1551,-0.037,0.0,0.0
159928.OF,汇添富中证主要消费ETF,2021-03-16,1.1746,1.1746,1.1746,1.1746,0.0169,0.0,0.0
159928.OF,汇添富中证主要消费ETF,2021-03-17,1.1958,1.1958,1.1958,1.1958,0.0181,0.0,0.0
159928.OF,汇添富中证主要消费ETF,2021-03-18,1.2178,1.2178,1.2178,1.2178,0.0184,0.0,0.0
159928.OF,汇添富中证主要消费ETF,2021-03-19,1.1846,1.1846,1.1846,1.1846,-0.0273,0.0,0.0
159928.OF,汇添富中证主要消费ETF,2021-03-22,1.1892,1.1892,1.1892,1.1892,0.0039,0.0,0.0
159928.OF,汇添富中证主要消费ETF,2021-03-23,1.1868,1.1868,1.1868,1.1868,-0.0021,0.0,0.0
159928.OF,汇添富中证主要消费ETF,2021-03-24,1.1796,1.1796,1.1796,1.1796,-0.006,0.0,0.0
159928.OF,汇添富中证主要消费ETF,2021-03-25,1.1776,1.1776,1.1776,1.1776,-0.0017,0.0,0.0
159928.OF,汇添富中证主要消费ETF,2021-03-26,1.2041,1.2041,1.2041,1.2041,0.0225,0.0,0.0
159928.OF,汇添富中证主要消费ETF,2021-03-29,1.2139,1.2139,1.2139,1.2139,0.0081,0.0,0.0
159928.OF,汇添富中证主要消费ETF,2021-03-30,1.2261,1.2261,1.2261,1.2261,0.0101,0.0,0.0
159928.OF,汇添富中证主要消费ETF,2021-03-31,1.2135,1.2135,1.2135,1.2135,-0.0103,0.0,0.0
159928.OF,汇添富中证主要消费ETF,2021-04-01,1.2334,1.2334,1.2334,1.2334,0.0164,0.0,0.0
159928.OF,汇添富中证主要消费ETF,2021-04-02,1.2684,1.2684,1.2684,1.2684,0.0284,0.0,0.0
159928.OF,汇添富中证主要消费ETF,2021-04-06,1.2573,1.2573,1.2573,1.2573,-0.0088,0.0,0.0
159928.OF,汇添富中证主要消费ETF,2021-04-07,1.2271,1.2271,1.2271,1.2271,-0.024,0.0,0.0
159928.OF,汇添富中证主要消费ETF,2021-04-08,1.2421,1.2421,1.2421,1.2421,0.0122,0.0,0.0
159928.OF,汇添富中证主要消费ETF,2021-04-09,1.2179,1.2179,1.2179,1.2179,-0.0195,0.0,0.0
159928.OF,汇添富中证主要消费ETF,2021-04-12,1.2053,1.2053,1.2053,1.2053,-0.0103,0.0,0.0
159928.OF,汇添富中证主要消费ETF,2021-04-13,1.2164,1.2164,1.2164,1.2164,0.0093,0.0,0.0
159928.OF,汇添富中证主要消费ETF,2021-04-14,1.223,1.223,1.223,1.223,0.0054,0.0,0.0
159928.OF,汇添富中证主要消费ETF,2021-04-15,1.2136,1.2136,1.2136,1.2136,-0.0077,0.0,0.0
159928.OF,汇添富中证主要消费ETF,2021-04-16,1.2215,1.2215,1.2215,1.2215,0.0065,0.0,0.0
159928.OF,汇添富中证主要消费ETF,2021-04-19,1.243,1.243,1.243,1.243,0.0176,0.0,0.0
159928.OF,汇添富中证主要消费ETF,2021-04-20,1.2559,1.2559,1.2559,1.2559,0.0104,0.0,0.0
159928.OF,汇添富中证主要消费ETF,2021-04-21,1.2647,1.2647,1.2647,1.2647,0.007,0.0,0.0
159928.OF,汇添富中证主要消费ETF,2021-04-22,1.2626,1.2626,1.2626,1.2626,-0.0017,0.0,0.0
159928.OF,汇添富中证主要消费ETF,2021-04-23,1.2813,1.2813,1.2813,1.2813,0.0148,0.0,0.0
159928.OF,汇添富中证主要消费ETF,2021-04-26,1.2555,1.2555,1.2555,1.2555,-0.0201,0.0,0.0
159928.OF,汇添富中证主要消费ETF,2021-04-27,1.2657,1.2657,1.2657,1.2657,0.0081,0.0,0.0
159928.OF,汇添富中证主要消费ETF,2021-04-28,1.2766,1.2766,1.2766,1.2766,0.0086,0.0,0.0
159928.OF,汇添富中证主要消费ETF,2021-04-29,1.2979,1.2979,1.2979,1.2979,0.0167,0.0,0.0
159928.OF,汇添富中证主要消费ETF,2021-04-30,1.2879,1.2879,1.2879,1.2879,-0.0077,0.0,0.0
159928.OF,汇添富中证主要消费ETF,2021-05-06,1.2514,1.2514,1.2514,1.2514,-0.0284,0.0,0.0
159928.OF,汇添富中证主要消费ETF,2021-05-07,1.2339,1.2339,1.2339,1.2339,-0.0139,0.0,0.0
159928.OF,汇添富中证主要消费ETF,2021-05-10,1.2111,1.2111,1.2111,1.2111,-0.0185,0.0,0.0
159928.OF,汇添富中证主要消费ETF,2021-05-11,1.2418,1.2418,1.2418,1.2418,0.0253,0.0,0.0
159928.OF,汇添富中证主要消费ETF,2021-05-12,1.2567,1.2567,1.2567,1.2567,0.012,0.0,0.0
159928.OF,汇添富中证主要消费ETF,2021-05-13,1.2538,1.2538,1.2538,1.2538,-0.0023,0.0,0.0
159928.OF,汇添富中证主要消费ETF,2021-05-14,1.2751,1.2751,1.2751,1.2751,0.017,0.0,0.0
159928.OF,汇添富中证主要消费ETF,2021-05-17,1.3024,1.3024,1.3024,1.3024,0.0214,0.0,0.0
159928.OF,汇添富中证主要消费ETF,2021-05-18,1.2997,1.2997,1.2997,1.2997,-0.0021,0.0,0.0
159928.OF,汇添富中证主要消费ETF,2021-05-19,1.293,1.293,1.293,1.293,-0.0052,0.0,0.0
159928.OF,汇添富中证主要消费ETF,2021-05-20,1.3075,1.3075,1.3075,1.3075,0.0112,0.0,0.0
159928.OF,汇添富中证主要消费ETF,2021-05-21,1.2963,1.2963,1.2963,1.2963,-0.0085,0.0,0.0
159928.OF,汇添富中证主要消费ETF,2021-05-24,1.3065,1.3065,1.3065,1.3065,0.0078,0.0,0.0
159928.OF,汇添富中证主要消费ETF,2021-05-25,1.3489,1.3489,1.3489,1.3489,0.0325,0.0,0.0
159928.OF,汇添富中证主要消费ETF,2021-05-26,1.3421,1.3421,1.3421,1.3421,-0.0051,0.0,0.0
159928.OF,汇添富中证主要消费ETF,2021-05-27,1.3437,1.3437,1.3437,1.3437,0.0012,0.0,0.0
159928.OF,汇添富中证主要消费ETF,2021-05-28,1.3346,1.3346,1.3346,1.3346,-0.0068,0.0,0.0
159928.OF,汇添富中证主要消费ETF,2021-05-31,1.3356,1.3356,1.3356,1.3356,0.0007,0.0,0.0
159928.OF,汇添富中证主要消费ETF,2021-06-01,1.3445,1.3445,1.3445,1.3445,0.0067,0.0,0.0
159928.OF,汇添富中证主要消费ETF,2021-06-02,1.3328,1.3328,1.3328,1.3328,-0.0086,0.0,0.0
159928.OF,汇添富中证主要消费ETF,2021-06-03,1.3355,1.3355,1.3355,1.3355,0.002,0.0,0.0
159928.OF,汇添富中证主要消费ETF,2021-06-04,1.3478,1.3478,1.3478,1.3478,0.0092,0.0,0.0
159928.OF,汇添富中证主要消费ETF,2021-06-07,1.3417,1.3417,1.3417,1.3417,-0.0045,0.0,0.0
159928.OF,汇添富中证主要消费ETF,2021-06-08,1.2995,1.2995,1.2995,1.2995,-0.0315,0.0,0.0
159928.OF,汇添富中证主要消费ETF,2021-06-09,1.3063,1.3063,1.3063,1.3063,0.0052,0.0,0.0
159928.OF,汇添富中证主要消费ETF,2021-06-10,1.3144,1.3144,1.3144,1.3144,0.0062,0.0,0.0
159928.OF,汇添富中证主要消费ETF,2021-06-11,1.2879,1.2879,1.2879,1.2879,-0.0201,0.0,0.0
159928.OF,汇添富中证主要消费ETF,2021-06-15,1.2779,1.2779,1.2779,1.2779,-0.0077,0.0,0.0
159928.OF,汇添富中证主要消费ETF,2021-06-16,1.2678,1.2678,1.2678,1.2678,-0.0079,0.0,0.0
159928.OF,汇添富中证主要消费ETF,2021-06-17,1.2728,1.2728,1.2728,1.2728,0.0039,0.0,0.0
159928.OF,汇添富中证主要消费ETF,2021-06-18,1.2557,1.2557,1.2557,1.2557,-0.0134,0.0,0.0
159928.OF,汇添富中证主要消费ETF,2021-06-21,1.2424,1.2424,1.2424,1.2424,-0.0106,0.0,0.0
159928.OF,汇添富中证主要消费ETF,2021-06-22,1.2495,1.2495,1.2495,1.2495,0.0057,0.0,0.0
159928.OF,汇添富中证主要消费ETF,2021-06-23,1.2324,1.2324,1.2324,1.2324,-0.0137,0.0,0.0
159928.OF,汇添富中证主要消费ETF,2021-06-24,1.2345,1.2345,1.2345,1.2345,0.0017,0.0,0.0
159928.OF,汇添富中证主要消费ETF,2021-06-25,1.2579,1.2579,1.2579,1.2579,0.019,0.0,0.0
159928.OF,汇添富中证主要消费ETF,2021-06-28,1.2777,1.2777,1.2777,1.2777,0.0157,0.0,0.0
159928.OF,汇添富中证主要消费ETF,2021-06-29,1.259,1.259,1.259,1.259,-0.0146,0.0,0.0
159928.OF,汇添富中证主要消费ETF,2021-06-30,1.2601,1.2601,1.2601,1.2601,0.0009,0.0,0.0
159928.OF,汇添富中证主要消费ETF,2021-07-01,1.2695,1.2695,1.2695,1.2695,0.0075,0.0,0.0
159928.OF,汇添富中证主要消费ETF,2021-07-02,1.2325,1.2325,1.2325,1.2325,-0.0291,0.0,0.0
159928.OF,汇添富中证主要消费ETF,2021-07-05,1.2252,1.2252,1.2252,1.2252,-0.0059,0.0,0.0
159928.OF,汇添富中证主要消费ETF,2021-07-06,1.2189,1.2189,1.2189,1.2189,-0.0051,0.0,0.0
159928.OF,汇添富中证主要消费ETF,2021-07-07,1.2229,1.2229,1.2229,1.2229,0.0033,0.0,0.0
159928.OF,汇添富中证主要消费ETF,2021-07-08,1.2007,1.2007,1.2007,1.2007,-0.0182,0.0,0.0
159928.OF,汇添富中证主要消费ETF,2021-07-09,1.1784,1.1784,1.1784,1.1784,-0.0186,0.0,0.0
159928.OF,汇添富中证主要消费ETF,2021-07-12,1.1891,1.1891,1.1891,1.1891,0.0091,0.0,0.0
159928.OF,汇添富中证主要消费ETF,2021-07-13,1.2133,1.2133,1.2133,1.2133,0.0204,0.0,0.0
159928.OF,汇添富中证主要消费ETF,2021-07-14,1.215,1.215,1.215,1.215,0.0014,0.0,0.0
159928.OF,汇添富中证主要消费ETF,2021-07-15,1.2331,1.2331,1.2331,1.2331,0.0149,0.0,0.0
159928.OF,汇添富中证主要消费ETF,2021-07-16,1.2106,1.2106,1.2106,1.2106,-0.0182,0.0,0.0
159928.OF,汇添富中证主要消费ETF,2021-07-19,1.2101,1.2101,1.2101,1.2101,-0.0004,0.0,0.0
159928.OF,汇添富中证主要消费ETF,2021-07-20,1.2113,1.2113,1.2113,1.2113,0.001,0.0,0.0
159928.OF,汇添富中证主要消费ETF,2021-07-21,1.2044,1.2044,1.2044,1.2044,-0.0057,0.0,0.0
159928.OF,汇添富中证主要消费ETF,2021-07-22,1.1919,1.1919,1.1919,1.1919,-0.0104,0.0,0.0
159928.OF,汇添富中证主要消费ETF,2021-07-23,1.1653,1.1653,1.1653,1.1653,-0.0223,0.0,0.0
159928.OF,汇添富中证主要消费ETF,2021-07-26,1.1079,1.1079,1.1079,1.1079,-0.0493,0.0,0.0
159928.OF,汇添富中证主要消费ETF,2021-07-27,1.0655,1.0655,1.0655,1.0655,-0.0383,0.0,0.0
159928.OF,汇添富中证主要消费ETF,2021-07-28,1.0665,1.0665,1.0665,1.0665,0.0009,0.0,0.0
159928.OF,汇添富中证主要消费ETF,2021-07-29,1.0614,1.0614,1.0614,1.0614,-0.0048,0.0,0.0
159928.OF,汇添富中证主要消费ETF,2021-07-30,1.0303,1.0303,1.0303,1.0303,-0.0293,0.0,0.0
159928.OF,汇添富中证主要消费ETF,2021-08-02,1.0771,1.0771,1.0771,1.0771,0.0454,0.0,0.0
159928.OF,汇添富中证主要消费ETF,2021-08-03,1.0919,1.0919,1.0919,1.0919,0.0137,0.0,0.0
159928.OF,汇添富中证主要消费ETF,2021-08-04,1.0752,1.0752,1.0752,1.0752,-0.0153,0.0,0.0
159928.OF,汇添富中证主要消费ETF,2021-08-05,1.0674,1.0674,1.0674,1.0674,-0.0073,0.0,0.0
159928.OF,汇添富中证主要消费ETF,2021-08-06,1.0626,1.0626,1.0626,1.0626,-0.0045,0.0,0.0
159928.OF,汇添富中证主要消费ETF,2021-08-09,1.0952,1.0952,1.0952,1.0952,0.0307,0.0,0.0
159928.OF,汇添富中证主要消费ETF,2021-08-10,1.1386,1.1386,1.1386,1.1386,0.0396,0.0,0.0
159928.OF,汇添富中证主要消费ETF,2021-08-11,1.1201,1.1201,1.1201,1.1201,-0.0162,0.0,0.0
159928.OF,汇添富中证主要消费ETF,2021-08-12,1.0998,1.0998,1.0998,1.0998,-0.0181,0.0,0.0
159928.OF,汇添富中证主要消费ETF,2021-08-13,1.1036,1.1036,1.1036,1.1036,0.0035,0.0,0.0
159928.OF,汇添富中证主要消费ETF,2021-08-16,1.108,1.108,1.108,1.108,0.004,0.0,0.0
159928.OF,汇添富中证主要消费ETF,2021-08-17,1.065,1.065,1.065,1.065,-0.0388,0.0,0.0
159928.OF,汇添富中证主要消费ETF,2021-08-18,1.0661,1.0661,1.0661,1.0661,0.001,0.0,0.0
159928.OF,汇添富中证主要消费ETF,2021-08-19,1.0507,1.0507,1.0507,1.0507,-0.0144,0.0,0.0
159928.OF,汇添富中证主要消费ETF,2021-08-20,1.0053,1.0053,1.0053,1.0053,-0.0432,0.0,0.0
159928.OF,汇添富中证主要消费ETF,2021-08-23,1.0153,1.0153,1.0153,1.0153,0.0099,0.0,0.0
159928.OF,汇添富中证主要消费ETF,2021-08-24,1.0343,1.0343,1.0343,1.0343,0.0187,0.0,0.0
159928.OF,汇添富中证主要消费ETF,2021-08-25,1.0491,1.0491,1.0491,1.0491,0.0143,0.0,0.0
159928.OF,汇添富中证主要消费ETF,2021-08-26,1.0187,1.0187,1.0187,1.0187,-0.029,0.0,0.0
159928.OF,汇添富中证主要消费ETF,2021-08-27,1.0166,1.0166,1.0166,1.0166,-0.0021,0.0,0.0
159928.OF,汇添富中证主要消费ETF,2021-08-30,1.0159,1.0159,1.0159,1.0159,-0.0007,0.0,0.0
159928.OF,汇添富中证主要消费ETF,2021-08-31,1.0021,1.0021,1.0021,1.0021,-0.0136,0.0,0.0
159928.OF,汇添富中证主要消费ETF,2021-09-01,1.0316,1.0316,1.0316,1.0316,0.0294,0.0,0.0
159928.OF,汇添富中证主要消费ETF,2021-09-02,1.0153,1.0153,1.0153,1.0153,-0.0158,0.0,0.0
159928.OF,汇添富中证主要消费ETF,2021-09-03,1.03,1.03,1.03,1.03,0.0145,0.0,0.0
159928.OF,汇添富中证主要消费ETF,2021-09-06,1.056,1.056,1.056,1.056,0.0252,0.0,0.0
159928.OF,汇添富中证主要消费ETF,2021-09-07,1.0588,1.0588,1.0588,1.0588,0.0027,0.0,0.0
159928.OF,汇添富中证主要消费ETF,2021-09-08,1.046,1.046,1.046,1.046,-0.0121,0.0,0.0
159928.OF,汇添富中证主要消费ETF,2021-09-09,1.0437,1.0437,1.0437,1.0437,-0.0022,0.0,0.0
159928.OF,汇添富中证主要消费ETF,2021-09-10,1.0576,1.0576,1.0576,1.0576,0.0133,0.0,0.0
159928.OF,汇添富中证主要消费ETF,2021-09-13,1.0449,1.0449,1.0449,1.0449,-0.012,0.0,0.0
159928.OF,汇添富中证主要消费ETF,2021-09-14,1.0362,1.0362,1.0362,1.0362,-0.0083,0.0,0.0
159928.OF,汇添富中证主要消费ETF,2021-09-15,1.0145,1.0145,1.0145,1.0145,-0.0209,0.0,0.0
159928.OF,汇添富中证主要消费ETF,2021-09-16,1.0264,1.0264,1.0264,1.0264,0.0117,0.0,0.0
159928.OF,汇添富中证主要消费ETF,2021-09-17,1.0498,1.0498,1.0498,1.0498,0.0228,0.0,0.0
159928.OF,汇添富中证主要消费ETF,2021-09-22,1.0233,1.0233,1.0233,1.0233,-0.0252,0.0,0.0
159928.OF,汇添富中证主要消费ETF,2021-09-23,1.0364,1.0364,1.0364,1.0364,0.0128,0.0,0.0
159928.OF,汇添富中证主要消费ETF,2021-09-24,1.0666,1.0666,1.0666,1.0666,0.0291,0.0,0.0
159928.OF,汇添富中证主要消费ETF,2021-09-27,1.1195,1.1195,1.1195,1.1195,0.0496,0.0,0.0
159928.OF,汇添富中证主要消费ETF,2021-09-28,1.1107,1.1107,1.1107,1.1107,-0.0079,0.0,0.0
159928.OF,汇添富中证主要消费ETF,2021-09-29,1.1146,1.1146,1.1146,1.1146,0.0035,0.0,0.0
159928.OF,汇添富中证主要消费ETF,2021-09-30,1.121,1.121,1.121,1.121,0.0057,0.0,0.0
159928.OF,汇添富中证主要消费ETF,2021-10-08,1.1574,1.1574,1.1574,1.1574,0.0325,0.0,0.0
159928.OF,汇添富中证主要消费ETF,2021-10-11,1.1563,1.1563,1.1563,1.1563,-0.001,0.0,0.0
159928.OF,汇添富中证主要消费ETF,2021-10-12,1.1546,1.1546,1.1546,1.1546,-0.0015,0.0,0.0
159928.OF,汇添富中证主要消费ETF,2021-10-13,1.183,1.183,1.183,1.183,0.0246,0.0,0.0
159928.OF,汇添富中证主要消费ETF,2021-10-14,1.1727,1.1727,1.1727,1.1727,-0.0087,0.0,0.0
159928.OF,汇添富中证主要消费ETF,2021-10-15,1.1663,1.1663,1.1663,1.1663,-0.0055,0.0,0.0
159928.OF,汇添富中证主要消费ETF,2021-10-18,1.1247,1.1247,1.1247,1.1247,-0.0357,0.0,0.0
159928.OF,汇添富中证主要消费ETF,2021-10-19,1.1555,1.1555,1.1555,1.1555,0.0274,0.0,0.0
159928.OF,汇添富中证主要消费ETF,2021-10-20,1.1527,1.1527,1.1527,1.1527,-0.0024,0.0,0.0
159928.OF,汇添富中证主要消费ETF,2021-10-21,1.1502,1.1502,1.1502,1.1502,-0.0022,0.0,0.0
159928.OF,汇添富中证主要消费ETF,2021-10-22,1.1674,1.1674,1.1674,1.1674,0.015,0.0,0.0
159928.OF,汇添富中证主要消费ETF,2021-10-25,1.1634,1.1634,1.1634,1.1634,-0.0034,0.0,0.0
159928.OF,汇添富中证主要消费ETF,2021-10-26,1.158,1.158,1.158,1.158,-0.0046,0.0,0.0
159928.OF,汇添富中证主要消费ETF,2021-10-27,1.1441,1.1441,1.1441,1.1441,-0.012,0.0,0.0
159928.OF,汇添富中证主要消费ETF,2021-10-28,1.1512,1.1512,1.1512,1.1512,0.0062,0.0,0.0
159928.OF,汇添富中证主要消费ETF,2021-10-29,1.1741,1.1741,1.1741,1.1741,0.0199,0.0,0.0
159928.OF,汇添富中证主要消费ETF,2021-11-01,1.1645,1.1645,1.1645,1.1645,-0.0082,0.0,0.0
159928.OF,汇添富中证主要消费ETF,2021-11-02,1.1683,1.1683,1.1683,1.1683,0.0033,0.0,0.0
159928.OF,汇添富中证主要消费ETF,2021-11-03,1.1663,1.1663,1.1663,1.1663,-0.0017,0.0,0.0
159928.OF,汇添富中证主要消费ETF,2021-11-04,1.1988,1.1988,1.1988,1.1988,0.0279,0.0,0.0
159928.OF,汇添富中证主要消费ETF,2021-11-05,1.1936,1.1936,1.1936,1.1936,-0.0043,0.0,0.0
159928.OF,汇添富中证主要消费ETF,2021-11-08,1.1849,1.1849,1.1849,1.1849,-0.0073,0.0,0.0
159928.OF,汇添富中证主要消费ETF,2021-11-09,1.1788,1.1788,1.1788,1.1788,-0.0051,0.0,0.0
159928.OF,汇添富中证主要消费ETF,2021-11-10,1.1575,1.1575,1.1575,1.1575,-0.0181,0.0,0.0
159928.OF,汇添富中证主要消费ETF,2021-11-11,1.1642,1.1642,1.1642,1.1642,0.0058,0.0,0.0
159928.OF,汇添富中证主要消费ETF,2021-11-12,1.1582,1.1582,1.1582,1.1582,-0.0052,0.0,0.0
159928.OF,汇添富中证主要消费ETF,2021-11-15,1.1674,1.1674,1.1674,1.1674,0.0079,0.0,0.0
159928.OF,汇添富中证主要消费ETF,2021-11-16,1.1857,1.1857,1.1857,1.1857,0.0157,0.0,0.0
159928.OF,汇添富中证主要消费ETF,2021-11-17,1.1772,1.1772,1.1772,1.1772,-0.0072,0.0,0.0
159928.OF,汇添富中证主要消费ETF,2021-11-18,1.1746,1.1746,1.1746,1.1746,-0.0022,0.0,0.0
159928.OF,汇添富中证主要消费ETF,2021-11-19,1.1813,1.1813,1.1813,1.1813,0.0057,0.0,0.0
159928.OF,汇添富中证主要消费ETF,2021-11-22,1.1809,1.1809,1.1809,1.1809,-0.0003,0.0,0.0
159928.OF,汇添富中证主要消费ETF,2021-11-23,1.1783,1.1783,1.1783,1.1783,-0.0022,0.0,0.0
159928.OF,汇添富中证主要消费ETF,2021-11-24,1.1876,1.1876,1.1876,1.1876,0.0079,0.0,0.0
159928.OF,汇添富中证主要消费ETF,2021-11-25,1.1851,1.1851,1.1851,1.1851,-0.0021,0.0,0.0
159928.OF,汇添富中证主要消费ETF,2021-11-26,1.176,1.176,1.176,1.176,-0.0077,0.0,0.0
159928.OF,汇添富中证主要消费ETF,2021-11-29,1.1815,1.1815,1.1815,1.1815,0.0047,0.0,0.0
159928.OF,汇添富中证主要消费ETF,2021-11-30,1.161,1.161,1.161,1.161,-0.0174,0.0,0.0
159928.OF,汇添富中证主要消费ETF,2021-12-01,1.1635,1.1635,1.1635,1.1635,0.0022,0.0,0.0
159928.OF,汇添富中证主要消费ETF,2021-12-02,1.1683,1.1683,1.1683,1.1683,0.0041,0.0,0.0
159928.OF,汇添富中证主要消费ETF,2021-12-03,1.1984,1.1984,1.1984,1.1984,0.0258,0.0,0.0
159928.OF,汇添富中证主要消费ETF,2021-12-06,1.1868,1.1868,1.1868,1.1868,-0.0097,0.0,0.0
159928.OF,汇添富中证主要消费ETF,2021-12-07,1.1914,1.1914,1.1914,1.1914,0.0039,0.0,0.0
159928.OF,汇添富中证主要消费ETF,2021-12-08,1.2236,1.2236,1.2236,1.2236,0.027,0.0,0.0
159928.OF,汇添富中证主要消费ETF,2021-12-09,1.2423,1.2423,1.2423,1.2423,0.0153,0.0,0.0
159928.OF,汇添富中证主要消费ETF,2021-12-10,1.2385,1.2385,1.2385,1.2385,-0.0031,0.0,0.0
159928.OF,汇添富中证主要消费ETF,2021-12-13,1.2431,1.2431,1.2431,1.2431,0.0037,0.0,0.0
159928.OF,汇添富中证主要消费ETF,2021-12-14,1.2441,1.2441,1.2441,1.2441,0.0008,0.0,0.0
159928.OF,汇添富中证主要消费ETF,2021-12-15,1.2251,1.2251,1.2251,1.2251,-0.0153,0.0,0.0
159928.OF,汇添富中证主要消费ETF,2021-12-16,1.2152,1.2152,1.2152,1.2152,-0.0081,0.0,0.0
159928.OF,汇添富中证主要消费ETF,2021-12-17,1.1924,1.1924,1.1924,1.1924,-0.0188,0.0,0.0
159928.OF,汇添富中证主要消费ETF,2021-12-20,1.1935,1.1935,1.1935,1.1935,0.0009,0.0,0.0
159928.OF,汇添富中证主要消费ETF,2021-12-21,1.1939,1.1939,1.1939,1.1939,0.0003,0.0,0.0
159928.OF,汇添富中证主要消费ETF,2021-12-22,1.2024,1.2024,1.2024,1.2024,0.0071,0.0,0.0
159928.OF,汇添富中证主要消费ETF,2021-12-23,1.2233,1.2233,1.2233,1.2233,0.0174,0.0,0.0
159928.OF,汇添富中证主要消费ETF,2021-12-24,1.2431,1.2431,1.2431,1.2431,0.0162,0.0,0.0
159928.OF,汇添富中证主要消费ETF,2021-12-27,1.239,1.239,1.239,1.239,-0.0033,0.0,0.0
159928.OF,汇添富中证主要消费ETF,2021-12-28,1.2397,1.2397,1.2397,1.2397,0.0006,0.0,0.0
159928.OF,汇添富中证主要消费ETF,2021-12-29,1.1986,1.1986,1.1986,1.1986,-0.0332,0.0,0.0
159928.OF,汇添富中证主要消费ETF,2021-12-30,1.2078,1.2078,1.2078,1.2078,0.0077,0.0,0.0
159928.OF,汇添富中证主要消费ETF,2021-12-31,1.2064,1.2064,1.2064,1.2064,-0.0012,0.0,0.0
159928.OF,汇添富中证主要消费ETF,2022-01-04,1.2167,1.2167,1.2167,1.2167,0.0085,0.0,0.0
159928.OF,汇添富中证主要消费ETF,2022-01-05,1.2159,1.2159,1.2159,1.2159,-0.0007,0.0,0.0
159928.OF,汇添富中证主要消费ETF,2022-01-06,1.1961,1.1961,1.1961,1.1961,-0.0163,0.0,0.0
159928.OF,汇添富中证主要消费ETF,2022-01-07,1.1788,1.1788,1.1788,1.1788,-0.0145,0.0,0.0
159928.OF,汇添富中证主要消费ETF,2022-01-10,1.1885,1.1885,1.1885,1.1885,0.0082,0.0,0.0
159928.OF,汇添富中证主要消费ETF,2022-01-11,1.1642,1.1642,1.1642,1.1642,-0.0204,0.0,0.0
159928.OF,汇添富中证主要消费ETF,2022-01-12,1.1733,1.1733,1.1733,1.1733,0.0078,0.0,0.0
159928.OF,汇添富中证主要消费ETF,2022-01-13,1.1389,1.1389,1.1389,1.1389,-0.0293,0.0,0.0
159928.OF,汇添富中证主要消费ETF,2022-01-14,1.1278,1.1278,1.1278,1.1278,-0.0097,0.0,0.0
159928.OF,汇添富中证主要消费ETF,2022-01-17,1.1335,1.1335,1.1335,1.1335,0.0051,0.0,0.0
159928.OF,汇添富中证主要消费ETF,2022-01-18,1.1442,1.1442,1.1442,1.1442,0.0094,0.0,0.0
159928.OF,汇添富中证主要消费ETF,2022-01-19,1.1361,1.1361,1.1361,1.1361,-0.0071,0.0,0.0
159928.OF,汇添富中证主要消费ETF,2022-01-20,1.1569,1.1569,1.1569,1.1569,0.0183,0.0,0.0
159928.OF,汇添富中证主要消费ETF,2022-01-21,1.1576,1.1576,1.1576,1.1576,0.0006,0.0,0.0
159928.OF,汇添富中证主要消费ETF,2022-01-24,1.1464,1.1464,1.1464,1.1464,-0.0097,0.0,0.0
159928.OF,汇添富中证主要消费ETF,2022-01-25,1.1196,1.1196,1.1196,1.1196,-0.0234,0.0,0.0
159928.OF,汇添富中证主要消费ETF,2022-01-26,1.1315,1.1315,1.1315,1.1315,0.0106,0.0,0.0
159928.OF,汇添富中证主要消费ETF,2022-01-27,1.113,1.113,1.113,1.113,-0.0163,0.0,0.0
159928.OF,汇添富中证主要消费ETF,2022-01-28,1.1021,1.1021,1.1021,1.1021,-0.0098,0.0,0.0
159928.OF,汇添富中证主要消费ETF,2022-02-07,1.1065,1.1065,1.1065,1.1065,0.004,0.0,0.0
159928.OF,汇添富中证主要消费ETF,2022-02-08,1.0933,1.0933,1.0933,1.0933,-0.0119,0.0,0.0
159928.OF,汇添富中证主要消费ETF,2022-02-09,1.1294,1.1294,1.1294,1.1294,0.033,0.0,0.0
159928.OF,汇添富中证主要消费ETF,2022-02-10,1.1365,1.1365,1.1365,1.1365,0.0063,0.0,0.0
159928.OF,汇添富中证主要消费ETF,2022-02-11,1.1281,1.1281,1.1281,1.1281,-0.0074,0.0,0.0
159928.OF,汇添富中证主要消费ETF,2022-02-14,1.132,1.132,1.132,1.132,0.0035,0.0,0.0
159928.OF,汇添富中证主要消费ETF,2022-02-15,1.1409,1.1409,1.1409,1.1409,0.0079,0.0,0.0
159928.OF,汇添富中证主要消费ETF,2022-02-16,1.1417,1.1417,1.1417,1.1417,0.0007,0.0,0.0
159928.OF,汇添富中证主要消费ETF,2022-02-17,1.1408,1.1408,1.1408,1.1408,-0.0008,0.0,0.0
159928.OF,汇添富中证主要消费ETF,2022-02-18,1.1475,1.1475,1.1475,1.1475,0.0059,0.0,0.0
159928.OF,汇添富中证主要消费ETF,2022-02-21,1.1466,1.1466,1.1466,1.1466,-0.0008,0.0,0.0
159928.OF,汇添富中证主要消费ETF,2022-02-22,1.1252,1.1252,1.1252,1.1252,-0.0187,0.0,0.0
159928.OF,汇添富中证主要消费ETF,2022-02-23,1.1242,1.1242,1.1242,1.1242,-0.0009,0.0,0.0
159928.OF,汇添富中证主要消费ETF,2022-02-24,1.0944,1.0944,1.0944,1.0944,-0.0265,0.0,0.0
159928.OF,汇添富中证主要消费ETF,2022-02-25,1.1037,1.1037,1.1037,1.1037,0.0085,0.0,0.0
159928.OF,汇添富中证主要消费ETF,2022-02-28,1.1043,1.1043,1.1043,1.1043,0.0005,0.0,0.0
159928.OF,汇添富中证主要消费ETF,2022-03-01,1.1325,1.1325,1.1325,1.1325,0.0255,0.0,0.0
159928.OF,汇添富中证主要消费ETF,2022-03-02,1.1226,1.1226,1.1226,1.1226,-0.0087,0.0,0.0
159928.OF,汇添富中证主要消费ETF,2022-03-03,1.1002,1.1002,1.1002,1.1002,-0.02,0.0,0.0
159928.OF,汇添富中证主要消费ETF,2022-03-04,1.0957,1.0957,1.0957,1.0957,-0.0041,0.0,0.0
159928.OF,汇添富中证主要消费ETF,2022-03-07,1.0525,1.0525,1.0525,1.0525,-0.0394,0.0,0.0
159928.OF,汇添富中证主要消费ETF,2022-03-08,1.032,1.032,1.032,1.032,-0.0195,0.0,0.0
159928.OF,汇添富中证主要消费ETF,2022-03-09,1.0261,1.0261,1.0261,1.0261,-0.0057,0.0,0.0
159928.OF,汇添富中证主要消费ETF,2022-03-10,1.0491,1.0491,1.0491,1.0491,0.0224,0.0,0.0
159928.OF,汇添富中证主要消费ETF,2022-03-11,1.0561,1.0561,1.0561,1.0561,0.0067,0.0,0.0
159928.OF,汇添富中证主要消费ETF,2022-03-14,1.0103,1.0103,1.0103,1.0103,-0.0434,0.0,0.0
159928.OF,汇添富中证主要消费ETF,2022-03-15,0.9566,0.9566,0.9566,0.9566,-0.0532,0.0,0.0
159928.OF,汇添富中证主要消费ETF,2022-03-16,0.985,0.985,0.985,0.985,0.0297,0.0,0.0
159928.OF,汇添富中证主要消费ETF,2022-03-17,1.0146,1.0146,1.0146,1.0146,0.0301,0.0,0.0
159928.OF,汇添富中证主要消费ETF,2022-03-18,1.0194,1.0194,1.0194,1.0194,0.0047,0.0,0.0
159928.OF,汇添富中证主要消费ETF,2022-03-21,1.0202,1.0202,1.0202,1.0202,0.0008,0.0,0.0
159928.OF,汇添富中证主要消费ETF,2022-03-22,1.0192,1.0192,1.0192,1.0192,-0.001,0.0,0.0
159928.OF,汇添富中证主要消费ETF,2022-03-23,1.0255,1.0255,1.0255,1.0255,0.0062,0.0,0.0
159928.OF,汇添富中证主要消费ETF,2022-03-24,1.0103,1.0103,1.0103,1.0103,-0.0148,0.0,0.0
159928.OF,汇添富中证主要消费ETF,2022-03-25,0.9936,0.9936,0.9936,0.9936,-0.0165,0.0,0.0
159928.OF,汇添富中证主要消费ETF,2022-03-28,0.9772,0.9772,0.9772,0.9772,-0.0165,0.0,0.0
159928.OF,汇添富中证主要消费ETF,2022-03-29,0.9788,0.9788,0.9788,0.9788,0.0016,0.0,0.0
159928.OF,汇添富中证主要消费ETF,2022-03-30,1.0092,1.0092,1.0092,1.0092,0.0311,0.0,0.0
159928.OF,汇添富中证主要消费ETF,2022-03-31,1.0023,1.0023,1.0023,1.0023,-0.0068,0.0,0.0
159928.OF,汇添富中证主要消费ETF,2022-04-01,1.0179,1.0179,1.0179,1.0179,0.0156,0.0,0.0
159928.OF,汇添富中证主要消费ETF,2022-04-06,1.0065,1.0065,1.0065,1.0065,-0.0112,0.0,0.0
159928.OF,汇添富中证主要消费ETF,2022-04-07,0.9944,0.9944,0.9944,0.9944,-0.012,0.0,0.0
159928.OF,汇添富中证主要消费ETF,2022-04-08,0.9889,0.9889,0.9889,0.9889,-0.0055,0.0,0.0
159928.OF,汇添富中证主要消费ETF,2022-04-11,0.9718,0.9718,0.9718,0.9718,-0.0173,0.0,0.0
159928.OF,汇添富中证主要消费ETF,2022-04-12,1.0093,1.0093,1.0093,1.0093,0.0386,0.0,0.0
159928.OF,汇添富中证主要消费ETF,2022-04-13,1.0004,1.0004,1.0004,1.0004,-0.0088,0.0,0.0
159928.OF,汇添富中证主要消费ETF,2022-04-14,1.037,1.037,1.037,1.037,0.0366,0.0,0.0
159928.OF,汇添富中证主要消费ETF,2022-04-15,1.033,1.033,1.033,1.033,-0.0039,0.0,0.0
159928.OF,汇添富中证主要消费ETF,2022-04-18,1.0395,1.0395,1.0395,1.0395,0.0063,0.0,0.0
159928.OF,汇添富中证主要消费ETF,2022-04-19,1.0379,1.0379,1.0379,1.0379,-0.0015,0.0,0.0
159928.OF,汇添富中证主要消费ETF,2022-04-20,1.0434,1.0434,1.0434,1.0434,0.0053,0.0,0.0
159928.OF,汇添富中证主要消费ETF,2022-04-21,1.0222,1.0222,1.0222,1.0222,-0.0203,0.0,0.0
159928.OF,汇添富中证主要消费ETF,2022-04-22,1.0193,1.0193,1.0193,1.0193,-0.0028,0.0,0.0
159928.OF,汇添富中证主要消费ETF,2022-04-25,0.9781,0.9781,0.9781,0.9781,-0.0404,0.0,0.0
159928.OF,汇添富中证主要消费ETF,2022-04-26,0.986,0.986,0.986,0.986,0.0081,0.0,0.0
159928.OF,汇添富中证主要消费ETF,2022-04-27,1.0117,1.0117,1.0117,1.0117,0.0261,0.0,0.0
159928.OF,汇添富中证主要消费ETF,2022-04-28,1.0138,1.0138,1.0138,1.0138,0.0021,0.0,0.0
159928.OF,汇添富中证主要消费ETF,2022-04-29,1.0144,1.0144,1.0144,1.0144,0.0006,0.0,0.0
159928.OF,汇添富中证主要消费ETF,2022-05-05,1.0165,1.0165,1.0165,1.0165,0.0021,0.0,0.0
159928.OF,汇添富中证主要消费ETF,2022-05-06,0.9877,0.9877,0.9877,0.9877,-0.0283,0.0,0.0
159928.OF,汇添富中证主要消费ETF,2022-05-09,0.9816,0.9816,0.9816,0.9816,-0.0062,0.0,0.0
159928.OF,汇添富中证主要消费ETF,2022-05-10,0.9945,0.9945,0.9945,0.9945,0.0131,0.0,0.0
159928.OF,汇添富中证主要消费ETF,2022-05-11,0.9982,0.9982,0.9982,0.9982,0.0037,0.0,0.0
159928.OF,汇添富中证主要消费ETF,2022-05-12,0.9996,0.9996,0.9996,0.9996,0.0014,0.0,0.0
159928.OF,汇添富中证主要消费ETF,2022-05-13,0.9954,0.9954,0.9954,0.9954,-0.0042,0.0,0.0
159928.OF,汇添富中证主要消费ETF,2022-05-16,0.9902,0.9902,0.9902,0.9902,-0.0052,0.0,0.0
159928.OF,汇添富中证主要消费ETF,2022-05-17,0.9925,0.9925,0.9925,0.9925,0.0023,0.0,0.0
159928.OF,汇添富中证主要消费ETF,2022-05-18,0.9874,0.9874,0.9874,0.9874,-0.0051,0.0,0.0
159928.OF,汇添富中证主要消费ETF,2022-05-19,0.9761,0.9761,0.9761,0.9761,-0.0114,0.0,0.0
159928.OF,汇添富中证主要消费ETF,2022-05-20,1.0039,1.0039,1.0039,1.0039,0.0285,0.0,0.0
159928.OF,汇添富中证主要消费ETF,2022-05-23,0.9965,0.9965,0.9965,0.9965,-0.0074,0.0,0.0
159928.OF,汇添富中证主要消费ETF,2022-05-24,0.9778,0.9778,0.9778,0.9778,-0.0188,0.0,0.0
159928.OF,汇添富中证主要消费ETF,2022-05-25,0.9831,0.9831,0.9831,0.9831,0.0054,0.0,0.0
159928.OF,汇添富中证主要消费ETF,2022-05-26,0.9817,0.9817,0.9817,0.9817,-0.0014,0.0,0.0
159928.OF,汇添富中证主要消费ETF,2022-05-27,0.9827,0.9827,0.9827,0.9827,0.001,0.0,0.0
159928.OF,汇添富中证主要消费ETF,2022-05-30,1.0018,1.0018,1.0018,1.0018,0.0194,0.0,0.0
159928.OF,汇添富中证主要消费ETF,2022-05-31,1.0301,1.0301,1.0301,1.0301,0.0282,0.0,0.0
159928.OF,汇添富中证主要消费ETF,2022-06-01,1.0203,1.0203,1.0203,1.0203,-0.0095,0.0,0.0
159928.OF,汇添富中证主要消费ETF,2022-06-02,1.0134,1.0134,1.0134,1.0134,-0.0068,0.0,0.0
159928.OF,汇添富中证主要消费ETF,2022-06-06,1.0217,1.0217,1.0217,1.0217,0.0082,0.0,0.0
159928.OF,汇添富中证主要消费ETF,2022-06-07,1.0361,1.0361,1.0361,1.0361,0.0141,0.0,0.0
159928.OF,汇添富中证主要消费ETF,2022-06-08,1.0496,1.0496,1.0496,1.0496,0.013,0.0,0.0
159928.OF,汇添富中证主要消费ETF,2022-06-09,1.0396,1.0396,1.0396,1.0396,-0.0095,0.0,0.0
159928.OF,汇添富中证主要消费ETF,2022-06-10,1.0489,1.0489,1.0489,1.0489,0.0089,0.0,0.0
159928.OF,汇添富中证主要消费ETF,2022-06-13,1.0406,1.0406,1.0406,1.0406,-0.0079,0.0,0.0
159928.OF,汇添富中证主要消费ETF,2022-06-14,1.0546,1.0546,1.0546,1.0546,0.0135,0.0,0.0
159928.OF,汇添富中证主要消费ETF,2022-06-15,1.063,1.063,1.063,1.063,0.008,0.0,0.0
159928.OF,汇添富中证主要消费ETF,2022-06-16,1.069,1.069,1.069,1.069,0.0056,0.0,0.0
159928.OF,汇添富中证主要消费ETF,2022-06-17,1.0837,1.0837,1.0837,1.0837,0.0138,0.0,0.0
159928.OF,汇添富中证主要消费ETF,2022-06-20,1.0946,1.0946,1.0946,1.0946,0.0101,0.0,0.0
159928.OF,汇添富中证主要消费ETF,2022-06-21,1.0899,1.0899,1.0899,1.0899,-0.0043,0.0,0.0
159928.OF,汇添富中证主要消费ETF,2022-06-22,1.0833,1.0833,1.0833,1.0833,-0.0061,0.0,0.0
159928.OF,汇添富中证主要消费ETF,2022-06-23,1.092,1.092,1.092,1.092,0.008,0.0,0.0
159928.OF,汇添富中证主要消费ETF,2022-06-24,1.1054,1.1054,1.1054,1.1054,0.0123,0.0,0.0
159928.OF,汇添富中证主要消费ETF,2022-06-27,1.1371,1.1371,1.1371,1.1371,0.0287,0.0,0.0
159928.OF,汇添富中证主要消费ETF,2022-06-28,1.1423,1.1423,1.1423,1.1423,0.0046,0.0,0.0
159928.OF,汇添富中证主要消费ETF,2022-06-29,1.1232,1.1232,1.1232,1.1232,-0.0167,0.0,0.0
159928.OF,汇添富中证主要消费ETF,2022-06-30,1.1538,1.1538,1.1538,1.1538,0.0272,0.0,0.0
159928.OF,汇添富中证主要消费ETF,2022-07-01,1.1473,1.1473,1.1473,1.1473,-0.0056,0.0,0.0
159928.OF,汇添富中证主要消费ETF,2022-07-04,1.1647,1.1647,1.1647,1.1647,0.0152,0.0,0.0
159928.OF,汇添富中证主要消费ETF,2022-07-05,1.1581,1.1581,1.1581,1.1581,-0.0057,0.0,0.0
159928.OF,汇添富中证主要消费ETF,2022-07-06,1.1325,1.1325,1.1325,1.1325,-0.0221,0.0,0.0
159928.OF,汇添富中证主要消费ETF,2022-07-07,1.1304,1.1304,1.1304,1.1304,-0.0019,0.0,0.0
159928.OF,汇添富中证主要消费ETF,2022-07-08,1.134,1.134,1.134,1.134,0.0032,0.0,0.0
159928.OF,汇添富中证主要消费ETF,2022-07-11,1.1229,1.1229,1.1229,1.1229,-0.0098,0.0,0.0
159928.OF,汇添富中证主要消费ETF,2022-07-12,1.1103,1.1103,1.1103,1.1103,-0.0112,0.0,0.0
159928.OF,汇添富中证主要消费ETF,2022-07-13,1.1145,1.1145,1.1145,1.1145,0.0038,0.0,0.0
159928.OF,汇添富中证主要消费ETF,2022-07-14,1.1072,1.1072,1.1072,1.1072,-0.0066,0.0,0.0
159928.OF,汇添富中证主要消费ETF,2022-07-15,1.1014,1.1014,1.1014,1.1014,-0.0052,0.0,0.0
159928.OF,汇添富中证主要消费ETF,2022-07-18,1.0993,1.0993,1.0993,1.0993,-0.0019,0.0,0.0
159928.OF,汇添富中证主要消费ETF,2022-07-19,1.1007,1.1007,1.1007,1.1007,0.0013,0.0,0.0
159928.OF,汇添富中证主要消费ETF,2022-07-20,1.1055,1.1055,1.1055,1.1055,0.0044,0.0,0.0
159928.OF,汇添富中证主要消费ETF,2022-07-21,1.0966,1.0966,1.0966,1.0966,-0.0081,0.0,0.0
159928.OF,汇添富中证主要消费ETF,2022-07-22,1.0908,1.0908,1.0908,1.0908,-0.0053,0.0,0.0
159928.OF,汇添富中证主要消费ETF,2022-07-25,1.0958,1.0958,1.0958,1.0958,0.0046,0.0,0.0
159928.OF,汇添富中证主要消费ETF,2022-07-26,1.1047,1.1047,1.1047,1.1047,0.0081,0.0,0.0
159928.OF,汇添富中证主要消费ETF,2022-07-27,1.0942,1.0942,1.0942,1.0942,-0.0095,0.0,0.0
159928.OF,汇添富中证主要消费ETF,2022-07-28,1.0909,1.0909,1.0909,1.0909,-0.003,0.0,0.0
159928.OF,汇添富中证主要消费ETF,2022-07-29,1.0735,1.0735,1.0735,1.0735,-0.016,0.0,0.0
159928.OF,汇添富中证主要消费ETF,2022-08-01,1.0788,1.0788,1.0788,1.0788,0.0049,0.0,0.0
159928.OF,汇添富中证主要消费ETF,2022-08-02,1.0649,1.0649,1.0649,1.0649,-0.0129,0.0,0.0
159928.OF,汇添富中证主要消费ETF,2022-08-03,1.0564,1.0564,1.0564,1.0564,-0.008,0.0,0.0
159928.OF,汇添富中证主要消费ETF,2022-08-04,1.0717,1.0717,1.0717,1.0717,0.0145,0.0,0.0
159928.OF,汇添富中证主要消费ETF,2022-08-05,1.0815,1.0815,1.0815,1.0815,0.0091,0.0,0.0
159928.OF,汇添富中证主要消费ETF,2022-08-08,1.0741,1.0741,1.0741,1.0741,-0.0068,0.0,0.0
159928.OF,汇添富中证主要消费ETF,2022-08-09,1.0666,1.0666,1.0666,1.0666,-0.007,0.0,0.0
159928.OF,汇添富中证主要消费ETF,2022-08-10,1.0505,1.0505,1.0505,1.0505,-0.0151,0.0,0.0
159928.OF,汇添富中证主要消费ETF,2022-08-11,1.0677,1.0677,1.0677,1.0677,0.0164,0.0,0.0
159928.OF,汇添富中证主要消费ETF,2022-08-12,1.0747,1.0747,1.0747,1.0747,0.0066,0.0,0.0
159928.OF,汇添富中证主要消费ETF,2022-08-15,1.0645,1.0645,1.0645,1.0645,-0.0095,0.0,0.0
159928.OF,汇添富中证主要消费ETF,2022-08-16,1.0649,1.0649,1.0649,1.0649,0.0004,0.0,0.0
159928.OF,汇添富中证主要消费ETF,2022-08-17,1.0709,1.0709,1.0709,1.0709,0.0056,0.0,0.0
159928.OF,汇添富中证主要消费ETF,2022-08-18,1.0532,1.0532,1.0532,1.0532,-0.0165,0.0,0.0
159928.OF,汇添富中证主要消费ETF,2022-08-19,1.0597,1.0597,1.0597,1.0597,0.0062,0.0,0.0
159928.OF,汇添富中证主要消费ETF,2022-08-22,1.0655,1.0655,1.0655,1.0655,0.0055,0.0,0.0
159928.OF,汇添富中证主要消费ETF,2022-08-23,1.0562,1.0562,1.0562,1.0562,-0.0087,0.0,0.0
159928.OF,汇添富中证主要消费ETF,2022-08-24,1.0501,1.0501,1.0501,1.0501,-0.0058,0.0,0.0
159928.OF,汇添富中证主要消费ETF,2022-08-25,1.0692,1.0692,1.0692,1.0692,0.0182,0.0,0.0
159928.OF,汇添富中证主要消费ETF,2022-08-26,1.0819,1.0819,1.0819,1.0819,0.0119,0.0,0.0
159928.OF,汇添富中证主要消费ETF,2022-08-29,1.0711,1.0711,1.0711,1.0711,-0.01,0.0,0.0
159928.OF,汇添富中证主要消费ETF,2022-08-30,1.0701,1.0701,1.0701,1.0701,-0.0009,0.0,0.0
159928.OF,汇添富中证主要消费ETF,2022-08-31,1.0791,1.0791,1.0791,1.0791,0.0084,0.0,0.0
159928.OF,汇添富中证主要消费ETF,2022-09-01,1.0643,1.0643,1.0643,1.0643,-0.0137,0.0,0.0
159928.OF,汇添富中证主要消费ETF,2022-09-02,1.053,1.053,1.053,1.053,-0.0106,0.0,0.0
159928.OF,汇添富中证主要消费ETF,2022-09-05,1.0383,1.0383,1.0383,1.0383,-0.014,0.0,0.0
159928.OF,汇添富中证主要消费ETF,2022-09-06,1.0412,1.0412,1.0412,1.0412,0.0028,0.0,0.0
159928.OF,汇添富中证主要消费ETF,2022-09-07,1.027,1.027,1.027,1.027,-0.0136,0.0,0.0
159928.OF,汇添富中证主要消费ETF,2022-09-08,1.0256,1.0256,1.0256,1.0256,-0.0014,0.0,0.0
159928.OF,汇添富中证主要消费ETF,2022-09-09,1.0375,1.0375,1.0375,1.0375,0.0116,0.0,0.0
159928.OF,汇添富中证主要消费ETF,2022-09-13,1.0536,1.0536,1.0536,1.0536,0.0155,0.0,0.0
159928.OF,汇添富中证主要消费ETF,2022-09-14,1.0464,1.0464,1.0464,1.0464,-0.0068,0.0,0.0
159928.OF,汇添富中证主要消费ETF,2022-09-15,1.0464,1.0464,1.0464,1.0464,0.0,0.0,0.0
159928.OF,汇添富中证主要消费ETF,2022-09-16,1.0265,1.0265,1.0265,1.0265,-0.019,0.0,0.0
159928.OF,汇添富中证主要消费ETF,2022-09-19,1.0354,1.0354,1.0354,1.0354,0.0087,0.0,0.0
159928.OF,汇添富中证主要消费ETF,2022-09-20,1.0403,1.0403,1.0403,1.0403,0.0047,0.0,0.0
159928.OF,汇添富中证主要消费ETF,2022-09-21,1.0249,1.0249,1.0249,1.0249,-0.0148,0.0,0.0
159928.OF,汇添富中证主要消费ETF,2022-09-22,1.0115,1.0115,1.0115,1.0115,-0.0131,0.0,0.0
159928.OF,汇添富中证主要消费ETF,2022-09-23,1.0132,1.0132,1.0132,1.0132,0.0017,0.0,0.0
159928.OF,汇添富中证主要消费ETF,2022-09-26,1.019,1.019,1.019,1.019,0.0057,0.0,0.0
159928.OF,汇添富中证主要消费ETF,2022-09-27,1.0504,1.0504,1.0504,1.0504,0.0308,0.0,0.0
159928.OF,汇添富中证主要消费ETF,2022-09-28,1.0465,1.0465,1.0465,1.0465,-0.0037,0.0,0.0
159928.OF,汇添富中证主要消费ETF,2022-09-29,1.0444,1.0444,1.0444,1.0444,-0.002,0.0,0.0
159928.OF,汇添富中证主要消费ETF,2022-09-30,1.0419,1.0419,1.0419,1.0419,-0.0024,0.0,0.0
159928.OF,汇添富中证主要消费ETF,2022-10-10,1.0131,1.0131,1.0131,1.0131,-0.0276,0.0,0.0
159928.OF,汇添富中证主要消费ETF,2022-10-11,1.0142,1.0142,1.0142,1.0142,0.0011,0.0,0.0
159928.OF,汇添富中证主要消费ETF,2022-10-12,1.0138,1.0138,1.0138,1.0138,-0.0004,0.0,0.0
159928.OF,汇添富中证主要消费ETF,2022-10-13,1.0094,1.0094,1.0094,1.0094,-0.0043,0.0,0.0
159928.OF,汇添富中证主要消费ETF,2022-10-14,1.0228,1.0228,1.0228,1.0228,0.0133,0.0,0.0
159928.OF,汇添富中证主要消费ETF,2022-10-17,1.0163,1.0163,1.0163,1.0163,-0.0064,0.0,0.0
159928.OF,汇添富中证主要消费ETF,2022-10-18,1.0116,1.0116,1.0116,1.0116,-0.0046,0.0,0.0
159928.OF,汇添富中证主要消费ETF,2022-10-19,0.9798,0.9798,0.9798,0.9798,-0.0314,0.0,0.0
159928.OF,汇添富中证主要消费ETF,2022-10-20,0.977,0.977,0.977,0.977,-0.0029,0.0,0.0
159928.OF,汇添富中证主要消费ETF,2022-10-21,0.9668,0.9668,0.9668,0.9668,-0.0104,0.0,0.0
159928.OF,汇添富中证主要消费ETF,2022-10-24,0.9214,0.9214,0.9214,0.9214,-0.047,0.0,0.0
159928.OF,汇添富中证主要消费ETF,2022-10-25,0.9199,0.9199,0.9199,0.9199,-0.0016,0.0,0.0
159928.OF,汇添富中证主要消费ETF,2022-10-26,0.913,0.913,0.913,0.913,-0.0075,0.0,0.0
159928.OF,汇添富中证主要消费ETF,2022-10-27,0.8867,0.8867,0.8867,0.8867,-0.0288,0.0,0.0
159928.OF,汇添富中证主要消费ETF,2022-10-28,0.8646,0.8646,0.8646,0.8646,-0.0249,0.0,0.0
159928.OF,汇添富中证主要消费ETF,2022-10-31,0.8542,0.8542,0.8542,0.8542,-0.012,0.0,0.0
159928.OF,汇添富中证主要消费ETF,2022-11-01,0.9029,0.9029,0.9029,0.9029,0.057,0.0,0.0
159928.OF,汇添富中证主要消费ETF,2022-11-02,0.9184,0.9184,0.9184,0.9184,0.0172,0.0,0.0
159928.OF,汇添富中证主要消费ETF,2022-11-03,0.9071,0.9071,0.9071,0.9071,-0.0123,0.0,0.0
159928.OF,汇添富中证主要消费ETF,2022-11-04,0.9429,0.9429,0.9429,0.9429,0.0395,0.0,0.0
159928.OF,汇添富中证主要消费ETF,2022-11-07,0.9486,0.9486,0.9486,0.9486,0.006,0.0,0.0
159928.OF,汇添富中证主要消费ETF,2022-11-08,0.9347,0.9347,0.9347,0.9347,-0.0147,0.0,0.0
159928.OF,汇添富中证主要消费ETF,2022-11-09,0.9207,0.9207,0.9207,0.9207,-0.015,0.0,0.0
159928.OF,汇添富中证主要消费ETF,2022-11-10,0.9307,0.9307,0.9307,0.9307,0.0109,0.0,0.0
159928.OF,汇添富中证主要消费ETF,2022-11-11,0.9519,0.9519,0.9519,0.9519,0.0228,0.0,0.0
159928.OF,汇添富中证主要消费ETF,2022-11-14,0.946,0.946,0.946,0.946,-0.0062,0.0,0.0
159928.OF,汇添富中证主要消费ETF,2022-11-15,0.9621,0.9621,0.9621,0.9621,0.017,0.0,0.0
159928.OF,汇添富中证主要消费ETF,2022-11-16,0.9624,0.9624,0.9624,0.9624,0.0003,0.0,0.0
159928.OF,汇添富中证主要消费ETF,2022-11-17,0.9578,0.9578,0.9578,0.9578,-0.0048,0.0,0.0
159928.OF,汇添富中证主要消费ETF,2022-11-18,0.9555,0.9555,0.9555,0.9555,-0.0024,0.0,0.0
159928.OF,汇添富中证主要消费ETF,2022-11-21,0.9387,0.9387,0.9387,0.9387,-0.0176,0.0,0.0
159928.OF,汇添富中证主要消费ETF,2022-11-22,0.9365,0.9365,0.9365,0.9365,-0.0023,0.0,0.0
159928.OF,汇添富中证主要消费ETF,2022-11-23,0.9305,0.9305,0.9305,0.9305,-0.0064,0.0,0.0
159928.OF,汇添富中证主要消费ETF,2022-11-24,0.9241,0.9241,0.9241,0.9241,-0.0069,0.0,0.0
159928.OF,汇添富中证主要消费ETF,2022-11-25,0.9249,0.9249,0.9249,0.9249,0.0009,0.0,0.0
159928.OF,汇添富中证主要消费ETF,2022-11-28,0.9238,0.9238,0.9238,0.9238,-0.0012,0.0,0.0
159928.OF,汇添富中证主要消费ETF,2022-11-29,0.9543,0.9543,0.9543,0.9543,0.033,0.0,0.0
159928.OF,汇添富中证主要消费ETF,2022-11-30,0.9544,0.9544,0.9544,0.9544,0.0001,0.0,0.0
159928.OF,汇添富中证主要消费ETF,2022-12-01,0.9818,0.9818,0.9818,0.9818,0.0287,0.0,0.0
159928.OF,汇添富中证主要消费ETF,2022-12-02,0.9855,0.9855,0.9855,0.9855,0.0038,0.0,0.0
159928.OF,汇添富中证主要消费ETF,2022-12-05,0.9996,0.9996,0.9996,0.9996,0.0143,0.0,0.0
159928.OF,汇添富中证主要消费ETF,2022-12-06,1.0228,1.0228,1.0228,1.0228,0.0232,0.0,0.0
159928.OF,汇添富中证主要消费ETF,2022-12-07,1.0265,1.0265,1.0265,1.0265,0.0036,0.0,0.0
159928.OF,汇添富中证主要消费ETF,2022-12-08,1.0193,1.0193,1.0193,1.0193,-0.007,0.0,0.0
159928.OF,汇添富中证主要消费ETF,2022-12-09,1.0394,1.0394,1.0394,1.0394,0.0197,0.0,0.0
159928.OF,汇添富中证主要消费ETF,2022-12-12,1.027,1.027,1.027,1.027,-0.0119,0.0,0.0
159928.OF,汇添富中证主要消费ETF,2022-12-13,1.0376,1.0376,1.0376,1.0376,0.0103,0.0,0.0
159928.OF,汇添富中证主要消费ETF,2022-12-14,1.0571,1.0571,1.0571,1.0571,0.0188,0.0,0.0
159928.OF,汇添富中证主要消费ETF,2022-12-15,1.0466,1.0466,1.0466,1.0466,-0.0099,0.0,0.0
159928.OF,汇添富中证主要消费ETF,2022-12-16,1.0507,1.0507,1.0507,1.0507,0.0039,0.0,0.0
159928.OF,汇添富中证主要消费ETF,2022-12-19,1.0365,1.0365,1.0365,1.0365,-0.0135,0.0,0.0
159928.OF,汇添富中证主要消费ETF,2022-12-20,1.0038,1.0038,1.0038,1.0038,-0.0315,0.0,0.0
159928.OF,汇添富中证主要消费ETF,2022-12-21,1.016,1.016,1.016,1.016,0.0122,0.0,0.0
159928.OF,汇添富中证主要消费ETF,2022-12-22,1.0322,1.0322,1.0322,1.0322,0.0159,0.0,0.0
159928.OF,汇添富中证主要消费ETF,2022-12-23,1.0366,1.0366,1.0366,1.0366,0.0043,0.0,0.0
159928.OF,汇添富中证主要消费ETF,2022-12-26,1.0274,1.0274,1.0274,1.0274,-0.0089,0.0,0.0
159928.OF,汇添富中证主要消费ETF,2022-12-27,1.0452,1.0452,1.0452,1.0452,0.0173,0.0,0.0
159928.OF,汇添富中证主要消费ETF,2022-12-28,1.0403,1.0403,1.0403,1.0403,-0.0047,0.0,0.0
159928.OF,汇添富中证主要消费ETF,2022-12-29,1.0324,1.0324,1.0324,1.0324,-0.0076,0.0,0.0
159928.OF,汇添富中证主要消费ETF,2022-12-30,1.0414,1.0414,1.0414,1.0414,0.0087,0.0,0.0
159928.OF,汇添富中证主要消费ETF,2022-12-31,1.0414,1.0414,1.0414,1.0414,0.0,0.0,0.0
159928.OF,汇添富中证主要消费ETF,2023-01-03,1.025,1.025,1.025,1.025,-0.0157,0.0,0.0
159928.OF,汇添富中证主要消费ETF,2023-01-04,1.0256,1.0256,1.0256,1.0256,0.0006,0.0,0.0
159928.OF,汇添富中证主要消费ETF,2023-01-05,1.0588,1.0588,1.0588,1.0588,0.0324,0.0,0.0
159928.OF,汇添富中证主要消费ETF,2023-01-06,1.0566,1.0566,1.0566,1.0566,-0.0021,0.0,0.0
159928.OF,汇添富中证主要消费ETF,2023-01-09,1.0747,1.0747,1.0747,1.0747,0.0171,0.0,0.0
159928.OF,汇添富中证主要消费ETF,2023-01-10,1.0796,1.0796,1.0796,1.0796,0.0046,0.0,0.0
159928.OF,汇添富中证主要消费ETF,2023-01-11,1.0744,1.0744,1.0744,1.0744,-0.0048,0.0,0.0
159928.OF,汇添富中证主要消费ETF,2023-01-12,1.068,1.068,1.068,1.068,-0.006,0.0,0.0
159928.OF,汇添富中证主要消费ETF,2023-01-13,1.0977,1.0977,1.0977,1.0977,0.0278,0.0,0.0
159928.OF,汇添富中证主要消费ETF,2023-01-16,1.1204,1.1204,1.1204,1.1204,0.0207,0.0,0.0
159928.OF,汇添富中证主要消费ETF,2023-01-17,1.1103,1.1103,1.1103,1.1103,-0.009,0.0,0.0
159928.OF,汇添富中证主要消费ETF,2023-01-18,1.0971,1.0971,1.0971,1.0971,-0.0119,0.0,0.0
159928.OF,汇添富中证主要消费ETF,2023-01-19,1.0943,1.0943,1.0943,1.0943,-0.0026,0.0,0.0
159928.OF,汇添富中证主要消费ETF,2023-01-20,1.0932,1.0932,1.0932,1.0932,-0.001,0.0,0.0
159928.OF,汇添富中证主要消费ETF,2023-01-30,1.1032,1.1032,1.1032,1.1032,0.0091,0.0,0.0
159928.OF,汇添富中证主要消费ETF,2023-01-31,1.0834,1.0834,1.0834,1.0834,-0.0179,0.0,0.0
159928.OF,汇添富中证主要消费ETF,2023-02-01,1.0916,1.0916,1.0916,1.0916,0.0076,0.0,0.0
159928.OF,汇添富中证主要消费ETF,2023-02-02,1.0974,1.0974,1.0974,1.0974,0.0053,0.0,0.0
159928.OF,汇添富中证主要消费ETF,2023-02-03,1.0853,1.0853,1.0853,1.0853,-0.011,0.0,0.0
159928.OF,汇添富中证主要消费ETF,2023-02-06,1.07,1.07,1.07,1.07,-0.0141,0.0,0.0
159928.OF,汇添富中证主要消费ETF,2023-02-07,1.0682,1.0682,1.0682,1.0682,-0.0017,0.0,0.0
159928.OF,汇添富中证主要消费ETF,2023-02-08,1.0597,1.0597,1.0597,1.0597,-0.008,0.0,0.0
159928.OF,汇添富中证主要消费ETF,2023-02-09,1.0804,1.0804,1.0804,1.0804,0.0195,0.0,0.0
159928.OF,汇添富中证主要消费ETF,2023-02-10,1.0815,1.0815,1.0815,1.0815,0.001,0.0,0.0
159928.OF,汇添富中证主要消费ETF,2023-02-13,1.1064,1.1064,1.1064,1.1064,0.023,0.0,0.0
159928.OF,汇添富中证主要消费ETF,2023-02-14,1.1018,1.1018,1.1018,1.1018,-0.0042,0.0,0.0
159928.OF,汇添富中证主要消费ETF,2023-02-15,1.095,1.095,1.095,1.095,-0.0062,0.0,0.0
159928.OF,汇添富中证主要消费ETF,2023-02-16,1.0926,1.0926,1.0926,1.0926,-0.0022,0.0,0.0
159928.OF,汇添富中证主要消费ETF,2023-02-17,1.0868,1.0868,1.0868,1.0868,-0.0053,0.0,0.0
159928.OF,汇添富中证主要消费ETF,2023-02-20,1.1052,1.1052,1.1052,1.1052,0.0169,0.0,0.0
159928.OF,汇添富中证主要消费ETF,2023-02-21,1.1013,1.1013,1.1013,1.1013,-0.0035,0.0,0.0
159928.OF,汇添富中证主要消费ETF,2023-02-22,1.0995,1.0995,1.0995,1.0995,-0.0016,0.0,0.0
159928.OF,汇添富中证主要消费ETF,2023-02-23,1.0918,1.0918,1.0918,1.0918,-0.007,0.0,0.0
159928.OF,汇添富中证主要消费ETF,2023-02-24,1.0796,1.0796,1.0796,1.0796,-0.0112,0.0,0.0
159928.OF,汇添富中证主要消费ETF,2023-02-27,1.0864,1.0864,1.0864,1.0864,0.0063,0.0,0.0
159928.OF,汇添富中证主要消费ETF,2023-02-28,1.0884,1.0884,1.0884,1.0884,0.0018,0.0,0.0
159928.OF,汇添富中证主要消费ETF,2023-03-01,1.0974,1.0974,1.0974,1.0974,0.0083,0.0,0.0
159928.OF,汇添富中证主要消费ETF,2023-03-02,1.0941,1.0941,1.0941,1.0941,-0.003,0.0,0.0
159928.OF,汇添富中证主要消费ETF,2023-03-03,1.0892,1.0892,1.0892,1.0892,-0.0045,0.0,0.0
159928.OF,汇添富中证主要消费ETF,2023-03-06,1.087,1.087,1.087,1.087,-0.002,0.0,0.0
159928.OF,汇添富中证主要消费ETF,2023-03-07,1.0634,1.0634,1.0634,1.0634,-0.0217,0.0,0.0
159928.OF,汇添富中证主要消费ETF,2023-03-08,1.0562,1.0562,1.0562,1.0562,-0.0068,0.0,0.0
159928.OF,汇添富中证主要消费ETF,2023-03-09,1.0487,1.0487,1.0487,1.0487,-0.0071,0.0,0.0
159928.OF,汇添富中证主要消费ETF,2023-03-10,1.0364,1.0364,1.0364,1.0364,-0.0117,0.0,0.0
159928.OF,汇添富中证主要消费ETF,2023-03-13,1.0537,1.0537,1.0537,1.0537,0.0167,0.0,0.0
159928.OF,汇添富中证主要消费ETF,2023-03-14,1.0534,1.0534,1.0534,1.0534,-0.0003,0.0,0.0
159928.OF,汇添富中证主要消费ETF,2023-03-15,1.0453,1.0453,1.0453,1.0453,-0.0077,0.0,0.0
159928.OF,汇添富中证主要消费ETF,2023-03-16,1.0382,1.0382,1.0382,1.0382,-0.0068,0.0,0.0
159928.OF,汇添富中证主要消费ETF,2023-03-17,1.0273,1.0273,1.0273,1.0273,-0.0105,0.0,0.0
159928.OF,汇添富中证主要消费ETF,2023-03-20,1.0143,1.0143,1.0143,1.0143,-0.0127,0.0,0.0
159928.OF,汇添富中证主要消费ETF,2023-03-21,1.0351,1.0351,1.0351,1.0351,0.0205,0.0,0.0
159928.OF,汇添富中证主要消费ETF,2023-03-22,1.0331,1.0331,1.0331,1.0331,-0.0019,0.0,0.0
159928.OF,汇添富中证主要消费ETF,2023-03-23,1.0388,1.0388,1.0388,1.0388,0.0055,0.0,0.0
159928.OF,汇添富中证主要消费ETF,2023-03-24,1.0407,1.0407,1.0407,1.0407,0.0018,0.0,0.0
159928.OF,汇添富中证主要消费ETF,2023-03-27,1.0357,1.0357,1.0357,1.0357,-0.0048,0.0,0.0
159928.OF,汇添富中证主要消费ETF,2023-03-28,1.0492,1.0492,1.0492,1.0492,0.013,0.0,0.0
159928.OF,汇添富中证主要消费ETF,2023-03-29,1.0506,1.0506,1.0506,1.0506,0.0013,0.0,0.0
159928.OF,汇添富中证主要消费ETF,2023-03-30,1.063,1.063,1.063,1.063,0.0118,0.0,0.0
159928.OF,汇添富中证主要消费ETF,2023-03-31,1.0658,1.0658,1.0658,1.0658,0.0026,0.0,0.0
159928.OF,汇添富中证主要消费ETF,2023-04-03,1.0627,1.0627,1.0627,1.0627,-0.0029,0.0,0.0
159928.OF,汇添富中证主要消费ETF,2023-04-04,1.0742,1.0742,1.0742,1.0742,0.0108,0.0,0.0
159928.OF,汇添富中证主要消费ETF,2023-04-06,1.0584,1.0584,1.0584,1.0584,-0.0147,0.0,0.0
159928.OF,汇添富中证主要消费ETF,2023-04-07,1.0525,1.0525,1.0525,1.0525,-0.0056,0.0,0.0
159928.OF,汇添富中证主要消费ETF,2023-04-10,1.042,1.042,1.042,1.042,-0.01,0.0,0.0
159928.OF,汇添富中证主要消费ETF,2023-04-11,1.0282,1.0282,1.0282,1.0282,-0.0132,0.0,0.0
159928.OF,汇添富中证主要消费ETF,2023-04-12,1.0073,1.0073,1.0073,1.0073,-0.0203,0.0,0.0
159928.OF,汇添富中证主要消费ETF,2023-04-13,1.012,1.012,1.012,1.012,0.0047,0.0,0.0
159928.OF,汇添富中证主要消费ETF,2023-04-14,1.0022,1.0022,1.0022,1.0022,-0.0097,0.0,0.0
159928.OF,汇添富中证主要消费ETF,2023-04-17,1.0132,1.0132,1.0132,1.0132,0.011,0.0,0.0
159928.OF,汇添富中证主要消费ETF,2023-04-18,1.0176,1.0176,1.0176,1.0176,0.0043,0.0,0.0
159928.OF,汇添富中证主要消费ETF,2023-04-19,1.0107,1.0107,1.0107,1.0107,-0.0068,0.0,0.0
159928.OF,汇添富中证主要消费ETF,2023-04-20,0.9991,0.9991,0.9991,0.9991,-0.0115,0.0,0.0
159928.OF,汇添富中证主要消费ETF,2023-04-21,0.9927,0.9927,0.9927,0.9927,-0.0064,0.0,0.0
159928.OF,汇添富中证主要消费ETF,2023-04-24,0.9748,0.9748,0.9748,0.9748,-0.018,0.0,0.0
159928.OF,汇添富中证主要消费ETF,2023-04-25,0.987,0.987,0.987,0.987,0.0125,0.0,0.0
159928.OF,汇添富中证主要消费ETF,2023-04-26,0.9849,0.9849,0.9849,0.9849,-0.0021,0.0,0.0
159928.OF,汇添富中证主要消费ETF,2023-04-27,0.9908,0.9908,0.9908,0.9908,0.006,0.0,0.0
159928.OF,汇添富中证主要消费ETF,2023-04-28,1.0014,1.0014,1.0014,1.0014,0.0107,0.0,0.0
159928.OF,汇添富中证主要消费ETF,2023-05-04,0.9927,0.9927,0.9927,0.9927,-0.0087,0.0,0.0
159928.OF,汇添富中证主要消费ETF,2023-05-05,0.9959,0.9959,0.9959,0.9959,0.0032,0.0,0.0
159928.OF,汇添富中证主要消费ETF,2023-05-08,0.9865,0.9865,0.9865,0.9865,-0.0094,0.0,0.0
159928.OF,汇添富中证主要消费ETF,2023-05-09,0.9868,0.9868,0.9868,0.9868,0.0003,0.0,0.0
159928.OF,汇添富中证主要消费ETF,2023-05-10,0.9809,0.9809,0.9809,0.9809,-0.006,0.0,0.0
159928.OF,汇添富中证主要消费ETF,2023-05-11,0.978,0.978,0.978,0.978,-0.003,0.0,0.0
159928.OF,汇添富中证主要消费ETF,2023-05-12,0.9713,0.9713,0.9713,0.9713,-0.0069,0.0,0.0
159928.OF,汇添富中证主要消费ETF,2023-05-15,0.9774,0.9774,0.9774,0.9774,0.0063,0.0,0.0
159928.OF,汇添富中证主要消费ETF,2023-05-16,0.9708,0.9708,0.9708,0.9708,-0.0068,0.0,0.0
159928.OF,汇添富中证主要消费ETF,2023-05-17,0.9615,0.9615,0.9615,0.9615,-0.0096,0.0,0.0
159928.OF,汇添富中证主要消费ETF,2023-05-18,0.9512,0.9512,0.9512,0.9512,-0.0107,0.0,0.0
159928.OF,汇添富中证主要消费ETF,2023-05-19,0.9596,0.9596,0.9596,0.9596,0.0088,0.0,0.0
159928.OF,汇添富中证主要消费ETF,2023-05-22,0.9795,0.9795,0.9795,0.9795,0.0207,0.0,0.0
159928.OF,汇添富中证主要消费ETF,2023-05-23,0.9675,0.9675,0.9675,0.9675,-0.0123,0.0,0.0
159928.OF,汇添富中证主要消费ETF,2023-05-24,0.9547,0.9547,0.9547,0.9547,-0.0132,0.0,0.0
159928.OF,汇添富中证主要消费ETF,2023-05-25,0.9463,0.9463,0.9463,0.9463,-0.0088,0.0,0.0
159928.OF,汇添富中证主要消费ETF,2023-05-26,0.945,0.945,0.945,0.945,-0.0014,0.0,0.0
159928.OF,汇添富中证主要消费ETF,2023-05-29,0.9368,0.9368,0.9368,0.9368,-0.0087,0.0,0.0
159928.OF,汇添富中证主要消费ETF,2023-05-30,0.9276,0.9276,0.9276,0.9276,-0.0098,0.0,0.0
159928.OF,汇添富中证主要消费ETF,2023-05-31,0.9102,0.9102,0.9102,0.9102,-0.0188,0.0,0.0
159928.OF,汇添富中证主要消费ETF,2023-06-01,0.9158,0.9158,0.9158,0.9158,0.0062,0.0,0.0
159928.OF,汇添富中证主要消费ETF,2023-06-02,0.9328,0.9328,0.9328,0.9328,0.0186,0.0,0.0
159928.OF,汇添富中证主要消费ETF,2023-06-05,0.9194,0.9194,0.9194,0.9194,-0.0144,0.0,0.0
159928.OF,汇添富中证主要消费ETF,2023-06-06,0.9173,0.9173,0.9173,0.9173,-0.0023,0.0,0.0
159928.OF,汇添富中证主要消费ETF,2023-06-07,0.9092,0.9092,0.9092,0.9092,-0.0088,0.0,0.0
159928.OF,汇添富中证主要消费ETF,2023-06-08,0.9192,0.9192,0.9192,0.9192,0.011,0.0,0.0
159928.OF,汇添富中证主要消费ETF,2023-06-09,0.9173,0.9173,0.9173,0.9173,-0.0021,0.0,0.0
159928.OF,汇添富中证主要消费ETF,2023-06-12,0.9373,0.9373,0.9373,0.9373,0.0218,0.0,0.0
159928.OF,汇添富中证主要消费ETF,2023-06-13,0.9414,0.9414,0.9414,0.9414,0.0044,0.0,0.0
159928.OF,汇添富中证主要消费ETF,2023-06-14,0.9543,0.9543,0.9543,0.9543,0.0137,0.0,0.0
159928.OF,汇添富中证主要消费ETF,2023-06-15,0.969,0.969,0.969,0.969,0.0154,0.0,0.0
159928.OF,汇添富中证主要消费ETF,2023-06-16,0.9769,0.9769,0.9769,0.9769,0.0082,0.0,0.0
159928.OF,汇添富中证主要消费ETF,2023-06-19,0.9613,0.9613,0.9613,0.9613,-0.016,0.0,0.0
159928.OF,汇添富中证主要消费ETF,2023-06-20,0.9528,0.9528,0.9528,0.9528,-0.0088,0.0,0.0
159928.OF,汇添富中证主要消费ETF,2023-06-21,0.9434,0.9434,0.9434,0.9434,-0.0099,0.0,0.0
159928.OF,汇添富中证主要消费ETF,2023-06-26,0.9275,0.9275,0.9275,0.9275,-0.0169,0.0,0.0
159928.OF,汇添富中证主要消费ETF,2023-06-27,0.9329,0.9329,0.9329,0.9329,0.0058,0.0,0.0
159928.OF,汇添富中证主要消费ETF,2023-06-28,0.9342,0.9342,0.9342,0.9342,0.0014,0.0,0.0
159928.OF,汇添富中证主要消费ETF,2023-06-29,0.9243,0.9243,0.9243,0.9243,-0.0106,0.0,0.0
159928.OF,汇添富中证主要消费ETF,2023-06-30,0.9239,0.9239,0.9239,0.9239,-0.0004,0.0,0.0
159928.OF,汇添富中证主要消费ETF,2023-07-03,0.9434,0.9434,0.9434,0.9434,0.0211,0.0,0.0
159928.OF,汇添富中证主要消费ETF,2023-07-04,0.9468,0.9468,0.9468,0.9468,0.0036,0.0,0.0
159928.OF,汇添富中证主要消费ETF,2023-07-05,0.9304,0.9304,0.9304,0.9304,-0.0173,0.0,0.0
159928.OF,汇添富中证主要消费ETF,2023-07-06,0.9243,0.9243,0.9243,0.9243,-0.0066,0.0,0.0
159928.OF,汇添富中证主要消费ETF,2023-07-07,0.9243,0.9243,0.9243,0.9243,0.0,0.0,0.0
159928.OF,汇添富中证主要消费ETF,2023-07-10,0.9273,0.9273,0.9273,0.9273,0.0032,0.0,0.0
159928.OF,汇添富中证主要消费ETF,2023-07-11,0.9285,0.9285,0.9285,0.9285,0.0013,0.0,0.0
159928.OF,汇添富中证主要消费ETF,2023-07-12,0.9292,0.9292,0.9292,0.9292,0.0008,0.0,0.0
159928.OF,汇添富中证主要消费ETF,2023-07-13,0.9527,0.9527,0.9527,0.9527,0.0253,0.0,0.0
159928.OF,汇添富中证主要消费ETF,2023-07-14,0.9479,0.9479,0.9479,0.9479,-0.005,0.0,0.0
159928.OF,汇添富中证主要消费ETF,2023-07-17,0.9416,0.9416,0.9416,0.9416,-0.0066,0.0,0.0
159928.OF,汇添富中证主要消费ETF,2023-07-18,0.9372,0.9372,0.9372,0.9372,-0.0047,0.0,0.0
159928.OF,汇添富中证主要消费ETF,2023-07-19,0.936,0.936,0.936,0.936,-0.0013,0.0,0.0
159928.OF,汇添富中证主要消费ETF,2023-07-20,0.9358,0.9358,0.9358,0.9358,-0.0002,0.0,0.0
159928.OF,汇添富中证主要消费ETF,2023-07-21,0.9508,0.9508,0.9508,0.9508,0.016,0.0,0.0
159928.OF,汇添富中证主要消费ETF,2023-07-24,0.9402,0.9402,0.9402,0.9402,-0.0111,0.0,0.0
159928.OF,汇添富中证主要消费ETF,2023-07-25,0.9676,0.9676,0.9676,0.9676,0.0291,0.0,0.0
159928.OF,汇添富中证主要消费ETF,2023-07-26,0.9688,0.9688,0.9688,0.9688,0.0012,0.0,0.0
159928.OF,汇添富中证主要消费ETF,2023-07-27,0.9755,0.9755,0.9755,0.9755,0.0069,0.0,0.0
159928.OF,汇添富中证主要消费ETF,2023-07-28,0.9931,0.9931,0.9931,0.9931,0.018,0.0,0.0
159928.OF,汇添富中证主要消费ETF,2023-07-31,0.9982,0.9982,0.9982,0.9982,0.0051,0.0,0.0
159928.OF,汇添富中证主要消费ETF,2023-08-01,0.988,0.988,0.988,0.988,-0.0102,0.0,0.0
159928.OF,汇添富中证主要消费ETF,2023-08-02,0.9805,0.9805,0.9805,0.9805,-0.0076,0.0,0.0
159928.OF,汇添富中证主要消费ETF,2023-08-03,0.9867,0.9867,0.9867,0.9867,0.0063,0.0,0.0
159928.OF,汇添富中证主要消费ETF,2023-08-04,0.9874,0.9874,0.9874,0.9874,0.0007,0.0,0.0
159928.OF,汇添富中证主要消费ETF,2023-08-07,0.9796,0.9796,0.9796,0.9796,-0.0079,0.0,0.0
159928.OF,汇添富中证主要消费ETF,2023-08-08,0.9783,0.9783,0.9783,0.9783,-0.0013,0.0,0.0
159928.OF,汇添富中证主要消费ETF,2023-08-09,0.9782,0.9782,0.9782,0.9782,-0.0001,0.0,0.0
159928.OF,汇添富中证主要消费ETF,2023-08-10,0.9771,0.9771,0.9771,0.9771,-0.0011,0.0,0.0
159928.OF,汇添富中证主要消费ETF,2023-08-11,0.9564,0.9564,0.9564,0.9564,-0.0212,0.0,0.0
159928.OF,汇添富中证主要消费ETF,2023-08-14,0.9454,0.9454,0.9454,0.9454,-0.0115,0.0,0.0
159928.OF,汇添富中证主要消费ETF,2023-08-15,0.9423,0.9423,0.9423,0.9423,-0.0033,0.0,0.0
159928.OF,汇添富中证主要消费ETF,2023-08-16,0.9409,0.9409,0.9409,0.9409,-0.0015,0.0,0.0
159928.OF,汇添富中证主要消费ETF,2023-08-17,0.953,0.953,0.953,0.953,0.0129,0.0,0.0
159928.OF,汇添富中证主要消费ETF,2023-08-18,0.9351,0.9351,0.9351,0.9351,-0.0188,0.0,0.0
159928.OF,汇添富中证主要消费ETF,2023-08-21,0.9276,0.9276,0.9276,0.9276,-0.008,0.0,0.0
159928.OF,汇添富中证主要消费ETF,2023-08-22,0.925,0.925,0.925,0.925,-0.0028,0.0,0.0
159928.OF,汇添富中证主要消费ETF,2023-08-23,0.9123,0.9123,0.9123,0.9123,-0.0137,0.0,0.0
159928.OF,汇添富中证主要消费ETF,2023-08-24,0.9307,0.9307,0.9307,0.9307,0.0202,0.0,0.0
159928.OF,汇添富中证主要消费ETF,2023-08-25,0.9293,0.9293,0.9293,0.9293,-0.0015,0.0,0.0
159928.OF,汇添富中证主要消费ETF,2023-08-28,0.9277,0.9277,0.9277,0.9277,-0.0017,0.0,0.0
159928.OF,汇添富中证主要消费ETF,2023-08-29,0.9397,0.9397,0.9397,0.9397,0.0129,0.0,0.0
159928.OF,汇添富中证主要消费ETF,2023-08-30,0.9365,0.9365,0.9365,0.9365,-0.0034,0.0,0.0
159928.OF,汇添富中证主要消费ETF,2023-08-31,0.9313,0.9313,0.9313,0.9313,-0.0056,0.0,0.0
159928.OF,汇添富中证主要消费ETF,2023-09-01,0.9432,0.9432,0.9432,0.9432,0.0128,0.0,0.0
159928.OF,汇添富中证主要消费ETF,2023-09-04,0.9611,0.9611,0.9611,0.9611,0.019,0.0,0.0
159928.OF,汇添富中证主要消费ETF,2023-09-05,0.9521,0.9521,0.9521,0.9521,-0.0094,0.0,0.0
159928.OF,汇添富中证主要消费ETF,2023-09-06,0.9505,0.9505,0.9505,0.9505,-0.0017,0.0,0.0
159928.OF,汇添富中证主要消费ETF,2023-09-07,0.9381,0.9381,0.9381,0.9381,-0.013,0.0,0.0
159928.OF,汇添富中证主要消费ETF,2023-09-08,0.9325,0.9325,0.9325,0.9325,-0.006,0.0,0.0
159928.OF,汇添富中证主要消费ETF,2023-09-11,0.9412,0.9412,0.9412,0.9412,0.0093,0.0,0.0
159928.OF,汇添富中证主要消费ETF,2023-09-12,0.943,0.943,0.943,0.943,0.0019,0.0,0.0
159928.OF,汇添富中证主要消费ETF,2023-09-13,0.9411,0.9411,0.9411,0.9411,-0.002,0.0,0.0
159928.OF,汇添富中证主要消费ETF,2023-09-14,0.9368,0.9368,0.9368,0.9368,-0.0046,0.0,0.0
159928.OF,汇添富中证主要消费ETF,2023-09-15,0.9282,0.9282,0.9282,0.9282,-0.0092,0.0,0.0
159928.OF,汇添富中证主要消费ETF,2023-09-18,0.9365,0.9365,0.9365,0.9365,0.0089,0.0,0.0
159928.OF,汇添富中证主要消费ETF,2023-09-19,0.9338,0.9338,0.9338,0.9338,-0.0029,0.0,0.0
159928.OF,汇添富中证主要消费ETF,2023-09-20,0.9323,0.9323,0.9323,0.9323,-0.0016,0.0,0.0
159928.OF,汇添富中证主要消费ETF,2023-09-21,0.9154,0.9154,0.9154,0.9154,-0.0181,0.0,0.0
159928.OF,汇添富中证主要消费ETF,2023-09-22,0.9325,0.9325,0.9325,0.9325,0.0187,0.0,0.0
159928.OF,汇添富中证主要消费ETF,2023-09-25,0.928,0.928,0.928,0.928,-0.0048,0.0,0.0
159928.OF,汇添富中证主要消费ETF,2023-09-26,0.9216,0.9216,0.9216,0.9216,-0.0069,0.0,0.0
159928.OF,汇添富中证主要消费ETF,2023-09-27,0.922,0.922,0.922,0.922,0.0004,0.0,0.0
159928.OF,汇添富中证主要消费ETF,2023-09-28,0.9098,0.9098,0.9098,0.9098,-0.0132,0.0,0.0
159928.OF,汇添富中证主要消费ETF,2023-09-30,0.9098,0.9098,0.9098,0.9098,0.0,0.0,0.0
159928.OF,汇添富中证主要消费ETF,2023-10-09,0.9027,0.9027,0.9027,0.9027,-0.0078,0.0,0.0
159928.OF,汇添富中证主要消费ETF,2023-10-10,0.9009,0.9009,0.9009,0.9009,-0.002,0.0,0.0
159928.OF,汇添富中证主要消费ETF,2023-10-11,0.9027,0.9027,0.9027,0.9027,0.002,0.0,0.0
159928.OF,汇添富中证主要消费ETF,2023-10-12,0.9041,0.9041,0.9041,0.9041,0.0016,0.0,0.0
159928.OF,汇添富中证主要消费ETF,2023-10-13,0.8899,0.8899,0.8899,0.8899,-0.0157,0.0,0.0
159928.OF,汇添富中证主要消费ETF,2023-10-16,0.8767,0.8767,0.8767,0.8767,-0.0148,0.0,0.0
159928.OF,汇添富中证主要消费ETF,2023-10-17,0.8797,0.8797,0.8797,0.8797,0.0034,0.0,0.0
159928.OF,汇添富中证主要消费ETF,2023-10-18,0.8776,0.8776,0.8776,0.8776,-0.0024,0.0,0.0
159928.OF,汇添富中证主要消费ETF,2023-10-19,0.8499,0.8499,0.8499,0.8499,-0.0316,0.0,0.0
159928.OF,汇添富中证主要消费ETF,2023-10-20,0.8461,0.8461,0.8461,0.8461,-0.0045,0.0,0.0
159928.OF,汇添富中证主要消费ETF,2023-10-23,0.8427,0.8427,0.8427,0.8427,-0.004,0.0,0.0
159928.OF,汇添富中证主要消费ETF,2023-10-24,0.8476,0.8476,0.8476,0.8476,0.0058,0.0,0.0
159928.OF,汇添富中证主要消费ETF,2023-10-25,0.8661,0.8661,0.8661,0.8661,0.0218,0.0,0.0
159928.OF,汇添富中证主要消费ETF,2023-10-26,0.8719,0.8719,0.8719,0.8719,0.0067,0.0,0.0
159928.OF,汇添富中证主要消费ETF,2023-10-27,0.8907,0.8907,0.8907,0.8907,0.0216,0.0,0.0
159928.OF,汇添富中证主要消费ETF,2023-10-30,0.9012,0.9012,0.9012,0.9012,0.0118,0.0,0.0
159928.OF,汇添富中证主要消费ETF,2023-10-31,0.9038,0.9038,0.9038,0.9038,0.0029,0.0,0.0
159928.OF,汇添富中证主要消费ETF,2023-11-01,0.9141,0.9141,0.9141,0.9141,0.0114,0.0,0.0
159928.OF,汇添富中证主要消费ETF,2023-11-02,0.9046,0.9046,0.9046,0.9046,-0.0104,0.0,0.0
159928.OF,汇添富中证主要消费ETF,2023-11-03,0.9129,0.9129,0.9129,0.9129,0.0092,0.0,0.0
159928.OF,汇添富中证主要消费ETF,2023-11-06,0.9116,0.9116,0.9116,0.9116,-0.0014,0.0,0.0
159928.OF,汇添富中证主要消费ETF,2023-11-07,0.9087,0.9087,0.9087,0.9087,-0.0032,0.0,0.0
159928.OF,汇添富中证主要消费ETF,2023-11-08,0.9063,0.9063,0.9063,0.9063,-0.0026,0.0,0.0
159928.OF,汇添富中证主要消费ETF,2023-11-09,0.9069,0.9069,0.9069,0.9069,0.0007,0.0,0.0
159928.OF,汇添富中证主要消费ETF,2023-11-10,0.9007,0.9007,0.9007,0.9007,-0.0068,0.0,0.0
159928.OF,汇添富中证主要消费ETF,2023-11-13,0.8947,0.8947,0.8947,0.8947,-0.0067,0.0,0.0
159928.OF,汇添富中证主要消费ETF,2023-11-14,0.8954,0.8954,0.8954,0.8954,0.0008,0.0,0.0
159928.OF,汇添富中证主要消费ETF,2023-11-15,0.9,0.9,0.9,0.9,0.0051,0.0,0.0
159928.OF,汇添富中证主要消费ETF,2023-11-16,0.8914,0.8914,0.8914,0.8914,-0.0096,0.0,0.0
159928.OF,汇添富中证主要消费ETF,2023-11-17,0.8867,0.8867,0.8867,0.8867,-0.0053,0.0,0.0
159928.OF,汇添富中证主要消费ETF,2023-11-20,0.8939,0.8939,0.8939,0.8939,0.0081,0.0,0.0
159928.OF,汇添富中证主要消费ETF,2023-11-21,0.9031,0.9031,0.9031,0.9031,0.0103,0.0,0.0
159928.OF,汇添富中证主要消费ETF,2023-11-22,0.8986,0.8986,0.8986,0.8986,-0.005,0.0,0.0
159928.OF,汇添富中证主要消费ETF,2023-11-23,0.8985,0.8985,0.8985,0.8985,-0.0001,0.0,0.0
159928.OF,汇添富中证主要消费ETF,2023-11-24,0.8994,0.8994,0.8994,0.8994,0.001,0.0,0.0
159928.OF,汇添富中证主要消费ETF,2023-11-27,0.8911,0.8911,0.8911,0.8911,-0.0092,0.0,0.0
159928.OF,汇添富中证主要消费ETF,2023-11-28,0.8902,0.8902,0.8902,0.8902,-0.001,0.0,0.0
159928.OF,汇添富中证主要消费ETF,2023-11-29,0.8877,0.8877,0.8877,0.8877,-0.0028,0.0,0.0
159928.OF,汇添富中证主要消费ETF,2023-11-30,0.8936,0.8936,0.8936,0.8936,0.0066,0.0,0.0
159928.OF,汇添富中证主要消费ETF,2023-12-01,0.8805,0.8805,0.8805,0.8805,-0.0147,0.0,0.0
159928.OF,汇添富中证主要消费ETF,2023-12-04,0.8731,0.8731,0.8731,0.8731,-0.0084,0.0,0.0
159928.OF,汇添富中证主要消费ETF,2023-12-05,0.8579,0.8579,0.8579,0.8579,-0.0174,0.0,0.0
159928.OF,汇添富中证主要消费ETF,2023-12-06,0.8637,0.8637,0.8637,0.8637,0.0068,0.0,0.0
159928.OF,汇添富中证主要消费ETF,2023-12-07,0.8615,0.8615,0.8615,0.8615,-0.0025,0.0,0.0
159928.OF,汇添富中证主要消费ETF,2023-12-08,0.8594,0.8594,0.8594,0.8594,-0.0024,0.0,0.0
159928.OF,汇添富中证主要消费ETF,2023-12-11,0.8549,0.8549,0.8549,0.8549,-0.0052,0.0,0.0
159928.OF,汇添富中证主要消费ETF,2023-12-12,0.8583,0.8583,0.8583,0.8583,0.004,0.0,0.0
159928.OF,汇添富中证主要消费ETF,2023-12-13,0.834,0.834,0.834,0.834,-0.0283,0.0,0.0
159928.OF,汇添富中证主要消费ETF,2023-12-14,0.8234,0.8234,0.8234,0.8234,-0.0127,0.0,0.0
159928.OF,汇添富中证主要消费ETF,2023-12-15,0.824,0.824,0.824,0.824,0.0007,0.0,0.0
159928.OF,汇添富中证主要消费ETF,2023-12-18,0.8234,0.8234,0.8234,0.8234,-0.0007,0.0,0.0
159928.OF,汇添富中证主要消费ETF,2023-12-19,0.8217,0.8217,0.8217,0.8217,-0.0021,0.0,0.0
159928.OF,汇添富中证主要消费ETF,2023-12-20,0.813,0.813,0.813,0.813,-0.0106,0.0,0.0
159928.OF,汇添富中证主要消费ETF,2023-12-21,0.8223,0.8223,0.8223,0.8223,0.0114,0.0,0.0
159928.OF,汇添富中证主要消费ETF,2023-12-22,0.8238,0.8238,0.8238,0.8238,0.0018,0.0,0.0
159928.OF,汇添富中证主要消费ETF,2023-12-25,0.8297,0.8297,0.8297,0.8297,0.0072,0.0,0.0
159928.OF,汇添富中证主要消费ETF,2023-12-26,0.8246,0.8246,0.8246,0.8246,-0.0061,0.0,0.0
159928.OF,汇添富中证主要消费ETF,2023-12-27,0.8309,0.8309,0.8309,0.8309,0.0076,0.0,0.0
159928.OF,汇添富中证主要消费ETF,2023-12-28,0.8545,0.8545,0.8545,0.8545,0.0284,0.0,0.0
159928.OF,汇添富中证主要消费ETF,2023-12-29,0.8551,0.8551,0.8551,0.8551,0.0007,0.0,0.0
159928.OF,汇添富中证主要消费ETF,2023-12-31,0.855,0.855,0.855,0.855,-0.0001,0.0,0.0
159928.OF,汇添富中证主要消费ETF,2024-01-02,0.8394,0.8394,0.8394,0.8394,-0.0182,0.0,0.0
159928.OF,汇添富中证主要消费ETF,2024-01-03,0.8342,0.8342,0.8342,0.8342,-0.0062,0.0,0.0
159928.OF,汇添富中证主要消费ETF,2024-01-04,0.8207,0.8207,0.8207,0.8207,-0.0162,0.0,0.0
159928.OF,汇添富中证主要消费ETF,2024-01-05,0.815,0.815,0.815,0.815,-0.0069,0.0,0.0
159928.OF,汇添富中证主要消费ETF,2024-01-08,0.8017,0.8017,0.8017,0.8017,-0.0163,0.0,0.0
159928.OF,汇添富中证主要消费ETF,2024-01-09,0.8012,0.8012,0.8012,0.8012,-0.0006,0.0,0.0
159928.OF,汇添富中证主要消费ETF,2024-01-10,0.8035,0.8035,0.8035,0.8035,0.0029,0.0,0.0
159928.OF,汇添富中证主要消费ETF,2024-01-11,0.8088,0.8088,0.8088,0.8088,0.0066,0.0,0.0
159928.OF,汇添富中证主要消费ETF,2024-01-12,0.8089,0.8089,0.8089,0.8089,0.0001,0.0,0.0
159928.OF,汇添富中证主要消费ETF,2024-01-15,0.8017,0.8017,0.8017,0.8017,-0.0089,0.0,0.0
159928.OF,汇添富中证主要消费ETF,2024-01-16,0.8055,0.8055,0.8055,0.8055,0.0047,0.0,0.0
159928.OF,汇添富中证主要消费ETF,2024-01-17,0.7841,0.7841,0.7841,0.7841,-0.0266,0.0,0.0
159928.OF,汇添富中证主要消费ETF,2024-01-18,0.795,0.795,0.795,0.795,0.0139,0.0,0.0
159928.OF,汇添富中证主要消费ETF,2024-01-19,0.7961,0.7961,0.7961,0.7961,0.0014,0.0,0.0
159928.OF,汇添富中证主要消费ETF,2024-01-22,0.7799,0.7799,0.7799,0.7799,-0.0203,0.0,0.0
159928.OF,汇添富中证主要消费ETF,2024-01-23,0.7788,0.7788,0.7788,0.7788,-0.0014,0.0,0.0
159928.OF,汇添富中证主要消费ETF,2024-01-24,0.7822,0.7822,0.7822,0.7822,0.0044,0.0,0.0
159928.OF,汇添富中证主要消费ETF,2024-01-25,0.7952,0.7952,0.7952,0.7952,0.0166,0.0,0.0
159928.OF,汇添富中证主要消费ETF,2024-01-26,0.7948,0.7948,0.7948,0.7948,-0.0005,0.0,0.0
159928.OF,汇添富中证主要消费ETF,2024-01-29,0.7974,0.7974,0.7974,0.7974,0.0033,0.0,0.0
159928.OF,汇添富中证主要消费ETF,2024-01-30,0.7787,0.7787,0.7787,0.7787,-0.0235,0.0,0.0
159928.OF,汇添富中证主要消费ETF,2024-01-31,0.7692,0.7692,0.7692,0.7692,-0.0122,0.0,0.0
159928.OF,汇添富中证主要消费ETF,2024-02-01,0.7722,0.7722,0.7722,0.7722,0.0039,0.0,0.0
159928.OF,汇添富中证主要消费ETF,2024-02-02,0.77,0.77,0.77,0.77,-0.0028,0.0,0.0
159928.OF,汇添富中证主要消费ETF,2024-02-05,0.7797,0.7797,0.7797,0.7797,0.0126,0.0,0.0
159928.OF,汇添富中证主要消费ETF,2024-02-06,0.8089,0.8089,0.8089,0.8089,0.0375,0.0,0.0
159928.OF,汇添富中证主要消费ETF,2024-02-07,0.8275,0.8275,0.8275,0.8275,0.023,0.0,0.0
159928.OF,汇添富中证主要消费ETF,2024-02-08,0.8256,0.8256,0.8256,0.8256,-0.0023,0.0,0.0
159928.OF,汇添富中证主要消费ETF,2024-02-19,0.8236,0.8236,0.8236,0.8236,-0.0024,0.0,0.0
159928.OF,汇添富中证主要消费ETF,2024-02-20,0.8237,0.8237,0.8237,0.8237,0.0001,0.0,0.0
159928.OF,汇添富中证主要消费ETF,2024-02-21,0.8459,0.8459,0.8459,0.8459,0.027,0.0,0.0
159928.OF,汇添富中证主要消费ETF,2024-02-22,0.85,0.85,0.85,0.85,0.0048,0.0,0.0
159928.OF,汇添富中证主要消费ETF,2024-02-23,0.8504,0.8504,0.8504,0.8504,0.0005,0.0,0.0
159928.OF,汇添富中证主要消费ETF,2024-02-26,0.841,0.841,0.841,0.841,-0.0111,0.0,0.0
159928.OF,汇添富中证主要消费ETF,2024-02-27,0.8434,0.8434,0.8434,0.8434,0.0029,0.0,0.0
159928.OF,汇添富中证主要消费ETF,2024-02-28,0.8363,0.8363,0.8363,0.8363,-0.0084,0.0,0.0
159928.OF,汇添富中证主要消费ETF,2024-02-29,0.849,0.849,0.849,0.849,0.0152,0.0,0.0
159928.OF,汇添富中证主要消费ETF,2024-03-01,0.8468,0.8468,0.8468,0.8468,-0.0026,0.0,0.0
159928.OF,汇添富中证主要消费ETF,2024-03-04,0.84,0.84,0.84,0.84,-0.008,0.0,0.0
159928.OF,汇添富中证主要消费ETF,2024-03-05,0.8518,0.8518,0.8518,0.8518,0.014,0.0,0.0
159928.OF,汇添富中证主要消费ETF,2024-03-06,0.8416,0.8416,0.8416,0.8416,-0.012,0.0,0.0
159928.OF,汇添富中证主要消费ETF,2024-03-07,0.84,0.84,0.84,0.84,-0.0019,0.0,0.0
159928.OF,汇添富中证主要消费ETF,2024-03-08,0.8352,0.8352,0.8352,0.8352,-0.0057,0.0,0.0
159928.OF,汇添富中证主要消费ETF,2024-03-11,0.8509,0.8509,0.8509,0.8509,0.0188,0.0,0.0
159928.OF,汇添富中证主要消费ETF,2024-03-12,0.8759,0.8759,0.8759,0.8759,0.0294,0.0,0.0
159928.OF,汇添富中证主要消费ETF,2024-03-13,0.8664,0.8664,0.8664,0.8664,-0.0108,0.0,0.0
159928.OF,汇添富中证主要消费ETF,2024-03-14,0.8632,0.8632,0.8632,0.8632,-0.0037,0.0,0.0
159928.OF,汇添富中证主要消费ETF,2024-03-15,0.867,0.867,0.867,0.867,0.0044,0.0,0.0
159928.OF,汇添富中证主要消费ETF,2024-03-18,0.8697,0.8697,0.8697,0.8697,0.0031,0.0,0.0
159928.OF,汇添富中证主要消费ETF,2024-03-19,0.8806,0.8806,0.8806,0.8806,0.0125,0.0,0.0
159928.OF,汇添富中证主要消费ETF,2024-03-20,0.8791,0.8791,0.8791,0.8791,-0.0017,0.0,0.0
159928.OF,汇添富中证主要消费ETF,2024-03-21,0.8854,0.8854,0.8854,0.8854,0.0072,0.0,0.0
159928.OF,汇添富中证主要消费ETF,2024-03-22,0.8687,0.8687,0.8687,0.8687,-0.0189,0.0,0.0
159928.OF,汇添富中证主要消费ETF,2024-03-25,0.8618,0.8618,0.8618,0.8618,-0.0079,0.0,0.0
159928.OF,汇添富中证主要消费ETF,2024-03-26,0.8718,0.8718,0.8718,0.8718,0.0116,0.0,0.0
159928.OF,汇添富中证主要消费ETF,2024-03-27,0.861,0.861,0.861,0.861,-0.0124,0.0,0.0
159928.OF,汇添富中证主要消费ETF,2024-03-28,0.8588,0.8588,0.8588,0.8588,-0.0026,0.0,0.0
159928.OF,汇添富中证主要消费ETF,2024-03-29,0.8638,0.8638,0.8638,0.8638,0.0058,0.0,0.0
159928.OF,汇添富中证主要消费ETF,2024-03-31,0.8638,0.8638,0.8638,0.8638,0.0,0.0,0.0
159928.OF,汇添富中证主要消费ETF,2024-04-01,0.8824,0.8824,0.8824,0.8824,0.0215,0.0,0.0
159928.OF,汇添富中证主要消费ETF,2024-04-02,0.8762,0.8762,0.8762,0.8762,-0.007,0.0,0.0
159928.OF,汇添富中证主要消费ETF,2024-04-03,0.8793,0.8793,0.8793,0.8793,0.0035,0.0,0.0
159928.OF,汇添富中证主要消费ETF,2024-04-08,0.8564,0.8564,0.8564,0.8564,-0.026,0.0,0.0
159928.OF,汇添富中证主要消费ETF,2024-04-09,0.8543,0.8543,0.8543,0.8543,-0.0025,0.0,0.0
159928.OF,汇添富中证主要消费ETF,2024-04-10,0.8441,0.8441,0.8441,0.8441,-0.0119,0.0,0.0
159928.OF,汇添富中证主要消费ETF,2024-04-11,0.8406,0.8406,0.8406,0.8406,-0.0041,0.0,0.0
159928.OF,汇添富中证主要消费ETF,2024-04-12,0.8268,0.8268,0.8268,0.8268,-0.0164,0.0,0.0
159928.OF,汇添富中证主要消费ETF,2024-04-15,0.8476,0.8476,0.8476,0.8476,0.0252,0.0,0.0
159928.OF,汇添富中证主要消费ETF,2024-04-16,0.8406,0.8406,0.8406,0.8406,-0.0083,0.0,0.0
159928.OF,汇添富中证主要消费ETF,2024-04-17,0.8445,0.8445,0.8445,0.8445,0.0046,0.0,0.0
159928.OF,汇添富中证主要消费ETF,2024-04-18,0.8501,0.8501,0.8501,0.8501,0.0066,0.0,0.0
159928.OF,汇添富中证主要消费ETF,2024-04-19,0.8424,0.8424,0.8424,0.8424,-0.0091,0.0,0.0
159928.OF,汇添富中证主要消费ETF,2024-04-22,0.8583,0.8583,0.8583,0.8583,0.0189,0.0,0.0
159928.OF,汇添富中证主要消费ETF,2024-04-23,0.8637,0.8637,0.8637,0.8637,0.0063,0.0,0.0
159928.OF,汇添富中证主要消费ETF,2024-04-24,0.8634,0.8634,0.8634,0.8634,-0.0003,0.0,0.0
159928.OF,汇添富中证主要消费ETF,2024-04-25,0.8617,0.8617,0.8617,0.8617,-0.002,0.0,0.0
159928.OF,汇添富中证主要消费ETF,2024-04-26,0.8734,0.8734,0.8734,0.8734,0.0136,0.0,0.0
159928.OF,汇添富中证主要消费ETF,2024-04-29,0.8778,0.8778,0.8778,0.8778,0.005,0.0,0.0
159928.OF,汇添富中证主要消费ETF,2024-04-30,0.8789,0.8789,0.8789,0.8789,0.0013,0.0,0.0
159928.OF,汇添富中证主要消费ETF,2024-05-06,0.897,0.897,0.897,0.897,0.0206,0.0,0.0
159928.OF,汇添富中证主要消费ETF,2024-05-07,0.8995,0.8995,0.8995,0.8995,0.0028,0.0,0.0
159928.OF,汇添富中证主要消费ETF,2024-05-08,0.8996,0.8996,0.8996,0.8996,0.0001,0.0,0.0
159928.OF,汇添富中证主要消费ETF,2024-05-09,0.9032,0.9032,0.9032,0.9032,0.004,0.0,0.0
159928.OF,汇添富中证主要消费ETF,2024-05-10,0.9013,0.9013,0.9013,0.9013,-0.0021,0.0,0.0
159928.OF,汇添富中证主要消费ETF,2024-05-13,0.8939,0.8939,0.8939,0.8939,-0.0082,0.0,0.0
159928.OF,汇添富中证主要消费ETF,2024-05-14,0.8946,0.8946,0.8946,0.8946,0.0008,0.0,0.0
159928.OF,汇添富中证主要消费ETF,2024-05-15,0.8871,0.8871,0.8871,0.8871,-0.0084,0.0,0.0
159928.OF,汇添富中证主要消费ETF,2024-05-16,0.8901,0.8901,0.8901,0.8901,0.0034,0.0,0.0
159928.OF,汇添富中证主要消费ETF,2024-05-17,0.902,0.902,0.902,0.902,0.0134,0.0,0.0
159928.OF,汇添富中证主要消费ETF,2024-05-20,0.9109,0.9109,0.9109,0.9109,0.0099,0.0,0.0
159928.OF,汇添富中证主要消费ETF,2024-05-21,0.9108,0.9108,0.9108,0.9108,-0.0001,0.0,0.0
159928.OF,汇添富中证主要消费ETF,2024-05-22,0.9039,0.9039,0.9039,0.9039,-0.0076,0.0,0.0
159928.OF,汇添富中证主要消费ETF,2024-05-23,0.8925,0.8925,0.8925,0.8925,-0.0126,0.0,0.0
159928.OF,汇添富中证主要消费ETF,2024-05-24,0.8839,0.8839,0.8839,0.8839,-0.0096,0.0,0.0
159928.OF,汇添富中证主要消费ETF,2024-05-27,0.8873,0.8873,0.8873,0.8873,0.0038,0.0,0.0
159928.OF,汇添富中证主要消费ETF,2024-05-28,0.8777,0.8777,0.8777,0.8777,-0.0108,0.0,0.0
159928.OF,汇添富中证主要消费ETF,2024-05-29,0.8775,0.8775,0.8775,0.8775,-0.0002,0.0,0.0
159928.OF,汇添富中证主要消费ETF,2024-05-30,0.8666,0.8666,0.8666,0.8666,-0.0124,0.0,0.0
159928.OF,汇添富中证主要消费ETF,2024-05-31,0.8634,0.8634,0.8634,0.8634,-0.0037,0.0,0.0
159928.OF,汇添富中证主要消费ETF,2024-06-03,0.8663,0.8663,0.8663,0.8663,0.0034,0.0,0.0
159928.OF,汇添富中证主要消费ETF,2024-06-04,0.8737,0.8737,0.8737,0.8737,0.0085,0.0,0.0
159928.OF,汇添富中证主要消费ETF,2024-06-05,0.8652,0.8652,0.8652,0.8652,-0.0097,0.0,0.0
159928.OF,汇添富中证主要消费ETF,2024-06-06,0.8587,0.8587,0.8587,0.8587,-0.0075,0.0,0.0
159928.OF,汇添富中证主要消费ETF,2024-06-07,0.8515,0.8515,0.8515,0.8515,-0.0084,0.0,0.0
159928.OF,汇添富中证主要消费ETF,2024-06-11,0.8373,0.8373,0.8373,0.8373,-0.0167,0.0,0.0
159928.OF,汇添富中证主要消费ETF,2024-06-12,0.8374,0.8374,0.8374,0.8374,0.0001,0.0,0.0
159928.OF,汇添富中证主要消费ETF,2024-06-13,0.8228,0.8228,0.8228,0.8228,-0.0174,0.0,0.0
159928.OF,汇添富中证主要消费ETF,2024-06-14,0.8288,0.8288,0.8288,0.8288,0.0073,0.0,0.0
159928.OF,汇添富中证主要消费ETF,2024-06-17,0.8243,0.8243,0.8243,0.8243,-0.0054,0.0,0.0
159928.OF,汇添富中证主要消费ETF,2024-06-18,0.8142,0.8142,0.8142,0.8142,-0.0123,0.0,0.0
159928.OF,汇添富中证主要消费ETF,2024-06-19,0.8094,0.8094,0.8094,0.8094,-0.0059,0.0,0.0
159928.OF,汇添富中证主要消费ETF,2024-06-20,0.8011,0.8011,0.8011,0.8011,-0.0103,0.0,0.0
159928.OF,汇添富中证主要消费ETF,2024-06-21,0.7944,0.7944,0.7944,0.7944,-0.0084,0.0,0.0
159928.OF,汇添富中证主要消费ETF,2024-06-24,0.7934,0.7934,0.7934,0.7934,-0.0013,0.0,0.0
159928.OF,汇添富中证主要消费ETF,2024-06-25,0.7929,0.7929,0.7929,0.7929,-0.0006,0.0,0.0
159928.OF,汇添富中证主要消费ETF,2024-06-26,0.7944,0.7944,0.7944,0.7944,0.0019,0.0,0.0
159928.OF,汇添富中证主要消费ETF,2024-06-27,0.7884,0.7884,0.7884,0.7884,-0.0076,0.0,0.0
159928.OF,汇添富中证主要消费ETF,2024-06-28,0.7802,0.7802,0.7802,0.7802,-0.0104,0.0,0.0
159928.OF,汇添富中证主要消费ETF,2024-06-30,0.7802,0.7802,0.7802,0.7802,0.0,0.0,0.0
159928.OF,汇添富中证主要消费ETF,2024-07-01,0.7828,0.7828,0.7828,0.7828,0.0033,0.0,0.0
159928.OF,汇添富中证主要消费ETF,2024-07-02,0.7848,0.7848,0.7848,0.7848,0.0026,0.0,0.0
159928.OF,汇添富中证主要消费ETF,2024-07-03,0.7806,0.7806,0.7806,0.7806,-0.0054,0.0,0.0
159928.OF,汇添富中证主要消费ETF,2024-07-04,0.7724,0.7724,0.7724,0.7724,-0.0105,0.0,0.0
159928.OF,汇添富中证主要消费ETF,2024-07-05,0.7684,0.7684,0.7684,0.7684,-0.0052,0.0,0.0
159928.OF,汇添富中证主要消费ETF,2024-07-08,0.7575,0.7575,0.7575,0.7575,-0.0142,0.0,0.0
159928.OF,汇添富中证主要消费ETF,2024-07-09,0.7569,0.7569,0.7569,0.7569,-0.0008,0.0,0.0
159928.OF,汇添富中证主要消费ETF,2024-07-10,0.759,0.759,0.759,0.759,0.0028,0.0,0.0
159928.OF,汇添富中证主要消费ETF,2024-07-11,0.7742,0.7742,0.7742,0.7742,0.02,0.0,0.0
159928.OF,汇添富中证主要消费ETF,2024-07-12,0.7743,0.7743,0.7743,0.7743,0.0001,0.0,0.0
159928.OF,汇添富中证主要消费ETF,2024-07-15,0.7793,0.7793,0.7793,0.7793,0.0065,0.0,0.0
159928.OF,汇添富中证主要消费ETF,2024-07-16,0.7797,0.7797,0.7797,0.7797,0.0005,0.0,0.0
159928.OF,汇添富中证主要消费ETF,2024-07-17,0.7942,0.7942,0.7942,0.7942,0.0186,0.0,0.0
159928.OF,汇添富中证主要消费ETF,2024-07-18,0.7971,0.7971,0.7971,0.7971,0.0037,0.0,0.0
159928.OF,汇添富中证主要消费ETF,2024-07-19,0.8067,0.8067,0.8067,0.8067,0.012,0.0,0.0
159928.OF,汇添富中证主要消费ETF,2024-07-22,0.7935,0.7935,0.7935,0.7935,-0.0164,0.0,0.0
159928.OF,汇添富中证主要消费ETF,2024-07-23,0.7658,0.7658,0.7658,0.7658,-0.0349,0.0,0.0
159928.OF,汇添富中证主要消费ETF,2024-07-24,0.7566,0.7566,0.7566,0.7566,-0.012,0.0,0.0
159928.OF,汇添富中证主要消费ETF,2024-07-25,0.7568,0.7568,0.7568,0.7568,0.0003,0.0,0.0
159928.OF,汇添富中证主要消费ETF,2024-07-26,0.7571,0.7571,0.7571,0.7571,0.0004,0.0,0.0
159928.OF,汇添富中证主要消费ETF,2024-07-29,0.7442,0.7442,0.7442,0.7442,-0.017,0.0,0.0
159928.OF,汇添富中证主要消费ETF,2024-07-30,0.7436,0.7436,0.7436,0.7436,-0.0008,0.0,0.0
159928.OF,汇添富中证主要消费ETF,2024-07-31,0.767,0.767,0.767,0.767,0.0315,0.0,0.0
159928.OF,汇添富中证主要消费ETF,2024-08-01,0.7515,0.7515,0.7515,0.7515,-0.0202,0.0,0.0
159928.OF,汇添富中证主要消费ETF,2024-08-02,0.7524,0.7524,0.7524,0.7524,0.0012,0.0,0.0
159928.OF,汇添富中证主要消费ETF,2024-08-05,0.7581,0.7581,0.7581,0.7581,0.0076,0.0,0.0
159928.OF,汇添富中证主要消费ETF,2024-08-06,0.7611,0.7611,0.7611,0.7611,0.004,0.0,0.0
159928.OF,汇添富中证主要消费ETF,2024-08-07,0.7598,0.7598,0.7598,0.7598,-0.0017,0.0,0.0
159928.OF,汇添富中证主要消费ETF,2024-08-08,0.7709,0.7709,0.7709,0.7709,0.0146,0.0,0.0
159928.OF,汇添富中证主要消费ETF,2024-08-09,0.7653,0.7653,0.7653,0.7653,-0.0073,0.0,0.0
159928.OF,汇添富中证主要消费ETF,2024-08-12,0.7663,0.7663,0.7663,0.7663,0.0013,0.0,0.0
159928.OF,汇添富中证主要消费ETF,2024-08-13,0.7609,0.7609,0.7609,0.7609,-0.007,0.0,0.0
159928.OF,汇添富中证主要消费ETF,2024-08-14,0.7505,0.7505,0.7505,0.7505,-0.0137,0.0,0.0
159928.OF,汇添富中证主要消费ETF,2024-08-15,0.7537,0.7537,0.7537,0.7537,0.0043,0.0,0.0
159928.OF,汇添富中证主要消费ETF,2024-08-16,0.7479,0.7479,0.7479,0.7479,-0.0077,0.0,0.0
159928.OF,汇添富中证主要消费ETF,2024-08-19,0.7419,0.7419,0.7419,0.7419,-0.008,0.0,0.0
159928.OF,汇添富中证主要消费ETF,2024-08-20,0.7315,0.7315,0.7315,0.7315,-0.014,0.0,0.0
159928.OF,汇添富中证主要消费ETF,2024-08-21,0.724,0.724,0.724,0.724,-0.0103,0.0,0.0
159928.OF,汇添富中证主要消费ETF,2024-08-22,0.7152,0.7152,0.7152,0.7152,-0.0122,0.0,0.0
159928.OF,汇添富中证主要消费ETF,2024-08-23,0.7162,0.7162,0.7162,0.7162,0.0014,0.0,0.0
159928.OF,汇添富中证主要消费ETF,2024-08-26,0.7116,0.7116,0.7116,0.7116,-0.0064,0.0,0.0
159928.OF,汇添富中证主要消费ETF,2024-08-27,0.7048,0.7048,0.7048,0.7048,-0.0096,0.0,0.0
159928.OF,汇添富中证主要消费ETF,2024-08-28,0.6953,0.6953,0.6953,0.6953,-0.0135,0.0,0.0
159928.OF,汇添富中证主要消费ETF,2024-08-29,0.7053,0.7053,0.7053,0.7053,0.0144,0.0,0.0
159928.OF,汇添富中证主要消费ETF,2024-08-30,0.7219,0.7219,0.7219,0.7219,0.0235,0.0,0.0
159928.OF,汇添富中证主要消费ETF,2024-09-02,0.7019,0.7019,0.7019,0.7019,-0.0277,0.0,0.0
159928.OF,汇添富中证主要消费ETF,2024-09-03,0.7102,0.7102,0.7102,0.7102,0.0118,0.0,0.0
159928.OF,汇添富中证主要消费ETF,2024-09-04,0.7024,0.7024,0.7024,0.7024,-0.011,0.0,0.0
159928.OF,汇添富中证主要消费ETF,2024-09-05,0.7068,0.7068,0.7068,0.7068,0.0063,0.0,0.0
159928.OF,汇添富中证主要消费ETF,2024-09-06,0.6981,0.6981,0.6981,0.6981,-0.0123,0.0,0.0
159928.OF,汇添富中证主要消费ETF,2024-09-09,0.6913,0.6913,0.6913,0.6913,-0.0097,0.0,0.0
159928.OF,汇添富中证主要消费ETF,2024-09-10,0.6905,0.6905,0.6905,0.6905,-0.0012,0.0,0.0
159928.OF,汇添富中证主要消费ETF,2024-09-11,0.6904,0.6904,0.6904,0.6904,-0.0001,0.0,0.0
159928.OF,汇添富中证主要消费ETF,2024-09-12,0.6768,0.6768,0.6768,0.6768,-0.0197,0.0,0.0
159928.OF,汇添富中证主要消费ETF,2024-09-13,0.6664,0.6664,0.6664,0.6664,-0.0154,0.0,0.0
159928.OF,汇添富中证主要消费ETF,2024-09-18,0.6579,0.6579,0.6579,0.6579,-0.0128,0.0,0.0
159928.OF,汇添富中证主要消费ETF,2024-09-19,0.6725,0.6725,0.6725,0.6725,0.0222,0.0,0.0
159928.OF,汇添富中证主要消费ETF,2024-09-20,0.6701,0.6701,0.6701,0.6701,-0.0036,0.0,0.0
159928.OF,汇添富中证主要消费ETF,2024-09-23,0.6693,0.6693,0.6693,0.6693,-0.0012,0.0,0.0
159928.OF,汇添富中证主要消费ETF,2024-09-24,0.7094,0.7094,0.7094,0.7094,0.0599,0.0,0.0
159928.OF,汇添富中证主要消费ETF,2024-09-25,0.7145,0.7145,0.7145,0.7145,0.0072,0.0,0.0
159928.OF,汇添富中证主要消费ETF,2024-09-26,0.7699,0.7699,0.7699,0.7699,0.0775,0.0,0.0
159928.OF,汇添富中证主要消费ETF,2024-09-27,0.8269,0.8269,0.8269,0.8269,0.074,0.0,0.0
159928.OF,汇添富中证主要消费ETF,2024-09-30,0.8995,0.8995,0.8995,0.8995,0.0878,0.0,0.0
159928.OF,汇添富中证主要消费ETF,2024-10-08,0.9206,0.9206,0.9206,0.9206,0.0235,0.0,0.0
159928.OF,汇添富中证主要消费ETF,2024-10-09,0.8409,0.8409,0.8409,0.8409,-0.0866,0.0,0.0
159928.OF,汇添富中证主要消费ETF,2024-10-10,0.8583,0.8583,0.8583,0.8583,0.0207,0.0,0.0
159928.OF,汇添富中证主要消费ETF,2024-10-11,0.8356,0.8356,0.8356,0.8356,-0.0264,0.0,0.0
159928.OF,汇添富中证主要消费ETF,2024-10-14,0.843,0.843,0.843,0.843,0.0089,0.0,0.0
159928.OF,汇添富中证主要消费ETF,2024-10-15,0.8151,0.8151,0.8151,0.8151,-0.0331,0.0,0.0
159928.OF,汇添富中证主要消费ETF,2024-10-16,0.8047,0.8047,0.8047,0.8047,-0.0128,0.0,0.0
159928.OF,汇添富中证主要消费ETF,2024-10-17,0.7888,0.7888,0.7888,0.7888,-0.0198,0.0,0.0
159928.OF,汇添富中证主要消费ETF,2024-10-18,0.812,0.812,0.812,0.812,0.0294,0.0,0.0
159928.OF,汇添富中证主要消费ETF,2024-10-21,0.8156,0.8156,0.8156,0.8156,0.0044,0.0,0.0
159928.OF,汇添富中证主要消费ETF,2024-10-22,0.8278,0.8278,0.8278,0.8278,0.015,0.0,0.0
159928.OF,汇添富中证主要消费ETF,2024-10-23,0.8366,0.8366,0.8366,0.8366,0.0106,0.0,0.0
159928.OF,汇添富中证主要消费ETF,2024-10-24,0.8232,0.8232,0.8232,0.8232,-0.016,0.0,0.0
159928.OF,汇添富中证主要消费ETF,2024-10-25,0.8298,0.8298,0.8298,0.8298,0.008,0.0,0.0
159928.OF,汇添富中证主要消费ETF,2024-10-28,0.8457,0.8457,0.8457,0.8457,0.0192,0.0,0.0
159928.OF,汇添富中证主要消费ETF,2024-10-29,0.8296,0.8296,0.8296,0.8296,-0.019,0.0,0.0
159928.OF,汇添富中证主要消费ETF,2024-10-30,0.8235,0.8235,0.8235,0.8235,-0.0074,0.0,0.0
159928.OF,汇添富中证主要消费ETF,2024-10-31,0.8227,0.8227,0.8227,0.8227,-0.001,0.0,0.0
159928.OF,汇添富中证主要消费ETF,2024-11-01,0.8293,0.8293,0.8293,0.8293,0.008,0.0,0.0
159928.OF,汇添富中证主要消费ETF,2024-11-04,0.8402,0.8402,0.8402,0.8402,0.0131,0.0,0.0
159928.OF,汇添富中证主要消费ETF,2024-11-05,0.8559,0.8559,0.8559,0.8559,0.0187,0.0,0.0
159928.OF,汇添富中证主要消费ETF,2024-11-06,0.8535,0.8535,0.8535,0.8535,-0.0028,0.0,0.0
159928.OF,汇添富中证主要消费ETF,2024-11-07,0.9024,0.9024,0.9024,0.9024,0.0573,0.0,0.0
159928.OF,汇添富中证主要消费ETF,2024-11-08,0.8852,0.8852,0.8852,0.8852,-0.0191,0.0,0.0
159928.OF,汇添富中证主要消费ETF,2024-11-11,0.8784,0.8784,0.8784,0.8784,-0.0077,0.0,0.0
159928.OF,汇添富中证主要消费ETF,2024-11-12,0.8718,0.8718,0.8718,0.8718,-0.0075,0.0,0.0
159928.OF,汇添富中证主要消费ETF,2024-11-13,0.8713,0.8713,0.8713,0.8713,-0.0006,0.0,0.0
159928.OF,汇添富中证主要消费ETF,2024-11-14,0.8585,0.8585,0.8585,0.8585,-0.0147,0.0,0.0
159928.OF,汇添富中证主要消费ETF,2024-11-15,0.8491,0.8491,0.8491,0.8491,-0.0109,0.0,0.0
159928.OF,汇添富中证主要消费ETF,2024-11-18,0.8395,0.8395,0.8395,0.8395,-0.0113,0.0,0.0
159928.OF,汇添富中证主要消费ETF,2024-11-19,0.8388,0.8388,0.8388,0.8388,-0.0008,0.0,0.0
159928.OF,汇添富中证主要消费ETF,2024-11-20,0.8418,0.8418,0.8418,0.8418,0.0036,0.0,0.0
159928.OF,汇添富中证主要消费ETF,2024-11-21,0.8421,0.8421,0.8421,0.8421,0.0004,0.0,0.0
159928.OF,汇添富中证主要消费ETF,2024-11-22,0.8143,0.8143,0.8143,0.8143,-0.033,0.0,0.0
159928.OF,汇添富中证主要消费ETF,2024-11-25,0.8111,0.8111,0.8111,0.8111,-0.0039,0.0,0.0
159928.OF,汇添富中证主要消费ETF,2024-11-26,0.8163,0.8163,0.8163,0.8163,0.0064,0.0,0.0
159928.OF,汇添富中证主要消费ETF,2024-11-27,0.8257,0.8257,0.8257,0.8257,0.0115,0.0,0.0
159928.OF,汇添富中证主要消费ETF,2024-11-28,0.8171,0.8171,0.8171,0.8171,-0.0104,0.0,0.0
159928.OF,汇添富中证主要消费ETF,2024-11-29,0.8281,0.8281,0.8281,0.8281,0.0135,0.0,0.0
159928.OF,汇添富中证主要消费ETF,2024-12-02,0.8356,0.8356,0.8356,0.8356,0.0091,0.0,0.0
159928.OF,汇添富中证主要消费ETF,2024-12-03,0.8368,0.8368,0.8368,0.8368,0.0014,0.0,0.0
159928.OF,汇添富中证主要消费ETF,2024-12-04,0.8293,0.8293,0.8293,0.8293,-0.009,0.0,0.0
159928.OF,汇添富中证主要消费ETF,2024-12-05,0.8254,0.8254,0.8254,0.8254,-0.0047,0.0,0.0
159928.OF,汇添富中证主要消费ETF,2024-12-06,0.8319,0.8319,0.8319,0.8319,0.0079,0.0,0.0
159928.OF,汇添富中证主要消费ETF,2024-12-09,0.8269,0.8269,0.8269,0.8269,-0.006,0.0,0.0
159928.OF,汇添富中证主要消费ETF,2024-12-10,0.842,0.842,0.842,0.842,0.0183,0.0,0.0
159928.OF,汇添富中证主要消费ETF,2024-12-11,0.8511,0.8511,0.8511,0.8511,0.0108,0.0,0.0
159928.OF,汇添富中证主要消费ETF,2024-12-12,0.8686,0.8686,0.8686,0.8686,0.0206,0.0,0.0
159928.OF,汇添富中证主要消费ETF,2024-12-13,0.8462,0.8462,0.8462,0.8462,-0.0258,0.0,0.0
159928.OF,汇添富中证主要消费ETF,2024-12-16,0.8349,0.8349,0.8349,0.8349,-0.0134,0.0,0.0
159928.OF,汇添富中证主要消费ETF,2024-12-17,0.8359,0.8359,0.8359,0.8359,0.0012,0.0,0.0
159928.OF,汇添富中证主要消费ETF,2024-12-18,0.8346,0.8346,0.8346,0.8346,-0.0016,0.0,0.0
159928.OF,汇添富中证主要消费ETF,2024-12-19,0.8263,0.8263,0.8263,0.8263,-0.0099,0.0,0.0
159928.OF,汇添富中证主要消费ETF,2024-12-20,0.825,0.825,0.825,0.825,-0.0016,0.0,0.0
159928.OF,汇添富中证主要消费ETF,2024-12-23,0.8207,0.8207,0.8207,0.8207,-0.0052,0.0,0.0
159928.OF,汇添富中证主要消费ETF,2024-12-24,0.8287,0.8287,0.8287,0.8287,0.0097,0.0,0.0
159928.OF,汇添富中证主要消费ETF,2024-12-25,0.8247,0.8247,0.8247,0.8247,-0.0048,0.0,0.0
159928.OF,汇添富中证主要消费ETF,2024-12-26,0.8223,0.8223,0.8223,0.8223,-0.0029,0.0,0.0
159928.OF,汇添富中证主要消费ETF,2024-12-27,0.8265,0.8265,0.8265,0.8265,0.0051,0.0,0.0
159928.OF,汇添富中证主要消费ETF,2024-12-30,0.8215,0.8215,0.8215,0.8215,-0.006,0.0,0.0
159928.OF,汇添富中证主要消费ETF,2024-12-31,0.817,0.817,0.817,0.817,-0.0055,0.0,0.0
159928.OF,汇添富中证主要消费ETF,2025-01-02,0.8001,0.8001,0.8001,0.8001,-0.0207,0.0,0.0
159928.OF,汇添富中证主要消费ETF,2025-01-03,0.7918,0.7918,0.7918,0.7918,-0.0104,0.0,0.0
159928.OF,汇添富中证主要消费ETF,2025-01-06,0.7815,0.7815,0.7815,0.7815,-0.013,0.0,0.0
159928.OF,汇添富中证主要消费ETF,2025-01-07,0.7823,0.7823,0.7823,0.7823,0.001,0.0,0.0
159928.OF,汇添富中证主要消费ETF,2025-01-08,0.7803,0.7803,0.7803,0.7803,-0.0026,0.0,0.0
159928.OF,汇添富中证主要消费ETF,2025-01-09,0.7781,0.7781,0.7781,0.7781,-0.0028,0.0,0.0
159928.OF,汇添富中证主要消费ETF,2025-01-10,0.7681,0.7681,0.7681,0.7681,-0.0129,0.0,0.0
159928.OF,汇添富中证主要消费ETF,2025-01-13,0.7715,0.7715,0.7715,0.7715,0.0044,0.0,0.0
159928.OF,汇添富中证主要消费ETF,2025-01-14,0.7862,0.7862,0.7862,0.7862,0.0191,0.0,0.0
159928.OF,汇添富中证主要消费ETF,2025-01-15,0.7798,0.7798,0.7798,0.7798,-0.0081,0.0,0.0
159928.OF,汇添富中证主要消费ETF,2025-01-16,0.7755,0.7755,0.7755,0.7755,-0.0055,0.0,0.0
159928.OF,汇添富中证主要消费ETF,2025-01-17,0.7824,0.7824,0.7824,0.7824,0.0089,0.0,0.0
159928.OF,汇添富中证主要消费ETF,2025-01-20,0.7843,0.7843,0.7843,0.7843,0.0024,0.0,0.0
159928.OF,汇添富中证主要消费ETF,2025-01-21,0.7797,0.7797,0.7797,0.7797,-0.0059,0.0,0.0
159928.OF,汇添富中证主要消费ETF,2025-01-22,0.7687,0.7687,0.7687,0.7687,-0.0141,0.0,0.0
159928.OF,汇添富中证主要消费ETF,2025-01-23,0.7712,0.7712,0.7712,0.7712,0.0033,0.0,0.0
159928.OF,汇添富中证主要消费ETF,2025-01-24,0.7719,0.7719,0.7719,0.7719,0.0009,0.0,0.0
159928.OF,汇添富中证主要消费ETF,2025-01-27,0.7732,0.7732,0.7732,0.7732,0.0017,0.0,0.0
159928.OF,汇添富中证主要消费ETF,2025-02-05,0.7597,0.7597,0.7597,0.7597,-0.0175,0.0,0.0
159928.OF,汇添富中证主要消费ETF,2025-02-06,0.7634,0.7634,0.7634,0.7634,0.0049,0.0,0.0
159928.OF,汇添富中证主要消费ETF,2025-02-07,0.7702,0.7702,0.7702,0.7702,0.0089,0.0,0.0
159928.OF,汇添富中证主要消费ETF,2025-02-10,0.7687,0.7687,0.7687,0.7687,-0.0019,0.0,0.0
159928.OF,汇添富中证主要消费ETF,2025-02-11,0.7627,0.7627,0.7627,0.7627,-0.0078,0.0,0.0
159928.OF,汇添富中证主要消费ETF,2025-02-12,0.77,0.77,0.77,0.77,0.0096,0.0,0.0
159928.OF,汇添富中证主要消费ETF,2025-02-13,0.7873,0.7873,0.7873,0.7873,0.0225,0.0,0.0
159928.OF,汇添富中证主要消费ETF,2025-02-14,0.7867,0.7867,0.7867,0.7867,-0.0008,0.0,0.0
159928.OF,汇添富中证主要消费ETF,2025-02-17,0.7874,0.7874,0.7874,0.7874,0.0009,0.0,0.0
159928.OF,汇添富中证主要消费ETF,2025-02-18,0.7795,0.7795,0.7795,0.7795,-0.01,0.0,0.0
159928.OF,汇添富中证主要消费ETF,2025-02-19,0.7859,0.7859,0.7859,0.7859,0.0082,0.0,0.0
159928.OF,汇添富中证主要消费ETF,2025-02-20,0.7838,0.7838,0.7838,0.7838,-0.0027,0.0,0.0
159928.OF,汇添富中证主要消费ETF,2025-02-21,0.7854,0.7854,0.7854,0.7854,0.002,0.0,0.0
159928.OF,汇添富中证主要消费ETF,2025-02-24,0.7904,0.7904,0.7904,0.7904,0.0064,0.0,0.0
159928.OF,汇添富中证主要消费ETF,2025-02-25,0.7774,0.7774,0.7774,0.7774,-0.0164,0.0,0.0
159928.OF,汇添富中证主要消费ETF,2025-02-26,0.7842,0.7842,0.7842,0.7842,0.0087,0.0,0.0
159928.OF,汇添富中证主要消费ETF,2025-02-27,0.7979,0.7979,0.7979,0.7979,0.0175,0.0,0.0
159928.OF,汇添富中证主要消费ETF,2025-02-28,0.7968,0.7968,0.7968,0.7968,-0.0014,0.0,0.0
159928.OF,汇添富中证主要消费ETF,2025-03-03,0.7941,0.7941,0.7941,0.7941,-0.0034,0.0,0.0
159928.OF,汇添富中证主要消费ETF,2025-03-04,0.7911,0.7911,0.7911,0.7911,-0.0038,0.0,0.0
159928.OF,汇添富中证主要消费ETF,2025-03-05,0.7884,0.7884,0.7884,0.7884,-0.0034,0.0,0.0
159928.OF,汇添富中证主要消费ETF,2025-03-06,0.7987,0.7987,0.7987,0.7987,0.0131,0.0,0.0
159928.OF,汇添富中证主要消费ETF,2025-03-07,0.8055,0.8055,0.8055,0.8055,0.0085,0.0,0.0
159928.OF,汇添富中证主要消费ETF,2025-03-10,0.8039,0.8039,0.8039,0.8039,-0.002,0.0,0.0
159928.OF,汇添富中证主要消费ETF,2025-03-11,0.8214,0.8214,0.8214,0.8214,0.0218,0.0,0.0
159928.OF,汇添富中证主要消费ETF,2025-03-12,0.8128,0.8128,0.8128,0.8128,-0.0105,0.0,0.0
159928.OF,汇添富中证主要消费ETF,2025-03-13,0.8127,0.8127,0.8127,0.8127,-0.0001,0.0,0.0
159928.OF,汇添富中证主要消费ETF,2025-03-14,0.8444,0.8444,0.8444,0.8444,0.039,0.0,0.0
159928.OF,汇添富中证主要消费ETF,2025-03-17,0.8448,0.8448,0.8448,0.8448,0.0005,0.0,0.0
159928.OF,汇添富中证主要消费ETF,2025-03-18,0.8381,0.8381,0.8381,0.8381,-0.0079,0.0,0.0
159928.OF,汇添富中证主要消费ETF,2025-03-19,0.8344,0.8344,0.8344,0.8344,-0.0044,0.0,0.0
159928.OF,汇添富中证主要消费ETF,2025-03-20,0.8234,0.8234,0.8234,0.8234,-0.0132,0.0,0.0
159928.OF,汇添富中证主要消费ETF,2025-03-21,0.8144,0.8144,0.8144,0.8144,-0.0109,0.0,0.0
159928.OF,汇添富中证主要消费ETF,2025-03-24,0.8164,0.8164,0.8164,0.8164,0.0025,0.0,0.0
159928.OF,汇添富中证主要消费ETF,2025-03-25,0.8175,0.8175,0.8175,0.8175,0.0013,0.0,0.0
159928.OF,汇添富中证主要消费ETF,2025-03-26,0.8199,0.8199,0.8199,0.8199,0.0029,0.0,0.0
159928.OF,汇添富中证主要消费ETF,2025-03-27,0.8269,0.8269,0.8269,0.8269,0.0085,0.0,0.0
159928.OF,汇添富中证主要消费ETF,2025-03-28,0.821,0.821,0.821,0.821,-0.0071,0.0,0.0
159928.OF,汇添富中证主要消费ETF,2025-03-31,0.8133,0.8133,0.8133,0.8133,-0.0094,0.0,0.0
159928.OF,汇添富中证主要消费ETF,2025-04-01,0.8178,0.8178,0.8178,0.8178,0.0055,0.0,0.0
159928.OF,汇添富中证主要消费ETF,2025-04-02,0.8159,0.8159,0.8159,0.8159,-0.0023,0.0,0.0
159928.OF,汇添富中证主要消费ETF,2025-04-03,0.8258,0.8258,0.8258,0.8258,0.0121,0.0,0.0
159928.OF,汇添富中证主要消费ETF,2025-04-07,0.7976,0.7976,0.7976,0.7976,-0.0341,0.0,0.0
159928.OF,汇添富中证主要消费ETF,2025-04-08,0.8294,0.8294,0.8294,0.8294,0.0399,0.0,0.0
159928.OF,汇添富中证主要消费ETF,2025-04-09,0.8429,0.8429,0.8429,0.8429,0.0163,0.0,0.0
159928.OF,汇添富中证主要消费ETF,2025-04-10,0.8438,0.8438,0.8438,0.8438,0.0011,0.0,0.0
159928.OF,汇添富中证主要消费ETF,2025-04-11,0.8324,0.8324,0.8324,0.8324,-0.0135,0.0,0.0
159928.OF,汇添富中证主要消费ETF,2025-04-14,0.8293,0.8293,0.8293,0.8293,-0.0037,0.0,0.0
,,,,,,,,,
,,,,,,,,,
