代码,名称,日期,开盘价(元),最高价(元),最低价(元),收盘价(元),涨跌幅,成交额(百万),成交量(股)
159939.OF,广发中证全指信息技术ETF,2015-01-08,0.5,0.5,0.5,0.5,0.0,0.0,0.0
159939.OF,广发中证全指信息技术ETF,2015-01-09,0.4998,0.4998,0.4998,0.4998,-0.0005,0.0,0.0
159939.OF,广发中证全指信息技术ETF,2015-01-16,0.4998,0.4998,0.4998,0.4998,0.0001,0.0,0.0
159939.OF,广发中证全指信息技术ETF,2015-01-23,0.4998,0.4998,0.4998,0.4998,-0.0001,0.0,0.0
159939.OF,广发中证全指信息技术ETF,2015-01-29,0.5006,0.5006,0.5006,0.5006,0.0016,0.0,0.0
159939.OF,广发中证全指信息技术ETF,2015-01-30,0.4996,0.4996,0.4996,0.4996,-0.0019,0.0,0.0
159939.OF,广发中证全指信息技术ETF,2015-02-04,0.5064,0.5064,0.5064,0.5064,0.0136,0.0,0.0
159939.OF,广发中证全指信息技术ETF,2015-02-05,0.5106,0.5106,0.5106,0.5106,0.0082,0.0,0.0
159939.OF,广发中证全指信息技术ETF,2015-02-06,0.4972,0.4972,0.4972,0.4972,-0.0262,0.0,0.0
159939.OF,广发中证全指信息技术ETF,2015-02-09,0.4935,0.4935,0.4935,0.4935,-0.0074,0.0,0.0
159939.OF,广发中证全指信息技术ETF,2015-02-10,0.5057,0.5057,0.5057,0.5057,0.0248,0.0,0.0
159939.OF,广发中证全指信息技术ETF,2015-02-11,0.5188,0.5188,0.5188,0.5188,0.0258,0.0,0.0
159939.OF,广发中证全指信息技术ETF,2015-02-12,0.5211,0.5211,0.5211,0.5211,0.0044,0.0,0.0
159939.OF,广发中证全指信息技术ETF,2015-02-13,0.5287,0.5287,0.5287,0.5287,0.0147,0.0,0.0
159939.OF,广发中证全指信息技术ETF,2015-02-16,0.5478,0.5478,0.5478,0.5478,0.0361,0.0,0.0
159939.OF,广发中证全指信息技术ETF,2015-02-17,0.5491,0.5491,0.5491,0.5491,0.0023,0.0,0.0
159939.OF,广发中证全指信息技术ETF,2015-02-25,0.5401,0.5401,0.5401,0.5401,-0.0164,0.0,0.0
159939.OF,广发中证全指信息技术ETF,2015-02-26,0.5424,0.5424,0.5424,0.5424,0.0043,0.0,0.0
159939.OF,广发中证全指信息技术ETF,2015-02-27,0.5512,0.5512,0.5512,0.5512,0.0162,0.0,0.0
159939.OF,广发中证全指信息技术ETF,2015-03-02,0.5659,0.5659,0.5659,0.5659,0.0267,0.0,0.0
159939.OF,广发中证全指信息技术ETF,2015-03-03,0.5581,0.5581,0.5581,0.5581,-0.0138,0.0,0.0
159939.OF,广发中证全指信息技术ETF,2015-03-04,0.5672,0.5672,0.5672,0.5672,0.0163,0.0,0.0
159939.OF,广发中证全指信息技术ETF,2015-03-05,0.5675,0.5675,0.5675,0.5675,0.0006,0.0,0.0
159939.OF,广发中证全指信息技术ETF,2015-03-06,0.5535,0.5535,0.5535,0.5535,-0.0247,0.0,0.0
159939.OF,广发中证全指信息技术ETF,2015-03-09,0.5636,0.5636,0.5636,0.5636,0.0182,0.0,0.0
159939.OF,广发中证全指信息技术ETF,2015-03-10,0.574,0.574,0.574,0.574,0.0185,0.0,0.0
159939.OF,广发中证全指信息技术ETF,2015-03-11,0.5726,0.5726,0.5726,0.5726,-0.0024,0.0,0.0
159939.OF,广发中证全指信息技术ETF,2015-03-12,0.5695,0.5695,0.5695,0.5695,-0.0055,0.0,0.0
159939.OF,广发中证全指信息技术ETF,2015-03-13,0.5821,0.5821,0.5821,0.5821,0.0222,0.0,0.0
159939.OF,广发中证全指信息技术ETF,2015-03-16,0.6055,0.6055,0.6055,0.6055,0.0401,0.0,0.0
159939.OF,广发中证全指信息技术ETF,2015-03-17,0.6092,0.6092,0.6092,0.6092,0.0062,0.0,0.0
159939.OF,广发中证全指信息技术ETF,2015-03-18,0.6221,0.6221,0.6221,0.6221,0.0211,0.0,0.0
159939.OF,广发中证全指信息技术ETF,2015-03-19,0.6264,0.6264,0.6264,0.6264,0.007,0.0,0.0
159939.OF,广发中证全指信息技术ETF,2015-03-20,0.6411,0.6411,0.6411,0.6411,0.0235,0.0,0.0
159939.OF,广发中证全指信息技术ETF,2015-03-23,0.6671,0.6671,0.6671,0.6671,0.0406,0.0,0.0
159939.OF,广发中证全指信息技术ETF,2015-03-24,0.6825,0.6825,0.6825,0.6825,0.0231,0.0,0.0
159939.OF,广发中证全指信息技术ETF,2015-03-25,0.6897,0.6897,0.6897,0.6897,0.0105,0.0,0.0
159939.OF,广发中证全指信息技术ETF,2015-03-26,0.6617,0.6617,0.6617,0.6617,-0.0406,0.0,0.0
159939.OF,广发中证全指信息技术ETF,2015-03-27,0.6701,0.6701,0.6701,0.6701,0.0127,0.0,0.0
159939.OF,广发中证全指信息技术ETF,2015-03-30,0.6624,0.6624,0.6624,0.6624,-0.0115,0.0,0.0
159939.OF,广发中证全指信息技术ETF,2015-03-31,0.6744,0.6744,0.6744,0.6744,0.0181,0.0,0.0
159939.OF,广发中证全指信息技术ETF,2015-04-01,0.693,0.693,0.693,0.693,0.0276,0.0,0.0
159939.OF,广发中证全指信息技术ETF,2015-04-02,0.7094,0.7094,0.7094,0.7094,0.0236,0.0,0.0
159939.OF,广发中证全指信息技术ETF,2015-04-03,0.7181,0.7181,0.7181,0.7181,0.0123,0.0,0.0
159939.OF,广发中证全指信息技术ETF,2015-04-07,0.7305,0.7305,0.7305,0.7305,0.0173,0.0,0.0
159939.OF,广发中证全指信息技术ETF,2015-04-08,0.7159,0.7159,0.7159,0.7159,-0.02,0.0,0.0
159939.OF,广发中证全指信息技术ETF,2015-04-09,0.7135,0.7135,0.7135,0.7135,-0.0034,0.0,0.0
159939.OF,广发中证全指信息技术ETF,2015-04-10,0.7308,0.7308,0.7308,0.7308,0.0242,0.0,0.0
159939.OF,广发中证全指信息技术ETF,2015-04-13,0.7431,0.7431,0.7431,0.7431,0.0169,0.0,0.0
159939.OF,广发中证全指信息技术ETF,2015-04-14,0.7381,0.7381,0.7381,0.7381,-0.0067,0.0,0.0
159939.OF,广发中证全指信息技术ETF,2015-04-15,0.7029,0.7029,0.7029,0.7029,-0.0478,0.0,0.0
159939.OF,广发中证全指信息技术ETF,2015-04-16,0.71,0.71,0.71,0.71,0.0101,0.0,0.0
159939.OF,广发中证全指信息技术ETF,2015-04-17,0.7094,0.7094,0.7094,0.7094,-0.0008,0.0,0.0
159939.OF,广发中证全指信息技术ETF,2015-04-20,0.6951,0.6951,0.6951,0.6951,-0.0202,0.0,0.0
159939.OF,广发中证全指信息技术ETF,2015-04-21,0.7286,0.7286,0.7286,0.7286,0.0481,0.0,0.0
159939.OF,广发中证全指信息技术ETF,2015-04-22,0.7473,0.7473,0.7473,0.7473,0.0257,0.0,0.0
159939.OF,广发中证全指信息技术ETF,2015-04-23,0.7561,0.7561,0.7561,0.7561,0.0118,0.0,0.0
159939.OF,广发中证全指信息技术ETF,2015-04-24,0.7642,0.7642,0.7642,0.7642,0.0106,0.0,0.0
159939.OF,广发中证全指信息技术ETF,2015-04-27,0.7662,0.7662,0.7662,0.7662,0.0027,0.0,0.0
159939.OF,广发中证全指信息技术ETF,2015-04-28,0.7421,0.7421,0.7421,0.7421,-0.0315,0.0,0.0
159939.OF,广发中证全指信息技术ETF,2015-04-29,0.77,0.77,0.77,0.77,0.0376,0.0,0.0
159939.OF,广发中证全指信息技术ETF,2015-04-30,0.7833,0.7833,0.7833,0.7833,0.0172,0.0,0.0
159939.OF,广发中证全指信息技术ETF,2015-05-04,0.7776,0.7776,0.7776,0.7776,-0.0072,0.0,0.0
159939.OF,广发中证全指信息技术ETF,2015-05-05,0.758,0.758,0.758,0.758,-0.0252,0.0,0.0
159939.OF,广发中证全指信息技术ETF,2015-05-06,0.7696,0.7696,0.7696,0.7696,0.0152,0.0,0.0
159939.OF,广发中证全指信息技术ETF,2015-05-07,0.7632,0.7632,0.7632,0.7632,-0.0083,0.0,0.0
159939.OF,广发中证全指信息技术ETF,2015-05-08,0.8109,0.8109,0.8109,0.8109,0.0626,0.0,0.0
159939.OF,广发中证全指信息技术ETF,2015-05-11,0.8601,0.8601,0.8601,0.8601,0.0606,0.0,0.0
159939.OF,广发中证全指信息技术ETF,2015-05-12,0.8854,0.8854,0.8854,0.8854,0.0295,0.0,0.0
159939.OF,广发中证全指信息技术ETF,2015-05-13,0.8859,0.8859,0.8859,0.8859,0.0005,0.0,0.0
159939.OF,广发中证全指信息技术ETF,2015-05-14,0.8776,0.8776,0.8776,0.8776,-0.0093,0.0,0.0
159939.OF,广发中证全指信息技术ETF,2015-05-15,0.8805,0.8805,0.8805,0.8805,0.0033,0.0,0.0
159939.OF,广发中证全指信息技术ETF,2015-05-18,0.913,0.913,0.913,0.913,0.0369,0.0,0.0
159939.OF,广发中证全指信息技术ETF,2015-05-19,0.9296,0.9296,0.9296,0.9296,0.0181,0.0,0.0
159939.OF,广发中证全指信息技术ETF,2015-05-20,0.9539,0.9539,0.9539,0.9539,0.0261,0.0,0.0
159939.OF,广发中证全指信息技术ETF,2015-05-21,0.9856,0.9856,0.9856,0.9856,0.0333,0.0,0.0
159939.OF,广发中证全指信息技术ETF,2015-05-22,0.9831,0.9831,0.9831,0.9831,-0.0025,0.0,0.0
159939.OF,广发中证全指信息技术ETF,2015-05-25,0.9818,0.9818,0.9818,0.9818,-0.0013,0.0,0.0
159939.OF,广发中证全指信息技术ETF,2015-05-26,1.0268,1.0268,1.0268,1.0268,0.0458,0.0,0.0
159939.OF,广发中证全指信息技术ETF,2015-05-27,1.0329,1.0329,1.0329,1.0329,0.0059,0.0,0.0
159939.OF,广发中证全指信息技术ETF,2015-05-28,0.9776,0.9776,0.9776,0.9776,-0.0535,0.0,0.0
159939.OF,广发中证全指信息技术ETF,2015-05-29,1.0022,1.0022,1.0022,1.0022,0.0252,0.0,0.0
159939.OF,广发中证全指信息技术ETF,2015-06-01,1.055,1.055,1.055,1.055,0.0527,0.0,0.0
159939.OF,广发中证全指信息技术ETF,2015-06-02,1.1005,1.1005,1.1005,1.1005,0.0431,0.0,0.0
159939.OF,广发中证全指信息技术ETF,2015-06-03,1.1096,1.1096,1.1096,1.1096,0.0083,0.0,0.0
159939.OF,广发中证全指信息技术ETF,2015-06-04,1.0972,1.0972,1.0972,1.0972,-0.0112,0.0,0.0
159939.OF,广发中证全指信息技术ETF,2015-06-05,1.0901,1.0901,1.0901,1.0901,-0.0065,0.0,0.0
159939.OF,广发中证全指信息技术ETF,2015-06-08,1.0482,1.0482,1.0482,1.0482,-0.0384,0.0,0.0
159939.OF,广发中证全指信息技术ETF,2015-06-09,1.0471,1.0471,1.0471,1.0471,-0.001,0.0,0.0
159939.OF,广发中证全指信息技术ETF,2015-06-10,1.0775,1.0775,1.0775,1.0775,0.029,0.0,0.0
159939.OF,广发中证全指信息技术ETF,2015-06-11,1.0886,1.0886,1.0886,1.0886,0.0103,0.0,0.0
159939.OF,广发中证全指信息技术ETF,2015-06-12,1.0955,1.0955,1.0955,1.0955,0.0063,0.0,0.0
159939.OF,广发中证全指信息技术ETF,2015-06-15,1.0517,1.0517,1.0517,1.0517,-0.04,0.0,0.0
159939.OF,广发中证全指信息技术ETF,2015-06-16,1.0036,1.0036,1.0036,1.0036,-0.0457,0.0,0.0
159939.OF,广发中证全指信息技术ETF,2015-06-17,1.0366,1.0366,1.0366,1.0366,0.0328,0.0,0.0
159939.OF,广发中证全指信息技术ETF,2015-06-18,0.9833,0.9833,0.9833,0.9833,-0.0514,0.0,0.0
159939.OF,广发中证全指信息技术ETF,2015-06-19,0.9278,0.9278,0.9278,0.9278,-0.0564,0.0,0.0
159939.OF,广发中证全指信息技术ETF,2015-06-23,0.9369,0.9369,0.9369,0.9369,0.0098,0.0,0.0
159939.OF,广发中证全指信息技术ETF,2015-06-24,0.9426,0.9426,0.9426,0.9426,0.0061,0.0,0.0
159939.OF,广发中证全指信息技术ETF,2015-06-25,0.8924,0.8924,0.8924,0.8924,-0.0533,0.0,0.0
159939.OF,广发中证全指信息技术ETF,2015-06-26,0.8155,0.8155,0.8155,0.8155,-0.0862,0.0,0.0
159939.OF,广发中证全指信息技术ETF,2015-06-29,0.7561,0.7561,0.7561,0.7561,-0.0728,0.0,0.0
159939.OF,广发中证全指信息技术ETF,2015-06-30,0.8,0.8,0.8,0.8,0.0581,0.0,0.0
159939.OF,广发中证全指信息技术ETF,2015-07-01,0.7577,0.7577,0.7577,0.7577,-0.0529,0.0,0.0
159939.OF,广发中证全指信息技术ETF,2015-07-02,0.715,0.715,0.715,0.715,-0.0563,0.0,0.0
159939.OF,广发中证全指信息技术ETF,2015-07-03,0.6811,0.6811,0.6811,0.6811,-0.0474,0.0,0.0
159939.OF,广发中证全指信息技术ETF,2015-07-06,0.6531,0.6531,0.6531,0.6531,-0.0411,0.0,0.0
159939.OF,广发中证全指信息技术ETF,2015-07-07,0.6169,0.6169,0.6169,0.6169,-0.0554,0.0,0.0
159939.OF,广发中证全指信息技术ETF,2015-07-08,0.6076,0.6076,0.6076,0.6076,-0.0152,0.0,0.0
159939.OF,广发中证全指信息技术ETF,2015-07-09,0.6188,0.6188,0.6188,0.6188,0.0184,0.0,0.0
159939.OF,广发中证全指信息技术ETF,2015-07-10,0.6333,0.6333,0.6333,0.6333,0.0235,0.0,0.0
159939.OF,广发中证全指信息技术ETF,2015-07-13,0.664,0.664,0.664,0.664,0.0485,0.0,0.0
159939.OF,广发中证全指信息技术ETF,2015-07-14,0.6885,0.6885,0.6885,0.6885,0.0369,0.0,0.0
159939.OF,广发中证全指信息技术ETF,2015-07-15,0.66,0.66,0.66,0.66,-0.0414,0.0,0.0
159939.OF,广发中证全指信息技术ETF,2015-07-16,0.6663,0.6663,0.6663,0.6663,0.0095,0.0,0.0
159939.OF,广发中证全指信息技术ETF,2015-07-17,0.7028,0.7028,0.7028,0.7028,0.0549,0.0,0.0
159939.OF,广发中证全指信息技术ETF,2015-07-20,0.7218,0.7218,0.7218,0.7218,0.027,0.0,0.0
159939.OF,广发中证全指信息技术ETF,2015-07-21,0.7286,0.7286,0.7286,0.7286,0.0094,0.0,0.0
159939.OF,广发中证全指信息技术ETF,2015-07-22,0.7401,0.7401,0.7401,0.7401,0.0158,0.0,0.0
159939.OF,广发中证全指信息技术ETF,2015-07-23,0.7594,0.7594,0.7594,0.7594,0.0261,0.0,0.0
159939.OF,广发中证全指信息技术ETF,2015-07-24,0.7466,0.7466,0.7466,0.7466,-0.0169,0.0,0.0
159939.OF,广发中证全指信息技术ETF,2015-07-27,0.6907,0.6907,0.6907,0.6907,-0.0749,0.0,0.0
159939.OF,广发中证全指信息技术ETF,2015-07-28,0.6606,0.6606,0.6606,0.6606,-0.0435,0.0,0.0
159939.OF,广发中证全指信息技术ETF,2015-07-29,0.6927,0.6927,0.6927,0.6927,0.0486,0.0,0.0
159939.OF,广发中证全指信息技术ETF,2015-07-30,0.6675,0.6675,0.6675,0.6675,-0.0365,0.0,0.0
159939.OF,广发中证全指信息技术ETF,2015-07-31,0.6557,0.6557,0.6557,0.6557,-0.0177,0.0,0.0
159939.OF,广发中证全指信息技术ETF,2015-08-03,0.6224,0.6224,0.6224,0.6224,-0.0507,0.0,0.0
159939.OF,广发中证全指信息技术ETF,2015-08-04,0.6606,0.6606,0.6606,0.6606,0.0614,0.0,0.0
159939.OF,广发中证全指信息技术ETF,2015-08-05,0.6495,0.6495,0.6495,0.6495,-0.0169,0.0,0.0
159939.OF,广发中证全指信息技术ETF,2015-08-06,0.648,0.648,0.648,0.648,-0.0023,0.0,0.0
159939.OF,广发中证全指信息技术ETF,2015-08-07,0.6749,0.6749,0.6749,0.6749,0.0415,0.0,0.0
159939.OF,广发中证全指信息技术ETF,2015-08-10,0.709,0.709,0.709,0.709,0.0505,0.0,0.0
159939.OF,广发中证全指信息技术ETF,2015-08-11,0.7087,0.7087,0.7087,0.7087,-0.0004,0.0,0.0
159939.OF,广发中证全指信息技术ETF,2015-08-12,0.6929,0.6929,0.6929,0.6929,-0.0223,0.0,0.0
159939.OF,广发中证全指信息技术ETF,2015-08-13,0.7138,0.7138,0.7138,0.7138,0.0302,0.0,0.0
159939.OF,广发中证全指信息技术ETF,2015-08-14,0.7129,0.7129,0.7129,0.7129,-0.0013,0.0,0.0
159939.OF,广发中证全指信息技术ETF,2015-08-17,0.716,0.716,0.716,0.716,0.0043,0.0,0.0
159939.OF,广发中证全指信息技术ETF,2015-08-18,0.6651,0.6651,0.6651,0.6651,-0.0711,0.0,0.0
159939.OF,广发中证全指信息技术ETF,2015-08-19,0.6847,0.6847,0.6847,0.6847,0.0295,0.0,0.0
159939.OF,广发中证全指信息技术ETF,2015-08-20,0.6704,0.6704,0.6704,0.6704,-0.0208,0.0,0.0
159939.OF,广发中证全指信息技术ETF,2015-08-21,0.6278,0.6278,0.6278,0.6278,-0.0636,0.0,0.0
159939.OF,广发中证全指信息技术ETF,2015-08-24,0.5782,0.5782,0.5782,0.5782,-0.0789,0.0,0.0
159939.OF,广发中证全指信息技术ETF,2015-08-25,0.5344,0.5344,0.5344,0.5344,-0.0758,0.0,0.0
159939.OF,广发中证全指信息技术ETF,2015-08-26,0.5049,0.5049,0.5049,0.5049,-0.0551,0.0,0.0
159939.OF,广发中证全指信息技术ETF,2015-08-27,0.5204,0.5204,0.5204,0.5204,0.0306,0.0,0.0
159939.OF,广发中证全指信息技术ETF,2015-08-28,0.5531,0.5531,0.5531,0.5531,0.0629,0.0,0.0
159939.OF,广发中证全指信息技术ETF,2015-08-31,0.5295,0.5295,0.5295,0.5295,-0.0427,0.0,0.0
159939.OF,广发中证全指信息技术ETF,2015-09-01,0.5013,0.5013,0.5013,0.5013,-0.0533,0.0,0.0
159939.OF,广发中证全指信息技术ETF,2015-09-02,0.4875,0.4875,0.4875,0.4875,-0.0276,0.0,0.0
159939.OF,广发中证全指信息技术ETF,2015-09-07,0.496,0.496,0.496,0.496,0.0175,0.0,0.0
159939.OF,广发中证全指信息技术ETF,2015-09-08,0.5205,0.5205,0.5205,0.5205,0.0493,0.0,0.0
159939.OF,广发中证全指信息技术ETF,2015-09-09,0.5405,0.5405,0.5405,0.5405,0.0385,0.0,0.0
159939.OF,广发中证全指信息技术ETF,2015-09-10,0.5281,0.5281,0.5281,0.5281,-0.023,0.0,0.0
159939.OF,广发中证全指信息技术ETF,2015-09-11,0.5367,0.5367,0.5367,0.5367,0.0164,0.0,0.0
159939.OF,广发中证全指信息技术ETF,2015-09-14,0.4972,0.4972,0.4972,0.4972,-0.0737,0.0,0.0
159939.OF,广发中证全指信息技术ETF,2015-09-15,0.4669,0.4669,0.4669,0.4669,-0.0609,0.0,0.0
159939.OF,广发中证全指信息技术ETF,2015-09-16,0.5002,0.5002,0.5002,0.5002,0.0713,0.0,0.0
159939.OF,广发中证全指信息技术ETF,2015-09-17,0.4995,0.4995,0.4995,0.4995,-0.0014,0.0,0.0
159939.OF,广发中证全指信息技术ETF,2015-09-18,0.5098,0.5098,0.5098,0.5098,0.0206,0.0,0.0
159939.OF,广发中证全指信息技术ETF,2015-09-21,0.5332,0.5332,0.5332,0.5332,0.046,0.0,0.0
159939.OF,广发中证全指信息技术ETF,2015-09-22,0.5337,0.5337,0.5337,0.5337,0.0008,0.0,0.0
159939.OF,广发中证全指信息技术ETF,2015-09-23,0.5325,0.5325,0.5325,0.5325,-0.0022,0.0,0.0
159939.OF,广发中证全指信息技术ETF,2015-09-24,0.5388,0.5388,0.5388,0.5388,0.0117,0.0,0.0
159939.OF,广发中证全指信息技术ETF,2015-09-25,0.5122,0.5122,0.5122,0.5122,-0.0493,0.0,0.0
159939.OF,广发中证全指信息技术ETF,2015-09-28,0.5331,0.5331,0.5331,0.5331,0.0408,0.0,0.0
159939.OF,广发中证全指信息技术ETF,2015-09-29,0.5236,0.5236,0.5236,0.5236,-0.0178,0.0,0.0
159939.OF,广发中证全指信息技术ETF,2015-09-30,0.5227,0.5227,0.5227,0.5227,-0.0018,0.0,0.0
159939.OF,广发中证全指信息技术ETF,2015-10-08,0.5483,0.5483,0.5483,0.5483,0.049,0.0,0.0
159939.OF,广发中证全指信息技术ETF,2015-10-09,0.5566,0.5566,0.5566,0.5566,0.0151,0.0,0.0
159939.OF,广发中证全指信息技术ETF,2015-10-12,0.5821,0.5821,0.5821,0.5821,0.0458,0.0,0.0
159939.OF,广发中证全指信息技术ETF,2015-10-13,0.593,0.593,0.593,0.593,0.0188,0.0,0.0
159939.OF,广发中证全指信息技术ETF,2015-10-14,0.5846,0.5846,0.5846,0.5846,-0.0142,0.0,0.0
159939.OF,广发中证全指信息技术ETF,2015-10-15,0.6094,0.6094,0.6094,0.6094,0.0423,0.0,0.0
159939.OF,广发中证全指信息技术ETF,2015-10-16,0.6199,0.6199,0.6199,0.6199,0.0173,0.0,0.0
159939.OF,广发中证全指信息技术ETF,2015-10-19,0.6171,0.6171,0.6171,0.6171,-0.0045,0.0,0.0
159939.OF,广发中证全指信息技术ETF,2015-10-20,0.6374,0.6374,0.6374,0.6374,0.0329,0.0,0.0
159939.OF,广发中证全指信息技术ETF,2015-10-21,0.5949,0.5949,0.5949,0.5949,-0.0668,0.0,0.0
159939.OF,广发中证全指信息技术ETF,2015-10-22,0.6198,0.6198,0.6198,0.6198,0.0419,0.0,0.0
159939.OF,广发中证全指信息技术ETF,2015-10-23,0.6348,0.6348,0.6348,0.6348,0.0242,0.0,0.0
159939.OF,广发中证全指信息技术ETF,2015-10-26,0.6408,0.6408,0.6408,0.6408,0.0095,0.0,0.0
159939.OF,广发中证全指信息技术ETF,2015-10-27,0.651,0.651,0.651,0.651,0.0158,0.0,0.0
159939.OF,广发中证全指信息技术ETF,2015-10-28,0.6337,0.6337,0.6337,0.6337,-0.0265,0.0,0.0
159939.OF,广发中证全指信息技术ETF,2015-10-29,0.6362,0.6362,0.6362,0.6362,0.0039,0.0,0.0
159939.OF,广发中证全指信息技术ETF,2015-10-30,0.6383,0.6383,0.6383,0.6383,0.0032,0.0,0.0
159939.OF,广发中证全指信息技术ETF,2015-11-02,0.6243,0.6243,0.6243,0.6243,-0.0219,0.0,0.0
159939.OF,广发中证全指信息技术ETF,2015-11-03,0.6229,0.6229,0.6229,0.6229,-0.0022,0.0,0.0
159939.OF,广发中证全指信息技术ETF,2015-11-04,0.66,0.66,0.66,0.66,0.0595,0.0,0.0
159939.OF,广发中证全指信息技术ETF,2015-11-05,0.658,0.658,0.658,0.658,-0.003,0.0,0.0
159939.OF,广发中证全指信息技术ETF,2015-11-06,0.683,0.683,0.683,0.683,0.0379,0.0,0.0
159939.OF,广发中证全指信息技术ETF,2015-11-09,0.6999,0.6999,0.6999,0.6999,0.0248,0.0,0.0
159939.OF,广发中证全指信息技术ETF,2015-11-10,0.7031,0.7031,0.7031,0.7031,0.0045,0.0,0.0
159939.OF,广发中证全指信息技术ETF,2015-11-11,0.7186,0.7186,0.7186,0.7186,0.0221,0.0,0.0
159939.OF,广发中证全指信息技术ETF,2015-11-12,0.714,0.714,0.714,0.714,-0.0065,0.0,0.0
159939.OF,广发中证全指信息技术ETF,2015-11-13,0.6948,0.6948,0.6948,0.6948,-0.0269,0.0,0.0
159939.OF,广发中证全指信息技术ETF,2015-11-16,0.719,0.719,0.719,0.719,0.0349,0.0,0.0
159939.OF,广发中证全指信息技术ETF,2015-11-17,0.7027,0.7027,0.7027,0.7027,-0.0227,0.0,0.0
159939.OF,广发中证全指信息技术ETF,2015-11-18,0.6872,0.6872,0.6872,0.6872,-0.0221,0.0,0.0
159939.OF,广发中证全指信息技术ETF,2015-11-19,0.7167,0.7167,0.7167,0.7167,0.0429,0.0,0.0
159939.OF,广发中证全指信息技术ETF,2015-11-20,0.7285,0.7285,0.7285,0.7285,0.0165,0.0,0.0
159939.OF,广发中证全指信息技术ETF,2015-11-23,0.7171,0.7171,0.7171,0.7171,-0.0157,0.0,0.0
159939.OF,广发中证全指信息技术ETF,2015-11-24,0.7297,0.7297,0.7297,0.7297,0.0176,0.0,0.0
159939.OF,广发中证全指信息技术ETF,2015-11-25,0.7497,0.7497,0.7497,0.7497,0.0275,0.0,0.0
159939.OF,广发中证全指信息技术ETF,2015-11-26,0.7377,0.7377,0.7377,0.7377,-0.016,0.0,0.0
159939.OF,广发中证全指信息技术ETF,2015-11-27,0.6889,0.6889,0.6889,0.6889,-0.0662,0.0,0.0
159939.OF,广发中证全指信息技术ETF,2015-11-30,0.6942,0.6942,0.6942,0.6942,0.0076,0.0,0.0
159939.OF,广发中证全指信息技术ETF,2015-12-01,0.6874,0.6874,0.6874,0.6874,-0.0098,0.0,0.0
159939.OF,广发中证全指信息技术ETF,2015-12-02,0.6772,0.6772,0.6772,0.6772,-0.0148,0.0,0.0
159939.OF,广发中证全指信息技术ETF,2015-12-03,0.6998,0.6998,0.6998,0.6998,0.0334,0.0,0.0
159939.OF,广发中证全指信息技术ETF,2015-12-04,0.6958,0.6958,0.6958,0.6958,-0.0057,0.0,0.0
159939.OF,广发中证全指信息技术ETF,2015-12-07,0.7062,0.7062,0.7062,0.7062,0.0149,0.0,0.0
159939.OF,广发中证全指信息技术ETF,2015-12-08,0.696,0.696,0.696,0.696,-0.0145,0.0,0.0
159939.OF,广发中证全指信息技术ETF,2015-12-09,0.6941,0.6941,0.6941,0.6941,-0.0027,0.0,0.0
159939.OF,广发中证全指信息技术ETF,2015-12-10,0.7006,0.7006,0.7006,0.7006,0.0094,0.0,0.0
159939.OF,广发中证全指信息技术ETF,2015-12-11,0.6943,0.6943,0.6943,0.6943,-0.009,0.0,0.0
159939.OF,广发中证全指信息技术ETF,2015-12-14,0.7028,0.7028,0.7028,0.7028,0.0122,0.0,0.0
159939.OF,广发中证全指信息技术ETF,2015-12-15,0.7147,0.7147,0.7147,0.7147,0.0169,0.0,0.0
159939.OF,广发中证全指信息技术ETF,2015-12-16,0.7202,0.7202,0.7202,0.7202,0.0078,0.0,0.0
159939.OF,广发中证全指信息技术ETF,2015-12-17,0.7391,0.7391,0.7391,0.7391,0.0262,0.0,0.0
159939.OF,广发中证全指信息技术ETF,2015-12-18,0.7305,0.7305,0.7305,0.7305,-0.0116,0.0,0.0
159939.OF,广发中证全指信息技术ETF,2015-12-21,0.7332,0.7332,0.7332,0.7332,0.0037,0.0,0.0
159939.OF,广发中证全指信息技术ETF,2015-12-22,0.7417,0.7417,0.7417,0.7417,0.0115,0.0,0.0
159939.OF,广发中证全指信息技术ETF,2015-12-23,0.7278,0.7278,0.7278,0.7278,-0.0187,0.0,0.0
159939.OF,广发中证全指信息技术ETF,2015-12-24,0.7298,0.7298,0.7298,0.7298,0.0027,0.0,0.0
159939.OF,广发中证全指信息技术ETF,2015-12-25,0.7318,0.7318,0.7318,0.7318,0.0027,0.0,0.0
159939.OF,广发中证全指信息技术ETF,2015-12-28,0.7192,0.7192,0.7192,0.7192,-0.0172,0.0,0.0
159939.OF,广发中证全指信息技术ETF,2015-12-29,0.7258,0.7258,0.7258,0.7258,0.0091,0.0,0.0
159939.OF,广发中证全指信息技术ETF,2015-12-30,0.7391,0.7391,0.7391,0.7391,0.0184,0.0,0.0
159939.OF,广发中证全指信息技术ETF,2015-12-31,0.7205,0.7205,0.7205,0.7205,-0.0252,0.0,0.0
159939.OF,广发中证全指信息技术ETF,2016-01-04,0.6601,0.6601,0.6601,0.6601,-0.0839,0.0,0.0
159939.OF,广发中证全指信息技术ETF,2016-01-05,0.6394,0.6394,0.6394,0.6394,-0.0314,0.0,0.0
159939.OF,广发中证全指信息技术ETF,2016-01-06,0.6531,0.6531,0.6531,0.6531,0.0215,0.0,0.0
159939.OF,广发中证全指信息技术ETF,2016-01-07,0.5997,0.5997,0.5997,0.5997,-0.0818,0.0,0.0
159939.OF,广发中证全指信息技术ETF,2016-01-08,0.5973,0.5973,0.5973,0.5973,-0.0039,0.0,0.0
159939.OF,广发中证全指信息技术ETF,2016-01-11,0.5561,0.5561,0.5561,0.5561,-0.0691,0.0,0.0
159939.OF,广发中证全指信息技术ETF,2016-01-12,0.5613,0.5613,0.5613,0.5613,0.0094,0.0,0.0
159939.OF,广发中证全指信息技术ETF,2016-01-13,0.5397,0.5397,0.5397,0.5397,-0.0385,0.0,0.0
159939.OF,广发中证全指信息技术ETF,2016-01-14,0.565,0.565,0.565,0.565,0.0469,0.0,0.0
159939.OF,广发中证全指信息技术ETF,2016-01-15,0.5469,0.5469,0.5469,0.5469,-0.032,0.0,0.0
159939.OF,广发中证全指信息技术ETF,2016-01-18,0.5622,0.5622,0.5622,0.5622,0.028,0.0,0.0
159939.OF,广发中证全指信息技术ETF,2016-01-19,0.5807,0.5807,0.5807,0.5807,0.033,0.0,0.0
159939.OF,广发中证全指信息技术ETF,2016-01-20,0.5721,0.5721,0.5721,0.5721,-0.0148,0.0,0.0
159939.OF,广发中证全指信息技术ETF,2016-01-21,0.549,0.549,0.549,0.549,-0.0404,0.0,0.0
159939.OF,广发中证全指信息技术ETF,2016-01-22,0.5586,0.5586,0.5586,0.5586,0.0174,0.0,0.0
159939.OF,广发中证全指信息技术ETF,2016-01-25,0.563,0.563,0.563,0.563,0.008,0.0,0.0
159939.OF,广发中证全指信息技术ETF,2016-01-26,0.5209,0.5209,0.5209,0.5209,-0.0748,0.0,0.0
159939.OF,广发中证全指信息技术ETF,2016-01-27,0.5178,0.5178,0.5178,0.5178,-0.006,0.0,0.0
159939.OF,广发中证全指信息技术ETF,2016-01-28,0.4936,0.4936,0.4936,0.4936,-0.0467,0.0,0.0
159939.OF,广发中证全指信息技术ETF,2016-01-29,0.5149,0.5149,0.5149,0.5149,0.0432,0.0,0.0
159939.OF,广发中证全指信息技术ETF,2016-02-01,0.5103,0.5103,0.5103,0.5103,-0.0089,0.0,0.0
159939.OF,广发中证全指信息技术ETF,2016-02-02,0.5321,0.5321,0.5321,0.5321,0.0426,0.0,0.0
159939.OF,广发中证全指信息技术ETF,2016-02-03,0.5349,0.5349,0.5349,0.5349,0.0054,0.0,0.0
159939.OF,广发中证全指信息技术ETF,2016-02-04,0.5449,0.5449,0.5449,0.5449,0.0186,0.0,0.0
159939.OF,广发中证全指信息技术ETF,2016-02-05,0.5367,0.5367,0.5367,0.5367,-0.0151,0.0,0.0
159939.OF,广发中证全指信息技术ETF,2016-02-15,0.539,0.539,0.539,0.539,0.0043,0.0,0.0
159939.OF,广发中证全指信息技术ETF,2016-02-16,0.5642,0.5642,0.5642,0.5642,0.0468,0.0,0.0
159939.OF,广发中证全指信息技术ETF,2016-02-17,0.5722,0.5722,0.5722,0.5722,0.0142,0.0,0.0
159939.OF,广发中证全指信息技术ETF,2016-02-18,0.569,0.569,0.569,0.569,-0.0056,0.0,0.0
159939.OF,广发中证全指信息技术ETF,2016-02-19,0.5749,0.5749,0.5749,0.5749,0.0105,0.0,0.0
159939.OF,广发中证全指信息技术ETF,2016-02-22,0.5842,0.5842,0.5842,0.5842,0.0162,0.0,0.0
159939.OF,广发中证全指信息技术ETF,2016-02-23,0.5782,0.5782,0.5782,0.5782,-0.0104,0.0,0.0
159939.OF,广发中证全指信息技术ETF,2016-02-24,0.5745,0.5745,0.5745,0.5745,-0.0064,0.0,0.0
159939.OF,广发中证全指信息技术ETF,2016-02-25,0.5304,0.5304,0.5304,0.5304,-0.0767,0.0,0.0
159939.OF,广发中证全指信息技术ETF,2016-02-26,0.5267,0.5267,0.5267,0.5267,-0.007,0.0,0.0
159939.OF,广发中证全指信息技术ETF,2016-02-29,0.4928,0.4928,0.4928,0.4928,-0.0645,0.0,0.0
159939.OF,广发中证全指信息技术ETF,2016-03-01,0.5031,0.5031,0.5031,0.5031,0.0209,0.0,0.0
159939.OF,广发中证全指信息技术ETF,2016-03-02,0.5248,0.5248,0.5248,0.5248,0.0431,0.0,0.0
159939.OF,广发中证全指信息技术ETF,2016-03-03,0.5244,0.5244,0.5244,0.5244,-0.0008,0.0,0.0
159939.OF,广发中证全指信息技术ETF,2016-03-04,0.503,0.503,0.503,0.503,-0.0407,0.0,0.0
159939.OF,广发中证全指信息技术ETF,2016-03-07,0.5149,0.5149,0.5149,0.5149,0.0237,0.0,0.0
159939.OF,广发中证全指信息技术ETF,2016-03-08,0.5206,0.5206,0.5206,0.5206,0.0111,0.0,0.0
159939.OF,广发中证全指信息技术ETF,2016-03-09,0.5113,0.5113,0.5113,0.5113,-0.0179,0.0,0.0
159939.OF,广发中证全指信息技术ETF,2016-03-10,0.5022,0.5022,0.5022,0.5022,-0.0179,0.0,0.0
159939.OF,广发中证全指信息技术ETF,2016-03-11,0.4999,0.4999,0.4999,0.4999,-0.0046,0.0,0.0
159939.OF,广发中证全指信息技术ETF,2016-03-14,0.5211,0.5211,0.5211,0.5211,0.0425,0.0,0.0
159939.OF,广发中证全指信息技术ETF,2016-03-15,0.5157,0.5157,0.5157,0.5157,-0.0104,0.0,0.0
159939.OF,广发中证全指信息技术ETF,2016-03-16,0.5106,0.5106,0.5106,0.5106,-0.01,0.0,0.0
159939.OF,广发中证全指信息技术ETF,2016-03-17,0.5343,0.5343,0.5343,0.5343,0.0464,0.0,0.0
159939.OF,广发中证全指信息技术ETF,2016-03-18,0.5564,0.5564,0.5564,0.5564,0.0415,0.0,0.0
159939.OF,广发中证全指信息技术ETF,2016-03-21,0.572,0.572,0.572,0.572,0.028,0.0,0.0
159939.OF,广发中证全指信息技术ETF,2016-03-22,0.5695,0.5695,0.5695,0.5695,-0.0045,0.0,0.0
159939.OF,广发中证全指信息技术ETF,2016-03-23,0.5794,0.5794,0.5794,0.5794,0.0174,0.0,0.0
159939.OF,广发中证全指信息技术ETF,2016-03-24,0.5697,0.5697,0.5697,0.5697,-0.0167,0.0,0.0
159939.OF,广发中证全指信息技术ETF,2016-03-25,0.5709,0.5709,0.5709,0.5709,0.002,0.0,0.0
159939.OF,广发中证全指信息技术ETF,2016-03-28,0.5651,0.5651,0.5651,0.5651,-0.0102,0.0,0.0
159939.OF,广发中证全指信息技术ETF,2016-03-29,0.5551,0.5551,0.5551,0.5551,-0.0177,0.0,0.0
159939.OF,广发中证全指信息技术ETF,2016-03-30,0.5773,0.5773,0.5773,0.5773,0.04,0.0,0.0
159939.OF,广发中证全指信息技术ETF,2016-03-31,0.5769,0.5769,0.5769,0.5769,-0.0007,0.0,0.0
159939.OF,广发中证全指信息技术ETF,2016-04-01,0.5709,0.5709,0.5709,0.5709,-0.0103,0.0,0.0
159939.OF,广发中证全指信息技术ETF,2016-04-05,0.5888,0.5888,0.5888,0.5888,0.0313,0.0,0.0
159939.OF,广发中证全指信息技术ETF,2016-04-06,0.591,0.591,0.591,0.591,0.0038,0.0,0.0
159939.OF,广发中证全指信息技术ETF,2016-04-07,0.5789,0.5789,0.5789,0.5789,-0.0206,0.0,0.0
159939.OF,广发中证全指信息技术ETF,2016-04-08,0.5745,0.5745,0.5745,0.5745,-0.0076,0.0,0.0
159939.OF,广发中证全指信息技术ETF,2016-04-11,0.5851,0.5851,0.5851,0.5851,0.0185,0.0,0.0
159939.OF,广发中证全指信息技术ETF,2016-04-12,0.5802,0.5802,0.5802,0.5802,-0.0084,0.0,0.0
159939.OF,广发中证全指信息技术ETF,2016-04-13,0.5878,0.5878,0.5878,0.5878,0.0131,0.0,0.0
159939.OF,广发中证全指信息技术ETF,2016-04-14,0.5953,0.5953,0.5953,0.5953,0.0127,0.0,0.0
159939.OF,广发中证全指信息技术ETF,2016-04-15,0.5941,0.5941,0.5941,0.5941,-0.0019,0.0,0.0
159939.OF,广发中证全指信息技术ETF,2016-04-18,0.5819,0.5819,0.5819,0.5819,-0.0206,0.0,0.0
159939.OF,广发中证全指信息技术ETF,2016-04-19,0.585,0.585,0.585,0.585,0.0054,0.0,0.0
159939.OF,广发中证全指信息技术ETF,2016-04-20,0.5572,0.5572,0.5572,0.5572,-0.0475,0.0,0.0
159939.OF,广发中证全指信息技术ETF,2016-04-21,0.5472,0.5472,0.5472,0.5472,-0.018,0.0,0.0
159939.OF,广发中证全指信息技术ETF,2016-04-22,0.5535,0.5535,0.5535,0.5535,0.0115,0.0,0.0
159939.OF,广发中证全指信息技术ETF,2016-04-25,0.5496,0.5496,0.5496,0.5496,-0.007,0.0,0.0
159939.OF,广发中证全指信息技术ETF,2016-04-26,0.5568,0.5568,0.5568,0.5568,0.0131,0.0,0.0
159939.OF,广发中证全指信息技术ETF,2016-04-27,0.5541,0.5541,0.5541,0.5541,-0.0048,0.0,0.0
159939.OF,广发中证全指信息技术ETF,2016-04-28,0.5551,0.5551,0.5551,0.5551,0.0018,0.0,0.0
159939.OF,广发中证全指信息技术ETF,2016-04-29,0.5525,0.5525,0.5525,0.5525,-0.0048,0.0,0.0
159939.OF,广发中证全指信息技术ETF,2016-05-03,0.5712,0.5712,0.5712,0.5712,0.0339,0.0,0.0
159939.OF,广发中证全指信息技术ETF,2016-05-04,0.5726,0.5726,0.5726,0.5726,0.0024,0.0,0.0
159939.OF,广发中证全指信息技术ETF,2016-05-05,0.5762,0.5762,0.5762,0.5762,0.0064,0.0,0.0
159939.OF,广发中证全指信息技术ETF,2016-05-06,0.5531,0.5531,0.5531,0.5531,-0.0402,0.0,0.0
159939.OF,广发中证全指信息技术ETF,2016-05-09,0.5333,0.5333,0.5333,0.5333,-0.0357,0.0,0.0
159939.OF,广发中证全指信息技术ETF,2016-05-10,0.5321,0.5321,0.5321,0.5321,-0.0023,0.0,0.0
159939.OF,广发中证全指信息技术ETF,2016-05-11,0.5253,0.5253,0.5253,0.5253,-0.0128,0.0,0.0
159939.OF,广发中证全指信息技术ETF,2016-05-12,0.5272,0.5272,0.5272,0.5272,0.0037,0.0,0.0
159939.OF,广发中证全指信息技术ETF,2016-05-13,0.5243,0.5243,0.5243,0.5243,-0.0055,0.0,0.0
159939.OF,广发中证全指信息技术ETF,2016-05-16,0.535,0.535,0.535,0.535,0.0204,0.0,0.0
159939.OF,广发中证全指信息技术ETF,2016-05-17,0.5383,0.5383,0.5383,0.5383,0.0062,0.0,0.0
159939.OF,广发中证全指信息技术ETF,2016-05-18,0.5238,0.5238,0.5238,0.5238,-0.027,0.0,0.0
159939.OF,广发中证全指信息技术ETF,2016-05-19,0.5292,0.5292,0.5292,0.5292,0.0103,0.0,0.0
159939.OF,广发中证全指信息技术ETF,2016-05-20,0.5374,0.5374,0.5374,0.5374,0.0155,0.0,0.0
159939.OF,广发中证全指信息技术ETF,2016-05-23,0.5461,0.5461,0.5461,0.5461,0.0162,0.0,0.0
159939.OF,广发中证全指信息技术ETF,2016-05-24,0.5406,0.5406,0.5406,0.5406,-0.0101,0.0,0.0
159939.OF,广发中证全指信息技术ETF,2016-05-25,0.5391,0.5391,0.5391,0.5391,-0.0027,0.0,0.0
159939.OF,广发中证全指信息技术ETF,2016-05-26,0.5436,0.5436,0.5436,0.5436,0.0083,0.0,0.0
159939.OF,广发中证全指信息技术ETF,2016-05-27,0.5442,0.5442,0.5442,0.5442,0.0012,0.0,0.0
159939.OF,广发中证全指信息技术ETF,2016-05-30,0.5427,0.5427,0.5427,0.5427,-0.0028,0.0,0.0
159939.OF,广发中证全指信息技术ETF,2016-05-31,0.5698,0.5698,0.5698,0.5698,0.0499,0.0,0.0
159939.OF,广发中证全指信息技术ETF,2016-06-01,0.5747,0.5747,0.5747,0.5747,0.0086,0.0,0.0
159939.OF,广发中证全指信息技术ETF,2016-06-02,0.5819,0.5819,0.5819,0.5819,0.0125,0.0,0.0
159939.OF,广发中证全指信息技术ETF,2016-06-03,0.5848,0.5848,0.5848,0.5848,0.005,0.0,0.0
159939.OF,广发中证全指信息技术ETF,2016-06-06,0.5863,0.5863,0.5863,0.5863,0.0026,0.0,0.0
159939.OF,广发中证全指信息技术ETF,2016-06-07,0.5854,0.5854,0.5854,0.5854,-0.0015,0.0,0.0
159939.OF,广发中证全指信息技术ETF,2016-06-08,0.5841,0.5841,0.5841,0.5841,-0.0023,0.0,0.0
159939.OF,广发中证全指信息技术ETF,2016-06-13,0.5488,0.5488,0.5488,0.5488,-0.0604,0.0,0.0
159939.OF,广发中证全指信息技术ETF,2016-06-14,0.5499,0.5499,0.5499,0.5499,0.0021,0.0,0.0
159939.OF,广发中证全指信息技术ETF,2016-06-15,0.5714,0.5714,0.5714,0.5714,0.039,0.0,0.0
159939.OF,广发中证全指信息技术ETF,2016-06-16,0.5694,0.5694,0.5694,0.5694,-0.0034,0.0,0.0
159939.OF,广发中证全指信息技术ETF,2016-06-17,0.5731,0.5731,0.5731,0.5731,0.0065,0.0,0.0
159939.OF,广发中证全指信息技术ETF,2016-06-20,0.5791,0.5791,0.5791,0.5791,0.0105,0.0,0.0
159939.OF,广发中证全指信息技术ETF,2016-06-21,0.5694,0.5694,0.5694,0.5694,-0.0168,0.0,0.0
159939.OF,广发中证全指信息技术ETF,2016-06-22,0.5832,0.5832,0.5832,0.5832,0.0241,0.0,0.0
159939.OF,广发中证全指信息技术ETF,2016-06-23,0.5825,0.5825,0.5825,0.5825,-0.0011,0.0,0.0
159939.OF,广发中证全指信息技术ETF,2016-06-24,0.5776,0.5776,0.5776,0.5776,-0.0085,0.0,0.0
159939.OF,广发中证全指信息技术ETF,2016-06-27,0.5967,0.5967,0.5967,0.5967,0.0332,0.0,0.0
159939.OF,广发中证全指信息技术ETF,2016-06-28,0.6033,0.6033,0.6033,0.6033,0.011,0.0,0.0
159939.OF,广发中证全指信息技术ETF,2016-06-29,0.601,0.601,0.601,0.601,-0.0037,0.0,0.0
159939.OF,广发中证全指信息技术ETF,2016-06-30,0.6027,0.6027,0.6027,0.6027,0.0028,0.0,0.0
159939.OF,广发中证全指信息技术ETF,2016-07-01,0.5986,0.5986,0.5986,0.5986,-0.0069,0.0,0.0
159939.OF,广发中证全指信息技术ETF,2016-07-04,0.6088,0.6088,0.6088,0.6088,0.0171,0.0,0.0
159939.OF,广发中证全指信息技术ETF,2016-07-05,0.6087,0.6087,0.6087,0.6087,-0.0002,0.0,0.0
159939.OF,广发中证全指信息技术ETF,2016-07-06,0.6087,0.6087,0.6087,0.6087,0.0001,0.0,0.0
159939.OF,广发中证全指信息技术ETF,2016-07-07,0.6058,0.6058,0.6058,0.6058,-0.0048,0.0,0.0
159939.OF,广发中证全指信息技术ETF,2016-07-08,0.6065,0.6065,0.6065,0.6065,0.0011,0.0,0.0
159939.OF,广发中证全指信息技术ETF,2016-07-11,0.6015,0.6015,0.6015,0.6015,-0.0082,0.0,0.0
159939.OF,广发中证全指信息技术ETF,2016-07-12,0.6082,0.6082,0.6082,0.6082,0.0111,0.0,0.0
159939.OF,广发中证全指信息技术ETF,2016-07-13,0.6152,0.6152,0.6152,0.6152,0.0115,0.0,0.0
159939.OF,广发中证全指信息技术ETF,2016-07-14,0.6164,0.6164,0.6164,0.6164,0.002,0.0,0.0
159939.OF,广发中证全指信息技术ETF,2016-07-15,0.6115,0.6115,0.6115,0.6115,-0.0079,0.0,0.0
159939.OF,广发中证全指信息技术ETF,2016-07-18,0.6079,0.6079,0.6079,0.6079,-0.006,0.0,0.0
159939.OF,广发中证全指信息技术ETF,2016-07-19,0.6132,0.6132,0.6132,0.6132,0.0087,0.0,0.0
159939.OF,广发中证全指信息技术ETF,2016-07-20,0.6135,0.6135,0.6135,0.6135,0.0006,0.0,0.0
159939.OF,广发中证全指信息技术ETF,2016-07-21,0.6154,0.6154,0.6154,0.6154,0.003,0.0,0.0
159939.OF,广发中证全指信息技术ETF,2016-07-22,0.6126,0.6126,0.6126,0.6126,-0.0045,0.0,0.0
159939.OF,广发中证全指信息技术ETF,2016-07-25,0.6133,0.6133,0.6133,0.6133,0.0011,0.0,0.0
159939.OF,广发中证全指信息技术ETF,2016-07-26,0.62,0.62,0.62,0.62,0.011,0.0,0.0
159939.OF,广发中证全指信息技术ETF,2016-07-27,0.5896,0.5896,0.5896,0.5896,-0.0491,0.0,0.0
159939.OF,广发中证全指信息技术ETF,2016-07-28,0.582,0.582,0.582,0.582,-0.0129,0.0,0.0
159939.OF,广发中证全指信息技术ETF,2016-07-29,0.5767,0.5767,0.5767,0.5767,-0.0091,0.0,0.0
159939.OF,广发中证全指信息技术ETF,2016-08-01,0.5677,0.5677,0.5677,0.5677,-0.0155,0.0,0.0
159939.OF,广发中证全指信息技术ETF,2016-08-02,0.5719,0.5719,0.5719,0.5719,0.0074,0.0,0.0
159939.OF,广发中证全指信息技术ETF,2016-08-03,0.574,0.574,0.574,0.574,0.0036,0.0,0.0
159939.OF,广发中证全指信息技术ETF,2016-08-04,0.5806,0.5806,0.5806,0.5806,0.0116,0.0,0.0
159939.OF,广发中证全指信息技术ETF,2016-08-05,0.5761,0.5761,0.5761,0.5761,-0.0078,0.0,0.0
159939.OF,广发中证全指信息技术ETF,2016-08-08,0.583,0.583,0.583,0.583,0.012,0.0,0.0
159939.OF,广发中证全指信息技术ETF,2016-08-09,0.5894,0.5894,0.5894,0.5894,0.0109,0.0,0.0
159939.OF,广发中证全指信息技术ETF,2016-08-10,0.5862,0.5862,0.5862,0.5862,-0.0054,0.0,0.0
159939.OF,广发中证全指信息技术ETF,2016-08-11,0.5761,0.5761,0.5761,0.5761,-0.0171,0.0,0.0
159939.OF,广发中证全指信息技术ETF,2016-08-12,0.5813,0.5813,0.5813,0.5813,0.009,0.0,0.0
159939.OF,广发中证全指信息技术ETF,2016-08-15,0.5984,0.5984,0.5984,0.5984,0.0293,0.0,0.0
159939.OF,广发中证全指信息技术ETF,2016-08-16,0.6,0.6,0.6,0.6,0.0027,0.0,0.0
159939.OF,广发中证全指信息技术ETF,2016-08-17,0.6026,0.6026,0.6026,0.6026,0.0043,0.0,0.0
159939.OF,广发中证全指信息技术ETF,2016-08-18,0.6011,0.6011,0.6011,0.6011,-0.0025,0.0,0.0
159939.OF,广发中证全指信息技术ETF,2016-08-19,0.6015,0.6015,0.6015,0.6015,0.0007,0.0,0.0
159939.OF,广发中证全指信息技术ETF,2016-08-22,0.5937,0.5937,0.5937,0.5937,-0.0131,0.0,0.0
159939.OF,广发中证全指信息技术ETF,2016-08-23,0.5946,0.5946,0.5946,0.5946,0.0016,0.0,0.0
159939.OF,广发中证全指信息技术ETF,2016-08-24,0.5984,0.5984,0.5984,0.5984,0.0063,0.0,0.0
159939.OF,广发中证全指信息技术ETF,2016-08-25,0.5941,0.5941,0.5941,0.5941,-0.0072,0.0,0.0
159939.OF,广发中证全指信息技术ETF,2016-08-26,0.5962,0.5962,0.5962,0.5962,0.0035,0.0,0.0
159939.OF,广发中证全指信息技术ETF,2016-08-29,0.5969,0.5969,0.5969,0.5969,0.0012,0.0,0.0
159939.OF,广发中证全指信息技术ETF,2016-08-30,0.5968,0.5968,0.5968,0.5968,-0.0001,0.0,0.0
159939.OF,广发中证全指信息技术ETF,2016-08-31,0.5957,0.5957,0.5957,0.5957,-0.0018,0.0,0.0
159939.OF,广发中证全指信息技术ETF,2016-09-01,0.5924,0.5924,0.5924,0.5924,-0.0055,0.0,0.0
159939.OF,广发中证全指信息技术ETF,2016-09-02,0.5888,0.5888,0.5888,0.5888,-0.0061,0.0,0.0
159939.OF,广发中证全指信息技术ETF,2016-09-05,0.591,0.591,0.591,0.591,0.0037,0.0,0.0
159939.OF,广发中证全指信息技术ETF,2016-09-06,0.6026,0.6026,0.6026,0.6026,0.0196,0.0,0.0
159939.OF,广发中证全指信息技术ETF,2016-09-07,0.5996,0.5996,0.5996,0.5996,-0.0051,0.0,0.0
159939.OF,广发中证全指信息技术ETF,2016-09-08,0.6002,0.6002,0.6002,0.6002,0.001,0.0,0.0
159939.OF,广发中证全指信息技术ETF,2016-09-09,0.5945,0.5945,0.5945,0.5945,-0.0095,0.0,0.0
159939.OF,广发中证全指信息技术ETF,2016-09-12,0.5761,0.5761,0.5761,0.5761,-0.0309,0.0,0.0
159939.OF,广发中证全指信息技术ETF,2016-09-13,0.5813,0.5813,0.5813,0.5813,0.0089,0.0,0.0
159939.OF,广发中证全指信息技术ETF,2016-09-14,0.581,0.581,0.581,0.581,-0.0004,0.0,0.0
159939.OF,广发中证全指信息技术ETF,2016-09-19,0.5862,0.5862,0.5862,0.5862,0.0089,0.0,0.0
159939.OF,广发中证全指信息技术ETF,2016-09-20,0.585,0.585,0.585,0.585,-0.002,0.0,0.0
159939.OF,广发中证全指信息技术ETF,2016-09-21,0.5869,0.5869,0.5869,0.5869,0.0033,0.0,0.0
159939.OF,广发中证全指信息技术ETF,2016-09-22,0.5891,0.5891,0.5891,0.5891,0.0037,0.0,0.0
159939.OF,广发中证全指信息技术ETF,2016-09-23,0.5865,0.5865,0.5865,0.5865,-0.0043,0.0,0.0
159939.OF,广发中证全指信息技术ETF,2016-09-26,0.5735,0.5735,0.5735,0.5735,-0.0223,0.0,0.0
159939.OF,广发中证全指信息技术ETF,2016-09-27,0.5781,0.5781,0.5781,0.5781,0.0081,0.0,0.0
159939.OF,广发中证全指信息技术ETF,2016-09-28,0.5772,0.5772,0.5772,0.5772,-0.0016,0.0,0.0
159939.OF,广发中证全指信息技术ETF,2016-09-29,0.5785,0.5785,0.5785,0.5785,0.0023,0.0,0.0
159939.OF,广发中证全指信息技术ETF,2016-09-30,0.5798,0.5798,0.5798,0.5798,0.0022,0.0,0.0
159939.OF,广发中证全指信息技术ETF,2016-10-10,0.5955,0.5955,0.5955,0.5955,0.0272,0.0,0.0
159939.OF,广发中证全指信息技术ETF,2016-10-11,0.5971,0.5971,0.5971,0.5971,0.0027,0.0,0.0
159939.OF,广发中证全指信息技术ETF,2016-10-12,0.5966,0.5966,0.5966,0.5966,-0.0008,0.0,0.0
159939.OF,广发中证全指信息技术ETF,2016-10-13,0.5975,0.5975,0.5975,0.5975,0.0014,0.0,0.0
159939.OF,广发中证全指信息技术ETF,2016-10-14,0.5945,0.5945,0.5945,0.5945,-0.0049,0.0,0.0
159939.OF,广发中证全指信息技术ETF,2016-10-17,0.5876,0.5876,0.5876,0.5876,-0.0117,0.0,0.0
159939.OF,广发中证全指信息技术ETF,2016-10-18,0.5962,0.5962,0.5962,0.5962,0.0147,0.0,0.0
159939.OF,广发中证全指信息技术ETF,2016-10-19,0.595,0.595,0.595,0.595,-0.0021,0.0,0.0
159939.OF,广发中证全指信息技术ETF,2016-10-20,0.5997,0.5997,0.5997,0.5997,0.0079,0.0,0.0
159939.OF,广发中证全指信息技术ETF,2016-10-21,0.5963,0.5963,0.5963,0.5963,-0.0057,0.0,0.0
159939.OF,广发中证全指信息技术ETF,2016-10-24,0.5996,0.5996,0.5996,0.5996,0.0056,0.0,0.0
159939.OF,广发中证全指信息技术ETF,2016-10-25,0.6008,0.6008,0.6008,0.6008,0.0019,0.0,0.0
159939.OF,广发中证全指信息技术ETF,2016-10-26,0.597,0.597,0.597,0.597,-0.0062,0.0,0.0
159939.OF,广发中证全指信息技术ETF,2016-10-27,0.5964,0.5964,0.5964,0.5964,-0.001,0.0,0.0
159939.OF,广发中证全指信息技术ETF,2016-10-28,0.5918,0.5918,0.5918,0.5918,-0.0078,0.0,0.0
159939.OF,广发中证全指信息技术ETF,2016-10-31,0.5911,0.5911,0.5911,0.5911,-0.0012,0.0,0.0
159939.OF,广发中证全指信息技术ETF,2016-11-01,0.5966,0.5966,0.5966,0.5966,0.0093,0.0,0.0
159939.OF,广发中证全指信息技术ETF,2016-11-02,0.5922,0.5922,0.5922,0.5922,-0.0073,0.0,0.0
159939.OF,广发中证全指信息技术ETF,2016-11-03,0.5949,0.5949,0.5949,0.5949,0.0046,0.0,0.0
159939.OF,广发中证全指信息技术ETF,2016-11-04,0.5924,0.5924,0.5924,0.5924,-0.0042,0.0,0.0
159939.OF,广发中证全指信息技术ETF,2016-11-07,0.5914,0.5914,0.5914,0.5914,-0.0017,0.0,0.0
159939.OF,广发中证全指信息技术ETF,2016-11-08,0.5964,0.5964,0.5964,0.5964,0.0084,0.0,0.0
159939.OF,广发中证全指信息技术ETF,2016-11-09,0.5911,0.5911,0.5911,0.5911,-0.0088,0.0,0.0
159939.OF,广发中证全指信息技术ETF,2016-11-10,0.597,0.597,0.597,0.597,0.0099,0.0,0.0
159939.OF,广发中证全指信息技术ETF,2016-11-11,0.5967,0.5967,0.5967,0.5967,-0.0004,0.0,0.0
159939.OF,广发中证全指信息技术ETF,2016-11-14,0.6,0.6,0.6,0.6,0.0054,0.0,0.0
159939.OF,广发中证全指信息技术ETF,2016-11-15,0.6035,0.6035,0.6035,0.6035,0.0058,0.0,0.0
159939.OF,广发中证全指信息技术ETF,2016-11-16,0.6048,0.6048,0.6048,0.6048,0.0022,0.0,0.0
159939.OF,广发中证全指信息技术ETF,2016-11-17,0.5996,0.5996,0.5996,0.5996,-0.0086,0.0,0.0
159939.OF,广发中证全指信息技术ETF,2016-11-18,0.5979,0.5979,0.5979,0.5979,-0.0029,0.0,0.0
159939.OF,广发中证全指信息技术ETF,2016-11-21,0.5982,0.5982,0.5982,0.5982,0.0006,0.0,0.0
159939.OF,广发中证全指信息技术ETF,2016-11-22,0.6042,0.6042,0.6042,0.6042,0.0099,0.0,0.0
159939.OF,广发中证全指信息技术ETF,2016-11-23,0.6006,0.6006,0.6006,0.6006,-0.006,0.0,0.0
159939.OF,广发中证全指信息技术ETF,2016-11-24,0.5951,0.5951,0.5951,0.5951,-0.0092,0.0,0.0
159939.OF,广发中证全指信息技术ETF,2016-11-25,0.5996,0.5996,0.5996,0.5996,0.0076,0.0,0.0
159939.OF,广发中证全指信息技术ETF,2016-11-28,0.5987,0.5987,0.5987,0.5987,-0.0015,0.0,0.0
159939.OF,广发中证全指信息技术ETF,2016-11-29,0.596,0.596,0.596,0.596,-0.0044,0.0,0.0
159939.OF,广发中证全指信息技术ETF,2016-11-30,0.5988,0.5988,0.5988,0.5988,0.0047,0.0,0.0
159939.OF,广发中证全指信息技术ETF,2016-12-01,0.5984,0.5984,0.5984,0.5984,-0.0007,0.0,0.0
159939.OF,广发中证全指信息技术ETF,2016-12-02,0.588,0.588,0.588,0.588,-0.0174,0.0,0.0
159939.OF,广发中证全指信息技术ETF,2016-12-05,0.5856,0.5856,0.5856,0.5856,-0.0041,0.0,0.0
159939.OF,广发中证全指信息技术ETF,2016-12-06,0.5842,0.5842,0.5842,0.5842,-0.0025,0.0,0.0
159939.OF,广发中证全指信息技术ETF,2016-12-07,0.589,0.589,0.589,0.589,0.0082,0.0,0.0
159939.OF,广发中证全指信息技术ETF,2016-12-08,0.5848,0.5848,0.5848,0.5848,-0.007,0.0,0.0
159939.OF,广发中证全指信息技术ETF,2016-12-09,0.581,0.581,0.581,0.581,-0.0065,0.0,0.0
159939.OF,广发中证全指信息技术ETF,2016-12-12,0.5494,0.5494,0.5494,0.5494,-0.0544,0.0,0.0
159939.OF,广发中证全指信息技术ETF,2016-12-13,0.5498,0.5498,0.5498,0.5498,0.0006,0.0,0.0
159939.OF,广发中证全指信息技术ETF,2016-12-14,0.5434,0.5434,0.5434,0.5434,-0.0116,0.0,0.0
159939.OF,广发中证全指信息技术ETF,2016-12-15,0.5478,0.5478,0.5478,0.5478,0.0081,0.0,0.0
159939.OF,广发中证全指信息技术ETF,2016-12-16,0.5532,0.5532,0.5532,0.5532,0.0098,0.0,0.0
159939.OF,广发中证全指信息技术ETF,2016-12-19,0.5487,0.5487,0.5487,0.5487,-0.008,0.0,0.0
159939.OF,广发中证全指信息技术ETF,2016-12-20,0.5494,0.5494,0.5494,0.5494,0.0012,0.0,0.0
159939.OF,广发中证全指信息技术ETF,2016-12-21,0.5529,0.5529,0.5529,0.5529,0.0064,0.0,0.0
159939.OF,广发中证全指信息技术ETF,2016-12-22,0.5515,0.5515,0.5515,0.5515,-0.0025,0.0,0.0
159939.OF,广发中证全指信息技术ETF,2016-12-23,0.5467,0.5467,0.5467,0.5467,-0.0086,0.0,0.0
159939.OF,广发中证全指信息技术ETF,2016-12-26,0.5484,0.5484,0.5484,0.5484,0.003,0.0,0.0
159939.OF,广发中证全指信息技术ETF,2016-12-27,0.5476,0.5476,0.5476,0.5476,-0.0015,0.0,0.0
159939.OF,广发中证全指信息技术ETF,2016-12-28,0.546,0.546,0.546,0.546,-0.0028,0.0,0.0
159939.OF,广发中证全指信息技术ETF,2016-12-29,0.5445,0.5445,0.5445,0.5445,-0.0027,0.0,0.0
159939.OF,广发中证全指信息技术ETF,2016-12-30,0.5445,0.5445,0.5445,0.5445,-0.0001,0.0,0.0
159939.OF,广发中证全指信息技术ETF,2016-12-31,0.5445,0.5445,0.5445,0.5445,0.0,0.0,0.0
159939.OF,广发中证全指信息技术ETF,2017-01-03,0.5491,0.5491,0.5491,0.5491,0.0084,0.0,0.0
159939.OF,广发中证全指信息技术ETF,2017-01-04,0.556,0.556,0.556,0.556,0.0126,0.0,0.0
159939.OF,广发中证全指信息技术ETF,2017-01-05,0.5557,0.5557,0.5557,0.5557,-0.0004,0.0,0.0
159939.OF,广发中证全指信息技术ETF,2017-01-06,0.5493,0.5493,0.5493,0.5493,-0.0115,0.0,0.0
159939.OF,广发中证全指信息技术ETF,2017-01-09,0.5512,0.5512,0.5512,0.5512,0.0035,0.0,0.0
159939.OF,广发中证全指信息技术ETF,2017-01-10,0.5495,0.5495,0.5495,0.5495,-0.0031,0.0,0.0
159939.OF,广发中证全指信息技术ETF,2017-01-11,0.5438,0.5438,0.5438,0.5438,-0.0104,0.0,0.0
159939.OF,广发中证全指信息技术ETF,2017-01-12,0.5411,0.5411,0.5411,0.5411,-0.005,0.0,0.0
159939.OF,广发中证全指信息技术ETF,2017-01-13,0.5318,0.5318,0.5318,0.5318,-0.0173,0.0,0.0
159939.OF,广发中证全指信息技术ETF,2017-01-16,0.511,0.511,0.511,0.511,-0.0391,0.0,0.0
159939.OF,广发中证全指信息技术ETF,2017-01-17,0.5209,0.5209,0.5209,0.5209,0.0195,0.0,0.0
159939.OF,广发中证全指信息技术ETF,2017-01-18,0.5161,0.5161,0.5161,0.5161,-0.0093,0.0,0.0
159939.OF,广发中证全指信息技术ETF,2017-01-19,0.5157,0.5157,0.5157,0.5157,-0.0007,0.0,0.0
159939.OF,广发中证全指信息技术ETF,2017-01-20,0.5263,0.5263,0.5263,0.5263,0.0205,0.0,0.0
159939.OF,广发中证全指信息技术ETF,2017-01-23,0.53,0.53,0.53,0.53,0.007,0.0,0.0
159939.OF,广发中证全指信息技术ETF,2017-01-24,0.5259,0.5259,0.5259,0.5259,-0.0076,0.0,0.0
159939.OF,广发中证全指信息技术ETF,2017-01-25,0.5287,0.5287,0.5287,0.5287,0.0052,0.0,0.0
159939.OF,广发中证全指信息技术ETF,2017-01-26,0.5319,0.5319,0.5319,0.5319,0.0061,0.0,0.0
159939.OF,广发中证全指信息技术ETF,2017-02-03,0.529,0.529,0.529,0.529,-0.0054,0.0,0.0
159939.OF,广发中证全指信息技术ETF,2017-02-06,0.5344,0.5344,0.5344,0.5344,0.0101,0.0,0.0
159939.OF,广发中证全指信息技术ETF,2017-02-07,0.5328,0.5328,0.5328,0.5328,-0.003,0.0,0.0
159939.OF,广发中证全指信息技术ETF,2017-02-08,0.5375,0.5375,0.5375,0.5375,0.0089,0.0,0.0
159939.OF,广发中证全指信息技术ETF,2017-02-09,0.5404,0.5404,0.5404,0.5404,0.0054,0.0,0.0
159939.OF,广发中证全指信息技术ETF,2017-02-10,0.5374,0.5374,0.5374,0.5374,-0.0056,0.0,0.0
159939.OF,广发中证全指信息技术ETF,2017-02-13,0.5403,0.5403,0.5403,0.5403,0.0054,0.0,0.0
159939.OF,广发中证全指信息技术ETF,2017-02-14,0.5402,0.5402,0.5402,0.5402,-0.0002,0.0,0.0
159939.OF,广发中证全指信息技术ETF,2017-02-15,0.5363,0.5363,0.5363,0.5363,-0.0072,0.0,0.0
159939.OF,广发中证全指信息技术ETF,2017-02-16,0.539,0.539,0.539,0.539,0.0049,0.0,0.0
159939.OF,广发中证全指信息技术ETF,2017-02-17,0.535,0.535,0.535,0.535,-0.0074,0.0,0.0
159939.OF,广发中证全指信息技术ETF,2017-02-20,0.5392,0.5392,0.5392,0.5392,0.0079,0.0,0.0
159939.OF,广发中证全指信息技术ETF,2017-02-21,0.5457,0.5457,0.5457,0.5457,0.0121,0.0,0.0
159939.OF,广发中证全指信息技术ETF,2017-02-22,0.5481,0.5481,0.5481,0.5481,0.0043,0.0,0.0
159939.OF,广发中证全指信息技术ETF,2017-02-23,0.5492,0.5492,0.5492,0.5492,0.002,0.0,0.0
159939.OF,广发中证全指信息技术ETF,2017-02-24,0.5525,0.5525,0.5525,0.5525,0.0061,0.0,0.0
159939.OF,广发中证全指信息技术ETF,2017-02-27,0.5494,0.5494,0.5494,0.5494,-0.0056,0.0,0.0
159939.OF,广发中证全指信息技术ETF,2017-02-28,0.5502,0.5502,0.5502,0.5502,0.0015,0.0,0.0
159939.OF,广发中证全指信息技术ETF,2017-03-01,0.5512,0.5512,0.5512,0.5512,0.0017,0.0,0.0
159939.OF,广发中证全指信息技术ETF,2017-03-02,0.5482,0.5482,0.5482,0.5482,-0.0054,0.0,0.0
159939.OF,广发中证全指信息技术ETF,2017-03-03,0.5519,0.5519,0.5519,0.5519,0.0068,0.0,0.0
159939.OF,广发中证全指信息技术ETF,2017-03-06,0.5603,0.5603,0.5603,0.5603,0.0152,0.0,0.0
159939.OF,广发中证全指信息技术ETF,2017-03-07,0.5643,0.5643,0.5643,0.5643,0.007,0.0,0.0
159939.OF,广发中证全指信息技术ETF,2017-03-08,0.5597,0.5597,0.5597,0.5597,-0.0082,0.0,0.0
159939.OF,广发中证全指信息技术ETF,2017-03-09,0.5577,0.5577,0.5577,0.5577,-0.0036,0.0,0.0
159939.OF,广发中证全指信息技术ETF,2017-03-10,0.558,0.558,0.558,0.558,0.0005,0.0,0.0
159939.OF,广发中证全指信息技术ETF,2017-03-13,0.5646,0.5646,0.5646,0.5646,0.0119,0.0,0.0
159939.OF,广发中证全指信息技术ETF,2017-03-14,0.5623,0.5623,0.5623,0.5623,-0.0041,0.0,0.0
159939.OF,广发中证全指信息技术ETF,2017-03-15,0.5616,0.5616,0.5616,0.5616,-0.0013,0.0,0.0
159939.OF,广发中证全指信息技术ETF,2017-03-16,0.5668,0.5668,0.5668,0.5668,0.0093,0.0,0.0
159939.OF,广发中证全指信息技术ETF,2017-03-17,0.5623,0.5623,0.5623,0.5623,-0.0079,0.0,0.0
159939.OF,广发中证全指信息技术ETF,2017-03-20,0.5637,0.5637,0.5637,0.5637,0.0025,0.0,0.0
159939.OF,广发中证全指信息技术ETF,2017-03-21,0.5647,0.5647,0.5647,0.5647,0.0017,0.0,0.0
159939.OF,广发中证全指信息技术ETF,2017-03-22,0.5622,0.5622,0.5622,0.5622,-0.0043,0.0,0.0
159939.OF,广发中证全指信息技术ETF,2017-03-23,0.5637,0.5637,0.5637,0.5637,0.0026,0.0,0.0
159939.OF,广发中证全指信息技术ETF,2017-03-24,0.5672,0.5672,0.5672,0.5672,0.0063,0.0,0.0
159939.OF,广发中证全指信息技术ETF,2017-03-27,0.5639,0.5639,0.5639,0.5639,-0.0059,0.0,0.0
159939.OF,广发中证全指信息技术ETF,2017-03-28,0.563,0.563,0.563,0.563,-0.0015,0.0,0.0
159939.OF,广发中证全指信息技术ETF,2017-03-29,0.56,0.56,0.56,0.56,-0.0053,0.0,0.0
159939.OF,广发中证全指信息技术ETF,2017-03-30,0.5476,0.5476,0.5476,0.5476,-0.0222,0.0,0.0
159939.OF,广发中证全指信息技术ETF,2017-03-31,0.5499,0.5499,0.5499,0.5499,0.0043,0.0,0.0
159939.OF,广发中证全指信息技术ETF,2017-04-05,0.5609,0.5609,0.5609,0.5609,0.0199,0.0,0.0
159939.OF,广发中证全指信息技术ETF,2017-04-06,0.562,0.562,0.562,0.562,0.0021,0.0,0.0
159939.OF,广发中证全指信息技术ETF,2017-04-07,0.5631,0.5631,0.5631,0.5631,0.0019,0.0,0.0
159939.OF,广发中证全指信息技术ETF,2017-04-10,0.5556,0.5556,0.5556,0.5556,-0.0133,0.0,0.0
159939.OF,广发中证全指信息技术ETF,2017-04-11,0.5588,0.5588,0.5588,0.5588,0.0058,0.0,0.0
159939.OF,广发中证全指信息技术ETF,2017-04-12,0.5522,0.5522,0.5522,0.5522,-0.0118,0.0,0.0
159939.OF,广发中证全指信息技术ETF,2017-04-13,0.5535,0.5535,0.5535,0.5535,0.0024,0.0,0.0
159939.OF,广发中证全指信息技术ETF,2017-04-14,0.5476,0.5476,0.5476,0.5476,-0.0106,0.0,0.0
159939.OF,广发中证全指信息技术ETF,2017-04-17,0.5427,0.5427,0.5427,0.5427,-0.0089,0.0,0.0
159939.OF,广发中证全指信息技术ETF,2017-04-18,0.5379,0.5379,0.5379,0.5379,-0.0089,0.0,0.0
159939.OF,广发中证全指信息技术ETF,2017-04-19,0.5348,0.5348,0.5348,0.5348,-0.0057,0.0,0.0
159939.OF,广发中证全指信息技术ETF,2017-04-20,0.5369,0.5369,0.5369,0.5369,0.0039,0.0,0.0
159939.OF,广发中证全指信息技术ETF,2017-04-21,0.534,0.534,0.534,0.534,-0.0055,0.0,0.0
159939.OF,广发中证全指信息技术ETF,2017-04-24,0.5247,0.5247,0.5247,0.5247,-0.0174,0.0,0.0
159939.OF,广发中证全指信息技术ETF,2017-04-25,0.5278,0.5278,0.5278,0.5278,0.0059,0.0,0.0
159939.OF,广发中证全指信息技术ETF,2017-04-26,0.5313,0.5313,0.5313,0.5313,0.0066,0.0,0.0
159939.OF,广发中证全指信息技术ETF,2017-04-27,0.5356,0.5356,0.5356,0.5356,0.0081,0.0,0.0
159939.OF,广发中证全指信息技术ETF,2017-04-28,0.5372,0.5372,0.5372,0.5372,0.0031,0.0,0.0
159939.OF,广发中证全指信息技术ETF,2017-05-02,0.5355,0.5355,0.5355,0.5355,-0.0032,0.0,0.0
159939.OF,广发中证全指信息技术ETF,2017-05-03,0.5353,0.5353,0.5353,0.5353,-0.0004,0.0,0.0
159939.OF,广发中证全指信息技术ETF,2017-05-04,0.5351,0.5351,0.5351,0.5351,-0.0004,0.0,0.0
159939.OF,广发中证全指信息技术ETF,2017-05-05,0.5292,0.5292,0.5292,0.5292,-0.011,0.0,0.0
159939.OF,广发中证全指信息技术ETF,2017-05-08,0.5217,0.5217,0.5217,0.5217,-0.0142,0.0,0.0
159939.OF,广发中证全指信息技术ETF,2017-05-09,0.5259,0.5259,0.5259,0.5259,0.0081,0.0,0.0
159939.OF,广发中证全指信息技术ETF,2017-05-10,0.5202,0.5202,0.5202,0.5202,-0.0108,0.0,0.0
159939.OF,广发中证全指信息技术ETF,2017-05-11,0.5166,0.5166,0.5166,0.5166,-0.0069,0.0,0.0
159939.OF,广发中证全指信息技术ETF,2017-05-12,0.5146,0.5146,0.5146,0.5146,-0.004,0.0,0.0
159939.OF,广发中证全指信息技术ETF,2017-05-15,0.5214,0.5214,0.5214,0.5214,0.0132,0.0,0.0
159939.OF,广发中证全指信息技术ETF,2017-05-16,0.5341,0.5341,0.5341,0.5341,0.0244,0.0,0.0
159939.OF,广发中证全指信息技术ETF,2017-05-17,0.533,0.533,0.533,0.533,-0.002,0.0,0.0
159939.OF,广发中证全指信息技术ETF,2017-05-18,0.5305,0.5305,0.5305,0.5305,-0.0048,0.0,0.0
159939.OF,广发中证全指信息技术ETF,2017-05-19,0.5288,0.5288,0.5288,0.5288,-0.0031,0.0,0.0
159939.OF,广发中证全指信息技术ETF,2017-05-22,0.5226,0.5226,0.5226,0.5226,-0.0117,0.0,0.0
159939.OF,广发中证全指信息技术ETF,2017-05-23,0.5099,0.5099,0.5099,0.5099,-0.0244,0.0,0.0
159939.OF,广发中证全指信息技术ETF,2017-05-24,0.5137,0.5137,0.5137,0.5137,0.0075,0.0,0.0
159939.OF,广发中证全指信息技术ETF,2017-05-25,0.516,0.516,0.516,0.516,0.0046,0.0,0.0
159939.OF,广发中证全指信息技术ETF,2017-05-26,0.5137,0.5137,0.5137,0.5137,-0.0046,0.0,0.0
159939.OF,广发中证全指信息技术ETF,2017-05-31,0.5125,0.5125,0.5125,0.5125,-0.0022,0.0,0.0
159939.OF,广发中证全指信息技术ETF,2017-06-01,0.502,0.502,0.502,0.502,-0.0205,0.0,0.0
159939.OF,广发中证全指信息技术ETF,2017-06-02,0.508,0.508,0.508,0.508,0.0119,0.0,0.0
159939.OF,广发中证全指信息技术ETF,2017-06-05,0.5129,0.5129,0.5129,0.5129,0.0097,0.0,0.0
159939.OF,广发中证全指信息技术ETF,2017-06-06,0.5162,0.5162,0.5162,0.5162,0.0063,0.0,0.0
159939.OF,广发中证全指信息技术ETF,2017-06-07,0.5275,0.5275,0.5275,0.5275,0.0219,0.0,0.0
159939.OF,广发中证全指信息技术ETF,2017-06-08,0.5286,0.5286,0.5286,0.5286,0.0021,0.0,0.0
159939.OF,广发中证全指信息技术ETF,2017-06-09,0.5304,0.5304,0.5304,0.5304,0.0035,0.0,0.0
159939.OF,广发中证全指信息技术ETF,2017-06-12,0.5219,0.5219,0.5219,0.5219,-0.016,0.0,0.0
159939.OF,广发中证全指信息技术ETF,2017-06-13,0.528,0.528,0.528,0.528,0.0116,0.0,0.0
159939.OF,广发中证全指信息技术ETF,2017-06-14,0.5247,0.5247,0.5247,0.5247,-0.0063,0.0,0.0
159939.OF,广发中证全指信息技术ETF,2017-06-15,0.5327,0.5327,0.5327,0.5327,0.0152,0.0,0.0
159939.OF,广发中证全指信息技术ETF,2017-06-16,0.5318,0.5318,0.5318,0.5318,-0.0016,0.0,0.0
159939.OF,广发中证全指信息技术ETF,2017-06-19,0.5347,0.5347,0.5347,0.5347,0.0054,0.0,0.0
159939.OF,广发中证全指信息技术ETF,2017-06-20,0.5352,0.5352,0.5352,0.5352,0.001,0.0,0.0
159939.OF,广发中证全指信息技术ETF,2017-06-21,0.5385,0.5385,0.5385,0.5385,0.0061,0.0,0.0
159939.OF,广发中证全指信息技术ETF,2017-06-22,0.5307,0.5307,0.5307,0.5307,-0.0145,0.0,0.0
159939.OF,广发中证全指信息技术ETF,2017-06-23,0.5325,0.5325,0.5325,0.5325,0.0035,0.0,0.0
159939.OF,广发中证全指信息技术ETF,2017-06-26,0.5405,0.5405,0.5405,0.5405,0.0149,0.0,0.0
159939.OF,广发中证全指信息技术ETF,2017-06-27,0.5403,0.5403,0.5403,0.5403,-0.0003,0.0,0.0
159939.OF,广发中证全指信息技术ETF,2017-06-28,0.5357,0.5357,0.5357,0.5357,-0.0085,0.0,0.0
159939.OF,广发中证全指信息技术ETF,2017-06-29,0.542,0.542,0.542,0.542,0.0117,0.0,0.0
159939.OF,广发中证全指信息技术ETF,2017-06-30,0.5412,0.5412,0.5412,0.5412,-0.0014,0.0,0.0
159939.OF,广发中证全指信息技术ETF,2017-07-03,0.5429,0.5429,0.5429,0.5429,0.0031,0.0,0.0
159939.OF,广发中证全指信息技术ETF,2017-07-04,0.5425,0.5425,0.5425,0.5425,-0.0007,0.0,0.0
159939.OF,广发中证全指信息技术ETF,2017-07-05,0.547,0.547,0.547,0.547,0.0082,0.0,0.0
159939.OF,广发中证全指信息技术ETF,2017-07-06,0.5465,0.5465,0.5465,0.5465,-0.0008,0.0,0.0
159939.OF,广发中证全指信息技术ETF,2017-07-07,0.5466,0.5466,0.5466,0.5466,0.0001,0.0,0.0
159939.OF,广发中证全指信息技术ETF,2017-07-10,0.5396,0.5396,0.5396,0.5396,-0.0128,0.0,0.0
159939.OF,广发中证全指信息技术ETF,2017-07-11,0.5341,0.5341,0.5341,0.5341,-0.0101,0.0,0.0
159939.OF,广发中证全指信息技术ETF,2017-07-12,0.5335,0.5335,0.5335,0.5335,-0.0012,0.0,0.0
159939.OF,广发中证全指信息技术ETF,2017-07-13,0.5303,0.5303,0.5303,0.5303,-0.0059,0.0,0.0
159939.OF,广发中证全指信息技术ETF,2017-07-14,0.5282,0.5282,0.5282,0.5282,-0.004,0.0,0.0
159939.OF,广发中证全指信息技术ETF,2017-07-17,0.5028,0.5028,0.5028,0.5028,-0.0482,0.0,0.0
159939.OF,广发中证全指信息技术ETF,2017-07-18,0.5044,0.5044,0.5044,0.5044,0.0033,0.0,0.0
159939.OF,广发中证全指信息技术ETF,2017-07-19,0.5126,0.5126,0.5126,0.5126,0.0163,0.0,0.0
159939.OF,广发中证全指信息技术ETF,2017-07-20,0.5151,0.5151,0.5151,0.5151,0.0048,0.0,0.0
159939.OF,广发中证全指信息技术ETF,2017-07-21,0.515,0.515,0.515,0.515,-0.0001,0.0,0.0
159939.OF,广发中证全指信息技术ETF,2017-07-24,0.5173,0.5173,0.5173,0.5173,0.0044,0.0,0.0
159939.OF,广发中证全指信息技术ETF,2017-07-25,0.5154,0.5154,0.5154,0.5154,-0.0037,0.0,0.0
159939.OF,广发中证全指信息技术ETF,2017-07-26,0.5126,0.5126,0.5126,0.5126,-0.0053,0.0,0.0
159939.OF,广发中证全指信息技术ETF,2017-07-27,0.5272,0.5272,0.5272,0.5272,0.0285,0.0,0.0
159939.OF,广发中证全指信息技术ETF,2017-07-28,0.5257,0.5257,0.5257,0.5257,-0.0029,0.0,0.0
159939.OF,广发中证全指信息技术ETF,2017-07-31,0.5278,0.5278,0.5278,0.5278,0.0041,0.0,0.0
159939.OF,广发中证全指信息技术ETF,2017-08-01,0.5279,0.5279,0.5279,0.5279,0.0002,0.0,0.0
159939.OF,广发中证全指信息技术ETF,2017-08-02,0.523,0.523,0.523,0.523,-0.0093,0.0,0.0
159939.OF,广发中证全指信息技术ETF,2017-08-03,0.5223,0.5223,0.5223,0.5223,-0.0014,0.0,0.0
159939.OF,广发中证全指信息技术ETF,2017-08-04,0.5187,0.5187,0.5187,0.5187,-0.0069,0.0,0.0
159939.OF,广发中证全指信息技术ETF,2017-08-07,0.5217,0.5217,0.5217,0.5217,0.0059,0.0,0.0
159939.OF,广发中证全指信息技术ETF,2017-08-08,0.5259,0.5259,0.5259,0.5259,0.008,0.0,0.0
159939.OF,广发中证全指信息技术ETF,2017-08-09,0.5258,0.5258,0.5258,0.5258,-0.0001,0.0,0.0
159939.OF,广发中证全指信息技术ETF,2017-08-10,0.524,0.524,0.524,0.524,-0.0034,0.0,0.0
159939.OF,广发中证全指信息技术ETF,2017-08-11,0.5198,0.5198,0.5198,0.5198,-0.008,0.0,0.0
159939.OF,广发中证全指信息技术ETF,2017-08-14,0.5375,0.5375,0.5375,0.5375,0.0341,0.0,0.0
159939.OF,广发中证全指信息技术ETF,2017-08-15,0.5422,0.5422,0.5422,0.5422,0.0087,0.0,0.0
159939.OF,广发中证全指信息技术ETF,2017-08-16,0.5514,0.5514,0.5514,0.5514,0.017,0.0,0.0
159939.OF,广发中证全指信息技术ETF,2017-08-17,0.5558,0.5558,0.5558,0.5558,0.0079,0.0,0.0
159939.OF,广发中证全指信息技术ETF,2017-08-18,0.5518,0.5518,0.5518,0.5518,-0.0071,0.0,0.0
159939.OF,广发中证全指信息技术ETF,2017-08-21,0.5562,0.5562,0.5562,0.5562,0.008,0.0,0.0
159939.OF,广发中证全指信息技术ETF,2017-08-22,0.5519,0.5519,0.5519,0.5519,-0.0077,0.0,0.0
159939.OF,广发中证全指信息技术ETF,2017-08-23,0.5496,0.5496,0.5496,0.5496,-0.0043,0.0,0.0
159939.OF,广发中证全指信息技术ETF,2017-08-24,0.5447,0.5447,0.5447,0.5447,-0.0088,0.0,0.0
159939.OF,广发中证全指信息技术ETF,2017-08-25,0.5504,0.5504,0.5504,0.5504,0.0104,0.0,0.0
159939.OF,广发中证全指信息技术ETF,2017-08-28,0.5583,0.5583,0.5583,0.5583,0.0144,0.0,0.0
159939.OF,广发中证全指信息技术ETF,2017-08-29,0.5557,0.5557,0.5557,0.5557,-0.0047,0.0,0.0
159939.OF,广发中证全指信息技术ETF,2017-08-30,0.5589,0.5589,0.5589,0.5589,0.0058,0.0,0.0
159939.OF,广发中证全指信息技术ETF,2017-08-31,0.561,0.561,0.561,0.561,0.0037,0.0,0.0
159939.OF,广发中证全指信息技术ETF,2017-09-01,0.5689,0.5689,0.5689,0.5689,0.0141,0.0,0.0
159939.OF,广发中证全指信息技术ETF,2017-09-04,0.5789,0.5789,0.5789,0.5789,0.0176,0.0,0.0
159939.OF,广发中证全指信息技术ETF,2017-09-05,0.5787,0.5787,0.5787,0.5787,-0.0003,0.0,0.0
159939.OF,广发中证全指信息技术ETF,2017-09-06,0.5834,0.5834,0.5834,0.5834,0.008,0.0,0.0
159939.OF,广发中证全指信息技术ETF,2017-09-07,0.5787,0.5787,0.5787,0.5787,-0.008,0.0,0.0
159939.OF,广发中证全指信息技术ETF,2017-09-08,0.5776,0.5776,0.5776,0.5776,-0.002,0.0,0.0
159939.OF,广发中证全指信息技术ETF,2017-09-11,0.5805,0.5805,0.5805,0.5805,0.0051,0.0,0.0
159939.OF,广发中证全指信息技术ETF,2017-09-12,0.5813,0.5813,0.5813,0.5813,0.0013,0.0,0.0
159939.OF,广发中证全指信息技术ETF,2017-09-13,0.5794,0.5794,0.5794,0.5794,-0.0033,0.0,0.0
159939.OF,广发中证全指信息技术ETF,2017-09-14,0.5766,0.5766,0.5766,0.5766,-0.0048,0.0,0.0
159939.OF,广发中证全指信息技术ETF,2017-09-15,0.5724,0.5724,0.5724,0.5724,-0.0072,0.0,0.0
159939.OF,广发中证全指信息技术ETF,2017-09-18,0.5785,0.5785,0.5785,0.5785,0.0106,0.0,0.0
159939.OF,广发中证全指信息技术ETF,2017-09-19,0.5736,0.5736,0.5736,0.5736,-0.0085,0.0,0.0
159939.OF,广发中证全指信息技术ETF,2017-09-20,0.5793,0.5793,0.5793,0.5793,0.01,0.0,0.0
159939.OF,广发中证全指信息技术ETF,2017-09-21,0.5751,0.5751,0.5751,0.5751,-0.0073,0.0,0.0
159939.OF,广发中证全指信息技术ETF,2017-09-22,0.5724,0.5724,0.5724,0.5724,-0.0048,0.0,0.0
159939.OF,广发中证全指信息技术ETF,2017-09-25,0.5645,0.5645,0.5645,0.5645,-0.0138,0.0,0.0
159939.OF,广发中证全指信息技术ETF,2017-09-26,0.5646,0.5646,0.5646,0.5646,0.0003,0.0,0.0
159939.OF,广发中证全指信息技术ETF,2017-09-27,0.5707,0.5707,0.5707,0.5707,0.0107,0.0,0.0
159939.OF,广发中证全指信息技术ETF,2017-09-28,0.5736,0.5736,0.5736,0.5736,0.0052,0.0,0.0
159939.OF,广发中证全指信息技术ETF,2017-09-29,0.5779,0.5779,0.5779,0.5779,0.0074,0.0,0.0
159939.OF,广发中证全指信息技术ETF,2017-09-30,0.5779,0.5779,0.5779,0.5779,0.0,0.0,0.0
159939.OF,广发中证全指信息技术ETF,2017-10-09,0.5892,0.5892,0.5892,0.5892,0.0196,0.0,0.0
159939.OF,广发中证全指信息技术ETF,2017-10-10,0.594,0.594,0.594,0.594,0.0081,0.0,0.0
159939.OF,广发中证全指信息技术ETF,2017-10-11,0.5887,0.5887,0.5887,0.5887,-0.0088,0.0,0.0
159939.OF,广发中证全指信息技术ETF,2017-10-12,0.5903,0.5903,0.5903,0.5903,0.0026,0.0,0.0
159939.OF,广发中证全指信息技术ETF,2017-10-13,0.5962,0.5962,0.5962,0.5962,0.0101,0.0,0.0
159939.OF,广发中证全指信息技术ETF,2017-10-16,0.5854,0.5854,0.5854,0.5854,-0.0181,0.0,0.0
159939.OF,广发中证全指信息技术ETF,2017-10-17,0.5841,0.5841,0.5841,0.5841,-0.0022,0.0,0.0
159939.OF,广发中证全指信息技术ETF,2017-10-18,0.5824,0.5824,0.5824,0.5824,-0.003,0.0,0.0
159939.OF,广发中证全指信息技术ETF,2017-10-19,0.5753,0.5753,0.5753,0.5753,-0.0121,0.0,0.0
159939.OF,广发中证全指信息技术ETF,2017-10-20,0.5797,0.5797,0.5797,0.5797,0.0076,0.0,0.0
159939.OF,广发中证全指信息技术ETF,2017-10-23,0.5843,0.5843,0.5843,0.5843,0.0079,0.0,0.0
159939.OF,广发中证全指信息技术ETF,2017-10-24,0.5824,0.5824,0.5824,0.5824,-0.0033,0.0,0.0
159939.OF,广发中证全指信息技术ETF,2017-10-25,0.5907,0.5907,0.5907,0.5907,0.0143,0.0,0.0
159939.OF,广发中证全指信息技术ETF,2017-10-26,0.5914,0.5914,0.5914,0.5914,0.0011,0.0,0.0
159939.OF,广发中证全指信息技术ETF,2017-10-27,0.588,0.588,0.588,0.588,-0.0057,0.0,0.0
159939.OF,广发中证全指信息技术ETF,2017-10-30,0.5795,0.5795,0.5795,0.5795,-0.0144,0.0,0.0
159939.OF,广发中证全指信息技术ETF,2017-10-31,0.5861,0.5861,0.5861,0.5861,0.0114,0.0,0.0
159939.OF,广发中证全指信息技术ETF,2017-11-01,0.5854,0.5854,0.5854,0.5854,-0.0013,0.0,0.0
159939.OF,广发中证全指信息技术ETF,2017-11-02,0.5806,0.5806,0.5806,0.5806,-0.0081,0.0,0.0
159939.OF,广发中证全指信息技术ETF,2017-11-03,0.5813,0.5813,0.5813,0.5813,0.0011,0.0,0.0
159939.OF,广发中证全指信息技术ETF,2017-11-06,0.5925,0.5925,0.5925,0.5925,0.0194,0.0,0.0
159939.OF,广发中证全指信息技术ETF,2017-11-07,0.5974,0.5974,0.5974,0.5974,0.0082,0.0,0.0
159939.OF,广发中证全指信息技术ETF,2017-11-08,0.5967,0.5967,0.5967,0.5967,-0.0012,0.0,0.0
159939.OF,广发中证全指信息技术ETF,2017-11-09,0.6058,0.6058,0.6058,0.6058,0.0153,0.0,0.0
159939.OF,广发中证全指信息技术ETF,2017-11-10,0.6109,0.6109,0.6109,0.6109,0.0085,0.0,0.0
159939.OF,广发中证全指信息技术ETF,2017-11-13,0.6178,0.6178,0.6178,0.6178,0.0112,0.0,0.0
159939.OF,广发中证全指信息技术ETF,2017-11-14,0.6096,0.6096,0.6096,0.6096,-0.0132,0.0,0.0
159939.OF,广发中证全指信息技术ETF,2017-11-15,0.5999,0.5999,0.5999,0.5999,-0.016,0.0,0.0
159939.OF,广发中证全指信息技术ETF,2017-11-16,0.6025,0.6025,0.6025,0.6025,0.0044,0.0,0.0
159939.OF,广发中证全指信息技术ETF,2017-11-17,0.5823,0.5823,0.5823,0.5823,-0.0335,0.0,0.0
159939.OF,广发中证全指信息技术ETF,2017-11-20,0.5929,0.5929,0.5929,0.5929,0.0181,0.0,0.0
159939.OF,广发中证全指信息技术ETF,2017-11-21,0.5983,0.5983,0.5983,0.5983,0.0091,0.0,0.0
159939.OF,广发中证全指信息技术ETF,2017-11-22,0.5966,0.5966,0.5966,0.5966,-0.0028,0.0,0.0
159939.OF,广发中证全指信息技术ETF,2017-11-23,0.5746,0.5746,0.5746,0.5746,-0.0369,0.0,0.0
159939.OF,广发中证全指信息技术ETF,2017-11-24,0.5681,0.5681,0.5681,0.5681,-0.0114,0.0,0.0
159939.OF,广发中证全指信息技术ETF,2017-11-27,0.5557,0.5557,0.5557,0.5557,-0.0218,0.0,0.0
159939.OF,广发中证全指信息技术ETF,2017-11-28,0.5693,0.5693,0.5693,0.5693,0.0246,0.0,0.0
159939.OF,广发中证全指信息技术ETF,2017-11-29,0.5656,0.5656,0.5656,0.5656,-0.0065,0.0,0.0
159939.OF,广发中证全指信息技术ETF,2017-11-30,0.5598,0.5598,0.5598,0.5598,-0.0103,0.0,0.0
159939.OF,广发中证全指信息技术ETF,2017-12-01,0.5703,0.5703,0.5703,0.5703,0.0188,0.0,0.0
159939.OF,广发中证全指信息技术ETF,2017-12-04,0.568,0.568,0.568,0.568,-0.004,0.0,0.0
159939.OF,广发中证全指信息技术ETF,2017-12-05,0.5543,0.5543,0.5543,0.5543,-0.0241,0.0,0.0
159939.OF,广发中证全指信息技术ETF,2017-12-06,0.5629,0.5629,0.5629,0.5629,0.0155,0.0,0.0
159939.OF,广发中证全指信息技术ETF,2017-12-07,0.5592,0.5592,0.5592,0.5592,-0.0066,0.0,0.0
159939.OF,广发中证全指信息技术ETF,2017-12-08,0.5683,0.5683,0.5683,0.5683,0.0163,0.0,0.0
159939.OF,广发中证全指信息技术ETF,2017-12-11,0.5742,0.5742,0.5742,0.5742,0.0104,0.0,0.0
159939.OF,广发中证全指信息技术ETF,2017-12-12,0.5683,0.5683,0.5683,0.5683,-0.0103,0.0,0.0
159939.OF,广发中证全指信息技术ETF,2017-12-13,0.5722,0.5722,0.5722,0.5722,0.007,0.0,0.0
159939.OF,广发中证全指信息技术ETF,2017-12-14,0.5697,0.5697,0.5697,0.5697,-0.0045,0.0,0.0
159939.OF,广发中证全指信息技术ETF,2017-12-15,0.5635,0.5635,0.5635,0.5635,-0.0108,0.0,0.0
159939.OF,广发中证全指信息技术ETF,2017-12-18,0.5563,0.5563,0.5563,0.5563,-0.0128,0.0,0.0
159939.OF,广发中证全指信息技术ETF,2017-12-19,0.5635,0.5635,0.5635,0.5635,0.0129,0.0,0.0
159939.OF,广发中证全指信息技术ETF,2017-12-20,0.5565,0.5565,0.5565,0.5565,-0.0124,0.0,0.0
159939.OF,广发中证全指信息技术ETF,2017-12-21,0.5638,0.5638,0.5638,0.5638,0.0131,0.0,0.0
159939.OF,广发中证全指信息技术ETF,2017-12-22,0.5599,0.5599,0.5599,0.5599,-0.0069,0.0,0.0
159939.OF,广发中证全指信息技术ETF,2017-12-25,0.5492,0.5492,0.5492,0.5492,-0.019,0.0,0.0
159939.OF,广发中证全指信息技术ETF,2017-12-26,0.5514,0.5514,0.5514,0.5514,0.004,0.0,0.0
159939.OF,广发中证全指信息技术ETF,2017-12-27,0.5431,0.5431,0.5431,0.5431,-0.0151,0.0,0.0
159939.OF,广发中证全指信息技术ETF,2017-12-28,0.5429,0.5429,0.5429,0.5429,-0.0005,0.0,0.0
159939.OF,广发中证全指信息技术ETF,2017-12-29,0.5492,0.5492,0.5492,0.5492,0.0116,0.0,0.0
159939.OF,广发中证全指信息技术ETF,2017-12-31,0.5491,0.5491,0.5491,0.5491,-0.0001,0.0,0.0
159939.OF,广发中证全指信息技术ETF,2018-01-02,0.5526,0.5526,0.5526,0.5526,0.0064,0.0,0.0
159939.OF,广发中证全指信息技术ETF,2018-01-03,0.5598,0.5598,0.5598,0.5598,0.013,0.0,0.0
159939.OF,广发中证全指信息技术ETF,2018-01-04,0.5602,0.5602,0.5602,0.5602,0.0006,0.0,0.0
159939.OF,广发中证全指信息技术ETF,2018-01-05,0.5563,0.5563,0.5563,0.5563,-0.007,0.0,0.0
159939.OF,广发中证全指信息技术ETF,2018-01-08,0.554,0.554,0.554,0.554,-0.004,0.0,0.0
159939.OF,广发中证全指信息技术ETF,2018-01-09,0.5558,0.5558,0.5558,0.5558,0.0032,0.0,0.0
159939.OF,广发中证全指信息技术ETF,2018-01-10,0.5569,0.5569,0.5569,0.5569,0.0019,0.0,0.0
159939.OF,广发中证全指信息技术ETF,2018-01-11,0.5668,0.5668,0.5668,0.5668,0.0178,0.0,0.0
159939.OF,广发中证全指信息技术ETF,2018-01-12,0.5598,0.5598,0.5598,0.5598,-0.0123,0.0,0.0
159939.OF,广发中证全指信息技术ETF,2018-01-15,0.5434,0.5434,0.5434,0.5434,-0.0294,0.0,0.0
159939.OF,广发中证全指信息技术ETF,2018-01-16,0.542,0.542,0.542,0.542,-0.0025,0.0,0.0
159939.OF,广发中证全指信息技术ETF,2018-01-17,0.5393,0.5393,0.5393,0.5393,-0.005,0.0,0.0
159939.OF,广发中证全指信息技术ETF,2018-01-18,0.537,0.537,0.537,0.537,-0.0043,0.0,0.0
159939.OF,广发中证全指信息技术ETF,2018-01-19,0.5395,0.5395,0.5395,0.5395,0.0046,0.0,0.0
159939.OF,广发中证全指信息技术ETF,2018-01-22,0.5486,0.5486,0.5486,0.5486,0.0169,0.0,0.0
159939.OF,广发中证全指信息技术ETF,2018-01-23,0.5474,0.5474,0.5474,0.5474,-0.0022,0.0,0.0
159939.OF,广发中证全指信息技术ETF,2018-01-24,0.5576,0.5576,0.5576,0.5576,0.0187,0.0,0.0
159939.OF,广发中证全指信息技术ETF,2018-01-25,0.5538,0.5538,0.5538,0.5538,-0.0068,0.0,0.0
159939.OF,广发中证全指信息技术ETF,2018-01-26,0.5524,0.5524,0.5524,0.5524,-0.0025,0.0,0.0
159939.OF,广发中证全指信息技术ETF,2018-01-29,0.5389,0.5389,0.5389,0.5389,-0.0245,0.0,0.0
159939.OF,广发中证全指信息技术ETF,2018-01-30,0.5376,0.5376,0.5376,0.5376,-0.0024,0.0,0.0
159939.OF,广发中证全指信息技术ETF,2018-01-31,0.5231,0.5231,0.5231,0.5231,-0.0269,0.0,0.0
159939.OF,广发中证全指信息技术ETF,2018-02-01,0.5054,0.5054,0.5054,0.5054,-0.0339,0.0,0.0
159939.OF,广发中证全指信息技术ETF,2018-02-02,0.508,0.508,0.508,0.508,0.0052,0.0,0.0
159939.OF,广发中证全指信息技术ETF,2018-02-05,0.5026,0.5026,0.5026,0.5026,-0.0107,0.0,0.0
159939.OF,广发中证全指信息技术ETF,2018-02-06,0.4747,0.4747,0.4747,0.4747,-0.0554,0.0,0.0
159939.OF,广发中证全指信息技术ETF,2018-02-07,0.4786,0.4786,0.4786,0.4786,0.0082,0.0,0.0
159939.OF,广发中证全指信息技术ETF,2018-02-08,0.4912,0.4912,0.4912,0.4912,0.0262,0.0,0.0
159939.OF,广发中证全指信息技术ETF,2018-02-09,0.4785,0.4785,0.4785,0.4785,-0.0259,0.0,0.0
159939.OF,广发中证全指信息技术ETF,2018-02-12,0.4949,0.4949,0.4949,0.4949,0.0343,0.0,0.0
159939.OF,广发中证全指信息技术ETF,2018-02-13,0.4959,0.4959,0.4959,0.4959,0.002,0.0,0.0
159939.OF,广发中证全指信息技术ETF,2018-02-14,0.4951,0.4951,0.4951,0.4951,-0.0016,0.0,0.0
159939.OF,广发中证全指信息技术ETF,2018-02-22,0.5074,0.5074,0.5074,0.5074,0.0248,0.0,0.0
159939.OF,广发中证全指信息技术ETF,2018-02-23,0.5053,0.5053,0.5053,0.5053,-0.0041,0.0,0.0
159939.OF,广发中证全指信息技术ETF,2018-02-26,0.5256,0.5256,0.5256,0.5256,0.0402,0.0,0.0
159939.OF,广发中证全指信息技术ETF,2018-02-27,0.5302,0.5302,0.5302,0.5302,0.0088,0.0,0.0
159939.OF,广发中证全指信息技术ETF,2018-02-28,0.5343,0.5343,0.5343,0.5343,0.0077,0.0,0.0
159939.OF,广发中证全指信息技术ETF,2018-03-01,0.55,0.55,0.55,0.55,0.0295,0.0,0.0
159939.OF,广发中证全指信息技术ETF,2018-03-02,0.5415,0.5415,0.5415,0.5415,-0.0155,0.0,0.0
159939.OF,广发中证全指信息技术ETF,2018-03-05,0.5499,0.5499,0.5499,0.5499,0.0154,0.0,0.0
159939.OF,广发中证全指信息技术ETF,2018-03-06,0.5542,0.5542,0.5542,0.5542,0.0078,0.0,0.0
159939.OF,广发中证全指信息技术ETF,2018-03-07,0.5485,0.5485,0.5485,0.5485,-0.0102,0.0,0.0
159939.OF,广发中证全指信息技术ETF,2018-03-08,0.55,0.55,0.55,0.55,0.0026,0.0,0.0
159939.OF,广发中证全指信息技术ETF,2018-03-09,0.5685,0.5685,0.5685,0.5685,0.0336,0.0,0.0
159939.OF,广发中证全指信息技术ETF,2018-03-12,0.5792,0.5792,0.5792,0.5792,0.0189,0.0,0.0
159939.OF,广发中证全指信息技术ETF,2018-03-13,0.5751,0.5751,0.5751,0.5751,-0.0072,0.0,0.0
159939.OF,广发中证全指信息技术ETF,2018-03-14,0.5643,0.5643,0.5643,0.5643,-0.0187,0.0,0.0
159939.OF,广发中证全指信息技术ETF,2018-03-15,0.5645,0.5645,0.5645,0.5645,0.0003,0.0,0.0
159939.OF,广发中证全指信息技术ETF,2018-03-16,0.5576,0.5576,0.5576,0.5576,-0.0121,0.0,0.0
159939.OF,广发中证全指信息技术ETF,2018-03-19,0.5631,0.5631,0.5631,0.5631,0.0099,0.0,0.0
159939.OF,广发中证全指信息技术ETF,2018-03-20,0.5643,0.5643,0.5643,0.5643,0.002,0.0,0.0
159939.OF,广发中证全指信息技术ETF,2018-03-21,0.5578,0.5578,0.5578,0.5578,-0.0114,0.0,0.0
159939.OF,广发中证全指信息技术ETF,2018-03-22,0.5558,0.5558,0.5558,0.5558,-0.0037,0.0,0.0
159939.OF,广发中证全指信息技术ETF,2018-03-23,0.5238,0.5238,0.5238,0.5238,-0.0575,0.0,0.0
159939.OF,广发中证全指信息技术ETF,2018-03-26,0.5392,0.5392,0.5392,0.5392,0.0293,0.0,0.0
159939.OF,广发中证全指信息技术ETF,2018-03-27,0.5593,0.5593,0.5593,0.5593,0.0374,0.0,0.0
159939.OF,广发中证全指信息技术ETF,2018-03-28,0.5547,0.5547,0.5547,0.5547,-0.0082,0.0,0.0
159939.OF,广发中证全指信息技术ETF,2018-03-29,0.5549,0.5549,0.5549,0.5549,0.0004,0.0,0.0
159939.OF,广发中证全指信息技术ETF,2018-03-30,0.5699,0.5699,0.5699,0.5699,0.0269,0.0,0.0
159939.OF,广发中证全指信息技术ETF,2018-03-31,0.5699,0.5699,0.5699,0.5699,0.0,0.0,0.0
159939.OF,广发中证全指信息技术ETF,2018-04-02,0.5752,0.5752,0.5752,0.5752,0.0094,0.0,0.0
159939.OF,广发中证全指信息技术ETF,2018-04-03,0.5676,0.5676,0.5676,0.5676,-0.0133,0.0,0.0
159939.OF,广发中证全指信息技术ETF,2018-04-04,0.5559,0.5559,0.5559,0.5559,-0.0206,0.0,0.0
159939.OF,广发中证全指信息技术ETF,2018-04-09,0.5579,0.5579,0.5579,0.5579,0.0037,0.0,0.0
159939.OF,广发中证全指信息技术ETF,2018-04-10,0.558,0.558,0.558,0.558,0.0002,0.0,0.0
159939.OF,广发中证全指信息技术ETF,2018-04-11,0.5606,0.5606,0.5606,0.5606,0.0046,0.0,0.0
159939.OF,广发中证全指信息技术ETF,2018-04-12,0.5571,0.5571,0.5571,0.5571,-0.0062,0.0,0.0
159939.OF,广发中证全指信息技术ETF,2018-04-13,0.5602,0.5602,0.5602,0.5602,0.0056,0.0,0.0
159939.OF,广发中证全指信息技术ETF,2018-04-16,0.5674,0.5674,0.5674,0.5674,0.0129,0.0,0.0
159939.OF,广发中证全指信息技术ETF,2018-04-17,0.5467,0.5467,0.5467,0.5467,-0.0366,0.0,0.0
159939.OF,广发中证全指信息技术ETF,2018-04-18,0.5616,0.5616,0.5616,0.5616,0.0273,0.0,0.0
159939.OF,广发中证全指信息技术ETF,2018-04-19,0.5606,0.5606,0.5606,0.5606,-0.0018,0.0,0.0
159939.OF,广发中证全指信息技术ETF,2018-04-20,0.548,0.548,0.548,0.548,-0.0224,0.0,0.0
159939.OF,广发中证全指信息技术ETF,2018-04-23,0.5393,0.5393,0.5393,0.5393,-0.016,0.0,0.0
159939.OF,广发中证全指信息技术ETF,2018-04-24,0.5538,0.5538,0.5538,0.5538,0.027,0.0,0.0
159939.OF,广发中证全指信息技术ETF,2018-04-25,0.5549,0.5549,0.5549,0.5549,0.002,0.0,0.0
159939.OF,广发中证全指信息技术ETF,2018-04-26,0.5419,0.5419,0.5419,0.5419,-0.0235,0.0,0.0
159939.OF,广发中证全指信息技术ETF,2018-04-27,0.54,0.54,0.54,0.54,-0.0034,0.0,0.0
159939.OF,广发中证全指信息技术ETF,2018-05-02,0.5355,0.5355,0.5355,0.5355,-0.0083,0.0,0.0
159939.OF,广发中证全指信息技术ETF,2018-05-03,0.5474,0.5474,0.5474,0.5474,0.0221,0.0,0.0
159939.OF,广发中证全指信息技术ETF,2018-05-04,0.5422,0.5422,0.5422,0.5422,-0.0095,0.0,0.0
159939.OF,广发中证全指信息技术ETF,2018-05-07,0.5522,0.5522,0.5522,0.5522,0.0184,0.0,0.0
159939.OF,广发中证全指信息技术ETF,2018-05-08,0.5559,0.5559,0.5559,0.5559,0.0068,0.0,0.0
159939.OF,广发中证全指信息技术ETF,2018-05-09,0.5546,0.5546,0.5546,0.5546,-0.0024,0.0,0.0
159939.OF,广发中证全指信息技术ETF,2018-05-10,0.5526,0.5526,0.5526,0.5526,-0.0035,0.0,0.0
159939.OF,广发中证全指信息技术ETF,2018-05-11,0.5444,0.5444,0.5444,0.5444,-0.0149,0.0,0.0
159939.OF,广发中证全指信息技术ETF,2018-05-14,0.5437,0.5437,0.5437,0.5437,-0.0013,0.0,0.0
159939.OF,广发中证全指信息技术ETF,2018-05-15,0.5504,0.5504,0.5504,0.5504,0.0124,0.0,0.0
159939.OF,广发中证全指信息技术ETF,2018-05-16,0.5449,0.5449,0.5449,0.5449,-0.01,0.0,0.0
159939.OF,广发中证全指信息技术ETF,2018-05-17,0.5423,0.5423,0.5423,0.5423,-0.0048,0.0,0.0
159939.OF,广发中证全指信息技术ETF,2018-05-18,0.5426,0.5426,0.5426,0.5426,0.0006,0.0,0.0
159939.OF,广发中证全指信息技术ETF,2018-05-21,0.5542,0.5542,0.5542,0.5542,0.0214,0.0,0.0
159939.OF,广发中证全指信息技术ETF,2018-05-22,0.5557,0.5557,0.5557,0.5557,0.0027,0.0,0.0
159939.OF,广发中证全指信息技术ETF,2018-05-23,0.5507,0.5507,0.5507,0.5507,-0.0091,0.0,0.0
159939.OF,广发中证全指信息技术ETF,2018-05-24,0.5457,0.5457,0.5457,0.5457,-0.0091,0.0,0.0
159939.OF,广发中证全指信息技术ETF,2018-05-25,0.5336,0.5336,0.5336,0.5336,-0.0222,0.0,0.0
159939.OF,广发中证全指信息技术ETF,2018-05-28,0.5299,0.5299,0.5299,0.5299,-0.0069,0.0,0.0
159939.OF,广发中证全指信息技术ETF,2018-05-29,0.5282,0.5282,0.5282,0.5282,-0.0032,0.0,0.0
159939.OF,广发中证全指信息技术ETF,2018-05-30,0.5108,0.5108,0.5108,0.5108,-0.0329,0.0,0.0
159939.OF,广发中证全指信息技术ETF,2018-05-31,0.5168,0.5168,0.5168,0.5168,0.0116,0.0,0.0
159939.OF,广发中证全指信息技术ETF,2018-06-01,0.5091,0.5091,0.5091,0.5091,-0.0148,0.0,0.0
159939.OF,广发中证全指信息技术ETF,2018-06-04,0.5083,0.5083,0.5083,0.5083,-0.0017,0.0,0.0
159939.OF,广发中证全指信息技术ETF,2018-06-05,0.5237,0.5237,0.5237,0.5237,0.0304,0.0,0.0
159939.OF,广发中证全指信息技术ETF,2018-06-06,0.5228,0.5228,0.5228,0.5228,-0.0018,0.0,0.0
159939.OF,广发中证全指信息技术ETF,2018-06-07,0.5189,0.5189,0.5189,0.5189,-0.0075,0.0,0.0
159939.OF,广发中证全指信息技术ETF,2018-06-08,0.5152,0.5152,0.5152,0.5152,-0.007,0.0,0.0
159939.OF,广发中证全指信息技术ETF,2018-06-11,0.5123,0.5123,0.5123,0.5123,-0.0056,0.0,0.0
159939.OF,广发中证全指信息技术ETF,2018-06-12,0.516,0.516,0.516,0.516,0.0072,0.0,0.0
159939.OF,广发中证全指信息技术ETF,2018-06-13,0.5064,0.5064,0.5064,0.5064,-0.0187,0.0,0.0
159939.OF,广发中证全指信息技术ETF,2018-06-14,0.5045,0.5045,0.5045,0.5045,-0.0037,0.0,0.0
159939.OF,广发中证全指信息技术ETF,2018-06-15,0.4935,0.4935,0.4935,0.4935,-0.0219,0.0,0.0
159939.OF,广发中证全指信息技术ETF,2018-06-19,0.4601,0.4601,0.4601,0.4601,-0.0676,0.0,0.0
159939.OF,广发中证全指信息技术ETF,2018-06-20,0.4642,0.4642,0.4642,0.4642,0.0089,0.0,0.0
159939.OF,广发中证全指信息技术ETF,2018-06-21,0.4452,0.4452,0.4452,0.4452,-0.0409,0.0,0.0
159939.OF,广发中证全指信息技术ETF,2018-06-22,0.4529,0.4529,0.4529,0.4529,0.0172,0.0,0.0
159939.OF,广发中证全指信息技术ETF,2018-06-25,0.4486,0.4486,0.4486,0.4486,-0.0094,0.0,0.0
159939.OF,广发中证全指信息技术ETF,2018-06-26,0.4601,0.4601,0.4601,0.4601,0.0255,0.0,0.0
159939.OF,广发中证全指信息技术ETF,2018-06-27,0.4565,0.4565,0.4565,0.4565,-0.0077,0.0,0.0
159939.OF,广发中证全指信息技术ETF,2018-06-28,0.4538,0.4538,0.4538,0.4538,-0.0059,0.0,0.0
159939.OF,广发中证全指信息技术ETF,2018-06-29,0.4752,0.4752,0.4752,0.4752,0.047,0.0,0.0
159939.OF,广发中证全指信息技术ETF,2018-06-30,0.4752,0.4752,0.4752,0.4752,0.0,0.0,0.0
159939.OF,广发中证全指信息技术ETF,2018-07-02,0.468,0.468,0.468,0.468,-0.0152,0.0,0.0
159939.OF,广发中证全指信息技术ETF,2018-07-03,0.4782,0.4782,0.4782,0.4782,0.0219,0.0,0.0
159939.OF,广发中证全指信息技术ETF,2018-07-04,0.4649,0.4649,0.4649,0.4649,-0.0278,0.0,0.0
159939.OF,广发中证全指信息技术ETF,2018-07-05,0.4546,0.4546,0.4546,0.4546,-0.0222,0.0,0.0
159939.OF,广发中证全指信息技术ETF,2018-07-06,0.4572,0.4572,0.4572,0.4572,0.0056,0.0,0.0
159939.OF,广发中证全指信息技术ETF,2018-07-09,0.4693,0.4693,0.4693,0.4693,0.0265,0.0,0.0
159939.OF,广发中证全指信息技术ETF,2018-07-10,0.4723,0.4723,0.4723,0.4723,0.0064,0.0,0.0
159939.OF,广发中证全指信息技术ETF,2018-07-11,0.4575,0.4575,0.4575,0.4575,-0.0313,0.0,0.0
159939.OF,广发中证全指信息技术ETF,2018-07-12,0.4761,0.4761,0.4761,0.4761,0.0408,0.0,0.0
159939.OF,广发中证全指信息技术ETF,2018-07-13,0.478,0.478,0.478,0.478,0.004,0.0,0.0
159939.OF,广发中证全指信息技术ETF,2018-07-16,0.4806,0.4806,0.4806,0.4806,0.0054,0.0,0.0
159939.OF,广发中证全指信息技术ETF,2018-07-17,0.482,0.482,0.482,0.482,0.0028,0.0,0.0
159939.OF,广发中证全指信息技术ETF,2018-07-18,0.4766,0.4766,0.4766,0.4766,-0.0111,0.0,0.0
159939.OF,广发中证全指信息技术ETF,2018-07-19,0.4733,0.4733,0.4733,0.4733,-0.007,0.0,0.0
159939.OF,广发中证全指信息技术ETF,2018-07-20,0.4819,0.4819,0.4819,0.4819,0.0182,0.0,0.0
159939.OF,广发中证全指信息技术ETF,2018-07-23,0.4898,0.4898,0.4898,0.4898,0.0164,0.0,0.0
159939.OF,广发中证全指信息技术ETF,2018-07-24,0.494,0.494,0.494,0.494,0.0087,0.0,0.0
159939.OF,广发中证全指信息技术ETF,2018-07-25,0.494,0.494,0.494,0.494,-0.0001,0.0,0.0
159939.OF,广发中证全指信息技术ETF,2018-07-26,0.4845,0.4845,0.4845,0.4845,-0.0192,0.0,0.0
159939.OF,广发中证全指信息技术ETF,2018-07-27,0.4795,0.4795,0.4795,0.4795,-0.0103,0.0,0.0
159939.OF,广发中证全指信息技术ETF,2018-07-30,0.4711,0.4711,0.4711,0.4711,-0.0175,0.0,0.0
159939.OF,广发中证全指信息技术ETF,2018-07-31,0.4696,0.4696,0.4696,0.4696,-0.0032,0.0,0.0
159939.OF,广发中证全指信息技术ETF,2018-08-01,0.4621,0.4621,0.4621,0.4621,-0.016,0.0,0.0
159939.OF,广发中证全指信息技术ETF,2018-08-02,0.4486,0.4486,0.4486,0.4486,-0.0291,0.0,0.0
159939.OF,广发中证全指信息技术ETF,2018-08-03,0.4376,0.4376,0.4376,0.4376,-0.0246,0.0,0.0
159939.OF,广发中证全指信息技术ETF,2018-08-06,0.4302,0.4302,0.4302,0.4302,-0.0169,0.0,0.0
159939.OF,广发中证全指信息技术ETF,2018-08-07,0.4433,0.4433,0.4433,0.4433,0.0305,0.0,0.0
159939.OF,广发中证全指信息技术ETF,2018-08-08,0.4325,0.4325,0.4325,0.4325,-0.0243,0.0,0.0
159939.OF,广发中证全指信息技术ETF,2018-08-09,0.4518,0.4518,0.4518,0.4518,0.0446,0.0,0.0
159939.OF,广发中证全指信息技术ETF,2018-08-10,0.4557,0.4557,0.4557,0.4557,0.0085,0.0,0.0
159939.OF,广发中证全指信息技术ETF,2018-08-13,0.4635,0.4635,0.4635,0.4635,0.0172,0.0,0.0
159939.OF,广发中证全指信息技术ETF,2018-08-14,0.4576,0.4576,0.4576,0.4576,-0.0127,0.0,0.0
159939.OF,广发中证全指信息技术ETF,2018-08-15,0.4474,0.4474,0.4474,0.4474,-0.0223,0.0,0.0
159939.OF,广发中证全指信息技术ETF,2018-08-16,0.4438,0.4438,0.4438,0.4438,-0.0082,0.0,0.0
159939.OF,广发中证全指信息技术ETF,2018-08-17,0.4354,0.4354,0.4354,0.4354,-0.0188,0.0,0.0
159939.OF,广发中证全指信息技术ETF,2018-08-20,0.443,0.443,0.443,0.443,0.0173,0.0,0.0
159939.OF,广发中证全指信息技术ETF,2018-08-21,0.4463,0.4463,0.4463,0.4463,0.0076,0.0,0.0
159939.OF,广发中证全指信息技术ETF,2018-08-22,0.4388,0.4388,0.4388,0.4388,-0.0168,0.0,0.0
159939.OF,广发中证全指信息技术ETF,2018-08-23,0.4449,0.4449,0.4449,0.4449,0.0138,0.0,0.0
159939.OF,广发中证全指信息技术ETF,2018-08-24,0.4433,0.4433,0.4433,0.4433,-0.0036,0.0,0.0
159939.OF,广发中证全指信息技术ETF,2018-08-27,0.4576,0.4576,0.4576,0.4576,0.0323,0.0,0.0
159939.OF,广发中证全指信息技术ETF,2018-08-28,0.4575,0.4575,0.4575,0.4575,-0.0001,0.0,0.0
159939.OF,广发中证全指信息技术ETF,2018-08-29,0.4554,0.4554,0.4554,0.4554,-0.0046,0.0,0.0
159939.OF,广发中证全指信息技术ETF,2018-08-30,0.4464,0.4464,0.4464,0.4464,-0.0198,0.0,0.0
159939.OF,广发中证全指信息技术ETF,2018-08-31,0.4415,0.4415,0.4415,0.4415,-0.011,0.0,0.0
159939.OF,广发中证全指信息技术ETF,2018-09-03,0.4425,0.4425,0.4425,0.4425,0.0023,0.0,0.0
159939.OF,广发中证全指信息技术ETF,2018-09-04,0.4507,0.4507,0.4507,0.4507,0.0185,0.0,0.0
159939.OF,广发中证全指信息技术ETF,2018-09-05,0.4437,0.4437,0.4437,0.4437,-0.0156,0.0,0.0
159939.OF,广发中证全指信息技术ETF,2018-09-06,0.4437,0.4437,0.4437,0.4437,0.0001,0.0,0.0
159939.OF,广发中证全指信息技术ETF,2018-09-07,0.4367,0.4367,0.4367,0.4367,-0.0158,0.0,0.0
159939.OF,广发中证全指信息技术ETF,2018-09-10,0.422,0.422,0.422,0.422,-0.0337,0.0,0.0
159939.OF,广发中证全指信息技术ETF,2018-09-11,0.4251,0.4251,0.4251,0.4251,0.0073,0.0,0.0
159939.OF,广发中证全指信息技术ETF,2018-09-12,0.4214,0.4214,0.4214,0.4214,-0.0087,0.0,0.0
159939.OF,广发中证全指信息技术ETF,2018-09-13,0.4263,0.4263,0.4263,0.4263,0.0116,0.0,0.0
159939.OF,广发中证全指信息技术ETF,2018-09-14,0.4175,0.4175,0.4175,0.4175,-0.0206,0.0,0.0
159939.OF,广发中证全指信息技术ETF,2018-09-17,0.4112,0.4112,0.4112,0.4112,-0.0152,0.0,0.0
159939.OF,广发中证全指信息技术ETF,2018-09-18,0.4184,0.4184,0.4184,0.4184,0.0175,0.0,0.0
159939.OF,广发中证全指信息技术ETF,2018-09-19,0.4233,0.4233,0.4233,0.4233,0.0117,0.0,0.0
159939.OF,广发中证全指信息技术ETF,2018-09-20,0.4212,0.4212,0.4212,0.4212,-0.0048,0.0,0.0
159939.OF,广发中证全指信息技术ETF,2018-09-21,0.4277,0.4277,0.4277,0.4277,0.0154,0.0,0.0
159939.OF,广发中证全指信息技术ETF,2018-09-25,0.4258,0.4258,0.4258,0.4258,-0.0046,0.0,0.0
159939.OF,广发中证全指信息技术ETF,2018-09-26,0.4277,0.4277,0.4277,0.4277,0.0045,0.0,0.0
159939.OF,广发中证全指信息技术ETF,2018-09-27,0.4195,0.4195,0.4195,0.4195,-0.0192,0.0,0.0
159939.OF,广发中证全指信息技术ETF,2018-09-28,0.4224,0.4224,0.4224,0.4224,0.0069,0.0,0.0
159939.OF,广发中证全指信息技术ETF,2018-09-30,0.4223,0.4223,0.4223,0.4223,-0.0001,0.0,0.0
159939.OF,广发中证全指信息技术ETF,2018-10-08,0.4025,0.4025,0.4025,0.4025,-0.047,0.0,0.0
159939.OF,广发中证全指信息技术ETF,2018-10-09,0.3996,0.3996,0.3996,0.3996,-0.0071,0.0,0.0
159939.OF,广发中证全指信息技术ETF,2018-10-10,0.3999,0.3999,0.3999,0.3999,0.0008,0.0,0.0
159939.OF,广发中证全指信息技术ETF,2018-10-11,0.3698,0.3698,0.3698,0.3698,-0.0753,0.0,0.0
159939.OF,广发中证全指信息技术ETF,2018-10-12,0.3685,0.3685,0.3685,0.3685,-0.0037,0.0,0.0
159939.OF,广发中证全指信息技术ETF,2018-10-15,0.3644,0.3644,0.3644,0.3644,-0.0111,0.0,0.0
159939.OF,广发中证全指信息技术ETF,2018-10-16,0.3542,0.3542,0.3542,0.3542,-0.028,0.0,0.0
159939.OF,广发中证全指信息技术ETF,2018-10-17,0.3616,0.3616,0.3616,0.3616,0.0209,0.0,0.0
159939.OF,广发中证全指信息技术ETF,2018-10-18,0.3548,0.3548,0.3548,0.3548,-0.0187,0.0,0.0
159939.OF,广发中证全指信息技术ETF,2018-10-19,0.3668,0.3668,0.3668,0.3668,0.0337,0.0,0.0
159939.OF,广发中证全指信息技术ETF,2018-10-22,0.3862,0.3862,0.3862,0.3862,0.053,0.0,0.0
159939.OF,广发中证全指信息技术ETF,2018-10-23,0.3765,0.3765,0.3765,0.3765,-0.0251,0.0,0.0
159939.OF,广发中证全指信息技术ETF,2018-10-24,0.3739,0.3739,0.3739,0.3739,-0.0069,0.0,0.0
159939.OF,广发中证全指信息技术ETF,2018-10-25,0.3698,0.3698,0.3698,0.3698,-0.0111,0.0,0.0
159939.OF,广发中证全指信息技术ETF,2018-10-26,0.3688,0.3688,0.3688,0.3688,-0.0026,0.0,0.0
159939.OF,广发中证全指信息技术ETF,2018-10-29,0.366,0.366,0.366,0.366,-0.0076,0.0,0.0
159939.OF,广发中证全指信息技术ETF,2018-10-30,0.3675,0.3675,0.3675,0.3675,0.0041,0.0,0.0
159939.OF,广发中证全指信息技术ETF,2018-10-31,0.3732,0.3732,0.3732,0.3732,0.0154,0.0,0.0
159939.OF,广发中证全指信息技术ETF,2018-11-01,0.3801,0.3801,0.3801,0.3801,0.0185,0.0,0.0
159939.OF,广发中证全指信息技术ETF,2018-11-02,0.3961,0.3961,0.3961,0.3961,0.0421,0.0,0.0
159939.OF,广发中证全指信息技术ETF,2018-11-05,0.3957,0.3957,0.3957,0.3957,-0.001,0.0,0.0
159939.OF,广发中证全指信息技术ETF,2018-11-06,0.3933,0.3933,0.3933,0.3933,-0.0059,0.0,0.0
159939.OF,广发中证全指信息技术ETF,2018-11-07,0.3916,0.3916,0.3916,0.3916,-0.0043,0.0,0.0
159939.OF,广发中证全指信息技术ETF,2018-11-08,0.3866,0.3866,0.3866,0.3866,-0.0128,0.0,0.0
159939.OF,广发中证全指信息技术ETF,2018-11-09,0.3864,0.3864,0.3864,0.3864,-0.0005,0.0,0.0
159939.OF,广发中证全指信息技术ETF,2018-11-12,0.4008,0.4008,0.4008,0.4008,0.0373,0.0,0.0
159939.OF,广发中证全指信息技术ETF,2018-11-13,0.4058,0.4058,0.4058,0.4058,0.0125,0.0,0.0
159939.OF,广发中证全指信息技术ETF,2018-11-14,0.4043,0.4043,0.4043,0.4043,-0.0038,0.0,0.0
159939.OF,广发中证全指信息技术ETF,2018-11-15,0.4137,0.4137,0.4137,0.4137,0.0233,0.0,0.0
159939.OF,广发中证全指信息技术ETF,2018-11-16,0.419,0.419,0.419,0.419,0.0129,0.0,0.0
159939.OF,广发中证全指信息技术ETF,2018-11-19,0.4176,0.4176,0.4176,0.4176,-0.0033,0.0,0.0
159939.OF,广发中证全指信息技术ETF,2018-11-20,0.4034,0.4034,0.4034,0.4034,-0.034,0.0,0.0
159939.OF,广发中证全指信息技术ETF,2018-11-21,0.4038,0.4038,0.4038,0.4038,0.001,0.0,0.0
159939.OF,广发中证全指信息技术ETF,2018-11-22,0.4042,0.4042,0.4042,0.4042,0.0009,0.0,0.0
159939.OF,广发中证全指信息技术ETF,2018-11-23,0.3881,0.3881,0.3881,0.3881,-0.0398,0.0,0.0
159939.OF,广发中证全指信息技术ETF,2018-11-26,0.3867,0.3867,0.3867,0.3867,-0.0036,0.0,0.0
159939.OF,广发中证全指信息技术ETF,2018-11-27,0.3897,0.3897,0.3897,0.3897,0.0078,0.0,0.0
159939.OF,广发中证全指信息技术ETF,2018-11-28,0.3964,0.3964,0.3964,0.3964,0.0173,0.0,0.0
159939.OF,广发中证全指信息技术ETF,2018-11-29,0.3851,0.3851,0.3851,0.3851,-0.0285,0.0,0.0
159939.OF,广发中证全指信息技术ETF,2018-11-30,0.3892,0.3892,0.3892,0.3892,0.0106,0.0,0.0
159939.OF,广发中证全指信息技术ETF,2018-12-03,0.4043,0.4043,0.4043,0.4043,0.0387,0.0,0.0
159939.OF,广发中证全指信息技术ETF,2018-12-04,0.4044,0.4044,0.4044,0.4044,0.0002,0.0,0.0
159939.OF,广发中证全指信息技术ETF,2018-12-05,0.4008,0.4008,0.4008,0.4008,-0.0089,0.0,0.0
159939.OF,广发中证全指信息技术ETF,2018-12-06,0.3903,0.3903,0.3903,0.3903,-0.0262,0.0,0.0
159939.OF,广发中证全指信息技术ETF,2018-12-07,0.3923,0.3923,0.3923,0.3923,0.0053,0.0,0.0
159939.OF,广发中证全指信息技术ETF,2018-12-10,0.389,0.389,0.389,0.389,-0.0085,0.0,0.0
159939.OF,广发中证全指信息技术ETF,2018-12-11,0.392,0.392,0.392,0.392,0.0078,0.0,0.0
159939.OF,广发中证全指信息技术ETF,2018-12-12,0.3905,0.3905,0.3905,0.3905,-0.004,0.0,0.0
159939.OF,广发中证全指信息技术ETF,2018-12-13,0.3954,0.3954,0.3954,0.3954,0.0127,0.0,0.0
159939.OF,广发中证全指信息技术ETF,2018-12-14,0.3844,0.3844,0.3844,0.3844,-0.0278,0.0,0.0
159939.OF,广发中证全指信息技术ETF,2018-12-17,0.3819,0.3819,0.3819,0.3819,-0.0065,0.0,0.0
159939.OF,广发中证全指信息技术ETF,2018-12-18,0.3788,0.3788,0.3788,0.3788,-0.0082,0.0,0.0
159939.OF,广发中证全指信息技术ETF,2018-12-19,0.3736,0.3736,0.3736,0.3736,-0.0136,0.0,0.0
159939.OF,广发中证全指信息技术ETF,2018-12-20,0.3761,0.3761,0.3761,0.3761,0.0066,0.0,0.0
159939.OF,广发中证全指信息技术ETF,2018-12-21,0.3747,0.3747,0.3747,0.3747,-0.0036,0.0,0.0
159939.OF,广发中证全指信息技术ETF,2018-12-24,0.3789,0.3789,0.3789,0.3789,0.0112,0.0,0.0
159939.OF,广发中证全指信息技术ETF,2018-12-25,0.3765,0.3765,0.3765,0.3765,-0.0063,0.0,0.0
159939.OF,广发中证全指信息技术ETF,2018-12-26,0.3741,0.3741,0.3741,0.3741,-0.0065,0.0,0.0
159939.OF,广发中证全指信息技术ETF,2018-12-27,0.3681,0.3681,0.3681,0.3681,-0.016,0.0,0.0
159939.OF,广发中证全指信息技术ETF,2018-12-28,0.3663,0.3663,0.3663,0.3663,-0.0048,0.0,0.0
159939.OF,广发中证全指信息技术ETF,2018-12-31,0.3663,0.3663,0.3663,0.3663,0.0,0.0,0.0
159939.OF,广发中证全指信息技术ETF,2019-01-02,0.3653,0.3653,0.3653,0.3653,-0.0027,0.0,0.0
159939.OF,广发中证全指信息技术ETF,2019-01-03,0.3608,0.3608,0.3608,0.3608,-0.0125,0.0,0.0
159939.OF,广发中证全指信息技术ETF,2019-01-04,0.372,0.372,0.372,0.372,0.031,0.0,0.0
159939.OF,广发中证全指信息技术ETF,2019-01-07,0.382,0.382,0.382,0.382,0.027,0.0,0.0
159939.OF,广发中证全指信息技术ETF,2019-01-08,0.3811,0.3811,0.3811,0.3811,-0.0024,0.0,0.0
159939.OF,广发中证全指信息技术ETF,2019-01-09,0.3827,0.3827,0.3827,0.3827,0.0041,0.0,0.0
159939.OF,广发中证全指信息技术ETF,2019-01-10,0.3827,0.3827,0.3827,0.3827,0.0,0.0,0.0
159939.OF,广发中证全指信息技术ETF,2019-01-11,0.3859,0.3859,0.3859,0.3859,0.0084,0.0,0.0
159939.OF,广发中证全指信息技术ETF,2019-01-14,0.3814,0.3814,0.3814,0.3814,-0.0117,0.0,0.0
159939.OF,广发中证全指信息技术ETF,2019-01-15,0.3888,0.3888,0.3888,0.3888,0.0195,0.0,0.0
159939.OF,广发中证全指信息技术ETF,2019-01-16,0.3874,0.3874,0.3874,0.3874,-0.0037,0.0,0.0
159939.OF,广发中证全指信息技术ETF,2019-01-17,0.3815,0.3815,0.3815,0.3815,-0.0151,0.0,0.0
159939.OF,广发中证全指信息技术ETF,2019-01-18,0.3846,0.3846,0.3846,0.3846,0.008,0.0,0.0
159939.OF,广发中证全指信息技术ETF,2019-01-21,0.3877,0.3877,0.3877,0.3877,0.0081,0.0,0.0
159939.OF,广发中证全指信息技术ETF,2019-01-22,0.3828,0.3828,0.3828,0.3828,-0.0126,0.0,0.0
159939.OF,广发中证全指信息技术ETF,2019-01-23,0.3819,0.3819,0.3819,0.3819,-0.0022,0.0,0.0
159939.OF,广发中证全指信息技术ETF,2019-01-24,0.3879,0.3879,0.3879,0.3879,0.0156,0.0,0.0
159939.OF,广发中证全指信息技术ETF,2019-01-25,0.3872,0.3872,0.3872,0.3872,-0.0018,0.0,0.0
159939.OF,广发中证全指信息技术ETF,2019-01-28,0.3864,0.3864,0.3864,0.3864,-0.0021,0.0,0.0
159939.OF,广发中证全指信息技术ETF,2019-01-29,0.3793,0.3793,0.3793,0.3793,-0.0184,0.0,0.0
159939.OF,广发中证全指信息技术ETF,2019-01-30,0.3731,0.3731,0.3731,0.3731,-0.0162,0.0,0.0
159939.OF,广发中证全指信息技术ETF,2019-01-31,0.3709,0.3709,0.3709,0.3709,-0.0059,0.0,0.0
159939.OF,广发中证全指信息技术ETF,2019-02-01,0.384,0.384,0.384,0.384,0.0353,0.0,0.0
159939.OF,广发中证全指信息技术ETF,2019-02-11,0.398,0.398,0.398,0.398,0.0365,0.0,0.0
159939.OF,广发中证全指信息技术ETF,2019-02-12,0.4038,0.4038,0.4038,0.4038,0.0146,0.0,0.0
159939.OF,广发中证全指信息技术ETF,2019-02-13,0.4168,0.4168,0.4168,0.4168,0.0322,0.0,0.0
159939.OF,广发中证全指信息技术ETF,2019-02-14,0.4185,0.4185,0.4185,0.4185,0.0041,0.0,0.0
159939.OF,广发中证全指信息技术ETF,2019-02-15,0.4172,0.4172,0.4172,0.4172,-0.0031,0.0,0.0
159939.OF,广发中证全指信息技术ETF,2019-02-18,0.4372,0.4372,0.4372,0.4372,0.0478,0.0,0.0
159939.OF,广发中证全指信息技术ETF,2019-02-19,0.44,0.44,0.44,0.44,0.0065,0.0,0.0
159939.OF,广发中证全指信息技术ETF,2019-02-20,0.4391,0.4391,0.4391,0.4391,-0.0022,0.0,0.0
159939.OF,广发中证全指信息技术ETF,2019-02-21,0.4397,0.4397,0.4397,0.4397,0.0014,0.0,0.0
159939.OF,广发中证全指信息技术ETF,2019-02-22,0.4567,0.4567,0.4567,0.4567,0.0387,0.0,0.0
159939.OF,广发中证全指信息技术ETF,2019-02-25,0.4863,0.4863,0.4863,0.4863,0.0648,0.0,0.0
159939.OF,广发中证全指信息技术ETF,2019-02-26,0.4845,0.4845,0.4845,0.4845,-0.0036,0.0,0.0
159939.OF,广发中证全指信息技术ETF,2019-02-27,0.4769,0.4769,0.4769,0.4769,-0.0158,0.0,0.0
159939.OF,广发中证全指信息技术ETF,2019-02-28,0.4775,0.4775,0.4775,0.4775,0.0013,0.0,0.0
159939.OF,广发中证全指信息技术ETF,2019-03-01,0.4815,0.4815,0.4815,0.4815,0.0084,0.0,0.0
159939.OF,广发中证全指信息技术ETF,2019-03-04,0.493,0.493,0.493,0.493,0.024,0.0,0.0
159939.OF,广发中证全指信息技术ETF,2019-03-05,0.5139,0.5139,0.5139,0.5139,0.0424,0.0,0.0
159939.OF,广发中证全指信息技术ETF,2019-03-06,0.5226,0.5226,0.5226,0.5226,0.0168,0.0,0.0
159939.OF,广发中证全指信息技术ETF,2019-03-07,0.5311,0.5311,0.5311,0.5311,0.0164,0.0,0.0
159939.OF,广发中证全指信息技术ETF,2019-03-08,0.5228,0.5228,0.5228,0.5228,-0.0156,0.0,0.0
159939.OF,广发中证全指信息技术ETF,2019-03-11,0.543,0.543,0.543,0.543,0.0385,0.0,0.0
159939.OF,广发中证全指信息技术ETF,2019-03-12,0.557,0.557,0.557,0.557,0.0259,0.0,0.0
159939.OF,广发中证全指信息技术ETF,2019-03-13,0.53,0.53,0.53,0.53,-0.0485,0.0,0.0
159939.OF,广发中证全指信息技术ETF,2019-03-14,0.5123,0.5123,0.5123,0.5123,-0.0334,0.0,0.0
159939.OF,广发中证全指信息技术ETF,2019-03-15,0.5135,0.5135,0.5135,0.5135,0.0022,0.0,0.0
159939.OF,广发中证全指信息技术ETF,2019-03-18,0.5244,0.5244,0.5244,0.5244,0.0213,0.0,0.0
159939.OF,广发中证全指信息技术ETF,2019-03-19,0.5304,0.5304,0.5304,0.5304,0.0114,0.0,0.0
159939.OF,广发中证全指信息技术ETF,2019-03-20,0.5262,0.5262,0.5262,0.5262,-0.008,0.0,0.0
159939.OF,广发中证全指信息技术ETF,2019-03-21,0.5354,0.5354,0.5354,0.5354,0.0176,0.0,0.0
159939.OF,广发中证全指信息技术ETF,2019-03-22,0.5355,0.5355,0.5355,0.5355,0.0002,0.0,0.0
159939.OF,广发中证全指信息技术ETF,2019-03-25,0.5292,0.5292,0.5292,0.5292,-0.0118,0.0,0.0
159939.OF,广发中证全指信息技术ETF,2019-03-26,0.5153,0.5153,0.5153,0.5153,-0.0264,0.0,0.0
159939.OF,广发中证全指信息技术ETF,2019-03-27,0.5143,0.5143,0.5143,0.5143,-0.0018,0.0,0.0
159939.OF,广发中证全指信息技术ETF,2019-03-28,0.5092,0.5092,0.5092,0.5092,-0.01,0.0,0.0
159939.OF,广发中证全指信息技术ETF,2019-03-29,0.5278,0.5278,0.5278,0.5278,0.0365,0.0,0.0
159939.OF,广发中证全指信息技术ETF,2019-03-31,0.5277,0.5277,0.5277,0.5277,-0.0001,0.0,0.0
159939.OF,广发中证全指信息技术ETF,2019-04-01,0.5512,0.5512,0.5512,0.5512,0.0444,0.0,0.0
159939.OF,广发中证全指信息技术ETF,2019-04-02,0.5527,0.5527,0.5527,0.5527,0.0028,0.0,0.0
159939.OF,广发中证全指信息技术ETF,2019-04-03,0.5574,0.5574,0.5574,0.5574,0.0084,0.0,0.0
159939.OF,广发中证全指信息技术ETF,2019-04-04,0.5557,0.5557,0.5557,0.5557,-0.003,0.0,0.0
159939.OF,广发中证全指信息技术ETF,2019-04-08,0.5425,0.5425,0.5425,0.5425,-0.0238,0.0,0.0
159939.OF,广发中证全指信息技术ETF,2019-04-09,0.5439,0.5439,0.5439,0.5439,0.0025,0.0,0.0
159939.OF,广发中证全指信息技术ETF,2019-04-10,0.5386,0.5386,0.5386,0.5386,-0.0097,0.0,0.0
159939.OF,广发中证全指信息技术ETF,2019-04-11,0.5266,0.5266,0.5266,0.5266,-0.0224,0.0,0.0
159939.OF,广发中证全指信息技术ETF,2019-04-12,0.5277,0.5277,0.5277,0.5277,0.0022,0.0,0.0
159939.OF,广发中证全指信息技术ETF,2019-04-15,0.5223,0.5223,0.5223,0.5223,-0.0103,0.0,0.0
159939.OF,广发中证全指信息技术ETF,2019-04-16,0.5378,0.5378,0.5378,0.5378,0.0298,0.0,0.0
159939.OF,广发中证全指信息技术ETF,2019-04-17,0.5389,0.5389,0.5389,0.5389,0.002,0.0,0.0
159939.OF,广发中证全指信息技术ETF,2019-04-18,0.5346,0.5346,0.5346,0.5346,-0.0081,0.0,0.0
159939.OF,广发中证全指信息技术ETF,2019-04-19,0.5389,0.5389,0.5389,0.5389,0.0081,0.0,0.0
159939.OF,广发中证全指信息技术ETF,2019-04-22,0.5314,0.5314,0.5314,0.5314,-0.0139,0.0,0.0
159939.OF,广发中证全指信息技术ETF,2019-04-23,0.5215,0.5215,0.5215,0.5215,-0.0187,0.0,0.0
159939.OF,广发中证全指信息技术ETF,2019-04-24,0.5333,0.5333,0.5333,0.5333,0.0227,0.0,0.0
159939.OF,广发中证全指信息技术ETF,2019-04-25,0.5118,0.5118,0.5118,0.5118,-0.0404,0.0,0.0
159939.OF,广发中证全指信息技术ETF,2019-04-26,0.5091,0.5091,0.5091,0.5091,-0.0053,0.0,0.0
159939.OF,广发中证全指信息技术ETF,2019-04-29,0.4894,0.4894,0.4894,0.4894,-0.0386,0.0,0.0
159939.OF,广发中证全指信息技术ETF,2019-04-30,0.4912,0.4912,0.4912,0.4912,0.0037,0.0,0.0
159939.OF,广发中证全指信息技术ETF,2019-05-06,0.4487,0.4487,0.4487,0.4487,-0.0865,0.0,0.0
159939.OF,广发中证全指信息技术ETF,2019-05-07,0.4525,0.4525,0.4525,0.4525,0.0085,0.0,0.0
159939.OF,广发中证全指信息技术ETF,2019-05-08,0.4524,0.4524,0.4524,0.4524,-0.0003,0.0,0.0
159939.OF,广发中证全指信息技术ETF,2019-05-09,0.4496,0.4496,0.4496,0.4496,-0.0062,0.0,0.0
159939.OF,广发中证全指信息技术ETF,2019-05-10,0.4714,0.4714,0.4714,0.4714,0.0485,0.0,0.0
159939.OF,广发中证全指信息技术ETF,2019-05-13,0.4611,0.4611,0.4611,0.4611,-0.0217,0.0,0.0
159939.OF,广发中证全指信息技术ETF,2019-05-14,0.4586,0.4586,0.4586,0.4586,-0.0055,0.0,0.0
159939.OF,广发中证全指信息技术ETF,2019-05-15,0.4667,0.4667,0.4667,0.4667,0.0177,0.0,0.0
159939.OF,广发中证全指信息技术ETF,2019-05-16,0.4641,0.4641,0.4641,0.4641,-0.0055,0.0,0.0
159939.OF,广发中证全指信息技术ETF,2019-05-17,0.4491,0.4491,0.4491,0.4491,-0.0324,0.0,0.0
159939.OF,广发中证全指信息技术ETF,2019-05-20,0.4524,0.4524,0.4524,0.4524,0.0075,0.0,0.0
159939.OF,广发中证全指信息技术ETF,2019-05-21,0.4617,0.4617,0.4617,0.4617,0.0204,0.0,0.0
159939.OF,广发中证全指信息技术ETF,2019-05-22,0.4646,0.4646,0.4646,0.4646,0.0063,0.0,0.0
159939.OF,广发中证全指信息技术ETF,2019-05-23,0.4504,0.4504,0.4504,0.4504,-0.0306,0.0,0.0
159939.OF,广发中证全指信息技术ETF,2019-05-24,0.4435,0.4435,0.4435,0.4435,-0.0152,0.0,0.0
159939.OF,广发中证全指信息技术ETF,2019-05-27,0.4621,0.4621,0.4621,0.4621,0.0418,0.0,0.0
159939.OF,广发中证全指信息技术ETF,2019-05-28,0.4626,0.4626,0.4626,0.4626,0.0011,0.0,0.0
159939.OF,广发中证全指信息技术ETF,2019-05-29,0.4631,0.4631,0.4631,0.4631,0.0011,0.0,0.0
159939.OF,广发中证全指信息技术ETF,2019-05-30,0.4563,0.4563,0.4563,0.4563,-0.0146,0.0,0.0
159939.OF,广发中证全指信息技术ETF,2019-05-31,0.4553,0.4553,0.4553,0.4553,-0.0022,0.0,0.0
159939.OF,广发中证全指信息技术ETF,2019-06-03,0.4518,0.4518,0.4518,0.4518,-0.0077,0.0,0.0
159939.OF,广发中证全指信息技术ETF,2019-06-04,0.4461,0.4461,0.4461,0.4461,-0.0127,0.0,0.0
159939.OF,广发中证全指信息技术ETF,2019-06-05,0.4476,0.4476,0.4476,0.4476,0.0034,0.0,0.0
159939.OF,广发中证全指信息技术ETF,2019-06-06,0.4354,0.4354,0.4354,0.4354,-0.0271,0.0,0.0
159939.OF,广发中证全指信息技术ETF,2019-06-10,0.444,0.444,0.444,0.444,0.0196,0.0,0.0
159939.OF,广发中证全指信息技术ETF,2019-06-11,0.4615,0.4615,0.4615,0.4615,0.0394,0.0,0.0
159939.OF,广发中证全指信息技术ETF,2019-06-12,0.4578,0.4578,0.4578,0.4578,-0.008,0.0,0.0
159939.OF,广发中证全指信息技术ETF,2019-06-13,0.4597,0.4597,0.4597,0.4597,0.0043,0.0,0.0
159939.OF,广发中证全指信息技术ETF,2019-06-14,0.4476,0.4476,0.4476,0.4476,-0.0263,0.0,0.0
159939.OF,广发中证全指信息技术ETF,2019-06-17,0.4456,0.4456,0.4456,0.4456,-0.0046,0.0,0.0
159939.OF,广发中证全指信息技术ETF,2019-06-18,0.4468,0.4468,0.4468,0.4468,0.0028,0.0,0.0
159939.OF,广发中证全指信息技术ETF,2019-06-19,0.4575,0.4575,0.4575,0.4575,0.0238,0.0,0.0
159939.OF,广发中证全指信息技术ETF,2019-06-20,0.4663,0.4663,0.4663,0.4663,0.0192,0.0,0.0
159939.OF,广发中证全指信息技术ETF,2019-06-21,0.4776,0.4776,0.4776,0.4776,0.0243,0.0,0.0
159939.OF,广发中证全指信息技术ETF,2019-06-24,0.4749,0.4749,0.4749,0.4749,-0.0058,0.0,0.0
159939.OF,广发中证全指信息技术ETF,2019-06-25,0.4676,0.4676,0.4676,0.4676,-0.0154,0.0,0.0
159939.OF,广发中证全指信息技术ETF,2019-06-26,0.4684,0.4684,0.4684,0.4684,0.0017,0.0,0.0
159939.OF,广发中证全指信息技术ETF,2019-06-27,0.477,0.477,0.477,0.477,0.0185,0.0,0.0
159939.OF,广发中证全指信息技术ETF,2019-06-28,0.4702,0.4702,0.4702,0.4702,-0.0143,0.0,0.0
159939.OF,广发中证全指信息技术ETF,2019-06-30,0.4702,0.4702,0.4702,0.4702,-0.0001,0.0,0.0
159939.OF,广发中证全指信息技术ETF,2019-07-01,0.4942,0.4942,0.4942,0.4942,0.0512,0.0,0.0
159939.OF,广发中证全指信息技术ETF,2019-07-02,0.4891,0.4891,0.4891,0.4891,-0.0104,0.0,0.0
159939.OF,广发中证全指信息技术ETF,2019-07-03,0.4804,0.4804,0.4804,0.4804,-0.0178,0.0,0.0
159939.OF,广发中证全指信息技术ETF,2019-07-04,0.4765,0.4765,0.4765,0.4765,-0.0081,0.0,0.0
159939.OF,广发中证全指信息技术ETF,2019-07-05,0.4791,0.4791,0.4791,0.4791,0.0055,0.0,0.0
159939.OF,广发中证全指信息技术ETF,2019-07-08,0.4609,0.4609,0.4609,0.4609,-0.038,0.0,0.0
159939.OF,广发中证全指信息技术ETF,2019-07-09,0.4614,0.4614,0.4614,0.4614,0.0012,0.0,0.0
159939.OF,广发中证全指信息技术ETF,2019-07-10,0.4605,0.4605,0.4605,0.4605,-0.0021,0.0,0.0
159939.OF,广发中证全指信息技术ETF,2019-07-11,0.4581,0.4581,0.4581,0.4581,-0.0051,0.0,0.0
159939.OF,广发中证全指信息技术ETF,2019-07-12,0.4587,0.4587,0.4587,0.4587,0.0013,0.0,0.0
159939.OF,广发中证全指信息技术ETF,2019-07-15,0.4688,0.4688,0.4688,0.4688,0.0219,0.0,0.0
159939.OF,广发中证全指信息技术ETF,2019-07-16,0.4701,0.4701,0.4701,0.4701,0.0028,0.0,0.0
159939.OF,广发中证全指信息技术ETF,2019-07-17,0.4731,0.4731,0.4731,0.4731,0.0064,0.0,0.0
159939.OF,广发中证全指信息技术ETF,2019-07-18,0.4617,0.4617,0.4617,0.4617,-0.024,0.0,0.0
159939.OF,广发中证全指信息技术ETF,2019-07-19,0.4637,0.4637,0.4637,0.4637,0.0043,0.0,0.0
159939.OF,广发中证全指信息技术ETF,2019-07-22,0.4567,0.4567,0.4567,0.4567,-0.0151,0.0,0.0
159939.OF,广发中证全指信息技术ETF,2019-07-23,0.4655,0.4655,0.4655,0.4655,0.0192,0.0,0.0
159939.OF,广发中证全指信息技术ETF,2019-07-24,0.4743,0.4743,0.4743,0.4743,0.019,0.0,0.0
159939.OF,广发中证全指信息技术ETF,2019-07-25,0.4823,0.4823,0.4823,0.4823,0.0168,0.0,0.0
159939.OF,广发中证全指信息技术ETF,2019-07-26,0.4819,0.4819,0.4819,0.4819,-0.0008,0.0,0.0
159939.OF,广发中证全指信息技术ETF,2019-07-29,0.4843,0.4843,0.4843,0.4843,0.005,0.0,0.0
159939.OF,广发中证全指信息技术ETF,2019-07-30,0.4836,0.4836,0.4836,0.4836,-0.0013,0.0,0.0
159939.OF,广发中证全指信息技术ETF,2019-07-31,0.4826,0.4826,0.4826,0.4826,-0.0021,0.0,0.0
159939.OF,广发中证全指信息技术ETF,2019-08-01,0.4819,0.4819,0.4819,0.4819,-0.0016,0.0,0.0
159939.OF,广发中证全指信息技术ETF,2019-08-02,0.472,0.472,0.472,0.472,-0.0205,0.0,0.0
159939.OF,广发中证全指信息技术ETF,2019-08-05,0.465,0.465,0.465,0.465,-0.0147,0.0,0.0
159939.OF,广发中证全指信息技术ETF,2019-08-06,0.4549,0.4549,0.4549,0.4549,-0.0218,0.0,0.0
159939.OF,广发中证全指信息技术ETF,2019-08-07,0.4492,0.4492,0.4492,0.4492,-0.0125,0.0,0.0
159939.OF,广发中证全指信息技术ETF,2019-08-08,0.4568,0.4568,0.4568,0.4568,0.0169,0.0,0.0
159939.OF,广发中证全指信息技术ETF,2019-08-09,0.4504,0.4504,0.4504,0.4504,-0.0139,0.0,0.0
159939.OF,广发中证全指信息技术ETF,2019-08-12,0.4673,0.4673,0.4673,0.4673,0.0375,0.0,0.0
159939.OF,广发中证全指信息技术ETF,2019-08-13,0.4625,0.4625,0.4625,0.4625,-0.0104,0.0,0.0
159939.OF,广发中证全指信息技术ETF,2019-08-14,0.4664,0.4664,0.4664,0.4664,0.0084,0.0,0.0
159939.OF,广发中证全指信息技术ETF,2019-08-15,0.4741,0.4741,0.4741,0.4741,0.0165,0.0,0.0
159939.OF,广发中证全指信息技术ETF,2019-08-16,0.4783,0.4783,0.4783,0.4783,0.009,0.0,0.0
159939.OF,广发中证全指信息技术ETF,2019-08-19,0.5009,0.5009,0.5009,0.5009,0.0471,0.0,0.0
159939.OF,广发中证全指信息技术ETF,2019-08-20,0.5006,0.5006,0.5006,0.5006,-0.0005,0.0,0.0
159939.OF,广发中证全指信息技术ETF,2019-08-21,0.5029,0.5029,0.5029,0.5029,0.0045,0.0,0.0
159939.OF,广发中证全指信息技术ETF,2019-08-22,0.5031,0.5031,0.5031,0.5031,0.0005,0.0,0.0
159939.OF,广发中证全指信息技术ETF,2019-08-23,0.5016,0.5016,0.5016,0.5016,-0.0031,0.0,0.0
159939.OF,广发中证全指信息技术ETF,2019-08-26,0.4962,0.4962,0.4962,0.4962,-0.0107,0.0,0.0
159939.OF,广发中证全指信息技术ETF,2019-08-27,0.5068,0.5068,0.5068,0.5068,0.0213,0.0,0.0
159939.OF,广发中证全指信息技术ETF,2019-08-28,0.5034,0.5034,0.5034,0.5034,-0.0066,0.0,0.0
159939.OF,广发中证全指信息技术ETF,2019-08-29,0.5076,0.5076,0.5076,0.5076,0.0082,0.0,0.0
159939.OF,广发中证全指信息技术ETF,2019-08-30,0.4995,0.4995,0.4995,0.4995,-0.016,0.0,0.0
159939.OF,广发中证全指信息技术ETF,2019-09-02,0.5173,0.5173,0.5173,0.5173,0.0356,0.0,0.0
159939.OF,广发中证全指信息技术ETF,2019-09-03,0.5289,0.5289,0.5289,0.5289,0.0224,0.0,0.0
159939.OF,广发中证全指信息技术ETF,2019-09-04,0.5331,0.5331,0.5331,0.5331,0.008,0.0,0.0
159939.OF,广发中证全指信息技术ETF,2019-09-05,0.5429,0.5429,0.5429,0.5429,0.0184,0.0,0.0
159939.OF,广发中证全指信息技术ETF,2019-09-06,0.5473,0.5473,0.5473,0.5473,0.008,0.0,0.0
159939.OF,广发中证全指信息技术ETF,2019-09-09,0.5692,0.5692,0.5692,0.5692,0.0401,0.0,0.0
159939.OF,广发中证全指信息技术ETF,2019-09-10,0.5624,0.5624,0.5624,0.5624,-0.012,0.0,0.0
159939.OF,广发中证全指信息技术ETF,2019-09-11,0.5562,0.5562,0.5562,0.5562,-0.011,0.0,0.0
159939.OF,广发中证全指信息技术ETF,2019-09-12,0.5592,0.5592,0.5592,0.5592,0.0054,0.0,0.0
159939.OF,广发中证全指信息技术ETF,2019-09-16,0.5659,0.5659,0.5659,0.5659,0.0121,0.0,0.0
159939.OF,广发中证全指信息技术ETF,2019-09-17,0.5506,0.5506,0.5506,0.5506,-0.027,0.0,0.0
159939.OF,广发中证全指信息技术ETF,2019-09-18,0.5508,0.5508,0.5508,0.5508,0.0004,0.0,0.0
159939.OF,广发中证全指信息技术ETF,2019-09-19,0.5618,0.5618,0.5618,0.5618,0.0199,0.0,0.0
159939.OF,广发中证全指信息技术ETF,2019-09-20,0.5652,0.5652,0.5652,0.5652,0.0061,0.0,0.0
159939.OF,广发中证全指信息技术ETF,2019-09-23,0.5655,0.5655,0.5655,0.5655,0.0005,0.0,0.0
159939.OF,广发中证全指信息技术ETF,2019-09-24,0.5682,0.5682,0.5682,0.5682,0.0047,0.0,0.0
159939.OF,广发中证全指信息技术ETF,2019-09-25,0.5502,0.5502,0.5502,0.5502,-0.0317,0.0,0.0
159939.OF,广发中证全指信息技术ETF,2019-09-26,0.5286,0.5286,0.5286,0.5286,-0.0393,0.0,0.0
159939.OF,广发中证全指信息技术ETF,2019-09-27,0.5385,0.5385,0.5385,0.5385,0.0187,0.0,0.0
159939.OF,广发中证全指信息技术ETF,2019-09-30,0.526,0.526,0.526,0.526,-0.0231,0.0,0.0
159939.OF,广发中证全指信息技术ETF,2019-10-08,0.5204,0.5204,0.5204,0.5204,-0.0107,0.0,0.0
159939.OF,广发中证全指信息技术ETF,2019-10-09,0.5246,0.5246,0.5246,0.5246,0.0081,0.0,0.0
159939.OF,广发中证全指信息技术ETF,2019-10-10,0.534,0.534,0.534,0.534,0.018,0.0,0.0
159939.OF,广发中证全指信息技术ETF,2019-10-11,0.5341,0.5341,0.5341,0.5341,0.0001,0.0,0.0
159939.OF,广发中证全指信息技术ETF,2019-10-14,0.5457,0.5457,0.5457,0.5457,0.0217,0.0,0.0
159939.OF,广发中证全指信息技术ETF,2019-10-15,0.5309,0.5309,0.5309,0.5309,-0.0271,0.0,0.0
159939.OF,广发中证全指信息技术ETF,2019-10-16,0.5288,0.5288,0.5288,0.5288,-0.0039,0.0,0.0
159939.OF,广发中证全指信息技术ETF,2019-10-17,0.5314,0.5314,0.5314,0.5314,0.0049,0.0,0.0
159939.OF,广发中证全指信息技术ETF,2019-10-18,0.5212,0.5212,0.5212,0.5212,-0.0192,0.0,0.0
159939.OF,广发中证全指信息技术ETF,2019-10-21,0.5202,0.5202,0.5202,0.5202,-0.0019,0.0,0.0
159939.OF,广发中证全指信息技术ETF,2019-10-22,0.5298,0.5298,0.5298,0.5298,0.0184,0.0,0.0
159939.OF,广发中证全指信息技术ETF,2019-10-23,0.5269,0.5269,0.5269,0.5269,-0.0055,0.0,0.0
159939.OF,广发中证全指信息技术ETF,2019-10-24,0.5252,0.5252,0.5252,0.5252,-0.0032,0.0,0.0
159939.OF,广发中证全指信息技术ETF,2019-10-25,0.5312,0.5312,0.5312,0.5312,0.0115,0.0,0.0
159939.OF,广发中证全指信息技术ETF,2019-10-28,0.5526,0.5526,0.5526,0.5526,0.0403,0.0,0.0
159939.OF,广发中证全指信息技术ETF,2019-10-29,0.5397,0.5397,0.5397,0.5397,-0.0233,0.0,0.0
159939.OF,广发中证全指信息技术ETF,2019-10-30,0.5359,0.5359,0.5359,0.5359,-0.007,0.0,0.0
159939.OF,广发中证全指信息技术ETF,2019-10-31,0.5282,0.5282,0.5282,0.5282,-0.0144,0.0,0.0
159939.OF,广发中证全指信息技术ETF,2019-11-01,0.5332,0.5332,0.5332,0.5332,0.0094,0.0,0.0
159939.OF,广发中证全指信息技术ETF,2019-11-04,0.5379,0.5379,0.5379,0.5379,0.0089,0.0,0.0
159939.OF,广发中证全指信息技术ETF,2019-11-05,0.5421,0.5421,0.5421,0.5421,0.0078,0.0,0.0
159939.OF,广发中证全指信息技术ETF,2019-11-06,0.5348,0.5348,0.5348,0.5348,-0.0136,0.0,0.0
159939.OF,广发中证全指信息技术ETF,2019-11-07,0.5395,0.5395,0.5395,0.5395,0.0089,0.0,0.0
159939.OF,广发中证全指信息技术ETF,2019-11-08,0.5402,0.5402,0.5402,0.5402,0.0012,0.0,0.0
159939.OF,广发中证全指信息技术ETF,2019-11-11,0.528,0.528,0.528,0.528,-0.0226,0.0,0.0
159939.OF,广发中证全指信息技术ETF,2019-11-12,0.5278,0.5278,0.5278,0.5278,-0.0004,0.0,0.0
159939.OF,广发中证全指信息技术ETF,2019-11-13,0.531,0.531,0.531,0.531,0.0062,0.0,0.0
159939.OF,广发中证全指信息技术ETF,2019-11-14,0.5392,0.5392,0.5392,0.5392,0.0153,0.0,0.0
159939.OF,广发中证全指信息技术ETF,2019-11-15,0.5347,0.5347,0.5347,0.5347,-0.0083,0.0,0.0
159939.OF,广发中证全指信息技术ETF,2019-11-18,0.537,0.537,0.537,0.537,0.0043,0.0,0.0
159939.OF,广发中证全指信息技术ETF,2019-11-19,0.5491,0.5491,0.5491,0.5491,0.0225,0.0,0.0
159939.OF,广发中证全指信息技术ETF,2019-11-20,0.5438,0.5438,0.5438,0.5438,-0.0096,0.0,0.0
159939.OF,广发中证全指信息技术ETF,2019-11-21,0.5434,0.5434,0.5434,0.5434,-0.0008,0.0,0.0
159939.OF,广发中证全指信息技术ETF,2019-11-22,0.5317,0.5317,0.5317,0.5317,-0.0214,0.0,0.0
159939.OF,广发中证全指信息技术ETF,2019-11-25,0.5195,0.5195,0.5195,0.5195,-0.0229,0.0,0.0
159939.OF,广发中证全指信息技术ETF,2019-11-26,0.5231,0.5231,0.5231,0.5231,0.0069,0.0,0.0
159939.OF,广发中证全指信息技术ETF,2019-11-27,0.5272,0.5272,0.5272,0.5272,0.0078,0.0,0.0
159939.OF,广发中证全指信息技术ETF,2019-11-28,0.5257,0.5257,0.5257,0.5257,-0.0028,0.0,0.0
159939.OF,广发中证全指信息技术ETF,2019-11-29,0.5283,0.5283,0.5283,0.5283,0.0049,0.0,0.0
159939.OF,广发中证全指信息技术ETF,2019-12-02,0.5327,0.5327,0.5327,0.5327,0.0084,0.0,0.0
159939.OF,广发中证全指信息技术ETF,2019-12-03,0.5372,0.5372,0.5372,0.5372,0.0084,0.0,0.0
159939.OF,广发中证全指信息技术ETF,2019-12-04,0.5372,0.5372,0.5372,0.5372,0.0001,0.0,0.0
159939.OF,广发中证全指信息技术ETF,2019-12-05,0.5477,0.5477,0.5477,0.5477,0.0195,0.0,0.0
159939.OF,广发中证全指信息技术ETF,2019-12-06,0.5539,0.5539,0.5539,0.5539,0.0113,0.0,0.0
159939.OF,广发中证全指信息技术ETF,2019-12-09,0.5568,0.5568,0.5568,0.5568,0.0051,0.0,0.0
159939.OF,广发中证全指信息技术ETF,2019-12-10,0.5652,0.5652,0.5652,0.5652,0.0151,0.0,0.0
159939.OF,广发中证全指信息技术ETF,2019-12-11,0.5602,0.5602,0.5602,0.5602,-0.0088,0.0,0.0
159939.OF,广发中证全指信息技术ETF,2019-12-12,0.5618,0.5618,0.5618,0.5618,0.0029,0.0,0.0
159939.OF,广发中证全指信息技术ETF,2019-12-13,0.57,0.57,0.57,0.57,0.0146,0.0,0.0
159939.OF,广发中证全指信息技术ETF,2019-12-16,0.5879,0.5879,0.5879,0.5879,0.0313,0.0,0.0
159939.OF,广发中证全指信息技术ETF,2019-12-17,0.5949,0.5949,0.5949,0.5949,0.0119,0.0,0.0
159939.OF,广发中证全指信息技术ETF,2019-12-18,0.596,0.596,0.596,0.596,0.0019,0.0,0.0
159939.OF,广发中证全指信息技术ETF,2019-12-19,0.5922,0.5922,0.5922,0.5922,-0.0065,0.0,0.0
159939.OF,广发中证全指信息技术ETF,2019-12-20,0.5815,0.5815,0.5815,0.5815,-0.0181,0.0,0.0
159939.OF,广发中证全指信息技术ETF,2019-12-23,0.5648,0.5648,0.5648,0.5648,-0.0286,0.0,0.0
159939.OF,广发中证全指信息技术ETF,2019-12-24,0.576,0.576,0.576,0.576,0.0198,0.0,0.0
159939.OF,广发中证全指信息技术ETF,2019-12-25,0.5851,0.5851,0.5851,0.5851,0.0157,0.0,0.0
159939.OF,广发中证全指信息技术ETF,2019-12-26,0.5873,0.5873,0.5873,0.5873,0.0038,0.0,0.0
159939.OF,广发中证全指信息技术ETF,2019-12-27,0.5746,0.5746,0.5746,0.5746,-0.0215,0.0,0.0
159939.OF,广发中证全指信息技术ETF,2019-12-30,0.5765,0.5765,0.5765,0.5765,0.0032,0.0,0.0
159939.OF,广发中证全指信息技术ETF,2019-12-31,0.5774,0.5774,0.5774,0.5774,0.0016,0.0,0.0
159939.OF,广发中证全指信息技术ETF,2020-01-02,0.5969,0.5969,0.5969,0.5969,0.0339,0.0,0.0
159939.OF,广发中证全指信息技术ETF,2020-01-03,0.6008,0.6008,0.6008,0.6008,0.0064,0.0,0.0
159939.OF,广发中证全指信息技术ETF,2020-01-06,0.6086,0.6086,0.6086,0.6086,0.013,0.0,0.0
159939.OF,广发中证全指信息技术ETF,2020-01-07,0.6154,0.6154,0.6154,0.6154,0.0112,0.0,0.0
159939.OF,广发中证全指信息技术ETF,2020-01-08,0.6052,0.6052,0.6052,0.6052,-0.0166,0.0,0.0
159939.OF,广发中证全指信息技术ETF,2020-01-09,0.6207,0.6207,0.6207,0.6207,0.0257,0.0,0.0
159939.OF,广发中证全指信息技术ETF,2020-01-10,0.6211,0.6211,0.6211,0.6211,0.0006,0.0,0.0
159939.OF,广发中证全指信息技术ETF,2020-01-13,0.636,0.636,0.636,0.636,0.0239,0.0,0.0
159939.OF,广发中证全指信息技术ETF,2020-01-14,0.6316,0.6316,0.6316,0.6316,-0.0069,0.0,0.0
159939.OF,广发中证全指信息技术ETF,2020-01-15,0.6393,0.6393,0.6393,0.6393,0.0122,0.0,0.0
159939.OF,广发中证全指信息技术ETF,2020-01-16,0.64,0.64,0.64,0.64,0.0012,0.0,0.0
159939.OF,广发中证全指信息技术ETF,2020-01-17,0.6369,0.6369,0.6369,0.6369,-0.0048,0.0,0.0
159939.OF,广发中证全指信息技术ETF,2020-01-20,0.6528,0.6528,0.6528,0.6528,0.025,0.0,0.0
159939.OF,广发中证全指信息技术ETF,2020-01-21,0.6448,0.6448,0.6448,0.6448,-0.0123,0.0,0.0
159939.OF,广发中证全指信息技术ETF,2020-01-22,0.6609,0.6609,0.6609,0.6609,0.025,0.0,0.0
159939.OF,广发中证全指信息技术ETF,2020-01-23,0.6363,0.6363,0.6363,0.6363,-0.0373,0.0,0.0
159939.OF,广发中证全指信息技术ETF,2020-02-03,0.5776,0.5776,0.5776,0.5776,-0.0922,0.0,0.0
159939.OF,广发中证全指信息技术ETF,2020-02-04,0.5922,0.5922,0.5922,0.5922,0.0252,0.0,0.0
159939.OF,广发中证全指信息技术ETF,2020-02-05,0.6035,0.6035,0.6035,0.6035,0.0191,0.0,0.0
159939.OF,广发中证全指信息技术ETF,2020-02-06,0.6252,0.6252,0.6252,0.6252,0.036,0.0,0.0
159939.OF,广发中证全指信息技术ETF,2020-02-07,0.6416,0.6416,0.6416,0.6416,0.0262,0.0,0.0
159939.OF,广发中证全指信息技术ETF,2020-02-10,0.641,0.641,0.641,0.641,-0.0009,0.0,0.0
159939.OF,广发中证全指信息技术ETF,2020-02-11,0.6421,0.6421,0.6421,0.6421,0.0016,0.0,0.0
159939.OF,广发中证全指信息技术ETF,2020-02-12,0.6609,0.6609,0.6609,0.6609,0.0294,0.0,0.0
159939.OF,广发中证全指信息技术ETF,2020-02-13,0.6594,0.6594,0.6594,0.6594,-0.0023,0.0,0.0
159939.OF,广发中证全指信息技术ETF,2020-02-14,0.6627,0.6627,0.6627,0.6627,0.0049,0.0,0.0
159939.OF,广发中证全指信息技术ETF,2020-02-17,0.6887,0.6887,0.6887,0.6887,0.0392,0.0,0.0
159939.OF,广发中证全指信息技术ETF,2020-02-18,0.7067,0.7067,0.7067,0.7067,0.0261,0.0,0.0
159939.OF,广发中证全指信息技术ETF,2020-02-19,0.6975,0.6975,0.6975,0.6975,-0.0129,0.0,0.0
159939.OF,广发中证全指信息技术ETF,2020-02-20,0.7166,0.7166,0.7166,0.7166,0.0274,0.0,0.0
159939.OF,广发中证全指信息技术ETF,2020-02-21,0.737,0.737,0.737,0.737,0.0284,0.0,0.0
159939.OF,广发中证全指信息技术ETF,2020-02-24,0.7658,0.7658,0.7658,0.7658,0.0391,0.0,0.0
159939.OF,广发中证全指信息技术ETF,2020-02-25,0.7701,0.7701,0.7701,0.7701,0.0056,0.0,0.0
159939.OF,广发中证全指信息技术ETF,2020-02-26,0.7264,0.7264,0.7264,0.7264,-0.0567,0.0,0.0
159939.OF,广发中证全指信息技术ETF,2020-02-27,0.7255,0.7255,0.7255,0.7255,-0.0012,0.0,0.0
159939.OF,广发中证全指信息技术ETF,2020-02-28,0.6787,0.6787,0.6787,0.6787,-0.0646,0.0,0.0
159939.OF,广发中证全指信息技术ETF,2020-03-02,0.7019,0.7019,0.7019,0.7019,0.0343,0.0,0.0
159939.OF,广发中证全指信息技术ETF,2020-03-03,0.7099,0.7099,0.7099,0.7099,0.0113,0.0,0.0
159939.OF,广发中证全指信息技术ETF,2020-03-04,0.7002,0.7002,0.7002,0.7002,-0.0137,0.0,0.0
159939.OF,广发中证全指信息技术ETF,2020-03-05,0.7031,0.7031,0.7031,0.7031,0.0042,0.0,0.0
159939.OF,广发中证全指信息技术ETF,2020-03-06,0.6955,0.6955,0.6955,0.6955,-0.0109,0.0,0.0
159939.OF,广发中证全指信息技术ETF,2020-03-09,0.6528,0.6528,0.6528,0.6528,-0.0613,0.0,0.0
159939.OF,广发中证全指信息技术ETF,2020-03-10,0.6853,0.6853,0.6853,0.6853,0.0498,0.0,0.0
159939.OF,广发中证全指信息技术ETF,2020-03-11,0.667,0.667,0.667,0.667,-0.0267,0.0,0.0
159939.OF,广发中证全指信息技术ETF,2020-03-12,0.6563,0.6563,0.6563,0.6563,-0.0161,0.0,0.0
159939.OF,广发中证全指信息技术ETF,2020-03-13,0.6567,0.6567,0.6567,0.6567,0.0006,0.0,0.0
159939.OF,广发中证全指信息技术ETF,2020-03-16,0.6139,0.6139,0.6139,0.6139,-0.0652,0.0,0.0
159939.OF,广发中证全指信息技术ETF,2020-03-17,0.6179,0.6179,0.6179,0.6179,0.0066,0.0,0.0
159939.OF,广发中证全指信息技术ETF,2020-03-18,0.6087,0.6087,0.6087,0.6087,-0.0149,0.0,0.0
159939.OF,广发中证全指信息技术ETF,2020-03-19,0.623,0.623,0.623,0.623,0.0234,0.0,0.0
159939.OF,广发中证全指信息技术ETF,2020-03-20,0.623,0.623,0.623,0.623,0.0,0.0,0.0
159939.OF,广发中证全指信息技术ETF,2020-03-23,0.5851,0.5851,0.5851,0.5851,-0.0608,0.0,0.0
159939.OF,广发中证全指信息技术ETF,2020-03-24,0.5951,0.5951,0.5951,0.5951,0.0171,0.0,0.0
159939.OF,广发中证全指信息技术ETF,2020-03-25,0.6112,0.6112,0.6112,0.6112,0.027,0.0,0.0
159939.OF,广发中证全指信息技术ETF,2020-03-26,0.6017,0.6017,0.6017,0.6017,-0.0155,0.0,0.0
159939.OF,广发中证全指信息技术ETF,2020-03-27,0.5933,0.5933,0.5933,0.5933,-0.014,0.0,0.0
159939.OF,广发中证全指信息技术ETF,2020-03-30,0.5723,0.5723,0.5723,0.5723,-0.0354,0.0,0.0
159939.OF,广发中证全指信息技术ETF,2020-03-31,0.5697,0.5697,0.5697,0.5697,-0.0045,0.0,0.0
159939.OF,广发中证全指信息技术ETF,2020-04-01,0.5732,0.5732,0.5732,0.5732,0.0061,0.0,0.0
159939.OF,广发中证全指信息技术ETF,2020-04-02,0.6001,0.6001,0.6001,0.6001,0.0469,0.0,0.0
159939.OF,广发中证全指信息技术ETF,2020-04-03,0.5923,0.5923,0.5923,0.5923,-0.013,0.0,0.0
159939.OF,广发中证全指信息技术ETF,2020-04-07,0.613,0.613,0.613,0.613,0.035,0.0,0.0
159939.OF,广发中证全指信息技术ETF,2020-04-08,0.6154,0.6154,0.6154,0.6154,0.0039,0.0,0.0
159939.OF,广发中证全指信息技术ETF,2020-04-09,0.6183,0.6183,0.6183,0.6183,0.0048,0.0,0.0
159939.OF,广发中证全指信息技术ETF,2020-04-10,0.5945,0.5945,0.5945,0.5945,-0.0386,0.0,0.0
159939.OF,广发中证全指信息技术ETF,2020-04-13,0.5807,0.5807,0.5807,0.5807,-0.0232,0.0,0.0
159939.OF,广发中证全指信息技术ETF,2020-04-14,0.5993,0.5993,0.5993,0.5993,0.032,0.0,0.0
159939.OF,广发中证全指信息技术ETF,2020-04-15,0.5985,0.5985,0.5985,0.5985,-0.0013,0.0,0.0
159939.OF,广发中证全指信息技术ETF,2020-04-16,0.606,0.606,0.606,0.606,0.0124,0.0,0.0
159939.OF,广发中证全指信息技术ETF,2020-04-17,0.6114,0.6114,0.6114,0.6114,0.009,0.0,0.0
159939.OF,广发中证全指信息技术ETF,2020-04-20,0.62,0.62,0.62,0.62,0.014,0.0,0.0
159939.OF,广发中证全指信息技术ETF,2020-04-21,0.6157,0.6157,0.6157,0.6157,-0.0069,0.0,0.0
159939.OF,广发中证全指信息技术ETF,2020-04-22,0.6188,0.6188,0.6188,0.6188,0.0051,0.0,0.0
159939.OF,广发中证全指信息技术ETF,2020-04-23,0.6089,0.6089,0.6089,0.6089,-0.0161,0.0,0.0
159939.OF,广发中证全指信息技术ETF,2020-04-24,0.5965,0.5965,0.5965,0.5965,-0.0204,0.0,0.0
159939.OF,广发中证全指信息技术ETF,2020-04-27,0.5945,0.5945,0.5945,0.5945,-0.0033,0.0,0.0
159939.OF,广发中证全指信息技术ETF,2020-04-28,0.5957,0.5957,0.5957,0.5957,0.0019,0.0,0.0
159939.OF,广发中证全指信息技术ETF,2020-04-29,0.5964,0.5964,0.5964,0.5964,0.0013,0.0,0.0
159939.OF,广发中证全指信息技术ETF,2020-04-30,0.6228,0.6228,0.6228,0.6228,0.0443,0.0,0.0
159939.OF,广发中证全指信息技术ETF,2020-05-06,0.6412,0.6412,0.6412,0.6412,0.0295,0.0,0.0
159939.OF,广发中证全指信息技术ETF,2020-05-07,0.6367,0.6367,0.6367,0.6367,-0.0069,0.0,0.0
159939.OF,广发中证全指信息技术ETF,2020-05-08,0.6455,0.6455,0.6455,0.6455,0.0137,0.0,0.0
159939.OF,广发中证全指信息技术ETF,2020-05-11,0.6431,0.6431,0.6431,0.6431,-0.0036,0.0,0.0
159939.OF,广发中证全指信息技术ETF,2020-05-12,0.6463,0.6463,0.6463,0.6463,0.005,0.0,0.0
159939.OF,广发中证全指信息技术ETF,2020-05-13,0.6474,0.6474,0.6474,0.6474,0.0016,0.0,0.0
159939.OF,广发中证全指信息技术ETF,2020-05-14,0.6447,0.6447,0.6447,0.6447,-0.0042,0.0,0.0
159939.OF,广发中证全指信息技术ETF,2020-05-15,0.6514,0.6514,0.6514,0.6514,0.0104,0.0,0.0
159939.OF,广发中证全指信息技术ETF,2020-05-18,0.6311,0.6311,0.6311,0.6311,-0.0311,0.0,0.0
159939.OF,广发中证全指信息技术ETF,2020-05-19,0.6484,0.6484,0.6484,0.6484,0.0274,0.0,0.0
159939.OF,广发中证全指信息技术ETF,2020-05-20,0.6378,0.6378,0.6378,0.6378,-0.0164,0.0,0.0
159939.OF,广发中证全指信息技术ETF,2020-05-21,0.6239,0.6239,0.6239,0.6239,-0.0217,0.0,0.0
159939.OF,广发中证全指信息技术ETF,2020-05-22,0.6114,0.6114,0.6114,0.6114,-0.0201,0.0,0.0
159939.OF,广发中证全指信息技术ETF,2020-05-25,0.603,0.603,0.603,0.603,-0.0137,0.0,0.0
159939.OF,广发中证全指信息技术ETF,2020-05-26,0.6203,0.6203,0.6203,0.6203,0.0286,0.0,0.0
159939.OF,广发中证全指信息技术ETF,2020-05-27,0.6087,0.6087,0.6087,0.6087,-0.0186,0.0,0.0
159939.OF,广发中证全指信息技术ETF,2020-05-28,0.6075,0.6075,0.6075,0.6075,-0.0021,0.0,0.0
159939.OF,广发中证全指信息技术ETF,2020-05-29,0.6094,0.6094,0.6094,0.6094,0.0031,0.0,0.0
159939.OF,广发中证全指信息技术ETF,2020-06-01,0.6381,0.6381,0.6381,0.6381,0.0472,0.0,0.0
159939.OF,广发中证全指信息技术ETF,2020-06-02,0.6434,0.6434,0.6434,0.6434,0.0083,0.0,0.0
159939.OF,广发中证全指信息技术ETF,2020-06-03,0.644,0.644,0.644,0.644,0.0009,0.0,0.0
159939.OF,广发中证全指信息技术ETF,2020-06-04,0.6406,0.6406,0.6406,0.6406,-0.0053,0.0,0.0
159939.OF,广发中证全指信息技术ETF,2020-06-05,0.6465,0.6465,0.6465,0.6465,0.0091,0.0,0.0
159939.OF,广发中证全指信息技术ETF,2020-06-08,0.6461,0.6461,0.6461,0.6461,-0.0005,0.0,0.0
159939.OF,广发中证全指信息技术ETF,2020-06-09,0.6496,0.6496,0.6496,0.6496,0.0054,0.0,0.0
159939.OF,广发中证全指信息技术ETF,2020-06-10,0.6529,0.6529,0.6529,0.6529,0.0051,0.0,0.0
159939.OF,广发中证全指信息技术ETF,2020-06-11,0.6522,0.6522,0.6522,0.6522,-0.0011,0.0,0.0
159939.OF,广发中证全指信息技术ETF,2020-06-12,0.6509,0.6509,0.6509,0.6509,-0.0021,0.0,0.0
159939.OF,广发中证全指信息技术ETF,2020-06-15,0.6431,0.6431,0.6431,0.6431,-0.0119,0.0,0.0
159939.OF,广发中证全指信息技术ETF,2020-06-16,0.6576,0.6576,0.6576,0.6576,0.0225,0.0,0.0
159939.OF,广发中证全指信息技术ETF,2020-06-17,0.6594,0.6594,0.6594,0.6594,0.0027,0.0,0.0
159939.OF,广发中证全指信息技术ETF,2020-06-18,0.6694,0.6694,0.6694,0.6694,0.0152,0.0,0.0
159939.OF,广发中证全指信息技术ETF,2020-06-19,0.6741,0.6741,0.6741,0.6741,0.007,0.0,0.0
159939.OF,广发中证全指信息技术ETF,2020-06-22,0.6849,0.6849,0.6849,0.6849,0.016,0.0,0.0
159939.OF,广发中证全指信息技术ETF,2020-06-23,0.691,0.691,0.691,0.691,0.0088,0.0,0.0
159939.OF,广发中证全指信息技术ETF,2020-06-24,0.6955,0.6955,0.6955,0.6955,0.0066,0.0,0.0
159939.OF,广发中证全指信息技术ETF,2020-06-29,0.6857,0.6857,0.6857,0.6857,-0.0142,0.0,0.0
159939.OF,广发中证全指信息技术ETF,2020-06-30,0.7057,0.7057,0.7057,0.7057,0.0292,0.0,0.0
159939.OF,广发中证全指信息技术ETF,2020-07-01,0.7082,0.7082,0.7082,0.7082,0.0035,0.0,0.0
159939.OF,广发中证全指信息技术ETF,2020-07-02,0.7163,0.7163,0.7163,0.7163,0.0115,0.0,0.0
159939.OF,广发中证全指信息技术ETF,2020-07-03,0.7201,0.7201,0.7201,0.7201,0.0052,0.0,0.0
159939.OF,广发中证全指信息技术ETF,2020-07-06,0.7523,0.7523,0.7523,0.7523,0.0447,0.0,0.0
159939.OF,广发中证全指信息技术ETF,2020-07-07,0.7702,0.7702,0.7702,0.7702,0.0238,0.0,0.0
159939.OF,广发中证全指信息技术ETF,2020-07-08,0.7919,0.7919,0.7919,0.7919,0.0282,0.0,0.0
159939.OF,广发中证全指信息技术ETF,2020-07-09,0.8179,0.8179,0.8179,0.8179,0.0328,0.0,0.0
159939.OF,广发中证全指信息技术ETF,2020-07-10,0.8122,0.8122,0.8122,0.8122,-0.007,0.0,0.0
159939.OF,广发中证全指信息技术ETF,2020-07-13,0.8383,0.8383,0.8383,0.8383,0.0321,0.0,0.0
159939.OF,广发中证全指信息技术ETF,2020-07-14,0.8223,0.8223,0.8223,0.8223,-0.0191,0.0,0.0
159939.OF,广发中证全指信息技术ETF,2020-07-15,0.7873,0.7873,0.7873,0.7873,-0.0425,0.0,0.0
159939.OF,广发中证全指信息技术ETF,2020-07-16,0.7418,0.7418,0.7418,0.7418,-0.0579,0.0,0.0
159939.OF,广发中证全指信息技术ETF,2020-07-17,0.7444,0.7444,0.7444,0.7444,0.0036,0.0,0.0
159939.OF,广发中证全指信息技术ETF,2020-07-20,0.7627,0.7627,0.7627,0.7627,0.0246,0.0,0.0
159939.OF,广发中证全指信息技术ETF,2020-07-21,0.766,0.766,0.766,0.766,0.0043,0.0,0.0
159939.OF,广发中证全指信息技术ETF,2020-07-22,0.7776,0.7776,0.7776,0.7776,0.0152,0.0,0.0
159939.OF,广发中证全指信息技术ETF,2020-07-23,0.7673,0.7673,0.7673,0.7673,-0.0132,0.0,0.0
159939.OF,广发中证全指信息技术ETF,2020-07-24,0.7238,0.7238,0.7238,0.7238,-0.0568,0.0,0.0
159939.OF,广发中证全指信息技术ETF,2020-07-27,0.7274,0.7274,0.7274,0.7274,0.005,0.0,0.0
159939.OF,广发中证全指信息技术ETF,2020-07-28,0.7375,0.7375,0.7375,0.7375,0.014,0.0,0.0
159939.OF,广发中证全指信息技术ETF,2020-07-29,0.765,0.765,0.765,0.765,0.0373,0.0,0.0
159939.OF,广发中证全指信息技术ETF,2020-07-30,0.7544,0.7544,0.7544,0.7544,-0.0139,0.0,0.0
159939.OF,广发中证全指信息技术ETF,2020-07-31,0.7709,0.7709,0.7709,0.7709,0.0219,0.0,0.0
159939.OF,广发中证全指信息技术ETF,2020-08-03,0.7952,0.7952,0.7952,0.7952,0.0315,0.0,0.0
159939.OF,广发中证全指信息技术ETF,2020-08-04,0.7831,0.7831,0.7831,0.7831,-0.0152,0.0,0.0
159939.OF,广发中证全指信息技术ETF,2020-08-05,0.7912,0.7912,0.7912,0.7912,0.0103,0.0,0.0
159939.OF,广发中证全指信息技术ETF,2020-08-06,0.7908,0.7908,0.7908,0.7908,-0.0006,0.0,0.0
159939.OF,广发中证全指信息技术ETF,2020-08-07,0.7728,0.7728,0.7728,0.7728,-0.0228,0.0,0.0
159939.OF,广发中证全指信息技术ETF,2020-08-10,0.7716,0.7716,0.7716,0.7716,-0.0016,0.0,0.0
159939.OF,广发中证全指信息技术ETF,2020-08-11,0.7548,0.7548,0.7548,0.7548,-0.0218,0.0,0.0
159939.OF,广发中证全指信息技术ETF,2020-08-12,0.7525,0.7525,0.7525,0.7525,-0.003,0.0,0.0
159939.OF,广发中证全指信息技术ETF,2020-08-13,0.7499,0.7499,0.7499,0.7499,-0.0035,0.0,0.0
159939.OF,广发中证全指信息技术ETF,2020-08-14,0.763,0.763,0.763,0.763,0.0174,0.0,0.0
159939.OF,广发中证全指信息技术ETF,2020-08-17,0.7779,0.7779,0.7779,0.7779,0.0196,0.0,0.0
159939.OF,广发中证全指信息技术ETF,2020-08-18,0.7765,0.7765,0.7765,0.7765,-0.0019,0.0,0.0
159939.OF,广发中证全指信息技术ETF,2020-08-19,0.753,0.753,0.753,0.753,-0.0302,0.0,0.0
159939.OF,广发中证全指信息技术ETF,2020-08-20,0.7501,0.7501,0.7501,0.7501,-0.0039,0.0,0.0
159939.OF,广发中证全指信息技术ETF,2020-08-21,0.7565,0.7565,0.7565,0.7565,0.0086,0.0,0.0
159939.OF,广发中证全指信息技术ETF,2020-08-24,0.7731,0.7731,0.7731,0.7731,0.0219,0.0,0.0
159939.OF,广发中证全指信息技术ETF,2020-08-25,0.7723,0.7723,0.7723,0.7723,-0.001,0.0,0.0
159939.OF,广发中证全指信息技术ETF,2020-08-26,0.7496,0.7496,0.7496,0.7496,-0.0293,0.0,0.0
159939.OF,广发中证全指信息技术ETF,2020-08-27,0.7577,0.7577,0.7577,0.7577,0.0107,0.0,0.0
159939.OF,广发中证全指信息技术ETF,2020-08-28,0.7674,0.7674,0.7674,0.7674,0.0128,0.0,0.0
159939.OF,广发中证全指信息技术ETF,2020-08-31,0.7638,0.7638,0.7638,0.7638,-0.0046,0.0,0.0
159939.OF,广发中证全指信息技术ETF,2020-09-01,0.7697,0.7697,0.7697,0.7697,0.0077,0.0,0.0
159939.OF,广发中证全指信息技术ETF,2020-09-02,0.7755,0.7755,0.7755,0.7755,0.0075,0.0,0.0
159939.OF,广发中证全指信息技术ETF,2020-09-03,0.7651,0.7651,0.7651,0.7651,-0.0134,0.0,0.0
159939.OF,广发中证全指信息技术ETF,2020-09-04,0.7667,0.7667,0.7667,0.7667,0.0022,0.0,0.0
159939.OF,广发中证全指信息技术ETF,2020-09-07,0.7495,0.7495,0.7495,0.7495,-0.0225,0.0,0.0
159939.OF,广发中证全指信息技术ETF,2020-09-08,0.752,0.752,0.752,0.752,0.0033,0.0,0.0
159939.OF,广发中证全指信息技术ETF,2020-09-09,0.7238,0.7238,0.7238,0.7238,-0.0374,0.0,0.0
159939.OF,广发中证全指信息技术ETF,2020-09-10,0.7023,0.7023,0.7023,0.7023,-0.0297,0.0,0.0
159939.OF,广发中证全指信息技术ETF,2020-09-11,0.718,0.718,0.718,0.718,0.0223,0.0,0.0
159939.OF,广发中证全指信息技术ETF,2020-09-14,0.7293,0.7293,0.7293,0.7293,0.0157,0.0,0.0
159939.OF,广发中证全指信息技术ETF,2020-09-15,0.73,0.73,0.73,0.73,0.001,0.0,0.0
159939.OF,广发中证全指信息技术ETF,2020-09-16,0.7213,0.7213,0.7213,0.7213,-0.0119,0.0,0.0
159939.OF,广发中证全指信息技术ETF,2020-09-17,0.7252,0.7252,0.7252,0.7252,0.0054,0.0,0.0
159939.OF,广发中证全指信息技术ETF,2020-09-18,0.7354,0.7354,0.7354,0.7354,0.0141,0.0,0.0
159939.OF,广发中证全指信息技术ETF,2020-09-21,0.7311,0.7311,0.7311,0.7311,-0.0059,0.0,0.0
159939.OF,广发中证全指信息技术ETF,2020-09-22,0.7212,0.7212,0.7212,0.7212,-0.0135,0.0,0.0
159939.OF,广发中证全指信息技术ETF,2020-09-23,0.7262,0.7262,0.7262,0.7262,0.0069,0.0,0.0
159939.OF,广发中证全指信息技术ETF,2020-09-24,0.7079,0.7079,0.7079,0.7079,-0.0252,0.0,0.0
159939.OF,广发中证全指信息技术ETF,2020-09-25,0.7041,0.7041,0.7041,0.7041,-0.0054,0.0,0.0
159939.OF,广发中证全指信息技术ETF,2020-09-28,0.699,0.699,0.699,0.699,-0.0072,0.0,0.0
159939.OF,广发中证全指信息技术ETF,2020-09-29,0.7085,0.7085,0.7085,0.7085,0.0136,0.0,0.0
159939.OF,广发中证全指信息技术ETF,2020-09-30,0.706,0.706,0.706,0.706,-0.0036,0.0,0.0
159939.OF,广发中证全指信息技术ETF,2020-10-09,0.7321,0.7321,0.7321,0.7321,0.037,0.0,0.0
159939.OF,广发中证全指信息技术ETF,2020-10-12,0.7543,0.7543,0.7543,0.7543,0.0303,0.0,0.0
159939.OF,广发中证全指信息技术ETF,2020-10-13,0.7538,0.7538,0.7538,0.7538,-0.0007,0.0,0.0
159939.OF,广发中证全指信息技术ETF,2020-10-14,0.7399,0.7399,0.7399,0.7399,-0.0184,0.0,0.0
159939.OF,广发中证全指信息技术ETF,2020-10-15,0.7345,0.7345,0.7345,0.7345,-0.0073,0.0,0.0
159939.OF,广发中证全指信息技术ETF,2020-10-16,0.7287,0.7287,0.7287,0.7287,-0.0079,0.0,0.0
159939.OF,广发中证全指信息技术ETF,2020-10-19,0.7251,0.7251,0.7251,0.7251,-0.005,0.0,0.0
159939.OF,广发中证全指信息技术ETF,2020-10-20,0.735,0.735,0.735,0.735,0.0137,0.0,0.0
159939.OF,广发中证全指信息技术ETF,2020-10-21,0.7195,0.7195,0.7195,0.7195,-0.021,0.0,0.0
159939.OF,广发中证全指信息技术ETF,2020-10-22,0.7187,0.7187,0.7187,0.7187,-0.0012,0.0,0.0
159939.OF,广发中证全指信息技术ETF,2020-10-23,0.7052,0.7052,0.7052,0.7052,-0.0187,0.0,0.0
159939.OF,广发中证全指信息技术ETF,2020-10-26,0.7111,0.7111,0.7111,0.7111,0.0084,0.0,0.0
159939.OF,广发中证全指信息技术ETF,2020-10-27,0.7131,0.7131,0.7131,0.7131,0.0027,0.0,0.0
159939.OF,广发中证全指信息技术ETF,2020-10-28,0.7162,0.7162,0.7162,0.7162,0.0044,0.0,0.0
159939.OF,广发中证全指信息技术ETF,2020-10-29,0.7127,0.7127,0.7127,0.7127,-0.005,0.0,0.0
159939.OF,广发中证全指信息技术ETF,2020-10-30,0.6982,0.6982,0.6982,0.6982,-0.0203,0.0,0.0
159939.OF,广发中证全指信息技术ETF,2020-11-02,0.702,0.702,0.702,0.702,0.0054,0.0,0.0
159939.OF,广发中证全指信息技术ETF,2020-11-03,0.7158,0.7158,0.7158,0.7158,0.0197,0.0,0.0
159939.OF,广发中证全指信息技术ETF,2020-11-04,0.7143,0.7143,0.7143,0.7143,-0.002,0.0,0.0
159939.OF,广发中证全指信息技术ETF,2020-11-05,0.7278,0.7278,0.7278,0.7278,0.0189,0.0,0.0
159939.OF,广发中证全指信息技术ETF,2020-11-06,0.728,0.728,0.728,0.728,0.0003,0.0,0.0
159939.OF,广发中证全指信息技术ETF,2020-11-09,0.753,0.753,0.753,0.753,0.0343,0.0,0.0
159939.OF,广发中证全指信息技术ETF,2020-11-10,0.741,0.741,0.741,0.741,-0.016,0.0,0.0
159939.OF,广发中证全指信息技术ETF,2020-11-11,0.7176,0.7176,0.7176,0.7176,-0.0315,0.0,0.0
159939.OF,广发中证全指信息技术ETF,2020-11-12,0.7207,0.7207,0.7207,0.7207,0.0043,0.0,0.0
159939.OF,广发中证全指信息技术ETF,2020-11-13,0.7205,0.7205,0.7205,0.7205,-0.0003,0.0,0.0
159939.OF,广发中证全指信息技术ETF,2020-11-16,0.7157,0.7157,0.7157,0.7157,-0.0066,0.0,0.0
159939.OF,广发中证全指信息技术ETF,2020-11-17,0.7103,0.7103,0.7103,0.7103,-0.0075,0.0,0.0
159939.OF,广发中证全指信息技术ETF,2020-11-18,0.7076,0.7076,0.7076,0.7076,-0.0039,0.0,0.0
159939.OF,广发中证全指信息技术ETF,2020-11-19,0.7131,0.7131,0.7131,0.7131,0.0078,0.0,0.0
159939.OF,广发中证全指信息技术ETF,2020-11-20,0.7126,0.7126,0.7126,0.7126,-0.0007,0.0,0.0
159939.OF,广发中证全指信息技术ETF,2020-11-23,0.7095,0.7095,0.7095,0.7095,-0.0043,0.0,0.0
159939.OF,广发中证全指信息技术ETF,2020-11-24,0.7097,0.7097,0.7097,0.7097,0.0003,0.0,0.0
159939.OF,广发中证全指信息技术ETF,2020-11-25,0.7016,0.7016,0.7016,0.7016,-0.0114,0.0,0.0
159939.OF,广发中证全指信息技术ETF,2020-11-26,0.6975,0.6975,0.6975,0.6975,-0.0058,0.0,0.0
159939.OF,广发中证全指信息技术ETF,2020-11-27,0.7007,0.7007,0.7007,0.7007,0.0046,0.0,0.0
159939.OF,广发中证全指信息技术ETF,2020-11-30,0.7039,0.7039,0.7039,0.7039,0.0046,0.0,0.0
159939.OF,广发中证全指信息技术ETF,2020-12-01,0.7167,0.7167,0.7167,0.7167,0.0181,0.0,0.0
159939.OF,广发中证全指信息技术ETF,2020-12-02,0.7203,0.7203,0.7203,0.7203,0.005,0.0,0.0
159939.OF,广发中证全指信息技术ETF,2020-12-03,0.7182,0.7182,0.7182,0.7182,-0.0028,0.0,0.0
159939.OF,广发中证全指信息技术ETF,2020-12-04,0.7198,0.7198,0.7198,0.7198,0.0022,0.0,0.0
159939.OF,广发中证全指信息技术ETF,2020-12-07,0.7189,0.7189,0.7189,0.7189,-0.0013,0.0,0.0
159939.OF,广发中证全指信息技术ETF,2020-12-08,0.7179,0.7179,0.7179,0.7179,-0.0013,0.0,0.0
159939.OF,广发中证全指信息技术ETF,2020-12-09,0.7032,0.7032,0.7032,0.7032,-0.0205,0.0,0.0
159939.OF,广发中证全指信息技术ETF,2020-12-10,0.7016,0.7016,0.7016,0.7016,-0.0023,0.0,0.0
159939.OF,广发中证全指信息技术ETF,2020-12-11,0.6869,0.6869,0.6869,0.6869,-0.021,0.0,0.0
159939.OF,广发中证全指信息技术ETF,2020-12-14,0.6905,0.6905,0.6905,0.6905,0.0053,0.0,0.0
159939.OF,广发中证全指信息技术ETF,2020-12-15,0.6912,0.6912,0.6912,0.6912,0.0009,0.0,0.0
159939.OF,广发中证全指信息技术ETF,2020-12-16,0.6829,0.6829,0.6829,0.6829,-0.0119,0.0,0.0
159939.OF,广发中证全指信息技术ETF,2020-12-17,0.6858,0.6858,0.6858,0.6858,0.0042,0.0,0.0
159939.OF,广发中证全指信息技术ETF,2020-12-18,0.6811,0.6811,0.6811,0.6811,-0.0068,0.0,0.0
159939.OF,广发中证全指信息技术ETF,2020-12-21,0.6922,0.6922,0.6922,0.6922,0.0162,0.0,0.0
159939.OF,广发中证全指信息技术ETF,2020-12-22,0.6746,0.6746,0.6746,0.6746,-0.0254,0.0,0.0
159939.OF,广发中证全指信息技术ETF,2020-12-23,0.6849,0.6849,0.6849,0.6849,0.0153,0.0,0.0
159939.OF,广发中证全指信息技术ETF,2020-12-24,0.6764,0.6764,0.6764,0.6764,-0.0124,0.0,0.0
159939.OF,广发中证全指信息技术ETF,2020-12-25,0.6759,0.6759,0.6759,0.6759,-0.0007,0.0,0.0
159939.OF,广发中证全指信息技术ETF,2020-12-28,0.6661,0.6661,0.6661,0.6661,-0.0145,0.0,0.0
159939.OF,广发中证全指信息技术ETF,2020-12-29,0.676,0.676,0.676,0.676,0.0149,0.0,0.0
159939.OF,广发中证全指信息技术ETF,2020-12-30,0.6843,0.6843,0.6843,0.6843,0.0123,0.0,0.0
159939.OF,广发中证全指信息技术ETF,2020-12-31,0.6971,0.6971,0.6971,0.6971,0.0187,0.0,0.0
159939.OF,广发中证全指信息技术ETF,2021-01-04,0.7083,0.7083,0.7083,0.7083,0.0161,0.0,0.0
159939.OF,广发中证全指信息技术ETF,2021-01-05,0.7253,0.7253,0.7253,0.7253,0.024,0.0,0.0
159939.OF,广发中证全指信息技术ETF,2021-01-06,0.7131,0.7131,0.7131,0.7131,-0.0168,0.0,0.0
159939.OF,广发中证全指信息技术ETF,2021-01-07,0.7046,0.7046,0.7046,0.7046,-0.0119,0.0,0.0
159939.OF,广发中证全指信息技术ETF,2021-01-08,0.7136,0.7136,0.7136,0.7136,0.0127,0.0,0.0
159939.OF,广发中证全指信息技术ETF,2021-01-11,0.7166,0.7166,0.7166,0.7166,0.0042,0.0,0.0
159939.OF,广发中证全指信息技术ETF,2021-01-12,0.7266,0.7266,0.7266,0.7266,0.014,0.0,0.0
159939.OF,广发中证全指信息技术ETF,2021-01-13,0.7272,0.7272,0.7272,0.7272,0.0008,0.0,0.0
159939.OF,广发中证全指信息技术ETF,2021-01-14,0.727,0.727,0.727,0.727,-0.0003,0.0,0.0
159939.OF,广发中证全指信息技术ETF,2021-01-15,0.7194,0.7194,0.7194,0.7194,-0.0104,0.0,0.0
159939.OF,广发中证全指信息技术ETF,2021-01-18,0.7392,0.7392,0.7392,0.7392,0.0275,0.0,0.0
159939.OF,广发中证全指信息技术ETF,2021-01-19,0.7295,0.7295,0.7295,0.7295,-0.0131,0.0,0.0
159939.OF,广发中证全指信息技术ETF,2021-01-20,0.7336,0.7336,0.7336,0.7336,0.0056,0.0,0.0
159939.OF,广发中证全指信息技术ETF,2021-01-21,0.7431,0.7431,0.7431,0.7431,0.0129,0.0,0.0
159939.OF,广发中证全指信息技术ETF,2021-01-22,0.7353,0.7353,0.7353,0.7353,-0.0106,0.0,0.0
159939.OF,广发中证全指信息技术ETF,2021-01-25,0.7268,0.7268,0.7268,0.7268,-0.0115,0.0,0.0
159939.OF,广发中证全指信息技术ETF,2021-01-26,0.7119,0.7119,0.7119,0.7119,-0.0205,0.0,0.0
159939.OF,广发中证全指信息技术ETF,2021-01-27,0.7173,0.7173,0.7173,0.7173,0.0076,0.0,0.0
159939.OF,广发中证全指信息技术ETF,2021-01-28,0.6939,0.6939,0.6939,0.6939,-0.0327,0.0,0.0
159939.OF,广发中证全指信息技术ETF,2021-01-29,0.6856,0.6856,0.6856,0.6856,-0.012,0.0,0.0
159939.OF,广发中证全指信息技术ETF,2021-02-01,0.6905,0.6905,0.6905,0.6905,0.0071,0.0,0.0
159939.OF,广发中证全指信息技术ETF,2021-02-02,0.6965,0.6965,0.6965,0.6965,0.0088,0.0,0.0
159939.OF,广发中证全指信息技术ETF,2021-02-03,0.6753,0.6753,0.6753,0.6753,-0.0304,0.0,0.0
159939.OF,广发中证全指信息技术ETF,2021-02-04,0.6652,0.6652,0.6652,0.6652,-0.015,0.0,0.0
159939.OF,广发中证全指信息技术ETF,2021-02-05,0.6493,0.6493,0.6493,0.6493,-0.024,0.0,0.0
159939.OF,广发中证全指信息技术ETF,2021-02-08,0.6553,0.6553,0.6553,0.6553,0.0093,0.0,0.0
159939.OF,广发中证全指信息技术ETF,2021-02-09,0.6719,0.6719,0.6719,0.6719,0.0253,0.0,0.0
159939.OF,广发中证全指信息技术ETF,2021-02-10,0.6836,0.6836,0.6836,0.6836,0.0174,0.0,0.0
159939.OF,广发中证全指信息技术ETF,2021-02-18,0.6886,0.6886,0.6886,0.6886,0.0074,0.0,0.0
159939.OF,广发中证全指信息技术ETF,2021-02-19,0.6967,0.6967,0.6967,0.6967,0.0117,0.0,0.0
159939.OF,广发中证全指信息技术ETF,2021-02-22,0.685,0.685,0.685,0.685,-0.0167,0.0,0.0
159939.OF,广发中证全指信息技术ETF,2021-02-23,0.6819,0.6819,0.6819,0.6819,-0.0046,0.0,0.0
159939.OF,广发中证全指信息技术ETF,2021-02-24,0.6794,0.6794,0.6794,0.6794,-0.0036,0.0,0.0
159939.OF,广发中证全指信息技术ETF,2021-02-25,0.6732,0.6732,0.6732,0.6732,-0.0092,0.0,0.0
159939.OF,广发中证全指信息技术ETF,2021-02-26,0.6652,0.6652,0.6652,0.6652,-0.0118,0.0,0.0
159939.OF,广发中证全指信息技术ETF,2021-03-01,0.6843,0.6843,0.6843,0.6843,0.0286,0.0,0.0
159939.OF,广发中证全指信息技术ETF,2021-03-02,0.6848,0.6848,0.6848,0.6848,0.0008,0.0,0.0
159939.OF,广发中证全指信息技术ETF,2021-03-03,0.6896,0.6896,0.6896,0.6896,0.0069,0.0,0.0
159939.OF,广发中证全指信息技术ETF,2021-03-04,0.6724,0.6724,0.6724,0.6724,-0.0249,0.0,0.0
159939.OF,广发中证全指信息技术ETF,2021-03-05,0.6774,0.6774,0.6774,0.6774,0.0074,0.0,0.0
159939.OF,广发中证全指信息技术ETF,2021-03-08,0.6589,0.6589,0.6589,0.6589,-0.0273,0.0,0.0
159939.OF,广发中证全指信息技术ETF,2021-03-09,0.6364,0.6364,0.6364,0.6364,-0.0342,0.0,0.0
159939.OF,广发中证全指信息技术ETF,2021-03-10,0.6295,0.6295,0.6295,0.6295,-0.0108,0.0,0.0
159939.OF,广发中证全指信息技术ETF,2021-03-11,0.6411,0.6411,0.6411,0.6411,0.0185,0.0,0.0
159939.OF,广发中证全指信息技术ETF,2021-03-12,0.6325,0.6325,0.6325,0.6325,-0.0135,0.0,0.0
159939.OF,广发中证全指信息技术ETF,2021-03-15,0.6167,0.6167,0.6167,0.6167,-0.0249,0.0,0.0
159939.OF,广发中证全指信息技术ETF,2021-03-16,0.6176,0.6176,0.6176,0.6176,0.0014,0.0,0.0
159939.OF,广发中证全指信息技术ETF,2021-03-17,0.6248,0.6248,0.6248,0.6248,0.0117,0.0,0.0
159939.OF,广发中证全指信息技术ETF,2021-03-18,0.6238,0.6238,0.6238,0.6238,-0.0015,0.0,0.0
159939.OF,广发中证全指信息技术ETF,2021-03-19,0.6149,0.6149,0.6149,0.6149,-0.0143,0.0,0.0
159939.OF,广发中证全指信息技术ETF,2021-03-22,0.6245,0.6245,0.6245,0.6245,0.0155,0.0,0.0
159939.OF,广发中证全指信息技术ETF,2021-03-23,0.6226,0.6226,0.6226,0.6226,-0.003,0.0,0.0
159939.OF,广发中证全指信息技术ETF,2021-03-24,0.6136,0.6136,0.6136,0.6136,-0.0145,0.0,0.0
159939.OF,广发中证全指信息技术ETF,2021-03-25,0.6184,0.6184,0.6184,0.6184,0.0078,0.0,0.0
159939.OF,广发中证全指信息技术ETF,2021-03-26,0.6314,0.6314,0.6314,0.6314,0.021,0.0,0.0
159939.OF,广发中证全指信息技术ETF,2021-03-29,0.6293,0.6293,0.6293,0.6293,-0.0034,0.0,0.0
159939.OF,广发中证全指信息技术ETF,2021-03-30,0.6288,0.6288,0.6288,0.6288,-0.0008,0.0,0.0
159939.OF,广发中证全指信息技术ETF,2021-03-31,0.6299,0.6299,0.6299,0.6299,0.0017,0.0,0.0
159939.OF,广发中证全指信息技术ETF,2021-04-01,0.638,0.638,0.638,0.638,0.0129,0.0,0.0
159939.OF,广发中证全指信息技术ETF,2021-04-02,0.6489,0.6489,0.6489,0.6489,0.017,0.0,0.0
159939.OF,广发中证全指信息技术ETF,2021-04-06,0.6523,0.6523,0.6523,0.6523,0.0053,0.0,0.0
159939.OF,广发中证全指信息技术ETF,2021-04-07,0.6508,0.6508,0.6508,0.6508,-0.0024,0.0,0.0
159939.OF,广发中证全指信息技术ETF,2021-04-08,0.6494,0.6494,0.6494,0.6494,-0.0022,0.0,0.0
159939.OF,广发中证全指信息技术ETF,2021-04-09,0.6462,0.6462,0.6462,0.6462,-0.0049,0.0,0.0
159939.OF,广发中证全指信息技术ETF,2021-04-12,0.6325,0.6325,0.6325,0.6325,-0.0212,0.0,0.0
159939.OF,广发中证全指信息技术ETF,2021-04-13,0.6348,0.6348,0.6348,0.6348,0.0036,0.0,0.0
159939.OF,广发中证全指信息技术ETF,2021-04-14,0.6433,0.6433,0.6433,0.6433,0.0135,0.0,0.0
159939.OF,广发中证全指信息技术ETF,2021-04-15,0.6413,0.6413,0.6413,0.6413,-0.0031,0.0,0.0
159939.OF,广发中证全指信息技术ETF,2021-04-16,0.6458,0.6458,0.6458,0.6458,0.0069,0.0,0.0
159939.OF,广发中证全指信息技术ETF,2021-04-19,0.6648,0.6648,0.6648,0.6648,0.0295,0.0,0.0
159939.OF,广发中证全指信息技术ETF,2021-04-20,0.6611,0.6611,0.6611,0.6611,-0.0056,0.0,0.0
159939.OF,广发中证全指信息技术ETF,2021-04-21,0.6603,0.6603,0.6603,0.6603,-0.0012,0.0,0.0
159939.OF,广发中证全指信息技术ETF,2021-04-22,0.6659,0.6659,0.6659,0.6659,0.0086,0.0,0.0
159939.OF,广发中证全指信息技术ETF,2021-04-23,0.663,0.663,0.663,0.663,-0.0044,0.0,0.0
159939.OF,广发中证全指信息技术ETF,2021-04-26,0.6598,0.6598,0.6598,0.6598,-0.0048,0.0,0.0
159939.OF,广发中证全指信息技术ETF,2021-04-27,0.6566,0.6566,0.6566,0.6566,-0.0049,0.0,0.0
159939.OF,广发中证全指信息技术ETF,2021-04-28,0.6566,0.6566,0.6566,0.6566,0.0,0.0,0.0
159939.OF,广发中证全指信息技术ETF,2021-04-29,0.6573,0.6573,0.6573,0.6573,0.0011,0.0,0.0
159939.OF,广发中证全指信息技术ETF,2021-04-30,0.6506,0.6506,0.6506,0.6506,-0.0102,0.0,0.0
159939.OF,广发中证全指信息技术ETF,2021-05-06,0.644,0.644,0.644,0.644,-0.0101,0.0,0.0
159939.OF,广发中证全指信息技术ETF,2021-05-07,0.6271,0.6271,0.6271,0.6271,-0.0263,0.0,0.0
159939.OF,广发中证全指信息技术ETF,2021-05-10,0.6245,0.6245,0.6245,0.6245,-0.0041,0.0,0.0
159939.OF,广发中证全指信息技术ETF,2021-05-11,0.6288,0.6288,0.6288,0.6288,0.0069,0.0,0.0
159939.OF,广发中证全指信息技术ETF,2021-05-12,0.6339,0.6339,0.6339,0.6339,0.0081,0.0,0.0
159939.OF,广发中证全指信息技术ETF,2021-05-13,0.63,0.63,0.63,0.63,-0.0062,0.0,0.0
159939.OF,广发中证全指信息技术ETF,2021-05-14,0.6408,0.6408,0.6408,0.6408,0.0171,0.0,0.0
159939.OF,广发中证全指信息技术ETF,2021-05-17,0.6455,0.6455,0.6455,0.6455,0.0073,0.0,0.0
159939.OF,广发中证全指信息技术ETF,2021-05-18,0.6466,0.6466,0.6466,0.6466,0.0017,0.0,0.0
159939.OF,广发中证全指信息技术ETF,2021-05-19,0.6486,0.6486,0.6486,0.6486,0.0031,0.0,0.0
159939.OF,广发中证全指信息技术ETF,2021-05-20,0.6497,0.6497,0.6497,0.6497,0.0017,0.0,0.0
159939.OF,广发中证全指信息技术ETF,2021-05-21,0.6454,0.6454,0.6454,0.6454,-0.0065,0.0,0.0
159939.OF,广发中证全指信息技术ETF,2021-05-24,0.6568,0.6568,0.6568,0.6568,0.0176,0.0,0.0
159939.OF,广发中证全指信息技术ETF,2021-05-25,0.6716,0.6716,0.6716,0.6716,0.0226,0.0,0.0
159939.OF,广发中证全指信息技术ETF,2021-05-26,0.6676,0.6676,0.6676,0.6676,-0.006,0.0,0.0
159939.OF,广发中证全指信息技术ETF,2021-05-27,0.6789,0.6789,0.6789,0.6789,0.0169,0.0,0.0
159939.OF,广发中证全指信息技术ETF,2021-05-28,0.6751,0.6751,0.6751,0.6751,-0.0055,0.0,0.0
159939.OF,广发中证全指信息技术ETF,2021-05-31,0.683,0.683,0.683,0.683,0.0117,0.0,0.0
159939.OF,广发中证全指信息技术ETF,2021-06-01,0.6863,0.6863,0.6863,0.6863,0.0048,0.0,0.0
159939.OF,广发中证全指信息技术ETF,2021-06-02,0.6741,0.6741,0.6741,0.6741,-0.0178,0.0,0.0
159939.OF,广发中证全指信息技术ETF,2021-06-03,0.6701,0.6701,0.6701,0.6701,-0.006,0.0,0.0
159939.OF,广发中证全指信息技术ETF,2021-06-04,0.6754,0.6754,0.6754,0.6754,0.0079,0.0,0.0
159939.OF,广发中证全指信息技术ETF,2021-06-07,0.6886,0.6886,0.6886,0.6886,0.0195,0.0,0.0
159939.OF,广发中证全指信息技术ETF,2021-06-08,0.6864,0.6864,0.6864,0.6864,-0.0032,0.0,0.0
159939.OF,广发中证全指信息技术ETF,2021-06-09,0.689,0.689,0.689,0.689,0.0039,0.0,0.0
159939.OF,广发中证全指信息技术ETF,2021-06-10,0.7025,0.7025,0.7025,0.7025,0.0196,0.0,0.0
159939.OF,广发中证全指信息技术ETF,2021-06-11,0.6955,0.6955,0.6955,0.6955,-0.01,0.0,0.0
159939.OF,广发中证全指信息技术ETF,2021-06-15,0.6973,0.6973,0.6973,0.6973,0.0026,0.0,0.0
159939.OF,广发中证全指信息技术ETF,2021-06-16,0.6833,0.6833,0.6833,0.6833,-0.0201,0.0,0.0
159939.OF,广发中证全指信息技术ETF,2021-06-17,0.7063,0.7063,0.7063,0.7063,0.0337,0.0,0.0
159939.OF,广发中证全指信息技术ETF,2021-06-18,0.712,0.712,0.712,0.712,0.0081,0.0,0.0
159939.OF,广发中证全指信息技术ETF,2021-06-21,0.7208,0.7208,0.7208,0.7208,0.0124,0.0,0.0
159939.OF,广发中证全指信息技术ETF,2021-06-22,0.72,0.72,0.72,0.72,-0.0011,0.0,0.0
159939.OF,广发中证全指信息技术ETF,2021-06-23,0.7337,0.7337,0.7337,0.7337,0.019,0.0,0.0
159939.OF,广发中证全指信息技术ETF,2021-06-24,0.7276,0.7276,0.7276,0.7276,-0.0083,0.0,0.0
159939.OF,广发中证全指信息技术ETF,2021-06-25,0.7299,0.7299,0.7299,0.7299,0.0032,0.0,0.0
159939.OF,广发中证全指信息技术ETF,2021-06-28,0.7374,0.7374,0.7374,0.7374,0.0103,0.0,0.0
159939.OF,广发中证全指信息技术ETF,2021-06-29,0.7297,0.7297,0.7297,0.7297,-0.0104,0.0,0.0
159939.OF,广发中证全指信息技术ETF,2021-06-30,0.7445,0.7445,0.7445,0.7445,0.0202,0.0,0.0
159939.OF,广发中证全指信息技术ETF,2021-07-01,0.7307,0.7307,0.7307,0.7307,-0.0185,0.0,0.0
159939.OF,广发中证全指信息技术ETF,2021-07-02,0.7186,0.7186,0.7186,0.7186,-0.0166,0.0,0.0
159939.OF,广发中证全指信息技术ETF,2021-07-05,0.7334,0.7334,0.7334,0.7334,0.0207,0.0,0.0
159939.OF,广发中证全指信息技术ETF,2021-07-06,0.7309,0.7309,0.7309,0.7309,-0.0034,0.0,0.0
159939.OF,广发中证全指信息技术ETF,2021-07-07,0.7394,0.7394,0.7394,0.7394,0.0116,0.0,0.0
159939.OF,广发中证全指信息技术ETF,2021-07-08,0.7506,0.7506,0.7506,0.7506,0.0152,0.0,0.0
159939.OF,广发中证全指信息技术ETF,2021-07-09,0.7439,0.7439,0.7439,0.7439,-0.009,0.0,0.0
159939.OF,广发中证全指信息技术ETF,2021-07-12,0.7613,0.7613,0.7613,0.7613,0.0234,0.0,0.0
159939.OF,广发中证全指信息技术ETF,2021-07-13,0.7514,0.7514,0.7514,0.7514,-0.0129,0.0,0.0
159939.OF,广发中证全指信息技术ETF,2021-07-14,0.7465,0.7465,0.7465,0.7465,-0.0065,0.0,0.0
159939.OF,广发中证全指信息技术ETF,2021-07-15,0.7445,0.7445,0.7445,0.7445,-0.0027,0.0,0.0
159939.OF,广发中证全指信息技术ETF,2021-07-16,0.7418,0.7418,0.7418,0.7418,-0.0036,0.0,0.0
159939.OF,广发中证全指信息技术ETF,2021-07-19,0.7435,0.7435,0.7435,0.7435,0.0024,0.0,0.0
159939.OF,广发中证全指信息技术ETF,2021-07-20,0.7486,0.7486,0.7486,0.7486,0.0068,0.0,0.0
159939.OF,广发中证全指信息技术ETF,2021-07-21,0.7631,0.7631,0.7631,0.7631,0.0194,0.0,0.0
159939.OF,广发中证全指信息技术ETF,2021-07-22,0.773,0.773,0.773,0.773,0.013,0.0,0.0
159939.OF,广发中证全指信息技术ETF,2021-07-23,0.762,0.762,0.762,0.762,-0.0143,0.0,0.0
159939.OF,广发中证全指信息技术ETF,2021-07-26,0.7549,0.7549,0.7549,0.7549,-0.0093,0.0,0.0
159939.OF,广发中证全指信息技术ETF,2021-07-27,0.7462,0.7462,0.7462,0.7462,-0.0115,0.0,0.0
159939.OF,广发中证全指信息技术ETF,2021-07-28,0.7292,0.7292,0.7292,0.7292,-0.0228,0.0,0.0
159939.OF,广发中证全指信息技术ETF,2021-07-29,0.7573,0.7573,0.7573,0.7573,0.0385,0.0,0.0
159939.OF,广发中证全指信息技术ETF,2021-07-30,0.7615,0.7615,0.7615,0.7615,0.0055,0.0,0.0
159939.OF,广发中证全指信息技术ETF,2021-08-02,0.7663,0.7663,0.7663,0.7663,0.0063,0.0,0.0
159939.OF,广发中证全指信息技术ETF,2021-08-03,0.7486,0.7486,0.7486,0.7486,-0.023,0.0,0.0
159939.OF,广发中证全指信息技术ETF,2021-08-04,0.7666,0.7666,0.7666,0.7666,0.024,0.0,0.0
159939.OF,广发中证全指信息技术ETF,2021-08-05,0.7595,0.7595,0.7595,0.7595,-0.0092,0.0,0.0
159939.OF,广发中证全指信息技术ETF,2021-08-06,0.7553,0.7553,0.7553,0.7553,-0.0055,0.0,0.0
159939.OF,广发中证全指信息技术ETF,2021-08-09,0.7553,0.7553,0.7553,0.7553,-0.0001,0.0,0.0
159939.OF,广发中证全指信息技术ETF,2021-08-10,0.7568,0.7568,0.7568,0.7568,0.0021,0.0,0.0
159939.OF,广发中证全指信息技术ETF,2021-08-11,0.7557,0.7557,0.7557,0.7557,-0.0015,0.0,0.0
159939.OF,广发中证全指信息技术ETF,2021-08-12,0.7593,0.7593,0.7593,0.7593,0.0048,0.0,0.0
159939.OF,广发中证全指信息技术ETF,2021-08-13,0.7397,0.7397,0.7397,0.7397,-0.0258,0.0,0.0
159939.OF,广发中证全指信息技术ETF,2021-08-16,0.7383,0.7383,0.7383,0.7383,-0.002,0.0,0.0
159939.OF,广发中证全指信息技术ETF,2021-08-17,0.7145,0.7145,0.7145,0.7145,-0.0322,0.0,0.0
159939.OF,广发中证全指信息技术ETF,2021-08-18,0.7178,0.7178,0.7178,0.7178,0.0046,0.0,0.0
159939.OF,广发中证全指信息技术ETF,2021-08-19,0.7246,0.7246,0.7246,0.7246,0.0095,0.0,0.0
159939.OF,广发中证全指信息技术ETF,2021-08-20,0.7244,0.7244,0.7244,0.7244,-0.0003,0.0,0.0
159939.OF,广发中证全指信息技术ETF,2021-08-23,0.742,0.742,0.742,0.742,0.0243,0.0,0.0
159939.OF,广发中证全指信息技术ETF,2021-08-24,0.7434,0.7434,0.7434,0.7434,0.0019,0.0,0.0
159939.OF,广发中证全指信息技术ETF,2021-08-25,0.7391,0.7391,0.7391,0.7391,-0.0058,0.0,0.0
159939.OF,广发中证全指信息技术ETF,2021-08-26,0.7251,0.7251,0.7251,0.7251,-0.0189,0.0,0.0
159939.OF,广发中证全指信息技术ETF,2021-08-27,0.726,0.726,0.726,0.726,0.0012,0.0,0.0
159939.OF,广发中证全指信息技术ETF,2021-08-30,0.7206,0.7206,0.7206,0.7206,-0.0074,0.0,0.0
159939.OF,广发中证全指信息技术ETF,2021-08-31,0.7082,0.7082,0.7082,0.7082,-0.0171,0.0,0.0
159939.OF,广发中证全指信息技术ETF,2021-09-01,0.7085,0.7085,0.7085,0.7085,0.0004,0.0,0.0
159939.OF,广发中证全指信息技术ETF,2021-09-02,0.7011,0.7011,0.7011,0.7011,-0.0104,0.0,0.0
159939.OF,广发中证全指信息技术ETF,2021-09-03,0.7019,0.7019,0.7019,0.7019,0.0011,0.0,0.0
159939.OF,广发中证全指信息技术ETF,2021-09-06,0.7162,0.7162,0.7162,0.7162,0.0203,0.0,0.0
159939.OF,广发中证全指信息技术ETF,2021-09-07,0.7192,0.7192,0.7192,0.7192,0.0043,0.0,0.0
159939.OF,广发中证全指信息技术ETF,2021-09-08,0.7269,0.7269,0.7269,0.7269,0.0106,0.0,0.0
159939.OF,广发中证全指信息技术ETF,2021-09-09,0.7161,0.7161,0.7161,0.7161,-0.0148,0.0,0.0
159939.OF,广发中证全指信息技术ETF,2021-09-10,0.7271,0.7271,0.7271,0.7271,0.0154,0.0,0.0
159939.OF,广发中证全指信息技术ETF,2021-09-13,0.7164,0.7164,0.7164,0.7164,-0.0148,0.0,0.0
159939.OF,广发中证全指信息技术ETF,2021-09-14,0.714,0.714,0.714,0.714,-0.0033,0.0,0.0
159939.OF,广发中证全指信息技术ETF,2021-09-15,0.7095,0.7095,0.7095,0.7095,-0.0064,0.0,0.0
159939.OF,广发中证全指信息技术ETF,2021-09-16,0.6952,0.6952,0.6952,0.6952,-0.0201,0.0,0.0
159939.OF,广发中证全指信息技术ETF,2021-09-17,0.695,0.695,0.695,0.695,-0.0004,0.0,0.0
159939.OF,广发中证全指信息技术ETF,2021-09-22,0.6943,0.6943,0.6943,0.6943,-0.0009,0.0,0.0
159939.OF,广发中证全指信息技术ETF,2021-09-23,0.7055,0.7055,0.7055,0.7055,0.0161,0.0,0.0
159939.OF,广发中证全指信息技术ETF,2021-09-24,0.7025,0.7025,0.7025,0.7025,-0.0042,0.0,0.0
159939.OF,广发中证全指信息技术ETF,2021-09-27,0.6981,0.6981,0.6981,0.6981,-0.0063,0.0,0.0
159939.OF,广发中证全指信息技术ETF,2021-09-28,0.6978,0.6978,0.6978,0.6978,-0.0004,0.0,0.0
159939.OF,广发中证全指信息技术ETF,2021-09-29,0.6809,0.6809,0.6809,0.6809,-0.0243,0.0,0.0
159939.OF,广发中证全指信息技术ETF,2021-09-30,0.6924,0.6924,0.6924,0.6924,0.017,0.0,0.0
159939.OF,广发中证全指信息技术ETF,2021-10-08,0.701,0.701,0.701,0.701,0.0123,0.0,0.0
159939.OF,广发中证全指信息技术ETF,2021-10-11,0.699,0.699,0.699,0.699,-0.0029,0.0,0.0
159939.OF,广发中证全指信息技术ETF,2021-10-12,0.6823,0.6823,0.6823,0.6823,-0.0238,0.0,0.0
159939.OF,广发中证全指信息技术ETF,2021-10-13,0.69,0.69,0.69,0.69,0.0112,0.0,0.0
159939.OF,广发中证全指信息技术ETF,2021-10-14,0.6907,0.6907,0.6907,0.6907,0.001,0.0,0.0
159939.OF,广发中证全指信息技术ETF,2021-10-15,0.6977,0.6977,0.6977,0.6977,0.0101,0.0,0.0
159939.OF,广发中证全指信息技术ETF,2021-10-18,0.69,0.69,0.69,0.69,-0.011,0.0,0.0
159939.OF,广发中证全指信息技术ETF,2021-10-19,0.6967,0.6967,0.6967,0.6967,0.0096,0.0,0.0
159939.OF,广发中证全指信息技术ETF,2021-10-20,0.6948,0.6948,0.6948,0.6948,-0.0027,0.0,0.0
159939.OF,广发中证全指信息技术ETF,2021-10-21,0.6882,0.6882,0.6882,0.6882,-0.0095,0.0,0.0
159939.OF,广发中证全指信息技术ETF,2021-10-22,0.6942,0.6942,0.6942,0.6942,0.0088,0.0,0.0
159939.OF,广发中证全指信息技术ETF,2021-10-25,0.6951,0.6951,0.6951,0.6951,0.0012,0.0,0.0
159939.OF,广发中证全指信息技术ETF,2021-10-26,0.6988,0.6988,0.6988,0.6988,0.0054,0.0,0.0
159939.OF,广发中证全指信息技术ETF,2021-10-27,0.6872,0.6872,0.6872,0.6872,-0.0166,0.0,0.0
159939.OF,广发中证全指信息技术ETF,2021-10-28,0.6825,0.6825,0.6825,0.6825,-0.0069,0.0,0.0
159939.OF,广发中证全指信息技术ETF,2021-10-29,0.6962,0.6962,0.6962,0.6962,0.0201,0.0,0.0
159939.OF,广发中证全指信息技术ETF,2021-11-01,0.7094,0.7094,0.7094,0.7094,0.0189,0.0,0.0
159939.OF,广发中证全指信息技术ETF,2021-11-02,0.71,0.71,0.71,0.71,0.0008,0.0,0.0
159939.OF,广发中证全指信息技术ETF,2021-11-03,0.7114,0.7114,0.7114,0.7114,0.002,0.0,0.0
159939.OF,广发中证全指信息技术ETF,2021-11-04,0.7209,0.7209,0.7209,0.7209,0.0134,0.0,0.0
159939.OF,广发中证全指信息技术ETF,2021-11-05,0.7253,0.7253,0.7253,0.7253,0.0061,0.0,0.0
159939.OF,广发中证全指信息技术ETF,2021-11-08,0.7206,0.7206,0.7206,0.7206,-0.0065,0.0,0.0
159939.OF,广发中证全指信息技术ETF,2021-11-09,0.7304,0.7304,0.7304,0.7304,0.0137,0.0,0.0
159939.OF,广发中证全指信息技术ETF,2021-11-10,0.7341,0.7341,0.7341,0.7341,0.0051,0.0,0.0
159939.OF,广发中证全指信息技术ETF,2021-11-11,0.7443,0.7443,0.7443,0.7443,0.0139,0.0,0.0
159939.OF,广发中证全指信息技术ETF,2021-11-12,0.7498,0.7498,0.7498,0.7498,0.0074,0.0,0.0
159939.OF,广发中证全指信息技术ETF,2021-11-15,0.7511,0.7511,0.7511,0.7511,0.0017,0.0,0.0
159939.OF,广发中证全指信息技术ETF,2021-11-16,0.7442,0.7442,0.7442,0.7442,-0.0091,0.0,0.0
159939.OF,广发中证全指信息技术ETF,2021-11-17,0.7492,0.7492,0.7492,0.7492,0.0067,0.0,0.0
159939.OF,广发中证全指信息技术ETF,2021-11-18,0.7379,0.7379,0.7379,0.7379,-0.015,0.0,0.0
159939.OF,广发中证全指信息技术ETF,2021-11-19,0.747,0.747,0.747,0.747,0.0123,0.0,0.0
159939.OF,广发中证全指信息技术ETF,2021-11-22,0.7635,0.7635,0.7635,0.7635,0.0222,0.0,0.0
159939.OF,广发中证全指信息技术ETF,2021-11-23,0.7597,0.7597,0.7597,0.7597,-0.005,0.0,0.0
159939.OF,广发中证全指信息技术ETF,2021-11-24,0.758,0.758,0.758,0.758,-0.0022,0.0,0.0
159939.OF,广发中证全指信息技术ETF,2021-11-25,0.7555,0.7555,0.7555,0.7555,-0.0032,0.0,0.0
159939.OF,广发中证全指信息技术ETF,2021-11-26,0.7455,0.7455,0.7455,0.7455,-0.0132,0.0,0.0
159939.OF,广发中证全指信息技术ETF,2021-11-29,0.746,0.746,0.746,0.746,0.0007,0.0,0.0
159939.OF,广发中证全指信息技术ETF,2021-11-30,0.7549,0.7549,0.7549,0.7549,0.0119,0.0,0.0
159939.OF,广发中证全指信息技术ETF,2021-12-01,0.7579,0.7579,0.7579,0.7579,0.0039,0.0,0.0
159939.OF,广发中证全指信息技术ETF,2021-12-02,0.7479,0.7479,0.7479,0.7479,-0.0132,0.0,0.0
159939.OF,广发中证全指信息技术ETF,2021-12-03,0.756,0.756,0.756,0.756,0.0108,0.0,0.0
159939.OF,广发中证全指信息技术ETF,2021-12-06,0.7453,0.7453,0.7453,0.7453,-0.0141,0.0,0.0
159939.OF,广发中证全指信息技术ETF,2021-12-07,0.7373,0.7373,0.7373,0.7373,-0.0108,0.0,0.0
159939.OF,广发中证全指信息技术ETF,2021-12-08,0.7578,0.7578,0.7578,0.7578,0.0278,0.0,0.0
159939.OF,广发中证全指信息技术ETF,2021-12-09,0.767,0.767,0.767,0.767,0.0122,0.0,0.0
159939.OF,广发中证全指信息技术ETF,2021-12-10,0.7616,0.7616,0.7616,0.7616,-0.0071,0.0,0.0
159939.OF,广发中证全指信息技术ETF,2021-12-13,0.7677,0.7677,0.7677,0.7677,0.008,0.0,0.0
159939.OF,广发中证全指信息技术ETF,2021-12-14,0.7708,0.7708,0.7708,0.7708,0.004,0.0,0.0
159939.OF,广发中证全指信息技术ETF,2021-12-15,0.7633,0.7633,0.7633,0.7633,-0.0097,0.0,0.0
159939.OF,广发中证全指信息技术ETF,2021-12-16,0.7653,0.7653,0.7653,0.7653,0.0026,0.0,0.0
159939.OF,广发中证全指信息技术ETF,2021-12-17,0.7497,0.7497,0.7497,0.7497,-0.0204,0.0,0.0
159939.OF,广发中证全指信息技术ETF,2021-12-20,0.7349,0.7349,0.7349,0.7349,-0.0197,0.0,0.0
159939.OF,广发中证全指信息技术ETF,2021-12-21,0.7436,0.7436,0.7436,0.7436,0.0118,0.0,0.0
159939.OF,广发中证全指信息技术ETF,2021-12-22,0.7538,0.7538,0.7538,0.7538,0.0137,0.0,0.0
159939.OF,广发中证全指信息技术ETF,2021-12-23,0.7561,0.7561,0.7561,0.7561,0.0031,0.0,0.0
159939.OF,广发中证全指信息技术ETF,2021-12-24,0.7516,0.7516,0.7516,0.7516,-0.006,0.0,0.0
159939.OF,广发中证全指信息技术ETF,2021-12-27,0.7485,0.7485,0.7485,0.7485,-0.0042,0.0,0.0
159939.OF,广发中证全指信息技术ETF,2021-12-28,0.7536,0.7536,0.7536,0.7536,0.0069,0.0,0.0
159939.OF,广发中证全指信息技术ETF,2021-12-29,0.7449,0.7449,0.7449,0.7449,-0.0115,0.0,0.0
159939.OF,广发中证全指信息技术ETF,2021-12-30,0.7578,0.7578,0.7578,0.7578,0.0173,0.0,0.0
159939.OF,广发中证全指信息技术ETF,2021-12-31,0.7595,0.7595,0.7595,0.7595,0.0022,0.0,0.0
159939.OF,广发中证全指信息技术ETF,2022-01-04,0.7608,0.7608,0.7608,0.7608,0.0017,0.0,0.0
159939.OF,广发中证全指信息技术ETF,2022-01-05,0.7397,0.7397,0.7397,0.7397,-0.0278,0.0,0.0
159939.OF,广发中证全指信息技术ETF,2022-01-06,0.7332,0.7332,0.7332,0.7332,-0.0087,0.0,0.0
159939.OF,广发中证全指信息技术ETF,2022-01-07,0.7234,0.7234,0.7234,0.7234,-0.0134,0.0,0.0
159939.OF,广发中证全指信息技术ETF,2022-01-10,0.728,0.728,0.728,0.728,0.0064,0.0,0.0
159939.OF,广发中证全指信息技术ETF,2022-01-11,0.7124,0.7124,0.7124,0.7124,-0.0215,0.0,0.0
159939.OF,广发中证全指信息技术ETF,2022-01-12,0.7209,0.7209,0.7209,0.7209,0.012,0.0,0.0
159939.OF,广发中证全指信息技术ETF,2022-01-13,0.7094,0.7094,0.7094,0.7094,-0.016,0.0,0.0
159939.OF,广发中证全指信息技术ETF,2022-01-14,0.714,0.714,0.714,0.714,0.0065,0.0,0.0
159939.OF,广发中证全指信息技术ETF,2022-01-17,0.7364,0.7364,0.7364,0.7364,0.0313,0.0,0.0
159939.OF,广发中证全指信息技术ETF,2022-01-18,0.7409,0.7409,0.7409,0.7409,0.0061,0.0,0.0
159939.OF,广发中证全指信息技术ETF,2022-01-19,0.7337,0.7337,0.7337,0.7337,-0.0097,0.0,0.0
159939.OF,广发中证全指信息技术ETF,2022-01-20,0.7257,0.7257,0.7257,0.7257,-0.011,0.0,0.0
159939.OF,广发中证全指信息技术ETF,2022-01-21,0.715,0.715,0.715,0.715,-0.0147,0.0,0.0
159939.OF,广发中证全指信息技术ETF,2022-01-24,0.7208,0.7208,0.7208,0.7208,0.0082,0.0,0.0
159939.OF,广发中证全指信息技术ETF,2022-01-25,0.6965,0.6965,0.6965,0.6965,-0.0338,0.0,0.0
159939.OF,广发中证全指信息技术ETF,2022-01-26,0.6992,0.6992,0.6992,0.6992,0.0039,0.0,0.0
159939.OF,广发中证全指信息技术ETF,2022-01-27,0.6729,0.6729,0.6729,0.6729,-0.0377,0.0,0.0
159939.OF,广发中证全指信息技术ETF,2022-01-28,0.6682,0.6682,0.6682,0.6682,-0.0069,0.0,0.0
159939.OF,广发中证全指信息技术ETF,2022-02-07,0.6674,0.6674,0.6674,0.6674,-0.0012,0.0,0.0
159939.OF,广发中证全指信息技术ETF,2022-02-08,0.6609,0.6609,0.6609,0.6609,-0.0097,0.0,0.0
159939.OF,广发中证全指信息技术ETF,2022-02-09,0.6724,0.6724,0.6724,0.6724,0.0173,0.0,0.0
159939.OF,广发中证全指信息技术ETF,2022-02-10,0.6683,0.6683,0.6683,0.6683,-0.0061,0.0,0.0
159939.OF,广发中证全指信息技术ETF,2022-02-11,0.6548,0.6548,0.6548,0.6548,-0.0201,0.0,0.0
159939.OF,广发中证全指信息技术ETF,2022-02-14,0.6507,0.6507,0.6507,0.6507,-0.0063,0.0,0.0
159939.OF,广发中证全指信息技术ETF,2022-02-15,0.6657,0.6657,0.6657,0.6657,0.0231,0.0,0.0
159939.OF,广发中证全指信息技术ETF,2022-02-16,0.6643,0.6643,0.6643,0.6643,-0.0021,0.0,0.0
159939.OF,广发中证全指信息技术ETF,2022-02-17,0.6651,0.6651,0.6651,0.6651,0.0011,0.0,0.0
159939.OF,广发中证全指信息技术ETF,2022-02-18,0.6664,0.6664,0.6664,0.6664,0.002,0.0,0.0
159939.OF,广发中证全指信息技术ETF,2022-02-21,0.6725,0.6725,0.6725,0.6725,0.0091,0.0,0.0
159939.OF,广发中证全指信息技术ETF,2022-02-22,0.665,0.665,0.665,0.665,-0.0111,0.0,0.0
159939.OF,广发中证全指信息技术ETF,2022-02-23,0.6887,0.6887,0.6887,0.6887,0.0356,0.0,0.0
159939.OF,广发中证全指信息技术ETF,2022-02-24,0.6716,0.6716,0.6716,0.6716,-0.0248,0.0,0.0
159939.OF,广发中证全指信息技术ETF,2022-02-25,0.6774,0.6774,0.6774,0.6774,0.0086,0.0,0.0
159939.OF,广发中证全指信息技术ETF,2022-02-28,0.6779,0.6779,0.6779,0.6779,0.0008,0.0,0.0
159939.OF,广发中证全指信息技术ETF,2022-03-01,0.6778,0.6778,0.6778,0.6778,-0.0001,0.0,0.0
159939.OF,广发中证全指信息技术ETF,2022-03-02,0.6711,0.6711,0.6711,0.6711,-0.01,0.0,0.0
159939.OF,广发中证全指信息技术ETF,2022-03-03,0.6587,0.6587,0.6587,0.6587,-0.0184,0.0,0.0
159939.OF,广发中证全指信息技术ETF,2022-03-04,0.6529,0.6529,0.6529,0.6529,-0.0088,0.0,0.0
159939.OF,广发中证全指信息技术ETF,2022-03-07,0.6289,0.6289,0.6289,0.6289,-0.0368,0.0,0.0
159939.OF,广发中证全指信息技术ETF,2022-03-08,0.6206,0.6206,0.6206,0.6206,-0.0132,0.0,0.0
159939.OF,广发中证全指信息技术ETF,2022-03-09,0.6182,0.6182,0.6182,0.6182,-0.0039,0.0,0.0
159939.OF,广发中证全指信息技术ETF,2022-03-10,0.624,0.624,0.624,0.624,0.0094,0.0,0.0
159939.OF,广发中证全指信息技术ETF,2022-03-11,0.6255,0.6255,0.6255,0.6255,0.0025,0.0,0.0
159939.OF,广发中证全指信息技术ETF,2022-03-14,0.606,0.606,0.606,0.606,-0.0312,0.0,0.0
159939.OF,广发中证全指信息技术ETF,2022-03-15,0.582,0.582,0.582,0.582,-0.0396,0.0,0.0
159939.OF,广发中证全指信息技术ETF,2022-03-16,0.6047,0.6047,0.6047,0.6047,0.0389,0.0,0.0
159939.OF,广发中证全指信息技术ETF,2022-03-17,0.6172,0.6172,0.6172,0.6172,0.0208,0.0,0.0
159939.OF,广发中证全指信息技术ETF,2022-03-18,0.6148,0.6148,0.6148,0.6148,-0.004,0.0,0.0
159939.OF,广发中证全指信息技术ETF,2022-03-21,0.6169,0.6169,0.6169,0.6169,0.0035,0.0,0.0
159939.OF,广发中证全指信息技术ETF,2022-03-22,0.613,0.613,0.613,0.613,-0.0064,0.0,0.0
159939.OF,广发中证全指信息技术ETF,2022-03-23,0.6147,0.6147,0.6147,0.6147,0.0028,0.0,0.0
159939.OF,广发中证全指信息技术ETF,2022-03-24,0.6016,0.6016,0.6016,0.6016,-0.0213,0.0,0.0
159939.OF,广发中证全指信息技术ETF,2022-03-25,0.5939,0.5939,0.5939,0.5939,-0.0127,0.0,0.0
159939.OF,广发中证全指信息技术ETF,2022-03-28,0.5893,0.5893,0.5893,0.5893,-0.0078,0.0,0.0
159939.OF,广发中证全指信息技术ETF,2022-03-29,0.5774,0.5774,0.5774,0.5774,-0.0202,0.0,0.0
159939.OF,广发中证全指信息技术ETF,2022-03-30,0.5908,0.5908,0.5908,0.5908,0.0232,0.0,0.0
159939.OF,广发中证全指信息技术ETF,2022-03-31,0.5823,0.5823,0.5823,0.5823,-0.0143,0.0,0.0
159939.OF,广发中证全指信息技术ETF,2022-04-01,0.582,0.582,0.582,0.582,-0.0005,0.0,0.0
159939.OF,广发中证全指信息技术ETF,2022-04-06,0.5736,0.5736,0.5736,0.5736,-0.0145,0.0,0.0
159939.OF,广发中证全指信息技术ETF,2022-04-07,0.5603,0.5603,0.5603,0.5603,-0.0232,0.0,0.0
159939.OF,广发中证全指信息技术ETF,2022-04-08,0.5558,0.5558,0.5558,0.5558,-0.008,0.0,0.0
159939.OF,广发中证全指信息技术ETF,2022-04-11,0.5292,0.5292,0.5292,0.5292,-0.0478,0.0,0.0
159939.OF,广发中证全指信息技术ETF,2022-04-12,0.5384,0.5384,0.5384,0.5384,0.0173,0.0,0.0
159939.OF,广发中证全指信息技术ETF,2022-04-13,0.5254,0.5254,0.5254,0.5254,-0.0241,0.0,0.0
159939.OF,广发中证全指信息技术ETF,2022-04-14,0.533,0.533,0.533,0.533,0.0146,0.0,0.0
159939.OF,广发中证全指信息技术ETF,2022-04-15,0.5299,0.5299,0.5299,0.5299,-0.0058,0.0,0.0
159939.OF,广发中证全指信息技术ETF,2022-04-18,0.5425,0.5425,0.5425,0.5425,0.0238,0.0,0.0
159939.OF,广发中证全指信息技术ETF,2022-04-19,0.5353,0.5353,0.5353,0.5353,-0.0133,0.0,0.0
159939.OF,广发中证全指信息技术ETF,2022-04-20,0.5307,0.5307,0.5307,0.5307,-0.0087,0.0,0.0
159939.OF,广发中证全指信息技术ETF,2022-04-21,0.5173,0.5173,0.5173,0.5173,-0.0252,0.0,0.0
159939.OF,广发中证全指信息技术ETF,2022-04-22,0.5073,0.5073,0.5073,0.5073,-0.0193,0.0,0.0
159939.OF,广发中证全指信息技术ETF,2022-04-25,0.4697,0.4697,0.4697,0.4697,-0.0741,0.0,0.0
159939.OF,广发中证全指信息技术ETF,2022-04-26,0.4543,0.4543,0.4543,0.4543,-0.0329,0.0,0.0
159939.OF,广发中证全指信息技术ETF,2022-04-27,0.4793,0.4793,0.4793,0.4793,0.0551,0.0,0.0
159939.OF,广发中证全指信息技术ETF,2022-04-28,0.4739,0.4739,0.4739,0.4739,-0.0114,0.0,0.0
159939.OF,广发中证全指信息技术ETF,2022-04-29,0.498,0.498,0.498,0.498,0.051,0.0,0.0
159939.OF,广发中证全指信息技术ETF,2022-05-05,0.4968,0.4968,0.4968,0.4968,-0.0025,0.0,0.0
159939.OF,广发中证全指信息技术ETF,2022-05-06,0.4872,0.4872,0.4872,0.4872,-0.0192,0.0,0.0
159939.OF,广发中证全指信息技术ETF,2022-05-09,0.4853,0.4853,0.4853,0.4853,-0.004,0.0,0.0
159939.OF,广发中证全指信息技术ETF,2022-05-10,0.4972,0.4972,0.4972,0.4972,0.0245,0.0,0.0
159939.OF,广发中证全指信息技术ETF,2022-05-11,0.5085,0.5085,0.5085,0.5085,0.0227,0.0,0.0
159939.OF,广发中证全指信息技术ETF,2022-05-12,0.5107,0.5107,0.5107,0.5107,0.0044,0.0,0.0
159939.OF,广发中证全指信息技术ETF,2022-05-13,0.5087,0.5087,0.5087,0.5087,-0.0039,0.0,0.0
159939.OF,广发中证全指信息技术ETF,2022-05-16,0.5051,0.5051,0.5051,0.5051,-0.0071,0.0,0.0
159939.OF,广发中证全指信息技术ETF,2022-05-17,0.514,0.514,0.514,0.514,0.0176,0.0,0.0
159939.OF,广发中证全指信息技术ETF,2022-05-18,0.5172,0.5172,0.5172,0.5172,0.0062,0.0,0.0
159939.OF,广发中证全指信息技术ETF,2022-05-19,0.52,0.52,0.52,0.52,0.0054,0.0,0.0
159939.OF,广发中证全指信息技术ETF,2022-05-20,0.5255,0.5255,0.5255,0.5255,0.0105,0.0,0.0
159939.OF,广发中证全指信息技术ETF,2022-05-23,0.5283,0.5283,0.5283,0.5283,0.0053,0.0,0.0
159939.OF,广发中证全指信息技术ETF,2022-05-24,0.5053,0.5053,0.5053,0.5053,-0.0434,0.0,0.0
159939.OF,广发中证全指信息技术ETF,2022-05-25,0.5102,0.5102,0.5102,0.5102,0.0096,0.0,0.0
159939.OF,广发中证全指信息技术ETF,2022-05-26,0.5125,0.5125,0.5125,0.5125,0.0046,0.0,0.0
159939.OF,广发中证全指信息技术ETF,2022-05-27,0.511,0.511,0.511,0.511,-0.003,0.0,0.0
159939.OF,广发中证全指信息技术ETF,2022-05-30,0.5178,0.5178,0.5178,0.5178,0.0133,0.0,0.0
159939.OF,广发中证全指信息技术ETF,2022-05-31,0.5319,0.5319,0.5319,0.5319,0.0273,0.0,0.0
159939.OF,广发中证全指信息技术ETF,2022-06-01,0.532,0.532,0.532,0.532,0.0001,0.0,0.0
159939.OF,广发中证全指信息技术ETF,2022-06-02,0.5443,0.5443,0.5443,0.5443,0.0232,0.0,0.0
159939.OF,广发中证全指信息技术ETF,2022-06-06,0.5606,0.5606,0.5606,0.5606,0.0299,0.0,0.0
159939.OF,广发中证全指信息技术ETF,2022-06-07,0.5537,0.5537,0.5537,0.5537,-0.0122,0.0,0.0
159939.OF,广发中证全指信息技术ETF,2022-06-08,0.5544,0.5544,0.5544,0.5544,0.0012,0.0,0.0
159939.OF,广发中证全指信息技术ETF,2022-06-09,0.5376,0.5376,0.5376,0.5376,-0.0302,0.0,0.0
159939.OF,广发中证全指信息技术ETF,2022-06-10,0.5471,0.5471,0.5471,0.5471,0.0176,0.0,0.0
159939.OF,广发中证全指信息技术ETF,2022-06-13,0.5444,0.5444,0.5444,0.5444,-0.0048,0.0,0.0
159939.OF,广发中证全指信息技术ETF,2022-06-14,0.539,0.539,0.539,0.539,-0.0099,0.0,0.0
159939.OF,广发中证全指信息技术ETF,2022-06-15,0.5472,0.5472,0.5472,0.5472,0.0152,0.0,0.0
159939.OF,广发中证全指信息技术ETF,2022-06-16,0.5519,0.5519,0.5519,0.5519,0.0085,0.0,0.0
159939.OF,广发中证全指信息技术ETF,2022-06-17,0.5517,0.5517,0.5517,0.5517,-0.0003,0.0,0.0
159939.OF,广发中证全指信息技术ETF,2022-06-20,0.5569,0.5569,0.5569,0.5569,0.0094,0.0,0.0
159939.OF,广发中证全指信息技术ETF,2022-06-21,0.5561,0.5561,0.5561,0.5561,-0.0015,0.0,0.0
159939.OF,广发中证全指信息技术ETF,2022-06-22,0.5394,0.5394,0.5394,0.5394,-0.03,0.0,0.0
159939.OF,广发中证全指信息技术ETF,2022-06-23,0.5532,0.5532,0.5532,0.5532,0.0257,0.0,0.0
159939.OF,广发中证全指信息技术ETF,2022-06-24,0.5608,0.5608,0.5608,0.5608,0.0137,0.0,0.0
159939.OF,广发中证全指信息技术ETF,2022-06-27,0.5647,0.5647,0.5647,0.5647,0.007,0.0,0.0
159939.OF,广发中证全指信息技术ETF,2022-06-28,0.5791,0.5791,0.5791,0.5791,0.0255,0.0,0.0
159939.OF,广发中证全指信息技术ETF,2022-06-29,0.5683,0.5683,0.5683,0.5683,-0.0187,0.0,0.0
159939.OF,广发中证全指信息技术ETF,2022-06-30,0.5748,0.5748,0.5748,0.5748,0.0115,0.0,0.0
159939.OF,广发中证全指信息技术ETF,2022-07-01,0.5717,0.5717,0.5717,0.5717,-0.0055,0.0,0.0
159939.OF,广发中证全指信息技术ETF,2022-07-04,0.5648,0.5648,0.5648,0.5648,-0.0121,0.0,0.0
159939.OF,广发中证全指信息技术ETF,2022-07-05,0.558,0.558,0.558,0.558,-0.012,0.0,0.0
159939.OF,广发中证全指信息技术ETF,2022-07-06,0.5589,0.5589,0.5589,0.5589,0.0015,0.0,0.0
159939.OF,广发中证全指信息技术ETF,2022-07-07,0.5599,0.5599,0.5599,0.5599,0.0018,0.0,0.0
159939.OF,广发中证全指信息技术ETF,2022-07-08,0.5631,0.5631,0.5631,0.5631,0.0058,0.0,0.0
159939.OF,广发中证全指信息技术ETF,2022-07-11,0.5497,0.5497,0.5497,0.5497,-0.0238,0.0,0.0
159939.OF,广发中证全指信息技术ETF,2022-07-12,0.5372,0.5372,0.5372,0.5372,-0.0228,0.0,0.0
159939.OF,广发中证全指信息技术ETF,2022-07-13,0.5351,0.5351,0.5351,0.5351,-0.0038,0.0,0.0
159939.OF,广发中证全指信息技术ETF,2022-07-14,0.5391,0.5391,0.5391,0.5391,0.0075,0.0,0.0
159939.OF,广发中证全指信息技术ETF,2022-07-15,0.5337,0.5337,0.5337,0.5337,-0.0101,0.0,0.0
159939.OF,广发中证全指信息技术ETF,2022-07-18,0.54,0.54,0.54,0.54,0.0118,0.0,0.0
159939.OF,广发中证全指信息技术ETF,2022-07-19,0.5462,0.5462,0.5462,0.5462,0.0116,0.0,0.0
159939.OF,广发中证全指信息技术ETF,2022-07-20,0.5507,0.5507,0.5507,0.5507,0.0081,0.0,0.0
159939.OF,广发中证全指信息技术ETF,2022-07-21,0.5548,0.5548,0.5548,0.5548,0.0075,0.0,0.0
159939.OF,广发中证全指信息技术ETF,2022-07-22,0.5487,0.5487,0.5487,0.5487,-0.0111,0.0,0.0
159939.OF,广发中证全指信息技术ETF,2022-07-25,0.5423,0.5423,0.5423,0.5423,-0.0116,0.0,0.0
159939.OF,广发中证全指信息技术ETF,2022-07-26,0.5469,0.5469,0.5469,0.5469,0.0085,0.0,0.0
159939.OF,广发中证全指信息技术ETF,2022-07-27,0.5472,0.5472,0.5472,0.5472,0.0005,0.0,0.0
159939.OF,广发中证全指信息技术ETF,2022-07-28,0.5599,0.5599,0.5599,0.5599,0.0233,0.0,0.0
159939.OF,广发中证全指信息技术ETF,2022-07-29,0.5516,0.5516,0.5516,0.5516,-0.0148,0.0,0.0
159939.OF,广发中证全指信息技术ETF,2022-08-01,0.5615,0.5615,0.5615,0.5615,0.0179,0.0,0.0
159939.OF,广发中证全指信息技术ETF,2022-08-02,0.5479,0.5479,0.5479,0.5479,-0.0242,0.0,0.0
159939.OF,广发中证全指信息技术ETF,2022-08-03,0.5542,0.5542,0.5542,0.5542,0.0115,0.0,0.0
159939.OF,广发中证全指信息技术ETF,2022-08-04,0.562,0.562,0.562,0.562,0.014,0.0,0.0
159939.OF,广发中证全指信息技术ETF,2022-08-05,0.587,0.587,0.587,0.587,0.0445,0.0,0.0
159939.OF,广发中证全指信息技术ETF,2022-08-08,0.589,0.589,0.589,0.589,0.0035,0.0,0.0
159939.OF,广发中证全指信息技术ETF,2022-08-09,0.5904,0.5904,0.5904,0.5904,0.0023,0.0,0.0
159939.OF,广发中证全指信息技术ETF,2022-08-10,0.5866,0.5866,0.5866,0.5866,-0.0064,0.0,0.0
159939.OF,广发中证全指信息技术ETF,2022-08-11,0.601,0.601,0.601,0.601,0.0245,0.0,0.0
159939.OF,广发中证全指信息技术ETF,2022-08-12,0.5915,0.5915,0.5915,0.5915,-0.0159,0.0,0.0
159939.OF,广发中证全指信息技术ETF,2022-08-15,0.5885,0.5885,0.5885,0.5885,-0.0051,0.0,0.0
159939.OF,广发中证全指信息技术ETF,2022-08-16,0.5854,0.5854,0.5854,0.5854,-0.0053,0.0,0.0
159939.OF,广发中证全指信息技术ETF,2022-08-17,0.5909,0.5909,0.5909,0.5909,0.0095,0.0,0.0
159939.OF,广发中证全指信息技术ETF,2022-08-18,0.5955,0.5955,0.5955,0.5955,0.0078,0.0,0.0
159939.OF,广发中证全指信息技术ETF,2022-08-19,0.5825,0.5825,0.5825,0.5825,-0.0218,0.0,0.0
159939.OF,广发中证全指信息技术ETF,2022-08-22,0.5854,0.5854,0.5854,0.5854,0.0049,0.0,0.0
159939.OF,广发中证全指信息技术ETF,2022-08-23,0.5836,0.5836,0.5836,0.5836,-0.003,0.0,0.0
159939.OF,广发中证全指信息技术ETF,2022-08-24,0.5583,0.5583,0.5583,0.5583,-0.0434,0.0,0.0
159939.OF,广发中证全指信息技术ETF,2022-08-25,0.5544,0.5544,0.5544,0.5544,-0.007,0.0,0.0
159939.OF,广发中证全指信息技术ETF,2022-08-26,0.5495,0.5495,0.5495,0.5495,-0.0089,0.0,0.0
159939.OF,广发中证全指信息技术ETF,2022-08-29,0.5488,0.5488,0.5488,0.5488,-0.0013,0.0,0.0
159939.OF,广发中证全指信息技术ETF,2022-08-30,0.5482,0.5482,0.5482,0.5482,-0.001,0.0,0.0
159939.OF,广发中证全指信息技术ETF,2022-08-31,0.5393,0.5393,0.5393,0.5393,-0.0162,0.0,0.0
159939.OF,广发中证全指信息技术ETF,2022-09-01,0.5347,0.5347,0.5347,0.5347,-0.0085,0.0,0.0
159939.OF,广发中证全指信息技术ETF,2022-09-02,0.5435,0.5435,0.5435,0.5435,0.0165,0.0,0.0
159939.OF,广发中证全指信息技术ETF,2022-09-05,0.5392,0.5392,0.5392,0.5392,-0.0079,0.0,0.0
159939.OF,广发中证全指信息技术ETF,2022-09-06,0.5431,0.5431,0.5431,0.5431,0.0071,0.0,0.0
159939.OF,广发中证全指信息技术ETF,2022-09-07,0.5487,0.5487,0.5487,0.5487,0.0104,0.0,0.0
159939.OF,广发中证全指信息技术ETF,2022-09-08,0.5416,0.5416,0.5416,0.5416,-0.013,0.0,0.0
159939.OF,广发中证全指信息技术ETF,2022-09-09,0.5425,0.5425,0.5425,0.5425,0.0018,0.0,0.0
159939.OF,广发中证全指信息技术ETF,2022-09-13,0.5447,0.5447,0.5447,0.5447,0.004,0.0,0.0
159939.OF,广发中证全指信息技术ETF,2022-09-14,0.5413,0.5413,0.5413,0.5413,-0.0062,0.0,0.0
159939.OF,广发中证全指信息技术ETF,2022-09-15,0.5286,0.5286,0.5286,0.5286,-0.0235,0.0,0.0
159939.OF,广发中证全指信息技术ETF,2022-09-16,0.5233,0.5233,0.5233,0.5233,-0.0099,0.0,0.0
159939.OF,广发中证全指信息技术ETF,2022-09-19,0.5135,0.5135,0.5135,0.5135,-0.0188,0.0,0.0
159939.OF,广发中证全指信息技术ETF,2022-09-20,0.5134,0.5134,0.5134,0.5134,-0.0002,0.0,0.0
159939.OF,广发中证全指信息技术ETF,2022-09-21,0.5096,0.5096,0.5096,0.5096,-0.0073,0.0,0.0
159939.OF,广发中证全指信息技术ETF,2022-09-22,0.5082,0.5082,0.5082,0.5082,-0.0027,0.0,0.0
159939.OF,广发中证全指信息技术ETF,2022-09-23,0.4968,0.4968,0.4968,0.4968,-0.0224,0.0,0.0
159939.OF,广发中证全指信息技术ETF,2022-09-26,0.491,0.491,0.491,0.491,-0.0117,0.0,0.0
159939.OF,广发中证全指信息技术ETF,2022-09-27,0.5017,0.5017,0.5017,0.5017,0.0218,0.0,0.0
159939.OF,广发中证全指信息技术ETF,2022-09-28,0.4874,0.4874,0.4874,0.4874,-0.0285,0.0,0.0
159939.OF,广发中证全指信息技术ETF,2022-09-29,0.4867,0.4867,0.4867,0.4867,-0.0014,0.0,0.0
159939.OF,广发中证全指信息技术ETF,2022-09-30,0.4788,0.4788,0.4788,0.4788,-0.0162,0.0,0.0
159939.OF,广发中证全指信息技术ETF,2022-10-10,0.4598,0.4598,0.4598,0.4598,-0.0397,0.0,0.0
159939.OF,广发中证全指信息技术ETF,2022-10-11,0.4581,0.4581,0.4581,0.4581,-0.0038,0.0,0.0
159939.OF,广发中证全指信息技术ETF,2022-10-12,0.4778,0.4778,0.4778,0.4778,0.043,0.0,0.0
159939.OF,广发中证全指信息技术ETF,2022-10-13,0.4824,0.4824,0.4824,0.4824,0.0096,0.0,0.0
159939.OF,广发中证全指信息技术ETF,2022-10-14,0.4939,0.4939,0.4939,0.4939,0.0238,0.0,0.0
159939.OF,广发中证全指信息技术ETF,2022-10-17,0.5057,0.5057,0.5057,0.5057,0.0239,0.0,0.0
159939.OF,广发中证全指信息技术ETF,2022-10-18,0.5026,0.5026,0.5026,0.5026,-0.0061,0.0,0.0
159939.OF,广发中证全指信息技术ETF,2022-10-19,0.499,0.499,0.499,0.499,-0.0072,0.0,0.0
159939.OF,广发中证全指信息技术ETF,2022-10-20,0.5084,0.5084,0.5084,0.5084,0.0188,0.0,0.0
159939.OF,广发中证全指信息技术ETF,2022-10-21,0.5056,0.5056,0.5056,0.5056,-0.0054,0.0,0.0
159939.OF,广发中证全指信息技术ETF,2022-10-24,0.5041,0.5041,0.5041,0.5041,-0.003,0.0,0.0
159939.OF,广发中证全指信息技术ETF,2022-10-25,0.499,0.499,0.499,0.499,-0.0102,0.0,0.0
159939.OF,广发中证全指信息技术ETF,2022-10-26,0.5162,0.5162,0.5162,0.5162,0.0346,0.0,0.0
159939.OF,广发中证全指信息技术ETF,2022-10-27,0.5192,0.5192,0.5192,0.5192,0.0058,0.0,0.0
159939.OF,广发中证全指信息技术ETF,2022-10-28,0.5054,0.5054,0.5054,0.5054,-0.0267,0.0,0.0
159939.OF,广发中证全指信息技术ETF,2022-10-31,0.5189,0.5189,0.5189,0.5189,0.0267,0.0,0.0
159939.OF,广发中证全指信息技术ETF,2022-11-01,0.5273,0.5273,0.5273,0.5273,0.0162,0.0,0.0
159939.OF,广发中证全指信息技术ETF,2022-11-02,0.5321,0.5321,0.5321,0.5321,0.0091,0.0,0.0
159939.OF,广发中证全指信息技术ETF,2022-11-03,0.5338,0.5338,0.5338,0.5338,0.0032,0.0,0.0
159939.OF,广发中证全指信息技术ETF,2022-11-04,0.5412,0.5412,0.5412,0.5412,0.014,0.0,0.0
159939.OF,广发中证全指信息技术ETF,2022-11-07,0.5399,0.5399,0.5399,0.5399,-0.0025,0.0,0.0
159939.OF,广发中证全指信息技术ETF,2022-11-08,0.5379,0.5379,0.5379,0.5379,-0.0036,0.0,0.0
159939.OF,广发中证全指信息技术ETF,2022-11-09,0.5327,0.5327,0.5327,0.5327,-0.0097,0.0,0.0
159939.OF,广发中证全指信息技术ETF,2022-11-10,0.5244,0.5244,0.5244,0.5244,-0.0157,0.0,0.0
159939.OF,广发中证全指信息技术ETF,2022-11-11,0.5283,0.5283,0.5283,0.5283,0.0075,0.0,0.0
159939.OF,广发中证全指信息技术ETF,2022-11-14,0.5311,0.5311,0.5311,0.5311,0.0053,0.0,0.0
159939.OF,广发中证全指信息技术ETF,2022-11-15,0.5537,0.5537,0.5537,0.5537,0.0425,0.0,0.0
159939.OF,广发中证全指信息技术ETF,2022-11-16,0.5489,0.5489,0.5489,0.5489,-0.0087,0.0,0.0
159939.OF,广发中证全指信息技术ETF,2022-11-17,0.5591,0.5591,0.5591,0.5591,0.0186,0.0,0.0
159939.OF,广发中证全指信息技术ETF,2022-11-18,0.5486,0.5486,0.5486,0.5486,-0.0187,0.0,0.0
159939.OF,广发中证全指信息技术ETF,2022-11-21,0.5471,0.5471,0.5471,0.5471,-0.0028,0.0,0.0
159939.OF,广发中证全指信息技术ETF,2022-11-22,0.5409,0.5409,0.5409,0.5409,-0.0113,0.0,0.0
159939.OF,广发中证全指信息技术ETF,2022-11-23,0.5354,0.5354,0.5354,0.5354,-0.0101,0.0,0.0
159939.OF,广发中证全指信息技术ETF,2022-11-24,0.5303,0.5303,0.5303,0.5303,-0.0095,0.0,0.0
159939.OF,广发中证全指信息技术ETF,2022-11-25,0.5238,0.5238,0.5238,0.5238,-0.0124,0.0,0.0
159939.OF,广发中证全指信息技术ETF,2022-11-28,0.5172,0.5172,0.5172,0.5172,-0.0125,0.0,0.0
159939.OF,广发中证全指信息技术ETF,2022-11-29,0.5261,0.5261,0.5261,0.5261,0.0171,0.0,0.0
159939.OF,广发中证全指信息技术ETF,2022-11-30,0.5245,0.5245,0.5245,0.5245,-0.0029,0.0,0.0
159939.OF,广发中证全指信息技术ETF,2022-12-01,0.5336,0.5336,0.5336,0.5336,0.0173,0.0,0.0
159939.OF,广发中证全指信息技术ETF,2022-12-02,0.5307,0.5307,0.5307,0.5307,-0.0054,0.0,0.0
159939.OF,广发中证全指信息技术ETF,2022-12-05,0.5347,0.5347,0.5347,0.5347,0.0075,0.0,0.0
159939.OF,广发中证全指信息技术ETF,2022-12-06,0.5395,0.5395,0.5395,0.5395,0.0089,0.0,0.0
159939.OF,广发中证全指信息技术ETF,2022-12-07,0.5355,0.5355,0.5355,0.5355,-0.0074,0.0,0.0
159939.OF,广发中证全指信息技术ETF,2022-12-08,0.5277,0.5277,0.5277,0.5277,-0.0145,0.0,0.0
159939.OF,广发中证全指信息技术ETF,2022-12-09,0.5294,0.5294,0.5294,0.5294,0.0032,0.0,0.0
159939.OF,广发中证全指信息技术ETF,2022-12-12,0.5371,0.5371,0.5371,0.5371,0.0145,0.0,0.0
159939.OF,广发中证全指信息技术ETF,2022-12-13,0.5269,0.5269,0.5269,0.5269,-0.019,0.0,0.0
159939.OF,广发中证全指信息技术ETF,2022-12-14,0.5269,0.5269,0.5269,0.5269,0.0,0.0,0.0
159939.OF,广发中证全指信息技术ETF,2022-12-15,0.5339,0.5339,0.5339,0.5339,0.0132,0.0,0.0
159939.OF,广发中证全指信息技术ETF,2022-12-16,0.5248,0.5248,0.5248,0.5248,-0.017,0.0,0.0
159939.OF,广发中证全指信息技术ETF,2022-12-19,0.5136,0.5136,0.5136,0.5136,-0.0212,0.0,0.0
159939.OF,广发中证全指信息技术ETF,2022-12-20,0.5095,0.5095,0.5095,0.5095,-0.008,0.0,0.0
159939.OF,广发中证全指信息技术ETF,2022-12-21,0.5042,0.5042,0.5042,0.5042,-0.0104,0.0,0.0
159939.OF,广发中证全指信息技术ETF,2022-12-22,0.5012,0.5012,0.5012,0.5012,-0.006,0.0,0.0
159939.OF,广发中证全指信息技术ETF,2022-12-23,0.4996,0.4996,0.4996,0.4996,-0.0031,0.0,0.0
159939.OF,广发中证全指信息技术ETF,2022-12-26,0.5098,0.5098,0.5098,0.5098,0.0203,0.0,0.0
159939.OF,广发中证全指信息技术ETF,2022-12-27,0.5124,0.5124,0.5124,0.5124,0.0052,0.0,0.0
159939.OF,广发中证全指信息技术ETF,2022-12-28,0.5053,0.5053,0.5053,0.5053,-0.014,0.0,0.0
159939.OF,广发中证全指信息技术ETF,2022-12-29,0.5067,0.5067,0.5067,0.5067,0.0028,0.0,0.0
159939.OF,广发中证全指信息技术ETF,2022-12-30,0.507,0.507,0.507,0.507,0.0007,0.0,0.0
159939.OF,广发中证全指信息技术ETF,2022-12-31,0.507,0.507,0.507,0.507,0.0,0.0,0.0
159939.OF,广发中证全指信息技术ETF,2023-01-03,0.5214,0.5214,0.5214,0.5214,0.0284,0.0,0.0
159939.OF,广发中证全指信息技术ETF,2023-01-04,0.5185,0.5185,0.5185,0.5185,-0.0056,0.0,0.0
159939.OF,广发中证全指信息技术ETF,2023-01-05,0.5231,0.5231,0.5231,0.5231,0.0088,0.0,0.0
159939.OF,广发中证全指信息技术ETF,2023-01-06,0.5215,0.5215,0.5215,0.5215,-0.003,0.0,0.0
159939.OF,广发中证全指信息技术ETF,2023-01-09,0.5241,0.5241,0.5241,0.5241,0.005,0.0,0.0
159939.OF,广发中证全指信息技术ETF,2023-01-10,0.5269,0.5269,0.5269,0.5269,0.0052,0.0,0.0
159939.OF,广发中证全指信息技术ETF,2023-01-11,0.5201,0.5201,0.5201,0.5201,-0.0129,0.0,0.0
159939.OF,广发中证全指信息技术ETF,2023-01-12,0.5215,0.5215,0.5215,0.5215,0.0027,0.0,0.0
159939.OF,广发中证全指信息技术ETF,2023-01-13,0.5209,0.5209,0.5209,0.5209,-0.0011,0.0,0.0
159939.OF,广发中证全指信息技术ETF,2023-01-16,0.5339,0.5339,0.5339,0.5339,0.025,0.0,0.0
159939.OF,广发中证全指信息技术ETF,2023-01-17,0.5396,0.5396,0.5396,0.5396,0.0106,0.0,0.0
159939.OF,广发中证全指信息技术ETF,2023-01-18,0.5434,0.5434,0.5434,0.5434,0.007,0.0,0.0
159939.OF,广发中证全指信息技术ETF,2023-01-19,0.556,0.556,0.556,0.556,0.0233,0.0,0.0
159939.OF,广发中证全指信息技术ETF,2023-01-20,0.5578,0.5578,0.5578,0.5578,0.0032,0.0,0.0
159939.OF,广发中证全指信息技术ETF,2023-01-30,0.5659,0.5659,0.5659,0.5659,0.0144,0.0,0.0
159939.OF,广发中证全指信息技术ETF,2023-01-31,0.5565,0.5565,0.5565,0.5565,-0.0166,0.0,0.0
159939.OF,广发中证全指信息技术ETF,2023-02-01,0.568,0.568,0.568,0.568,0.0207,0.0,0.0
159939.OF,广发中证全指信息技术ETF,2023-02-02,0.5702,0.5702,0.5702,0.5702,0.0039,0.0,0.0
159939.OF,广发中证全指信息技术ETF,2023-02-03,0.5757,0.5757,0.5757,0.5757,0.0097,0.0,0.0
159939.OF,广发中证全指信息技术ETF,2023-02-06,0.5739,0.5739,0.5739,0.5739,-0.0032,0.0,0.0
159939.OF,广发中证全指信息技术ETF,2023-02-07,0.573,0.573,0.573,0.573,-0.0016,0.0,0.0
159939.OF,广发中证全指信息技术ETF,2023-02-08,0.567,0.567,0.567,0.567,-0.0105,0.0,0.0
159939.OF,广发中证全指信息技术ETF,2023-02-09,0.5838,0.5838,0.5838,0.5838,0.0297,0.0,0.0
159939.OF,广发中证全指信息技术ETF,2023-02-10,0.579,0.579,0.579,0.579,-0.0082,0.0,0.0
159939.OF,广发中证全指信息技术ETF,2023-02-13,0.5824,0.5824,0.5824,0.5824,0.0058,0.0,0.0
159939.OF,广发中证全指信息技术ETF,2023-02-14,0.581,0.581,0.581,0.581,-0.0023,0.0,0.0
159939.OF,广发中证全指信息技术ETF,2023-02-15,0.5921,0.5921,0.5921,0.5921,0.0191,0.0,0.0
159939.OF,广发中证全指信息技术ETF,2023-02-16,0.5804,0.5804,0.5804,0.5804,-0.0198,0.0,0.0
159939.OF,广发中证全指信息技术ETF,2023-02-17,0.5618,0.5618,0.5618,0.5618,-0.032,0.0,0.0
159939.OF,广发中证全指信息技术ETF,2023-02-20,0.5733,0.5733,0.5733,0.5733,0.0205,0.0,0.0
159939.OF,广发中证全指信息技术ETF,2023-02-21,0.5725,0.5725,0.5725,0.5725,-0.0014,0.0,0.0
159939.OF,广发中证全指信息技术ETF,2023-02-22,0.5721,0.5721,0.5721,0.5721,-0.0007,0.0,0.0
159939.OF,广发中证全指信息技术ETF,2023-02-23,0.5665,0.5665,0.5665,0.5665,-0.0098,0.0,0.0
159939.OF,广发中证全指信息技术ETF,2023-02-24,0.5668,0.5668,0.5668,0.5668,0.0005,0.0,0.0
159939.OF,广发中证全指信息技术ETF,2023-02-27,0.5586,0.5586,0.5586,0.5586,-0.0145,0.0,0.0
159939.OF,广发中证全指信息技术ETF,2023-02-28,0.5656,0.5656,0.5656,0.5656,0.0125,0.0,0.0
159939.OF,广发中证全指信息技术ETF,2023-03-01,0.5783,0.5783,0.5783,0.5783,0.0225,0.0,0.0
159939.OF,广发中证全指信息技术ETF,2023-03-02,0.5771,0.5771,0.5771,0.5771,-0.0021,0.0,0.0
159939.OF,广发中证全指信息技术ETF,2023-03-03,0.5787,0.5787,0.5787,0.5787,0.0028,0.0,0.0
159939.OF,广发中证全指信息技术ETF,2023-03-06,0.5786,0.5786,0.5786,0.5786,-0.0002,0.0,0.0
159939.OF,广发中证全指信息技术ETF,2023-03-07,0.5625,0.5625,0.5625,0.5625,-0.0278,0.0,0.0
159939.OF,广发中证全指信息技术ETF,2023-03-08,0.5703,0.5703,0.5703,0.5703,0.0139,0.0,0.0
159939.OF,广发中证全指信息技术ETF,2023-03-09,0.5728,0.5728,0.5728,0.5728,0.0044,0.0,0.0
159939.OF,广发中证全指信息技术ETF,2023-03-10,0.5667,0.5667,0.5667,0.5667,-0.0106,0.0,0.0
159939.OF,广发中证全指信息技术ETF,2023-03-13,0.5766,0.5766,0.5766,0.5766,0.0175,0.0,0.0
159939.OF,广发中证全指信息技术ETF,2023-03-14,0.579,0.579,0.579,0.579,0.0042,0.0,0.0
159939.OF,广发中证全指信息技术ETF,2023-03-15,0.5777,0.5777,0.5777,0.5777,-0.0022,0.0,0.0
159939.OF,广发中证全指信息技术ETF,2023-03-16,0.5717,0.5717,0.5717,0.5717,-0.0104,0.0,0.0
159939.OF,广发中证全指信息技术ETF,2023-03-17,0.588,0.588,0.588,0.588,0.0285,0.0,0.0
159939.OF,广发中证全指信息技术ETF,2023-03-20,0.5927,0.5927,0.5927,0.5927,0.008,0.0,0.0
159939.OF,广发中证全指信息技术ETF,2023-03-21,0.594,0.594,0.594,0.594,0.0022,0.0,0.0
159939.OF,广发中证全指信息技术ETF,2023-03-22,0.6039,0.6039,0.6039,0.6039,0.0167,0.0,0.0
159939.OF,广发中证全指信息技术ETF,2023-03-23,0.6284,0.6284,0.6284,0.6284,0.0406,0.0,0.0
159939.OF,广发中证全指信息技术ETF,2023-03-24,0.6355,0.6355,0.6355,0.6355,0.0113,0.0,0.0
159939.OF,广发中证全指信息技术ETF,2023-03-27,0.6321,0.6321,0.6321,0.6321,-0.0054,0.0,0.0
159939.OF,广发中证全指信息技术ETF,2023-03-28,0.616,0.616,0.616,0.616,-0.0255,0.0,0.0
159939.OF,广发中证全指信息技术ETF,2023-03-29,0.6257,0.6257,0.6257,0.6257,0.0157,0.0,0.0
159939.OF,广发中证全指信息技术ETF,2023-03-30,0.6255,0.6255,0.6255,0.6255,-0.0003,0.0,0.0
159939.OF,广发中证全指信息技术ETF,2023-03-31,0.6387,0.6387,0.6387,0.6387,0.0211,0.0,0.0
159939.OF,广发中证全指信息技术ETF,2023-04-03,0.6657,0.6657,0.6657,0.6657,0.0423,0.0,0.0
159939.OF,广发中证全指信息技术ETF,2023-04-04,0.671,0.671,0.671,0.671,0.008,0.0,0.0
159939.OF,广发中证全指信息技术ETF,2023-04-06,0.6814,0.6814,0.6814,0.6814,0.0155,0.0,0.0
159939.OF,广发中证全指信息技术ETF,2023-04-07,0.6861,0.6861,0.6861,0.6861,0.0069,0.0,0.0
159939.OF,广发中证全指信息技术ETF,2023-04-10,0.66,0.66,0.66,0.66,-0.038,0.0,0.0
159939.OF,广发中证全指信息技术ETF,2023-04-11,0.6594,0.6594,0.6594,0.6594,-0.0009,0.0,0.0
159939.OF,广发中证全指信息技术ETF,2023-04-12,0.6739,0.6739,0.6739,0.6739,0.022,0.0,0.0
159939.OF,广发中证全指信息技术ETF,2023-04-13,0.6499,0.6499,0.6499,0.6499,-0.0356,0.0,0.0
159939.OF,广发中证全指信息技术ETF,2023-04-14,0.6609,0.6609,0.6609,0.6609,0.0169,0.0,0.0
159939.OF,广发中证全指信息技术ETF,2023-04-17,0.6563,0.6563,0.6563,0.6563,-0.007,0.0,0.0
159939.OF,广发中证全指信息技术ETF,2023-04-18,0.6521,0.6521,0.6521,0.6521,-0.0064,0.0,0.0
159939.OF,广发中证全指信息技术ETF,2023-04-19,0.6494,0.6494,0.6494,0.6494,-0.0041,0.0,0.0
159939.OF,广发中证全指信息技术ETF,2023-04-20,0.6653,0.6653,0.6653,0.6653,0.0245,0.0,0.0
159939.OF,广发中证全指信息技术ETF,2023-04-21,0.6319,0.6319,0.6319,0.6319,-0.0502,0.0,0.0
159939.OF,广发中证全指信息技术ETF,2023-04-24,0.6204,0.6204,0.6204,0.6204,-0.0182,0.0,0.0
159939.OF,广发中证全指信息技术ETF,2023-04-25,0.609,0.609,0.609,0.609,-0.0184,0.0,0.0
159939.OF,广发中证全指信息技术ETF,2023-04-26,0.591,0.591,0.591,0.591,-0.0296,0.0,0.0
159939.OF,广发中证全指信息技术ETF,2023-04-27,0.586,0.586,0.586,0.586,-0.0085,0.0,0.0
159939.OF,广发中证全指信息技术ETF,2023-04-28,0.5994,0.5994,0.5994,0.5994,0.0229,0.0,0.0
159939.OF,广发中证全指信息技术ETF,2023-05-04,0.5859,0.5859,0.5859,0.5859,-0.0225,0.0,0.0
159939.OF,广发中证全指信息技术ETF,2023-05-05,0.5794,0.5794,0.5794,0.5794,-0.0111,0.0,0.0
159939.OF,广发中证全指信息技术ETF,2023-05-08,0.5844,0.5844,0.5844,0.5844,0.0086,0.0,0.0
159939.OF,广发中证全指信息技术ETF,2023-05-09,0.5811,0.5811,0.5811,0.5811,-0.0056,0.0,0.0
159939.OF,广发中证全指信息技术ETF,2023-05-10,0.5757,0.5757,0.5757,0.5757,-0.0093,0.0,0.0
159939.OF,广发中证全指信息技术ETF,2023-05-11,0.5729,0.5729,0.5729,0.5729,-0.0049,0.0,0.0
159939.OF,广发中证全指信息技术ETF,2023-05-12,0.5671,0.5671,0.5671,0.5671,-0.0101,0.0,0.0
159939.OF,广发中证全指信息技术ETF,2023-05-15,0.5722,0.5722,0.5722,0.5722,0.009,0.0,0.0
159939.OF,广发中证全指信息技术ETF,2023-05-16,0.5682,0.5682,0.5682,0.5682,-0.007,0.0,0.0
159939.OF,广发中证全指信息技术ETF,2023-05-17,0.5725,0.5725,0.5725,0.5725,0.0076,0.0,0.0
159939.OF,广发中证全指信息技术ETF,2023-05-18,0.5799,0.5799,0.5799,0.5799,0.0129,0.0,0.0
159939.OF,广发中证全指信息技术ETF,2023-05-19,0.5859,0.5859,0.5859,0.5859,0.0103,0.0,0.0
159939.OF,广发中证全指信息技术ETF,2023-05-22,0.5797,0.5797,0.5797,0.5797,-0.0106,0.0,0.0
159939.OF,广发中证全指信息技术ETF,2023-05-23,0.5722,0.5722,0.5722,0.5722,-0.0129,0.0,0.0
159939.OF,广发中证全指信息技术ETF,2023-05-24,0.568,0.568,0.568,0.568,-0.0073,0.0,0.0
159939.OF,广发中证全指信息技术ETF,2023-05-25,0.5709,0.5709,0.5709,0.5709,0.0051,0.0,0.0
159939.OF,广发中证全指信息技术ETF,2023-05-26,0.5808,0.5808,0.5808,0.5808,0.0173,0.0,0.0
159939.OF,广发中证全指信息技术ETF,2023-05-29,0.5803,0.5803,0.5803,0.5803,-0.0009,0.0,0.0
159939.OF,广发中证全指信息技术ETF,2023-05-30,0.5903,0.5903,0.5903,0.5903,0.0172,0.0,0.0
159939.OF,广发中证全指信息技术ETF,2023-05-31,0.5948,0.5948,0.5948,0.5948,0.0076,0.0,0.0
159939.OF,广发中证全指信息技术ETF,2023-06-01,0.6018,0.6018,0.6018,0.6018,0.0118,0.0,0.0
159939.OF,广发中证全指信息技术ETF,2023-06-02,0.6026,0.6026,0.6026,0.6026,0.0013,0.0,0.0
159939.OF,广发中证全指信息技术ETF,2023-06-05,0.605,0.605,0.605,0.605,0.004,0.0,0.0
159939.OF,广发中证全指信息技术ETF,2023-06-06,0.5857,0.5857,0.5857,0.5857,-0.0319,0.0,0.0
159939.OF,广发中证全指信息技术ETF,2023-06-07,0.5894,0.5894,0.5894,0.5894,0.0063,0.0,0.0
159939.OF,广发中证全指信息技术ETF,2023-06-08,0.5817,0.5817,0.5817,0.5817,-0.0131,0.0,0.0
159939.OF,广发中证全指信息技术ETF,2023-06-09,0.5908,0.5908,0.5908,0.5908,0.0156,0.0,0.0
159939.OF,广发中证全指信息技术ETF,2023-06-12,0.593,0.593,0.593,0.593,0.0037,0.0,0.0
159939.OF,广发中证全指信息技术ETF,2023-06-13,0.6101,0.6101,0.6101,0.6101,0.0288,0.0,0.0
159939.OF,广发中证全指信息技术ETF,2023-06-14,0.6119,0.6119,0.6119,0.6119,0.003,0.0,0.0
159939.OF,广发中证全指信息技术ETF,2023-06-15,0.607,0.607,0.607,0.607,-0.008,0.0,0.0
159939.OF,广发中证全指信息技术ETF,2023-06-16,0.6215,0.6215,0.6215,0.6215,0.0239,0.0,0.0
159939.OF,广发中证全指信息技术ETF,2023-06-19,0.6326,0.6326,0.6326,0.6326,0.0179,0.0,0.0
159939.OF,广发中证全指信息技术ETF,2023-06-20,0.6391,0.6391,0.6391,0.6391,0.0103,0.0,0.0
159939.OF,广发中证全指信息技术ETF,2023-06-21,0.6144,0.6144,0.6144,0.6144,-0.0386,0.0,0.0
159939.OF,广发中证全指信息技术ETF,2023-06-26,0.5951,0.5951,0.5951,0.5951,-0.0314,0.0,0.0
159939.OF,广发中证全指信息技术ETF,2023-06-27,0.5969,0.5969,0.5969,0.5969,0.003,0.0,0.0
159939.OF,广发中证全指信息技术ETF,2023-06-28,0.5878,0.5878,0.5878,0.5878,-0.0152,0.0,0.0
159939.OF,广发中证全指信息技术ETF,2023-06-29,0.59,0.59,0.59,0.59,0.0037,0.0,0.0
159939.OF,广发中证全指信息技术ETF,2023-06-30,0.5962,0.5962,0.5962,0.5962,0.0105,0.0,0.0
159939.OF,广发中证全指信息技术ETF,2023-07-03,0.5977,0.5977,0.5977,0.5977,0.0025,0.0,0.0
159939.OF,广发中证全指信息技术ETF,2023-07-04,0.6078,0.6078,0.6078,0.6078,0.0169,0.0,0.0
159939.OF,广发中证全指信息技术ETF,2023-07-05,0.6005,0.6005,0.6005,0.6005,-0.012,0.0,0.0
159939.OF,广发中证全指信息技术ETF,2023-07-06,0.6028,0.6028,0.6028,0.6028,0.0038,0.0,0.0
159939.OF,广发中证全指信息技术ETF,2023-07-07,0.5942,0.5942,0.5942,0.5942,-0.0143,0.0,0.0
159939.OF,广发中证全指信息技术ETF,2023-07-10,0.592,0.592,0.592,0.592,-0.0037,0.0,0.0
159939.OF,广发中证全指信息技术ETF,2023-07-11,0.6031,0.6031,0.6031,0.6031,0.0187,0.0,0.0
159939.OF,广发中证全指信息技术ETF,2023-07-12,0.5881,0.5881,0.5881,0.5881,-0.0249,0.0,0.0
159939.OF,广发中证全指信息技术ETF,2023-07-13,0.5997,0.5997,0.5997,0.5997,0.0197,0.0,0.0
159939.OF,广发中证全指信息技术ETF,2023-07-14,0.6061,0.6061,0.6061,0.6061,0.0107,0.0,0.0
159939.OF,广发中证全指信息技术ETF,2023-07-17,0.6041,0.6041,0.6041,0.6041,-0.0033,0.0,0.0
159939.OF,广发中证全指信息技术ETF,2023-07-18,0.6003,0.6003,0.6003,0.6003,-0.0063,0.0,0.0
159939.OF,广发中证全指信息技术ETF,2023-07-19,0.5967,0.5967,0.5967,0.5967,-0.006,0.0,0.0
159939.OF,广发中证全指信息技术ETF,2023-07-20,0.581,0.581,0.581,0.581,-0.0263,0.0,0.0
159939.OF,广发中证全指信息技术ETF,2023-07-21,0.5771,0.5771,0.5771,0.5771,-0.0067,0.0,0.0
159939.OF,广发中证全指信息技术ETF,2023-07-24,0.5776,0.5776,0.5776,0.5776,0.0009,0.0,0.0
159939.OF,广发中证全指信息技术ETF,2023-07-25,0.588,0.588,0.588,0.588,0.018,0.0,0.0
159939.OF,广发中证全指信息技术ETF,2023-07-26,0.581,0.581,0.581,0.581,-0.0119,0.0,0.0
159939.OF,广发中证全指信息技术ETF,2023-07-27,0.574,0.574,0.574,0.574,-0.012,0.0,0.0
159939.OF,广发中证全指信息技术ETF,2023-07-28,0.5814,0.5814,0.5814,0.5814,0.0129,0.0,0.0
159939.OF,广发中证全指信息技术ETF,2023-07-31,0.5869,0.5869,0.5869,0.5869,0.0095,0.0,0.0
159939.OF,广发中证全指信息技术ETF,2023-08-01,0.59,0.59,0.59,0.59,0.0053,0.0,0.0
159939.OF,广发中证全指信息技术ETF,2023-08-02,0.5902,0.5902,0.5902,0.5902,0.0003,0.0,0.0
159939.OF,广发中证全指信息技术ETF,2023-08-03,0.5909,0.5909,0.5909,0.5909,0.0012,0.0,0.0
159939.OF,广发中证全指信息技术ETF,2023-08-04,0.5963,0.5963,0.5963,0.5963,0.0091,0.0,0.0
159939.OF,广发中证全指信息技术ETF,2023-08-07,0.5961,0.5961,0.5961,0.5961,-0.0003,0.0,0.0
159939.OF,广发中证全指信息技术ETF,2023-08-08,0.5923,0.5923,0.5923,0.5923,-0.0064,0.0,0.0
159939.OF,广发中证全指信息技术ETF,2023-08-09,0.5838,0.5838,0.5838,0.5838,-0.0144,0.0,0.0
159939.OF,广发中证全指信息技术ETF,2023-08-10,0.584,0.584,0.584,0.584,0.0003,0.0,0.0
159939.OF,广发中证全指信息技术ETF,2023-08-11,0.5702,0.5702,0.5702,0.5702,-0.0236,0.0,0.0
159939.OF,广发中证全指信息技术ETF,2023-08-14,0.5702,0.5702,0.5702,0.5702,0.0,0.0,0.0
159939.OF,广发中证全指信息技术ETF,2023-08-15,0.5622,0.5622,0.5622,0.5622,-0.014,0.0,0.0
159939.OF,广发中证全指信息技术ETF,2023-08-16,0.5481,0.5481,0.5481,0.5481,-0.0251,0.0,0.0
159939.OF,广发中证全指信息技术ETF,2023-08-17,0.5515,0.5515,0.5515,0.5515,0.0062,0.0,0.0
159939.OF,广发中证全指信息技术ETF,2023-08-18,0.5408,0.5408,0.5408,0.5408,-0.0194,0.0,0.0
159939.OF,广发中证全指信息技术ETF,2023-08-21,0.5358,0.5358,0.5358,0.5358,-0.0092,0.0,0.0
159939.OF,广发中证全指信息技术ETF,2023-08-22,0.5462,0.5462,0.5462,0.5462,0.0194,0.0,0.0
159939.OF,广发中证全指信息技术ETF,2023-08-23,0.5299,0.5299,0.5299,0.5299,-0.0298,0.0,0.0
159939.OF,广发中证全指信息技术ETF,2023-08-24,0.5334,0.5334,0.5334,0.5334,0.0066,0.0,0.0
159939.OF,广发中证全指信息技术ETF,2023-08-25,0.518,0.518,0.518,0.518,-0.0289,0.0,0.0
159939.OF,广发中证全指信息技术ETF,2023-08-28,0.5235,0.5235,0.5235,0.5235,0.0106,0.0,0.0
159939.OF,广发中证全指信息技术ETF,2023-08-29,0.5425,0.5425,0.5425,0.5425,0.0363,0.0,0.0
159939.OF,广发中证全指信息技术ETF,2023-08-30,0.5551,0.5551,0.5551,0.5551,0.0232,0.0,0.0
159939.OF,广发中证全指信息技术ETF,2023-08-31,0.5566,0.5566,0.5566,0.5566,0.0027,0.0,0.0
159939.OF,广发中证全指信息技术ETF,2023-09-01,0.5528,0.5528,0.5528,0.5528,-0.0068,0.0,0.0
159939.OF,广发中证全指信息技术ETF,2023-09-04,0.5597,0.5597,0.5597,0.5597,0.0125,0.0,0.0
159939.OF,广发中证全指信息技术ETF,2023-09-05,0.5548,0.5548,0.5548,0.5548,-0.0088,0.0,0.0
159939.OF,广发中证全指信息技术ETF,2023-09-06,0.5595,0.5595,0.5595,0.5595,0.0085,0.0,0.0
159939.OF,广发中证全指信息技术ETF,2023-09-07,0.5436,0.5436,0.5436,0.5436,-0.0284,0.0,0.0
159939.OF,广发中证全指信息技术ETF,2023-09-08,0.5446,0.5446,0.5446,0.5446,0.0018,0.0,0.0
159939.OF,广发中证全指信息技术ETF,2023-09-11,0.5489,0.5489,0.5489,0.5489,0.0079,0.0,0.0
159939.OF,广发中证全指信息技术ETF,2023-09-12,0.5473,0.5473,0.5473,0.5473,-0.0029,0.0,0.0
159939.OF,广发中证全指信息技术ETF,2023-09-13,0.5365,0.5365,0.5365,0.5365,-0.0197,0.0,0.0
159939.OF,广发中证全指信息技术ETF,2023-09-14,0.5315,0.5315,0.5315,0.5315,-0.0093,0.0,0.0
159939.OF,广发中证全指信息技术ETF,2023-09-15,0.5307,0.5307,0.5307,0.5307,-0.0015,0.0,0.0
159939.OF,广发中证全指信息技术ETF,2023-09-18,0.5277,0.5277,0.5277,0.5277,-0.0057,0.0,0.0
159939.OF,广发中证全指信息技术ETF,2023-09-19,0.5225,0.5225,0.5225,0.5225,-0.0099,0.0,0.0
159939.OF,广发中证全指信息技术ETF,2023-09-20,0.5185,0.5185,0.5185,0.5185,-0.0077,0.0,0.0
159939.OF,广发中证全指信息技术ETF,2023-09-21,0.5172,0.5172,0.5172,0.5172,-0.0025,0.0,0.0
159939.OF,广发中证全指信息技术ETF,2023-09-22,0.5336,0.5336,0.5336,0.5336,0.0317,0.0,0.0
159939.OF,广发中证全指信息技术ETF,2023-09-25,0.5275,0.5275,0.5275,0.5275,-0.0114,0.0,0.0
159939.OF,广发中证全指信息技术ETF,2023-09-26,0.5268,0.5268,0.5268,0.5268,-0.0013,0.0,0.0
159939.OF,广发中证全指信息技术ETF,2023-09-27,0.5269,0.5269,0.5269,0.5269,0.0002,0.0,0.0
159939.OF,广发中证全指信息技术ETF,2023-09-28,0.5327,0.5327,0.5327,0.5327,0.011,0.0,0.0
159939.OF,广发中证全指信息技术ETF,2023-09-30,0.5327,0.5327,0.5327,0.5327,0.0,0.0,0.0
159939.OF,广发中证全指信息技术ETF,2023-10-09,0.5372,0.5372,0.5372,0.5372,0.0084,0.0,0.0
159939.OF,广发中证全指信息技术ETF,2023-10-10,0.5402,0.5402,0.5402,0.5402,0.0056,0.0,0.0
159939.OF,广发中证全指信息技术ETF,2023-10-11,0.5489,0.5489,0.5489,0.5489,0.0161,0.0,0.0
159939.OF,广发中证全指信息技术ETF,2023-10-12,0.5503,0.5503,0.5503,0.5503,0.0026,0.0,0.0
159939.OF,广发中证全指信息技术ETF,2023-10-13,0.5482,0.5482,0.5482,0.5482,-0.0038,0.0,0.0
159939.OF,广发中证全指信息技术ETF,2023-10-16,0.5369,0.5369,0.5369,0.5369,-0.0206,0.0,0.0
159939.OF,广发中证全指信息技术ETF,2023-10-17,0.538,0.538,0.538,0.538,0.002,0.0,0.0
159939.OF,广发中证全指信息技术ETF,2023-10-18,0.5307,0.5307,0.5307,0.5307,-0.0136,0.0,0.0
159939.OF,广发中证全指信息技术ETF,2023-10-19,0.527,0.527,0.527,0.527,-0.007,0.0,0.0
159939.OF,广发中证全指信息技术ETF,2023-10-20,0.515,0.515,0.515,0.515,-0.0228,0.0,0.0
159939.OF,广发中证全指信息技术ETF,2023-10-23,0.5071,0.5071,0.5071,0.5071,-0.0153,0.0,0.0
159939.OF,广发中证全指信息技术ETF,2023-10-24,0.5097,0.5097,0.5097,0.5097,0.0051,0.0,0.0
159939.OF,广发中证全指信息技术ETF,2023-10-25,0.5137,0.5137,0.5137,0.5137,0.0078,0.0,0.0
159939.OF,广发中证全指信息技术ETF,2023-10-26,0.5147,0.5147,0.5147,0.5147,0.0019,0.0,0.0
159939.OF,广发中证全指信息技术ETF,2023-10-27,0.522,0.522,0.522,0.522,0.0142,0.0,0.0
159939.OF,广发中证全指信息技术ETF,2023-10-30,0.5401,0.5401,0.5401,0.5401,0.0347,0.0,0.0
159939.OF,广发中证全指信息技术ETF,2023-10-31,0.5368,0.5368,0.5368,0.5368,-0.0061,0.0,0.0
159939.OF,广发中证全指信息技术ETF,2023-11-01,0.5317,0.5317,0.5317,0.5317,-0.0095,0.0,0.0
159939.OF,广发中证全指信息技术ETF,2023-11-02,0.5258,0.5258,0.5258,0.5258,-0.0111,0.0,0.0
159939.OF,广发中证全指信息技术ETF,2023-11-03,0.5385,0.5385,0.5385,0.5385,0.0242,0.0,0.0
159939.OF,广发中证全指信息技术ETF,2023-11-06,0.554,0.554,0.554,0.554,0.0288,0.0,0.0
159939.OF,广发中证全指信息技术ETF,2023-11-07,0.556,0.556,0.556,0.556,0.0036,0.0,0.0
159939.OF,广发中证全指信息技术ETF,2023-11-08,0.557,0.557,0.557,0.557,0.0018,0.0,0.0
159939.OF,广发中证全指信息技术ETF,2023-11-09,0.5525,0.5525,0.5525,0.5525,-0.0081,0.0,0.0
159939.OF,广发中证全指信息技术ETF,2023-11-10,0.5509,0.5509,0.5509,0.5509,-0.0029,0.0,0.0
159939.OF,广发中证全指信息技术ETF,2023-11-13,0.5558,0.5558,0.5558,0.5558,0.0089,0.0,0.0
159939.OF,广发中证全指信息技术ETF,2023-11-14,0.559,0.559,0.559,0.559,0.0058,0.0,0.0
159939.OF,广发中证全指信息技术ETF,2023-11-15,0.5595,0.5595,0.5595,0.5595,0.0009,0.0,0.0
159939.OF,广发中证全指信息技术ETF,2023-11-16,0.5514,0.5514,0.5514,0.5514,-0.0145,0.0,0.0
159939.OF,广发中证全指信息技术ETF,2023-11-17,0.5536,0.5536,0.5536,0.5536,0.004,0.0,0.0
159939.OF,广发中证全指信息技术ETF,2023-11-20,0.5531,0.5531,0.5531,0.5531,-0.0009,0.0,0.0
159939.OF,广发中证全指信息技术ETF,2023-11-21,0.5464,0.5464,0.5464,0.5464,-0.0121,0.0,0.0
159939.OF,广发中证全指信息技术ETF,2023-11-22,0.5378,0.5378,0.5378,0.5378,-0.0157,0.0,0.0
159939.OF,广发中证全指信息技术ETF,2023-11-23,0.5434,0.5434,0.5434,0.5434,0.0104,0.0,0.0
159939.OF,广发中证全指信息技术ETF,2023-11-24,0.5339,0.5339,0.5339,0.5339,-0.0175,0.0,0.0
159939.OF,广发中证全指信息技术ETF,2023-11-27,0.5366,0.5366,0.5366,0.5366,0.0051,0.0,0.0
159939.OF,广发中证全指信息技术ETF,2023-11-28,0.5378,0.5378,0.5378,0.5378,0.0022,0.0,0.0
159939.OF,广发中证全指信息技术ETF,2023-11-29,0.5362,0.5362,0.5362,0.5362,-0.003,0.0,0.0
159939.OF,广发中证全指信息技术ETF,2023-11-30,0.5334,0.5334,0.5334,0.5334,-0.0052,0.0,0.0
159939.OF,广发中证全指信息技术ETF,2023-12-01,0.5385,0.5385,0.5385,0.5385,0.0096,0.0,0.0
159939.OF,广发中证全指信息技术ETF,2023-12-04,0.5355,0.5355,0.5355,0.5355,-0.0056,0.0,0.0
159939.OF,广发中证全指信息技术ETF,2023-12-05,0.52,0.52,0.52,0.52,-0.0289,0.0,0.0
159939.OF,广发中证全指信息技术ETF,2023-12-06,0.5199,0.5199,0.5199,0.5199,-0.0002,0.0,0.0
159939.OF,广发中证全指信息技术ETF,2023-12-07,0.5195,0.5195,0.5195,0.5195,-0.0008,0.0,0.0
159939.OF,广发中证全指信息技术ETF,2023-12-08,0.5305,0.5305,0.5305,0.5305,0.0212,0.0,0.0
159939.OF,广发中证全指信息技术ETF,2023-12-11,0.5375,0.5375,0.5375,0.5375,0.0132,0.0,0.0
159939.OF,广发中证全指信息技术ETF,2023-12-12,0.5371,0.5371,0.5371,0.5371,-0.0007,0.0,0.0
159939.OF,广发中证全指信息技术ETF,2023-12-13,0.5306,0.5306,0.5306,0.5306,-0.0121,0.0,0.0
159939.OF,广发中证全指信息技术ETF,2023-12-14,0.5275,0.5275,0.5275,0.5275,-0.0058,0.0,0.0
159939.OF,广发中证全指信息技术ETF,2023-12-15,0.5238,0.5238,0.5238,0.5238,-0.007,0.0,0.0
159939.OF,广发中证全指信息技术ETF,2023-12-18,0.5172,0.5172,0.5172,0.5172,-0.0126,0.0,0.0
159939.OF,广发中证全指信息技术ETF,2023-12-19,0.522,0.522,0.522,0.522,0.0093,0.0,0.0
159939.OF,广发中证全指信息技术ETF,2023-12-20,0.5124,0.5124,0.5124,0.5124,-0.0184,0.0,0.0
159939.OF,广发中证全指信息技术ETF,2023-12-21,0.5161,0.5161,0.5161,0.5161,0.0072,0.0,0.0
159939.OF,广发中证全指信息技术ETF,2023-12-22,0.5094,0.5094,0.5094,0.5094,-0.013,0.0,0.0
159939.OF,广发中证全指信息技术ETF,2023-12-25,0.5096,0.5096,0.5096,0.5096,0.0004,0.0,0.0
159939.OF,广发中证全指信息技术ETF,2023-12-26,0.499,0.499,0.499,0.499,-0.0208,0.0,0.0
159939.OF,广发中证全指信息技术ETF,2023-12-27,0.5048,0.5048,0.5048,0.5048,0.0116,0.0,0.0
159939.OF,广发中证全指信息技术ETF,2023-12-28,0.5159,0.5159,0.5159,0.5159,0.022,0.0,0.0
159939.OF,广发中证全指信息技术ETF,2023-12-29,0.5238,0.5238,0.5238,0.5238,0.0153,0.0,0.0
159939.OF,广发中证全指信息技术ETF,2023-12-31,0.5238,0.5238,0.5238,0.5238,0.0,0.0,0.0
159939.OF,广发中证全指信息技术ETF,2024-01-02,0.5141,0.5141,0.5141,0.5141,-0.0185,0.0,0.0
159939.OF,广发中证全指信息技术ETF,2024-01-03,0.5034,0.5034,0.5034,0.5034,-0.0208,0.0,0.0
159939.OF,广发中证全指信息技术ETF,2024-01-04,0.4963,0.4963,0.4963,0.4963,-0.0141,0.0,0.0
159939.OF,广发中证全指信息技术ETF,2024-01-05,0.4889,0.4889,0.4889,0.4889,-0.0149,0.0,0.0
159939.OF,广发中证全指信息技术ETF,2024-01-08,0.4756,0.4756,0.4756,0.4756,-0.0272,0.0,0.0
159939.OF,广发中证全指信息技术ETF,2024-01-09,0.4732,0.4732,0.4732,0.4732,-0.005,0.0,0.0
159939.OF,广发中证全指信息技术ETF,2024-01-10,0.4666,0.4666,0.4666,0.4666,-0.0139,0.0,0.0
159939.OF,广发中证全指信息技术ETF,2024-01-11,0.475,0.475,0.475,0.475,0.018,0.0,0.0
159939.OF,广发中证全指信息技术ETF,2024-01-12,0.467,0.467,0.467,0.467,-0.0168,0.0,0.0
159939.OF,广发中证全指信息技术ETF,2024-01-15,0.4669,0.4669,0.4669,0.4669,-0.0002,0.0,0.0
159939.OF,广发中证全指信息技术ETF,2024-01-16,0.4657,0.4657,0.4657,0.4657,-0.0026,0.0,0.0
159939.OF,广发中证全指信息技术ETF,2024-01-17,0.4539,0.4539,0.4539,0.4539,-0.0253,0.0,0.0
159939.OF,广发中证全指信息技术ETF,2024-01-18,0.4613,0.4613,0.4613,0.4613,0.0163,0.0,0.0
159939.OF,广发中证全指信息技术ETF,2024-01-19,0.4585,0.4585,0.4585,0.4585,-0.0061,0.0,0.0
159939.OF,广发中证全指信息技术ETF,2024-01-22,0.4415,0.4415,0.4415,0.4415,-0.0371,0.0,0.0
159939.OF,广发中证全指信息技术ETF,2024-01-23,0.4487,0.4487,0.4487,0.4487,0.0163,0.0,0.0
159939.OF,广发中证全指信息技术ETF,2024-01-24,0.4504,0.4504,0.4504,0.4504,0.0038,0.0,0.0
159939.OF,广发中证全指信息技术ETF,2024-01-25,0.4613,0.4613,0.4613,0.4613,0.0242,0.0,0.0
159939.OF,广发中证全指信息技术ETF,2024-01-26,0.45,0.45,0.45,0.45,-0.0245,0.0,0.0
159939.OF,广发中证全指信息技术ETF,2024-01-29,0.4377,0.4377,0.4377,0.4377,-0.0273,0.0,0.0
159939.OF,广发中证全指信息技术ETF,2024-01-30,0.4245,0.4245,0.4245,0.4245,-0.0302,0.0,0.0
159939.OF,广发中证全指信息技术ETF,2024-01-31,0.4104,0.4104,0.4104,0.4104,-0.0332,0.0,0.0
159939.OF,广发中证全指信息技术ETF,2024-02-01,0.4164,0.4164,0.4164,0.4164,0.0146,0.0,0.0
159939.OF,广发中证全指信息技术ETF,2024-02-02,0.4018,0.4018,0.4018,0.4018,-0.0351,0.0,0.0
159939.OF,广发中证全指信息技术ETF,2024-02-05,0.3948,0.3948,0.3948,0.3948,-0.0174,0.0,0.0
159939.OF,广发中证全指信息技术ETF,2024-02-06,0.4223,0.4223,0.4223,0.4223,0.0697,0.0,0.0
159939.OF,广发中证全指信息技术ETF,2024-02-07,0.4347,0.4347,0.4347,0.4347,0.0294,0.0,0.0
159939.OF,广发中证全指信息技术ETF,2024-02-08,0.4465,0.4465,0.4465,0.4465,0.0271,0.0,0.0
159939.OF,广发中证全指信息技术ETF,2024-02-19,0.4566,0.4566,0.4566,0.4566,0.0226,0.0,0.0
159939.OF,广发中证全指信息技术ETF,2024-02-20,0.4544,0.4544,0.4544,0.4544,-0.0048,0.0,0.0
159939.OF,广发中证全指信息技术ETF,2024-02-21,0.4545,0.4545,0.4545,0.4545,0.0002,0.0,0.0
159939.OF,广发中证全指信息技术ETF,2024-02-22,0.4635,0.4635,0.4635,0.4635,0.0198,0.0,0.0
159939.OF,广发中证全指信息技术ETF,2024-02-23,0.4658,0.4658,0.4658,0.4658,0.005,0.0,0.0
159939.OF,广发中证全指信息技术ETF,2024-02-26,0.4677,0.4677,0.4677,0.4677,0.0041,0.0,0.0
159939.OF,广发中证全指信息技术ETF,2024-02-27,0.488,0.488,0.488,0.488,0.0434,0.0,0.0
159939.OF,广发中证全指信息技术ETF,2024-02-28,0.4672,0.4672,0.4672,0.4672,-0.0426,0.0,0.0
159939.OF,广发中证全指信息技术ETF,2024-02-29,0.4904,0.4904,0.4904,0.4904,0.0497,0.0,0.0
159939.OF,广发中证全指信息技术ETF,2024-03-01,0.5057,0.5057,0.5057,0.5057,0.0312,0.0,0.0
159939.OF,广发中证全指信息技术ETF,2024-03-04,0.5079,0.5079,0.5079,0.5079,0.0044,0.0,0.0
159939.OF,广发中证全指信息技术ETF,2024-03-05,0.5072,0.5072,0.5072,0.5072,-0.0014,0.0,0.0
159939.OF,广发中证全指信息技术ETF,2024-03-06,0.5025,0.5025,0.5025,0.5025,-0.0093,0.0,0.0
159939.OF,广发中证全指信息技术ETF,2024-03-07,0.491,0.491,0.491,0.491,-0.0229,0.0,0.0
159939.OF,广发中证全指信息技术ETF,2024-03-08,0.5028,0.5028,0.5028,0.5028,0.024,0.0,0.0
159939.OF,广发中证全指信息技术ETF,2024-03-11,0.51,0.51,0.51,0.51,0.0143,0.0,0.0
159939.OF,广发中证全指信息技术ETF,2024-03-12,0.509,0.509,0.509,0.509,-0.002,0.0,0.0
159939.OF,广发中证全指信息技术ETF,2024-03-13,0.5094,0.5094,0.5094,0.5094,0.0008,0.0,0.0
159939.OF,广发中证全指信息技术ETF,2024-03-14,0.5011,0.5011,0.5011,0.5011,-0.0163,0.0,0.0
159939.OF,广发中证全指信息技术ETF,2024-03-15,0.5041,0.5041,0.5041,0.5041,0.006,0.0,0.0
159939.OF,广发中证全指信息技术ETF,2024-03-18,0.516,0.516,0.516,0.516,0.0236,0.0,0.0
159939.OF,广发中证全指信息技术ETF,2024-03-19,0.5129,0.5129,0.5129,0.5129,-0.006,0.0,0.0
159939.OF,广发中证全指信息技术ETF,2024-03-20,0.5155,0.5155,0.5155,0.5155,0.0051,0.0,0.0
159939.OF,广发中证全指信息技术ETF,2024-03-21,0.513,0.513,0.513,0.513,-0.0048,0.0,0.0
159939.OF,广发中证全指信息技术ETF,2024-03-22,0.5092,0.5092,0.5092,0.5092,-0.0074,0.0,0.0
159939.OF,广发中证全指信息技术ETF,2024-03-25,0.4959,0.4959,0.4959,0.4959,-0.0261,0.0,0.0
159939.OF,广发中证全指信息技术ETF,2024-03-26,0.4899,0.4899,0.4899,0.4899,-0.0121,0.0,0.0
159939.OF,广发中证全指信息技术ETF,2024-03-27,0.473,0.473,0.473,0.473,-0.0345,0.0,0.0
159939.OF,广发中证全指信息技术ETF,2024-03-28,0.4851,0.4851,0.4851,0.4851,0.0256,0.0,0.0
159939.OF,广发中证全指信息技术ETF,2024-03-29,0.4849,0.4849,0.4849,0.4849,-0.0004,0.0,0.0
159939.OF,广发中证全指信息技术ETF,2024-03-31,0.4849,0.4849,0.4849,0.4849,0.0,0.0,0.0
159939.OF,广发中证全指信息技术ETF,2024-04-01,0.4971,0.4971,0.4971,0.4971,0.0252,0.0,0.0
159939.OF,广发中证全指信息技术ETF,2024-04-02,0.4874,0.4874,0.4874,0.4874,-0.0195,0.0,0.0
159939.OF,广发中证全指信息技术ETF,2024-04-03,0.4808,0.4808,0.4808,0.4808,-0.0135,0.0,0.0
159939.OF,广发中证全指信息技术ETF,2024-04-08,0.4719,0.4719,0.4719,0.4719,-0.0185,0.0,0.0
159939.OF,广发中证全指信息技术ETF,2024-04-09,0.475,0.475,0.475,0.475,0.0066,0.0,0.0
159939.OF,广发中证全指信息技术ETF,2024-04-10,0.4627,0.4627,0.4627,0.4627,-0.0259,0.0,0.0
159939.OF,广发中证全指信息技术ETF,2024-04-11,0.4628,0.4628,0.4628,0.4628,0.0002,0.0,0.0
159939.OF,广发中证全指信息技术ETF,2024-04-12,0.4639,0.4639,0.4639,0.4639,0.0024,0.0,0.0
159939.OF,广发中证全指信息技术ETF,2024-04-15,0.4681,0.4681,0.4681,0.4681,0.0091,0.0,0.0
159939.OF,广发中证全指信息技术ETF,2024-04-16,0.4541,0.4541,0.4541,0.4541,-0.0299,0.0,0.0
159939.OF,广发中证全指信息技术ETF,2024-04-17,0.4703,0.4703,0.4703,0.4703,0.0357,0.0,0.0
159939.OF,广发中证全指信息技术ETF,2024-04-18,0.4679,0.4679,0.4679,0.4679,-0.0051,0.0,0.0
159939.OF,广发中证全指信息技术ETF,2024-04-19,0.4572,0.4572,0.4572,0.4572,-0.0229,0.0,0.0
159939.OF,广发中证全指信息技术ETF,2024-04-22,0.4564,0.4564,0.4564,0.4564,-0.0017,0.0,0.0
159939.OF,广发中证全指信息技术ETF,2024-04-23,0.4547,0.4547,0.4547,0.4547,-0.0037,0.0,0.0
159939.OF,广发中证全指信息技术ETF,2024-04-24,0.4654,0.4654,0.4654,0.4654,0.0235,0.0,0.0
159939.OF,广发中证全指信息技术ETF,2024-04-25,0.4638,0.4638,0.4638,0.4638,-0.0034,0.0,0.0
159939.OF,广发中证全指信息技术ETF,2024-04-26,0.4777,0.4777,0.4777,0.4777,0.03,0.0,0.0
159939.OF,广发中证全指信息技术ETF,2024-04-29,0.4904,0.4904,0.4904,0.4904,0.0266,0.0,0.0
159939.OF,广发中证全指信息技术ETF,2024-04-30,0.4855,0.4855,0.4855,0.4855,-0.01,0.0,0.0
159939.OF,广发中证全指信息技术ETF,2024-05-06,0.4927,0.4927,0.4927,0.4927,0.0148,0.0,0.0
159939.OF,广发中证全指信息技术ETF,2024-05-07,0.4895,0.4895,0.4895,0.4895,-0.0065,0.0,0.0
159939.OF,广发中证全指信息技术ETF,2024-05-08,0.4804,0.4804,0.4804,0.4804,-0.0186,0.0,0.0
159939.OF,广发中证全指信息技术ETF,2024-05-09,0.4875,0.4875,0.4875,0.4875,0.0148,0.0,0.0
159939.OF,广发中证全指信息技术ETF,2024-05-10,0.4803,0.4803,0.4803,0.4803,-0.0148,0.0,0.0
159939.OF,广发中证全指信息技术ETF,2024-05-13,0.4776,0.4776,0.4776,0.4776,-0.0056,0.0,0.0
159939.OF,广发中证全指信息技术ETF,2024-05-14,0.4781,0.4781,0.4781,0.4781,0.001,0.0,0.0
159939.OF,广发中证全指信息技术ETF,2024-05-15,0.4728,0.4728,0.4728,0.4728,-0.0111,0.0,0.0
159939.OF,广发中证全指信息技术ETF,2024-05-16,0.4752,0.4752,0.4752,0.4752,0.0051,0.0,0.0
159939.OF,广发中证全指信息技术ETF,2024-05-17,0.4809,0.4809,0.4809,0.4809,0.012,0.0,0.0
159939.OF,广发中证全指信息技术ETF,2024-05-20,0.4826,0.4826,0.4826,0.4826,0.0035,0.0,0.0
159939.OF,广发中证全指信息技术ETF,2024-05-21,0.4806,0.4806,0.4806,0.4806,-0.0041,0.0,0.0
159939.OF,广发中证全指信息技术ETF,2024-05-22,0.4828,0.4828,0.4828,0.4828,0.0046,0.0,0.0
159939.OF,广发中证全指信息技术ETF,2024-05-23,0.474,0.474,0.474,0.474,-0.0182,0.0,0.0
159939.OF,广发中证全指信息技术ETF,2024-05-24,0.4628,0.4628,0.4628,0.4628,-0.0236,0.0,0.0
159939.OF,广发中证全指信息技术ETF,2024-05-27,0.4717,0.4717,0.4717,0.4717,0.0192,0.0,0.0
159939.OF,广发中证全指信息技术ETF,2024-05-28,0.466,0.466,0.466,0.466,-0.0121,0.0,0.0
159939.OF,广发中证全指信息技术ETF,2024-05-29,0.465,0.465,0.465,0.465,-0.0021,0.0,0.0
159939.OF,广发中证全指信息技术ETF,2024-05-30,0.471,0.471,0.471,0.471,0.0129,0.0,0.0
159939.OF,广发中证全指信息技术ETF,2024-05-31,0.4707,0.4707,0.4707,0.4707,-0.0006,0.0,0.0
159939.OF,广发中证全指信息技术ETF,2024-06-03,0.4751,0.4751,0.4751,0.4751,0.0093,0.0,0.0
159939.OF,广发中证全指信息技术ETF,2024-06-04,0.4764,0.4764,0.4764,0.4764,0.0027,0.0,0.0
159939.OF,广发中证全指信息技术ETF,2024-06-05,0.4772,0.4772,0.4772,0.4772,0.0017,0.0,0.0
159939.OF,广发中证全指信息技术ETF,2024-06-06,0.476,0.476,0.476,0.476,-0.0025,0.0,0.0
159939.OF,广发中证全指信息技术ETF,2024-06-07,0.4719,0.4719,0.4719,0.4719,-0.0086,0.0,0.0
159939.OF,广发中证全指信息技术ETF,2024-06-11,0.4819,0.4819,0.4819,0.4819,0.0212,0.0,0.0
159939.OF,广发中证全指信息技术ETF,2024-06-12,0.4833,0.4833,0.4833,0.4833,0.0029,0.0,0.0
159939.OF,广发中证全指信息技术ETF,2024-06-13,0.4856,0.4856,0.4856,0.4856,0.0048,0.0,0.0
159939.OF,广发中证全指信息技术ETF,2024-06-14,0.49,0.49,0.49,0.49,0.0091,0.0,0.0
159939.OF,广发中证全指信息技术ETF,2024-06-17,0.4978,0.4978,0.4978,0.4978,0.0159,0.0,0.0
159939.OF,广发中证全指信息技术ETF,2024-06-18,0.5017,0.5017,0.5017,0.5017,0.0078,0.0,0.0
159939.OF,广发中证全指信息技术ETF,2024-06-19,0.4988,0.4988,0.4988,0.4988,-0.0058,0.0,0.0
159939.OF,广发中证全指信息技术ETF,2024-06-20,0.4928,0.4928,0.4928,0.4928,-0.012,0.0,0.0
159939.OF,广发中证全指信息技术ETF,2024-06-21,0.4949,0.4949,0.4949,0.4949,0.0043,0.0,0.0
159939.OF,广发中证全指信息技术ETF,2024-06-24,0.4834,0.4834,0.4834,0.4834,-0.0232,0.0,0.0
159939.OF,广发中证全指信息技术ETF,2024-06-25,0.4692,0.4692,0.4692,0.4692,-0.0294,0.0,0.0
159939.OF,广发中证全指信息技术ETF,2024-06-26,0.4843,0.4843,0.4843,0.4843,0.0322,0.0,0.0
159939.OF,广发中证全指信息技术ETF,2024-06-27,0.4787,0.4787,0.4787,0.4787,-0.0116,0.0,0.0
159939.OF,广发中证全指信息技术ETF,2024-06-28,0.4817,0.4817,0.4817,0.4817,0.0063,0.0,0.0
159939.OF,广发中证全指信息技术ETF,2024-06-30,0.4817,0.4817,0.4817,0.4817,0.0,0.0,0.0
159939.OF,广发中证全指信息技术ETF,2024-07-01,0.4805,0.4805,0.4805,0.4805,-0.0025,0.0,0.0
159939.OF,广发中证全指信息技术ETF,2024-07-02,0.4745,0.4745,0.4745,0.4745,-0.0125,0.0,0.0
159939.OF,广发中证全指信息技术ETF,2024-07-03,0.4746,0.4746,0.4746,0.4746,0.0002,0.0,0.0
159939.OF,广发中证全指信息技术ETF,2024-07-04,0.4681,0.4681,0.4681,0.4681,-0.0137,0.0,0.0
159939.OF,广发中证全指信息技术ETF,2024-07-05,0.4686,0.4686,0.4686,0.4686,0.0011,0.0,0.0
159939.OF,广发中证全指信息技术ETF,2024-07-08,0.4644,0.4644,0.4644,0.4644,-0.009,0.0,0.0
159939.OF,广发中证全指信息技术ETF,2024-07-09,0.4823,0.4823,0.4823,0.4823,0.0385,0.0,0.0
159939.OF,广发中证全指信息技术ETF,2024-07-10,0.4851,0.4851,0.4851,0.4851,0.0058,0.0,0.0
159939.OF,广发中证全指信息技术ETF,2024-07-11,0.4932,0.4932,0.4932,0.4932,0.0167,0.0,0.0
159939.OF,广发中证全指信息技术ETF,2024-07-12,0.49,0.49,0.49,0.49,-0.0065,0.0,0.0
159939.OF,广发中证全指信息技术ETF,2024-07-15,0.4861,0.4861,0.4861,0.4861,-0.008,0.0,0.0
159939.OF,广发中证全指信息技术ETF,2024-07-16,0.5009,0.5009,0.5009,0.5009,0.0304,0.0,0.0
159939.OF,广发中证全指信息技术ETF,2024-07-17,0.4923,0.4923,0.4923,0.4923,-0.0172,0.0,0.0
159939.OF,广发中证全指信息技术ETF,2024-07-18,0.4899,0.4899,0.4899,0.4899,-0.0049,0.0,0.0
159939.OF,广发中证全指信息技术ETF,2024-07-19,0.4964,0.4964,0.4964,0.4964,0.0133,0.0,0.0
159939.OF,广发中证全指信息技术ETF,2024-07-22,0.4977,0.4977,0.4977,0.4977,0.0026,0.0,0.0
159939.OF,广发中证全指信息技术ETF,2024-07-23,0.4792,0.4792,0.4792,0.4792,-0.0372,0.0,0.0
159939.OF,广发中证全指信息技术ETF,2024-07-24,0.4723,0.4723,0.4723,0.4723,-0.0144,0.0,0.0
159939.OF,广发中证全指信息技术ETF,2024-07-25,0.4677,0.4677,0.4677,0.4677,-0.0097,0.0,0.0
159939.OF,广发中证全指信息技术ETF,2024-07-26,0.4728,0.4728,0.4728,0.4728,0.0109,0.0,0.0
159939.OF,广发中证全指信息技术ETF,2024-07-29,0.4694,0.4694,0.4694,0.4694,-0.0072,0.0,0.0
159939.OF,广发中证全指信息技术ETF,2024-07-30,0.469,0.469,0.469,0.469,-0.0009,0.0,0.0
159939.OF,广发中证全指信息技术ETF,2024-07-31,0.486,0.486,0.486,0.486,0.0362,0.0,0.0
159939.OF,广发中证全指信息技术ETF,2024-08-01,0.4854,0.4854,0.4854,0.4854,-0.0012,0.0,0.0
159939.OF,广发中证全指信息技术ETF,2024-08-02,0.4731,0.4731,0.4731,0.4731,-0.0253,0.0,0.0
159939.OF,广发中证全指信息技术ETF,2024-08-05,0.4521,0.4521,0.4521,0.4521,-0.0444,0.0,0.0
159939.OF,广发中证全指信息技术ETF,2024-08-06,0.4569,0.4569,0.4569,0.4569,0.0106,0.0,0.0
159939.OF,广发中证全指信息技术ETF,2024-08-07,0.4527,0.4527,0.4527,0.4527,-0.0092,0.0,0.0
159939.OF,广发中证全指信息技术ETF,2024-08-08,0.4534,0.4534,0.4534,0.4534,0.0015,0.0,0.0
159939.OF,广发中证全指信息技术ETF,2024-08-09,0.4536,0.4536,0.4536,0.4536,0.0004,0.0,0.0
159939.OF,广发中证全指信息技术ETF,2024-08-12,0.4509,0.4509,0.4509,0.4509,-0.006,0.0,0.0
159939.OF,广发中证全指信息技术ETF,2024-08-13,0.4546,0.4546,0.4546,0.4546,0.0082,0.0,0.0
159939.OF,广发中证全指信息技术ETF,2024-08-14,0.4504,0.4504,0.4504,0.4504,-0.0092,0.0,0.0
159939.OF,广发中证全指信息技术ETF,2024-08-15,0.4535,0.4535,0.4535,0.4535,0.0069,0.0,0.0
159939.OF,广发中证全指信息技术ETF,2024-08-16,0.4532,0.4532,0.4532,0.4532,-0.0007,0.0,0.0
159939.OF,广发中证全指信息技术ETF,2024-08-19,0.4531,0.4531,0.4531,0.4531,-0.0002,0.0,0.0
159939.OF,广发中证全指信息技术ETF,2024-08-20,0.4472,0.4472,0.4472,0.4472,-0.013,0.0,0.0
159939.OF,广发中证全指信息技术ETF,2024-08-21,0.4472,0.4472,0.4472,0.4472,0.0,0.0,0.0
159939.OF,广发中证全指信息技术ETF,2024-08-22,0.4411,0.4411,0.4411,0.4411,-0.0136,0.0,0.0
159939.OF,广发中证全指信息技术ETF,2024-08-23,0.4424,0.4424,0.4424,0.4424,0.0029,0.0,0.0
159939.OF,广发中证全指信息技术ETF,2024-08-26,0.4413,0.4413,0.4413,0.4413,-0.0025,0.0,0.0
159939.OF,广发中证全指信息技术ETF,2024-08-27,0.4326,0.4326,0.4326,0.4326,-0.0197,0.0,0.0
159939.OF,广发中证全指信息技术ETF,2024-08-28,0.4329,0.4329,0.4329,0.4329,0.0007,0.0,0.0
159939.OF,广发中证全指信息技术ETF,2024-08-29,0.4389,0.4389,0.4389,0.4389,0.0139,0.0,0.0
159939.OF,广发中证全指信息技术ETF,2024-08-30,0.454,0.454,0.454,0.454,0.0344,0.0,0.0
159939.OF,广发中证全指信息技术ETF,2024-09-02,0.4397,0.4397,0.4397,0.4397,-0.0315,0.0,0.0
159939.OF,广发中证全指信息技术ETF,2024-09-03,0.4441,0.4441,0.4441,0.4441,0.01,0.0,0.0
159939.OF,广发中证全指信息技术ETF,2024-09-04,0.4397,0.4397,0.4397,0.4397,-0.0099,0.0,0.0
159939.OF,广发中证全指信息技术ETF,2024-09-05,0.44,0.44,0.44,0.44,0.0007,0.0,0.0
159939.OF,广发中证全指信息技术ETF,2024-09-06,0.4315,0.4315,0.4315,0.4315,-0.0193,0.0,0.0
159939.OF,广发中证全指信息技术ETF,2024-09-09,0.4283,0.4283,0.4283,0.4283,-0.0074,0.0,0.0
159939.OF,广发中证全指信息技术ETF,2024-09-10,0.4341,0.4341,0.4341,0.4341,0.0135,0.0,0.0
159939.OF,广发中证全指信息技术ETF,2024-09-11,0.4325,0.4325,0.4325,0.4325,-0.0037,0.0,0.0
159939.OF,广发中证全指信息技术ETF,2024-09-12,0.4288,0.4288,0.4288,0.4288,-0.0086,0.0,0.0
159939.OF,广发中证全指信息技术ETF,2024-09-13,0.4263,0.4263,0.4263,0.4263,-0.0058,0.0,0.0
159939.OF,广发中证全指信息技术ETF,2024-09-18,0.4228,0.4228,0.4228,0.4228,-0.0082,0.0,0.0
159939.OF,广发中证全指信息技术ETF,2024-09-19,0.4274,0.4274,0.4274,0.4274,0.0109,0.0,0.0
159939.OF,广发中证全指信息技术ETF,2024-09-20,0.4289,0.4289,0.4289,0.4289,0.0035,0.0,0.0
159939.OF,广发中证全指信息技术ETF,2024-09-23,0.4278,0.4278,0.4278,0.4278,-0.0026,0.0,0.0
159939.OF,广发中证全指信息技术ETF,2024-09-24,0.4452,0.4452,0.4452,0.4452,0.0407,0.0,0.0
159939.OF,广发中证全指信息技术ETF,2024-09-25,0.4478,0.4478,0.4478,0.4478,0.0058,0.0,0.0
159939.OF,广发中证全指信息技术ETF,2024-09-26,0.4639,0.4639,0.4639,0.4639,0.036,0.0,0.0
159939.OF,广发中证全指信息技术ETF,2024-09-27,0.4965,0.4965,0.4965,0.4965,0.0703,0.0,0.0
159939.OF,广发中证全指信息技术ETF,2024-09-30,0.5588,0.5588,0.5588,0.5588,0.1255,0.0,0.0
159939.OF,广发中证全指信息技术ETF,2024-10-08,0.6287,0.6287,0.6287,0.6287,0.1251,0.0,0.0
159939.OF,广发中证全指信息技术ETF,2024-10-09,0.609,0.609,0.609,0.609,-0.0313,0.0,0.0
159939.OF,广发中证全指信息技术ETF,2024-10-10,0.5865,0.5865,0.5865,0.5865,-0.0369,0.0,0.0
159939.OF,广发中证全指信息技术ETF,2024-10-11,0.5573,0.5573,0.5573,0.5573,-0.0498,0.0,0.0
159939.OF,广发中证全指信息技术ETF,2024-10-14,0.5783,0.5783,0.5783,0.5783,0.0377,0.0,0.0
159939.OF,广发中证全指信息技术ETF,2024-10-15,0.5667,0.5667,0.5667,0.5667,-0.0201,0.0,0.0
159939.OF,广发中证全指信息技术ETF,2024-10-16,0.5562,0.5562,0.5562,0.5562,-0.0185,0.0,0.0
159939.OF,广发中证全指信息技术ETF,2024-10-17,0.5609,0.5609,0.5609,0.5609,0.0085,0.0,0.0
159939.OF,广发中证全指信息技术ETF,2024-10-18,0.605,0.605,0.605,0.605,0.0786,0.0,0.0
159939.OF,广发中证全指信息技术ETF,2024-10-21,0.6184,0.6184,0.6184,0.6184,0.0221,0.0,0.0
159939.OF,广发中证全指信息技术ETF,2024-10-22,0.6134,0.6134,0.6134,0.6134,-0.0081,0.0,0.0
159939.OF,广发中证全指信息技术ETF,2024-10-23,0.6066,0.6066,0.6066,0.6066,-0.0111,0.0,0.0
159939.OF,广发中证全指信息技术ETF,2024-10-24,0.6029,0.6029,0.6029,0.6029,-0.0061,0.0,0.0
159939.OF,广发中证全指信息技术ETF,2024-10-25,0.6078,0.6078,0.6078,0.6078,0.0081,0.0,0.0
159939.OF,广发中证全指信息技术ETF,2024-10-28,0.6089,0.6089,0.6089,0.6089,0.0018,0.0,0.0
159939.OF,广发中证全指信息技术ETF,2024-10-29,0.6102,0.6102,0.6102,0.6102,0.0021,0.0,0.0
159939.OF,广发中证全指信息技术ETF,2024-10-30,0.6129,0.6129,0.6129,0.6129,0.0044,0.0,0.0
159939.OF,广发中证全指信息技术ETF,2024-10-31,0.6235,0.6235,0.6235,0.6235,0.0173,0.0,0.0
159939.OF,广发中证全指信息技术ETF,2024-11-01,0.6,0.6,0.6,0.6,-0.0377,0.0,0.0
159939.OF,广发中证全指信息技术ETF,2024-11-04,0.6131,0.6131,0.6131,0.6131,0.0218,0.0,0.0
159939.OF,广发中证全指信息技术ETF,2024-11-05,0.6414,0.6414,0.6414,0.6414,0.0462,0.0,0.0
159939.OF,广发中证全指信息技术ETF,2024-11-06,0.642,0.642,0.642,0.642,0.0009,0.0,0.0
159939.OF,广发中证全指信息技术ETF,2024-11-07,0.658,0.658,0.658,0.658,0.0249,0.0,0.0
159939.OF,广发中证全指信息技术ETF,2024-11-08,0.6628,0.6628,0.6628,0.6628,0.0073,0.0,0.0
159939.OF,广发中证全指信息技术ETF,2024-11-11,0.6941,0.6941,0.6941,0.6941,0.0472,0.0,0.0
159939.OF,广发中证全指信息技术ETF,2024-11-12,0.6831,0.6831,0.6831,0.6831,-0.0158,0.0,0.0
159939.OF,广发中证全指信息技术ETF,2024-11-13,0.6848,0.6848,0.6848,0.6848,0.0025,0.0,0.0
159939.OF,广发中证全指信息技术ETF,2024-11-14,0.659,0.659,0.659,0.659,-0.0377,0.0,0.0
159939.OF,广发中证全指信息技术ETF,2024-11-15,0.6375,0.6375,0.6375,0.6375,-0.0326,0.0,0.0
159939.OF,广发中证全指信息技术ETF,2024-11-18,0.6167,0.6167,0.6167,0.6167,-0.0326,0.0,0.0
159939.OF,广发中证全指信息技术ETF,2024-11-19,0.6336,0.6336,0.6336,0.6336,0.0274,0.0,0.0
159939.OF,广发中证全指信息技术ETF,2024-11-20,0.6367,0.6367,0.6367,0.6367,0.0049,0.0,0.0
159939.OF,广发中证全指信息技术ETF,2024-11-21,0.6392,0.6392,0.6392,0.6392,0.0039,0.0,0.0
159939.OF,广发中证全指信息技术ETF,2024-11-22,0.6149,0.6149,0.6149,0.6149,-0.038,0.0,0.0
159939.OF,广发中证全指信息技术ETF,2024-11-25,0.6077,0.6077,0.6077,0.6077,-0.0117,0.0,0.0
159939.OF,广发中证全指信息技术ETF,2024-11-26,0.6019,0.6019,0.6019,0.6019,-0.0095,0.0,0.0
159939.OF,广发中证全指信息技术ETF,2024-11-27,0.621,0.621,0.621,0.621,0.0317,0.0,0.0
159939.OF,广发中证全指信息技术ETF,2024-11-28,0.6161,0.6161,0.6161,0.6161,-0.0079,0.0,0.0
159939.OF,广发中证全指信息技术ETF,2024-11-29,0.6301,0.6301,0.6301,0.6301,0.0227,0.0,0.0
159939.OF,广发中证全指信息技术ETF,2024-12-02,0.6376,0.6376,0.6376,0.6376,0.0119,0.0,0.0
159939.OF,广发中证全指信息技术ETF,2024-12-03,0.6294,0.6294,0.6294,0.6294,-0.0129,0.0,0.0
159939.OF,广发中证全指信息技术ETF,2024-12-04,0.6253,0.6253,0.6253,0.6253,-0.0065,0.0,0.0
159939.OF,广发中证全指信息技术ETF,2024-12-05,0.6284,0.6284,0.6284,0.6284,0.005,0.0,0.0
159939.OF,广发中证全指信息技术ETF,2024-12-06,0.6372,0.6372,0.6372,0.6372,0.014,0.0,0.0
159939.OF,广发中证全指信息技术ETF,2024-12-09,0.6308,0.6308,0.6308,0.6308,-0.01,0.0,0.0
159939.OF,广发中证全指信息技术ETF,2024-12-10,0.6384,0.6384,0.6384,0.6384,0.012,0.0,0.0
159939.OF,广发中证全指信息技术ETF,2024-12-11,0.6409,0.6409,0.6409,0.6409,0.0039,0.0,0.0
159939.OF,广发中证全指信息技术ETF,2024-12-12,0.6428,0.6428,0.6428,0.6428,0.003,0.0,0.0
159939.OF,广发中证全指信息技术ETF,2024-12-13,0.6308,0.6308,0.6308,0.6308,-0.0187,0.0,0.0
159939.OF,广发中证全指信息技术ETF,2024-12-16,0.6206,0.6206,0.6206,0.6206,-0.0162,0.0,0.0
159939.OF,广发中证全指信息技术ETF,2024-12-17,0.6165,0.6165,0.6165,0.6165,-0.0066,0.0,0.0
159939.OF,广发中证全指信息技术ETF,2024-12-18,0.6274,0.6274,0.6274,0.6274,0.0177,0.0,0.0
159939.OF,广发中证全指信息技术ETF,2024-12-19,0.6418,0.6418,0.6418,0.6418,0.023,0.0,0.0
159939.OF,广发中证全指信息技术ETF,2024-12-20,0.652,0.652,0.652,0.652,0.0159,0.0,0.0
159939.OF,广发中证全指信息技术ETF,2024-12-23,0.6389,0.6389,0.6389,0.6389,-0.0201,0.0,0.0
159939.OF,广发中证全指信息技术ETF,2024-12-24,0.6477,0.6477,0.6477,0.6477,0.0138,0.0,0.0
159939.OF,广发中证全指信息技术ETF,2024-12-25,0.6445,0.6445,0.6445,0.6445,-0.0049,0.0,0.0
159939.OF,广发中证全指信息技术ETF,2024-12-26,0.6586,0.6586,0.6586,0.6586,0.0219,0.0,0.0
159939.OF,广发中证全指信息技术ETF,2024-12-27,0.6508,0.6508,0.6508,0.6508,-0.0118,0.0,0.0
159939.OF,广发中证全指信息技术ETF,2024-12-30,0.6517,0.6517,0.6517,0.6517,0.0014,0.0,0.0
159939.OF,广发中证全指信息技术ETF,2024-12-31,0.6268,0.6268,0.6268,0.6268,-0.0382,0.0,0.0
159939.OF,广发中证全指信息技术ETF,2025-01-02,0.6004,0.6004,0.6004,0.6004,-0.0421,0.0,0.0
159939.OF,广发中证全指信息技术ETF,2025-01-03,0.5858,0.5858,0.5858,0.5858,-0.0243,0.0,0.0
159939.OF,广发中证全指信息技术ETF,2025-01-06,0.5816,0.5816,0.5816,0.5816,-0.0072,0.0,0.0
159939.OF,广发中证全指信息技术ETF,2025-01-07,0.6032,0.6032,0.6032,0.6032,0.0371,0.0,0.0
159939.OF,广发中证全指信息技术ETF,2025-01-08,0.5994,0.5994,0.5994,0.5994,-0.0063,0.0,0.0
159939.OF,广发中证全指信息技术ETF,2025-01-09,0.6029,0.6029,0.6029,0.6029,0.0058,0.0,0.0
159939.OF,广发中证全指信息技术ETF,2025-01-10,0.593,0.593,0.593,0.593,-0.0164,0.0,0.0
159939.OF,广发中证全指信息技术ETF,2025-01-13,0.5908,0.5908,0.5908,0.5908,-0.0037,0.0,0.0
159939.OF,广发中证全指信息技术ETF,2025-01-14,0.6184,0.6184,0.6184,0.6184,0.0467,0.0,0.0
159939.OF,广发中证全指信息技术ETF,2025-01-15,0.6113,0.6113,0.6113,0.6113,-0.0115,0.0,0.0
159939.OF,广发中证全指信息技术ETF,2025-01-16,0.6074,0.6074,0.6074,0.6074,-0.0064,0.0,0.0
159939.OF,广发中证全指信息技术ETF,2025-01-17,0.6159,0.6159,0.6159,0.6159,0.014,0.0,0.0
159939.OF,广发中证全指信息技术ETF,2025-01-20,0.6206,0.6206,0.6206,0.6206,0.0076,0.0,0.0
159939.OF,广发中证全指信息技术ETF,2025-01-21,0.6307,0.6307,0.6307,0.6307,0.0163,0.0,0.0
159939.OF,广发中证全指信息技术ETF,2025-01-22,0.6315,0.6315,0.6315,0.6315,0.0013,0.0,0.0
159939.OF,广发中证全指信息技术ETF,2025-01-23,0.6241,0.6241,0.6241,0.6241,-0.0117,0.0,0.0
159939.OF,广发中证全指信息技术ETF,2025-01-24,0.6363,0.6363,0.6363,0.6363,0.0195,0.0,0.0
159939.OF,广发中证全指信息技术ETF,2025-01-27,0.621,0.621,0.621,0.621,-0.024,0.0,0.0
159939.OF,广发中证全指信息技术ETF,2025-02-05,0.6373,0.6373,0.6373,0.6373,0.0262,0.0,0.0
159939.OF,广发中证全指信息技术ETF,2025-02-06,0.6598,0.6598,0.6598,0.6598,0.0353,0.0,0.0
159939.OF,广发中证全指信息技术ETF,2025-02-07,0.6692,0.6692,0.6692,0.6692,0.0142,0.0,0.0
159939.OF,广发中证全指信息技术ETF,2025-02-10,0.6783,0.6783,0.6783,0.6783,0.0136,0.0,0.0
159939.OF,广发中证全指信息技术ETF,2025-02-11,0.6732,0.6732,0.6732,0.6732,-0.0075,0.0,0.0
159939.OF,广发中证全指信息技术ETF,2025-02-12,0.6917,0.6917,0.6917,0.6917,0.0275,0.0,0.0
159939.OF,广发中证全指信息技术ETF,2025-02-13,0.675,0.675,0.675,0.675,-0.0241,0.0,0.0
159939.OF,广发中证全指信息技术ETF,2025-02-14,0.6825,0.6825,0.6825,0.6825,0.0111,0.0,0.0
159939.OF,广发中证全指信息技术ETF,2025-02-17,0.6895,0.6895,0.6895,0.6895,0.0103,0.0,0.0
159939.OF,广发中证全指信息技术ETF,2025-02-18,0.6737,0.6737,0.6737,0.6737,-0.0229,0.0,0.0
159939.OF,广发中证全指信息技术ETF,2025-02-19,0.6939,0.6939,0.6939,0.6939,0.03,0.0,0.0
159939.OF,广发中证全指信息技术ETF,2025-02-20,0.6954,0.6954,0.6954,0.6954,0.0022,0.0,0.0
159939.OF,广发中证全指信息技术ETF,2025-02-21,0.7226,0.7226,0.7226,0.7226,0.0391,0.0,0.0
159939.OF,广发中证全指信息技术ETF,2025-02-24,0.7227,0.7227,0.7227,0.7227,0.0001,0.0,0.0
159939.OF,广发中证全指信息技术ETF,2025-02-25,0.7175,0.7175,0.7175,0.7175,-0.0072,0.0,0.0
159939.OF,广发中证全指信息技术ETF,2025-02-26,0.7228,0.7228,0.7228,0.7228,0.0074,0.0,0.0
159939.OF,广发中证全指信息技术ETF,2025-02-27,0.7141,0.7141,0.7141,0.7141,-0.012,0.0,0.0
159939.OF,广发中证全指信息技术ETF,2025-02-28,0.6804,0.6804,0.6804,0.6804,-0.0472,0.0,0.0
159939.OF,广发中证全指信息技术ETF,2025-03-03,0.6754,0.6754,0.6754,0.6754,-0.0073,0.0,0.0
159939.OF,广发中证全指信息技术ETF,2025-03-04,0.6869,0.6869,0.6869,0.6869,0.017,0.0,0.0
159939.OF,广发中证全指信息技术ETF,2025-03-05,0.6918,0.6918,0.6918,0.6918,0.0071,0.0,0.0
159939.OF,广发中证全指信息技术ETF,2025-03-06,0.7126,0.7126,0.7126,0.7126,0.0301,0.0,0.0
159939.OF,广发中证全指信息技术ETF,2025-03-07,0.7042,0.7042,0.7042,0.7042,-0.0118,0.0,0.0
159939.OF,广发中证全指信息技术ETF,2025-03-10,0.6998,0.6998,0.6998,0.6998,-0.0062,0.0,0.0
159939.OF,广发中证全指信息技术ETF,2025-03-11,0.6968,0.6968,0.6968,0.6968,-0.0043,0.0,0.0
159939.OF,广发中证全指信息技术ETF,2025-03-12,0.6962,0.6962,0.6962,0.6962,-0.0009,0.0,0.0
159939.OF,广发中证全指信息技术ETF,2025-03-13,0.6804,0.6804,0.6804,0.6804,-0.0227,0.0,0.0
159939.OF,广发中证全指信息技术ETF,2025-03-14,0.6947,0.6947,0.6947,0.6947,0.021,0.0,0.0
159939.OF,广发中证全指信息技术ETF,2025-03-17,0.6947,0.6947,0.6947,0.6947,0.0,0.0,0.0
159939.OF,广发中证全指信息技术ETF,2025-03-18,0.6993,0.6993,0.6993,0.6993,0.0066,0.0,0.0
159939.OF,广发中证全指信息技术ETF,2025-03-19,0.6884,0.6884,0.6884,0.6884,-0.0156,0.0,0.0
159939.OF,广发中证全指信息技术ETF,2025-03-20,0.6802,0.6802,0.6802,0.6802,-0.0119,0.0,0.0
159939.OF,广发中证全指信息技术ETF,2025-03-21,0.6631,0.6631,0.6631,0.6631,-0.0251,0.0,0.0
159939.OF,广发中证全指信息技术ETF,2025-03-24,0.6652,0.6652,0.6652,0.6652,0.0032,0.0,0.0
159939.OF,广发中证全指信息技术ETF,2025-03-25,0.6532,0.6532,0.6532,0.6532,-0.018,0.0,0.0
159939.OF,广发中证全指信息技术ETF,2025-03-26,0.6528,0.6528,0.6528,0.6528,-0.0006,0.0,0.0
159939.OF,广发中证全指信息技术ETF,2025-03-27,0.6557,0.6557,0.6557,0.6557,0.0044,0.0,0.0
159939.OF,广发中证全指信息技术ETF,2025-03-28,0.6496,0.6496,0.6496,0.6496,-0.0093,0.0,0.0
159939.OF,广发中证全指信息技术ETF,2025-03-31,0.6475,0.6475,0.6475,0.6475,-0.0032,0.0,0.0
159939.OF,广发中证全指信息技术ETF,2025-04-01,0.6452,0.6452,0.6452,0.6452,-0.0036,0.0,0.0
159939.OF,广发中证全指信息技术ETF,2025-04-02,0.6458,0.6458,0.6458,0.6458,0.0009,0.0,0.0
159939.OF,广发中证全指信息技术ETF,2025-04-03,0.6326,0.6326,0.6326,0.6326,-0.0204,0.0,0.0
159939.OF,广发中证全指信息技术ETF,2025-04-07,0.5706,0.5706,0.5706,0.5706,-0.098,0.0,0.0
159939.OF,广发中证全指信息技术ETF,2025-04-08,0.5641,0.5641,0.5641,0.5641,-0.0114,0.0,0.0
159939.OF,广发中证全指信息技术ETF,2025-04-09,0.5834,0.5834,0.5834,0.5834,0.0342,0.0,0.0
159939.OF,广发中证全指信息技术ETF,2025-04-10,0.5956,0.5956,0.5956,0.5956,0.0209,0.0,0.0
159939.OF,广发中证全指信息技术ETF,2025-04-11,0.6124,0.6124,0.6124,0.6124,0.0282,0.0,0.0
159939.OF,广发中证全指信息技术ETF,2025-04-14,0.6143,0.6143,0.6143,0.6143,0.0031,0.0,0.0
,,,,,,,,,
,,,,,,,,,
