代码,名称,日期,开盘价(元),最高价(元),最低价(元),收盘价(元),涨跌幅,成交额(百万),成交量(股)
512010.OF,易方达沪深300医药卫生ETF,2013-09-23,0.25,0.25,0.25,0.25,0.0,0.0,0.0
512010.OF,易方达沪深300医药卫生ETF,2013-09-27,0.2506,0.2506,0.2506,0.2506,0.0022,0.0,0.0
512010.OF,易方达沪深300医药卫生ETF,2013-09-30,0.2507,0.2507,0.2507,0.2507,0.0004,0.0,0.0
512010.OF,易方达沪深300医药卫生ETF,2013-10-11,0.2511,0.2511,0.2511,0.2511,0.0016,0.0,0.0
512010.OF,易方达沪深300医药卫生ETF,2013-10-18,0.2513,0.2513,0.2513,0.2513,0.001,0.0,0.0
512010.OF,易方达沪深300医药卫生ETF,2013-10-21,0.2518,0.2518,0.2518,0.2518,0.0021,0.0,0.0
512010.OF,易方达沪深300医药卫生ETF,2013-10-22,0.2517,0.2517,0.2517,0.2517,-0.0007,0.0,0.0
512010.OF,易方达沪深300医药卫生ETF,2013-10-23,0.2507,0.2507,0.2507,0.2507,-0.0037,0.0,0.0
512010.OF,易方达沪深300医药卫生ETF,2013-10-24,0.2503,0.2503,0.2503,0.2503,-0.0019,0.0,0.0
512010.OF,易方达沪深300医药卫生ETF,2013-10-25,0.2443,0.2443,0.2443,0.2443,-0.024,0.0,0.0
512010.OF,易方达沪深300医药卫生ETF,2013-10-28,0.2404,0.2404,0.2404,0.2404,-0.0158,0.0,0.0
512010.OF,易方达沪深300医药卫生ETF,2013-10-29,0.2387,0.2387,0.2387,0.2387,-0.0073,0.0,0.0
512010.OF,易方达沪深300医药卫生ETF,2013-10-30,0.2413,0.2413,0.2413,0.2413,0.0111,0.0,0.0
512010.OF,易方达沪深300医药卫生ETF,2013-10-31,0.2368,0.2368,0.2368,0.2368,-0.0186,0.0,0.0
512010.OF,易方达沪深300医药卫生ETF,2013-11-01,0.2383,0.2383,0.2383,0.2383,0.0061,0.0,0.0
512010.OF,易方达沪深300医药卫生ETF,2013-11-04,0.235,0.235,0.235,0.235,-0.0137,0.0,0.0
512010.OF,易方达沪深300医药卫生ETF,2013-11-05,0.2352,0.2352,0.2352,0.2352,0.0009,0.0,0.0
512010.OF,易方达沪深300医药卫生ETF,2013-11-06,0.2312,0.2312,0.2312,0.2312,-0.0171,0.0,0.0
512010.OF,易方达沪深300医药卫生ETF,2013-11-07,0.227,0.227,0.227,0.227,-0.0181,0.0,0.0
512010.OF,易方达沪深300医药卫生ETF,2013-11-08,0.224,0.224,0.224,0.224,-0.0131,0.0,0.0
512010.OF,易方达沪深300医药卫生ETF,2013-11-11,0.2301,0.2301,0.2301,0.2301,0.0273,0.0,0.0
512010.OF,易方达沪深300医药卫生ETF,2013-11-12,0.2331,0.2331,0.2331,0.2331,0.013,0.0,0.0
512010.OF,易方达沪深300医药卫生ETF,2013-11-13,0.2293,0.2293,0.2293,0.2293,-0.0163,0.0,0.0
512010.OF,易方达沪深300医药卫生ETF,2013-11-14,0.2332,0.2332,0.2332,0.2332,0.0167,0.0,0.0
512010.OF,易方达沪深300医药卫生ETF,2013-11-15,0.2347,0.2347,0.2347,0.2347,0.0065,0.0,0.0
512010.OF,易方达沪深300医药卫生ETF,2013-11-18,0.2361,0.2361,0.2361,0.2361,0.0062,0.0,0.0
512010.OF,易方达沪深300医药卫生ETF,2013-11-19,0.2346,0.2346,0.2346,0.2346,-0.0067,0.0,0.0
512010.OF,易方达沪深300医药卫生ETF,2013-11-20,0.2358,0.2358,0.2358,0.2358,0.0052,0.0,0.0
512010.OF,易方达沪深300医药卫生ETF,2013-11-21,0.2353,0.2353,0.2353,0.2353,-0.002,0.0,0.0
512010.OF,易方达沪深300医药卫生ETF,2013-11-22,0.2332,0.2332,0.2332,0.2332,-0.0091,0.0,0.0
512010.OF,易方达沪深300医药卫生ETF,2013-11-25,0.2333,0.2333,0.2333,0.2333,0.0005,0.0,0.0
512010.OF,易方达沪深300医药卫生ETF,2013-11-26,0.2332,0.2332,0.2332,0.2332,-0.0004,0.0,0.0
512010.OF,易方达沪深300医药卫生ETF,2013-11-27,0.2353,0.2353,0.2353,0.2353,0.0091,0.0,0.0
512010.OF,易方达沪深300医药卫生ETF,2013-11-28,0.2369,0.2369,0.2369,0.2369,0.0069,0.0,0.0
512010.OF,易方达沪深300医药卫生ETF,2013-11-29,0.2386,0.2386,0.2386,0.2386,0.0071,0.0,0.0
512010.OF,易方达沪深300医药卫生ETF,2013-12-02,0.2326,0.2326,0.2326,0.2326,-0.0251,0.0,0.0
512010.OF,易方达沪深300医药卫生ETF,2013-12-03,0.2379,0.2379,0.2379,0.2379,0.0229,0.0,0.0
512010.OF,易方达沪深300医药卫生ETF,2013-12-04,0.2409,0.2409,0.2409,0.2409,0.0125,0.0,0.0
512010.OF,易方达沪深300医药卫生ETF,2013-12-05,0.2409,0.2409,0.2409,0.2409,0.0,0.0,0.0
512010.OF,易方达沪深300医药卫生ETF,2013-12-06,0.241,0.241,0.241,0.241,0.0004,0.0,0.0
512010.OF,易方达沪深300医药卫生ETF,2013-12-09,0.2406,0.2406,0.2406,0.2406,-0.0019,0.0,0.0
512010.OF,易方达沪深300医药卫生ETF,2013-12-10,0.2378,0.2378,0.2378,0.2378,-0.0114,0.0,0.0
512010.OF,易方达沪深300医药卫生ETF,2013-12-11,0.2361,0.2361,0.2361,0.2361,-0.007,0.0,0.0
512010.OF,易方达沪深300医药卫生ETF,2013-12-12,0.2385,0.2385,0.2385,0.2385,0.0098,0.0,0.0
512010.OF,易方达沪深300医药卫生ETF,2013-12-13,0.2384,0.2384,0.2384,0.2384,-0.0001,0.0,0.0
512010.OF,易方达沪深300医药卫生ETF,2013-12-16,0.2341,0.2341,0.2341,0.2341,-0.0182,0.0,0.0
512010.OF,易方达沪深300医药卫生ETF,2013-12-17,0.236,0.236,0.236,0.236,0.0081,0.0,0.0
512010.OF,易方达沪深300医药卫生ETF,2013-12-18,0.2374,0.2374,0.2374,0.2374,0.0059,0.0,0.0
512010.OF,易方达沪深300医药卫生ETF,2013-12-19,0.2339,0.2339,0.2339,0.2339,-0.0148,0.0,0.0
512010.OF,易方达沪深300医药卫生ETF,2013-12-20,0.2322,0.2322,0.2322,0.2322,-0.0069,0.0,0.0
512010.OF,易方达沪深300医药卫生ETF,2013-12-23,0.239,0.239,0.239,0.239,0.0291,0.0,0.0
512010.OF,易方达沪深300医药卫生ETF,2013-12-24,0.2379,0.2379,0.2379,0.2379,-0.0047,0.0,0.0
512010.OF,易方达沪深300医药卫生ETF,2013-12-25,0.2379,0.2379,0.2379,0.2379,0.0003,0.0,0.0
512010.OF,易方达沪深300医药卫生ETF,2013-12-26,0.2365,0.2365,0.2365,0.2365,-0.0061,0.0,0.0
512010.OF,易方达沪深300医药卫生ETF,2013-12-27,0.2387,0.2387,0.2387,0.2387,0.0094,0.0,0.0
512010.OF,易方达沪深300医药卫生ETF,2013-12-30,0.2374,0.2374,0.2374,0.2374,-0.0053,0.0,0.0
512010.OF,易方达沪深300医药卫生ETF,2013-12-31,0.2402,0.2402,0.2402,0.2402,0.0116,0.0,0.0
512010.OF,易方达沪深300医药卫生ETF,2014-01-02,0.2452,0.2452,0.2452,0.2452,0.0207,0.0,0.0
512010.OF,易方达沪深300医药卫生ETF,2014-01-03,0.2432,0.2432,0.2432,0.2432,-0.0082,0.0,0.0
512010.OF,易方达沪深300医药卫生ETF,2014-01-06,0.237,0.237,0.237,0.237,-0.0253,0.0,0.0
512010.OF,易方达沪深300医药卫生ETF,2014-01-07,0.2389,0.2389,0.2389,0.2389,0.008,0.0,0.0
512010.OF,易方达沪深300医药卫生ETF,2014-01-08,0.2408,0.2408,0.2408,0.2408,0.0078,0.0,0.0
512010.OF,易方达沪深300医药卫生ETF,2014-01-09,0.239,0.239,0.239,0.239,-0.0074,0.0,0.0
512010.OF,易方达沪深300医药卫生ETF,2014-01-10,0.2345,0.2345,0.2345,0.2345,-0.0187,0.0,0.0
512010.OF,易方达沪深300医药卫生ETF,2014-01-13,0.2322,0.2322,0.2322,0.2322,-0.0098,0.0,0.0
512010.OF,易方达沪深300医药卫生ETF,2014-01-14,0.2342,0.2342,0.2342,0.2342,0.0083,0.0,0.0
512010.OF,易方达沪深300医药卫生ETF,2014-01-15,0.2368,0.2368,0.2368,0.2368,0.0113,0.0,0.0
512010.OF,易方达沪深300医药卫生ETF,2014-01-16,0.2348,0.2348,0.2348,0.2348,-0.0086,0.0,0.0
512010.OF,易方达沪深300医药卫生ETF,2014-01-17,0.2308,0.2308,0.2308,0.2308,-0.0169,0.0,0.0
512010.OF,易方达沪深300医药卫生ETF,2014-01-20,0.2275,0.2275,0.2275,0.2275,-0.0144,0.0,0.0
512010.OF,易方达沪深300医药卫生ETF,2014-01-21,0.2284,0.2284,0.2284,0.2284,0.004,0.0,0.0
512010.OF,易方达沪深300医药卫生ETF,2014-01-22,0.2332,0.2332,0.2332,0.2332,0.0209,0.0,0.0
512010.OF,易方达沪深300医药卫生ETF,2014-01-23,0.2321,0.2321,0.2321,0.2321,-0.0047,0.0,0.0
512010.OF,易方达沪深300医药卫生ETF,2014-01-24,0.2333,0.2333,0.2333,0.2333,0.0055,0.0,0.0
512010.OF,易方达沪深300医药卫生ETF,2014-01-27,0.2285,0.2285,0.2285,0.2285,-0.0207,0.0,0.0
512010.OF,易方达沪深300医药卫生ETF,2014-01-28,0.2304,0.2304,0.2304,0.2304,0.0082,0.0,0.0
512010.OF,易方达沪深300医药卫生ETF,2014-01-29,0.2311,0.2311,0.2311,0.2311,0.0033,0.0,0.0
512010.OF,易方达沪深300医药卫生ETF,2014-01-30,0.23,0.23,0.23,0.23,-0.0051,0.0,0.0
512010.OF,易方达沪深300医药卫生ETF,2014-02-07,0.2281,0.2281,0.2281,0.2281,-0.0082,0.0,0.0
512010.OF,易方达沪深300医药卫生ETF,2014-02-10,0.2365,0.2365,0.2365,0.2365,0.0369,0.0,0.0
512010.OF,易方达沪深300医药卫生ETF,2014-02-11,0.2378,0.2378,0.2378,0.2378,0.0054,0.0,0.0
512010.OF,易方达沪深300医药卫生ETF,2014-02-12,0.2388,0.2388,0.2388,0.2388,0.0042,0.0,0.0
512010.OF,易方达沪深300医药卫生ETF,2014-02-13,0.2338,0.2338,0.2338,0.2338,-0.0209,0.0,0.0
512010.OF,易方达沪深300医药卫生ETF,2014-02-14,0.2376,0.2376,0.2376,0.2376,0.0165,0.0,0.0
512010.OF,易方达沪深300医药卫生ETF,2014-02-17,0.2393,0.2393,0.2393,0.2393,0.0069,0.0,0.0
512010.OF,易方达沪深300医药卫生ETF,2014-02-18,0.2396,0.2396,0.2396,0.2396,0.0013,0.0,0.0
512010.OF,易方达沪深300医药卫生ETF,2014-02-19,0.2415,0.2415,0.2415,0.2415,0.008,0.0,0.0
512010.OF,易方达沪深300医药卫生ETF,2014-02-20,0.2392,0.2392,0.2392,0.2392,-0.0095,0.0,0.0
512010.OF,易方达沪深300医药卫生ETF,2014-02-21,0.2383,0.2383,0.2383,0.2383,-0.004,0.0,0.0
512010.OF,易方达沪深300医药卫生ETF,2014-02-24,0.2387,0.2387,0.2387,0.2387,0.0017,0.0,0.0
512010.OF,易方达沪深300医药卫生ETF,2014-02-25,0.2325,0.2325,0.2325,0.2325,-0.026,0.0,0.0
512010.OF,易方达沪深300医药卫生ETF,2014-02-26,0.2333,0.2333,0.2333,0.2333,0.0037,0.0,0.0
512010.OF,易方达沪深300医药卫生ETF,2014-02-27,0.2254,0.2254,0.2254,0.2254,-0.0338,0.0,0.0
512010.OF,易方达沪深300医药卫生ETF,2014-02-28,0.2267,0.2267,0.2267,0.2267,0.0058,0.0,0.0
512010.OF,易方达沪深300医药卫生ETF,2014-03-03,0.2282,0.2282,0.2282,0.2282,0.0066,0.0,0.0
512010.OF,易方达沪深300医药卫生ETF,2014-03-04,0.2266,0.2266,0.2266,0.2266,-0.0073,0.0,0.0
512010.OF,易方达沪深300医药卫生ETF,2014-03-05,0.2237,0.2237,0.2237,0.2237,-0.0125,0.0,0.0
512010.OF,易方达沪深300医药卫生ETF,2014-03-06,0.2218,0.2218,0.2218,0.2218,-0.0086,0.0,0.0
512010.OF,易方达沪深300医药卫生ETF,2014-03-07,0.2248,0.2248,0.2248,0.2248,0.0134,0.0,0.0
512010.OF,易方达沪深300医药卫生ETF,2014-03-10,0.2201,0.2201,0.2201,0.2201,-0.0207,0.0,0.0
512010.OF,易方达沪深300医药卫生ETF,2014-03-11,0.2232,0.2232,0.2232,0.2232,0.0139,0.0,0.0
512010.OF,易方达沪深300医药卫生ETF,2014-03-12,0.2228,0.2228,0.2228,0.2228,-0.0019,0.0,0.0
512010.OF,易方达沪深300医药卫生ETF,2014-03-13,0.226,0.226,0.226,0.226,0.0146,0.0,0.0
512010.OF,易方达沪深300医药卫生ETF,2014-03-14,0.224,0.224,0.224,0.224,-0.0091,0.0,0.0
512010.OF,易方达沪深300医药卫生ETF,2014-03-17,0.2266,0.2266,0.2266,0.2266,0.0117,0.0,0.0
512010.OF,易方达沪深300医药卫生ETF,2014-03-18,0.2267,0.2267,0.2267,0.2267,0.0003,0.0,0.0
512010.OF,易方达沪深300医药卫生ETF,2014-03-19,0.2238,0.2238,0.2238,0.2238,-0.0128,0.0,0.0
512010.OF,易方达沪深300医药卫生ETF,2014-03-20,0.2177,0.2177,0.2177,0.2177,-0.027,0.0,0.0
512010.OF,易方达沪深300医药卫生ETF,2014-03-21,0.2214,0.2214,0.2214,0.2214,0.0169,0.0,0.0
512010.OF,易方达沪深300医药卫生ETF,2014-03-24,0.2198,0.2198,0.2198,0.2198,-0.0072,0.0,0.0
512010.OF,易方达沪深300医药卫生ETF,2014-03-25,0.2196,0.2196,0.2196,0.2196,-0.0009,0.0,0.0
512010.OF,易方达沪深300医药卫生ETF,2014-03-26,0.2222,0.2222,0.2222,0.2222,0.0121,0.0,0.0
512010.OF,易方达沪深300医药卫生ETF,2014-03-27,0.2188,0.2188,0.2188,0.2188,-0.0154,0.0,0.0
512010.OF,易方达沪深300医药卫生ETF,2014-03-28,0.2159,0.2159,0.2159,0.2159,-0.0133,0.0,0.0
512010.OF,易方达沪深300医药卫生ETF,2014-03-31,0.2146,0.2146,0.2146,0.2146,-0.0063,0.0,0.0
512010.OF,易方达沪深300医药卫生ETF,2014-04-01,0.216,0.216,0.216,0.216,0.0066,0.0,0.0
512010.OF,易方达沪深300医药卫生ETF,2014-04-02,0.2139,0.2139,0.2139,0.2139,-0.0095,0.0,0.0
512010.OF,易方达沪深300医药卫生ETF,2014-04-03,0.214,0.214,0.214,0.214,0.0001,0.0,0.0
512010.OF,易方达沪深300医药卫生ETF,2014-04-04,0.2155,0.2155,0.2155,0.2155,0.007,0.0,0.0
512010.OF,易方达沪深300医药卫生ETF,2014-04-08,0.2203,0.2203,0.2203,0.2203,0.0224,0.0,0.0
512010.OF,易方达沪深300医药卫生ETF,2014-04-09,0.2214,0.2214,0.2214,0.2214,0.0052,0.0,0.0
512010.OF,易方达沪深300医药卫生ETF,2014-04-10,0.221,0.221,0.221,0.221,-0.002,0.0,0.0
512010.OF,易方达沪深300医药卫生ETF,2014-04-11,0.2237,0.2237,0.2237,0.2237,0.0124,0.0,0.0
512010.OF,易方达沪深300医药卫生ETF,2014-04-14,0.2239,0.2239,0.2239,0.2239,0.0009,0.0,0.0
512010.OF,易方达沪深300医药卫生ETF,2014-04-15,0.2216,0.2216,0.2216,0.2216,-0.0105,0.0,0.0
512010.OF,易方达沪深300医药卫生ETF,2014-04-16,0.2214,0.2214,0.2214,0.2214,-0.0007,0.0,0.0
512010.OF,易方达沪深300医药卫生ETF,2014-04-17,0.2199,0.2199,0.2199,0.2199,-0.0068,0.0,0.0
512010.OF,易方达沪深300医药卫生ETF,2014-04-18,0.2194,0.2194,0.2194,0.2194,-0.0023,0.0,0.0
512010.OF,易方达沪深300医药卫生ETF,2014-04-21,0.2173,0.2173,0.2173,0.2173,-0.0099,0.0,0.0
512010.OF,易方达沪深300医药卫生ETF,2014-04-22,0.2154,0.2154,0.2154,0.2154,-0.0084,0.0,0.0
512010.OF,易方达沪深300医药卫生ETF,2014-04-23,0.2153,0.2153,0.2153,0.2153,-0.0005,0.0,0.0
512010.OF,易方达沪深300医药卫生ETF,2014-04-24,0.2134,0.2134,0.2134,0.2134,-0.0089,0.0,0.0
512010.OF,易方达沪深300医药卫生ETF,2014-04-25,0.2102,0.2102,0.2102,0.2102,-0.0152,0.0,0.0
512010.OF,易方达沪深300医药卫生ETF,2014-04-28,0.2057,0.2057,0.2057,0.2057,-0.0214,0.0,0.0
512010.OF,易方达沪深300医药卫生ETF,2014-04-29,0.2077,0.2077,0.2077,0.2077,0.0097,0.0,0.0
512010.OF,易方达沪深300医药卫生ETF,2014-04-30,0.2105,0.2105,0.2105,0.2105,0.0138,0.0,0.0
512010.OF,易方达沪深300医药卫生ETF,2014-05-05,0.2116,0.2116,0.2116,0.2116,0.0051,0.0,0.0
512010.OF,易方达沪深300医药卫生ETF,2014-05-06,0.2122,0.2122,0.2122,0.2122,0.003,0.0,0.0
512010.OF,易方达沪深300医药卫生ETF,2014-05-07,0.2095,0.2095,0.2095,0.2095,-0.0131,0.0,0.0
512010.OF,易方达沪深300医药卫生ETF,2014-05-08,0.2098,0.2098,0.2098,0.2098,0.0014,0.0,0.0
512010.OF,易方达沪深300医药卫生ETF,2014-05-09,0.2098,0.2098,0.2098,0.2098,0.0002,0.0,0.0
512010.OF,易方达沪深300医药卫生ETF,2014-05-12,0.2129,0.2129,0.2129,0.2129,0.0149,0.0,0.0
512010.OF,易方达沪深300医药卫生ETF,2014-05-13,0.2123,0.2123,0.2123,0.2123,-0.0028,0.0,0.0
512010.OF,易方达沪深300医药卫生ETF,2014-05-14,0.2126,0.2126,0.2126,0.2126,0.0013,0.0,0.0
512010.OF,易方达沪深300医药卫生ETF,2014-05-15,0.2092,0.2092,0.2092,0.2092,-0.0161,0.0,0.0
512010.OF,易方达沪深300医药卫生ETF,2014-05-16,0.2078,0.2078,0.2078,0.2078,-0.0065,0.0,0.0
512010.OF,易方达沪深300医药卫生ETF,2014-05-19,0.2042,0.2042,0.2042,0.2042,-0.0173,0.0,0.0
512010.OF,易方达沪深300医药卫生ETF,2014-05-20,0.2042,0.2042,0.2042,0.2042,-0.0002,0.0,0.0
512010.OF,易方达沪深300医药卫生ETF,2014-05-21,0.2058,0.2058,0.2058,0.2058,0.0081,0.0,0.0
512010.OF,易方达沪深300医药卫生ETF,2014-05-22,0.2058,0.2058,0.2058,0.2058,-0.0004,0.0,0.0
512010.OF,易方达沪深300医药卫生ETF,2014-05-23,0.2072,0.2072,0.2072,0.2072,0.007,0.0,0.0
512010.OF,易方达沪深300医药卫生ETF,2014-05-26,0.2106,0.2106,0.2106,0.2106,0.0163,0.0,0.0
512010.OF,易方达沪深300医药卫生ETF,2014-05-27,0.2097,0.2097,0.2097,0.2097,-0.0043,0.0,0.0
512010.OF,易方达沪深300医药卫生ETF,2014-05-28,0.211,0.211,0.211,0.211,0.0061,0.0,0.0
512010.OF,易方达沪深300医药卫生ETF,2014-05-29,0.21,0.21,0.21,0.21,-0.0045,0.0,0.0
512010.OF,易方达沪深300医药卫生ETF,2014-05-30,0.2103,0.2103,0.2103,0.2103,0.0013,0.0,0.0
512010.OF,易方达沪深300医药卫生ETF,2014-06-03,0.2104,0.2104,0.2104,0.2104,0.0005,0.0,0.0
512010.OF,易方达沪深300医药卫生ETF,2014-06-04,0.2071,0.2071,0.2071,0.2071,-0.0158,0.0,0.0
512010.OF,易方达沪深300医药卫生ETF,2014-06-05,0.2093,0.2093,0.2093,0.2093,0.0106,0.0,0.0
512010.OF,易方达沪深300医药卫生ETF,2014-06-06,0.2085,0.2085,0.2085,0.2085,-0.0036,0.0,0.0
512010.OF,易方达沪深300医药卫生ETF,2014-06-09,0.2088,0.2088,0.2088,0.2088,0.0016,0.0,0.0
512010.OF,易方达沪深300医药卫生ETF,2014-06-10,0.211,0.211,0.211,0.211,0.0103,0.0,0.0
512010.OF,易方达沪深300医药卫生ETF,2014-06-11,0.2124,0.2124,0.2124,0.2124,0.0069,0.0,0.0
512010.OF,易方达沪深300医药卫生ETF,2014-06-12,0.2117,0.2117,0.2117,0.2117,-0.0036,0.0,0.0
512010.OF,易方达沪深300医药卫生ETF,2014-06-13,0.2121,0.2121,0.2121,0.2121,0.0022,0.0,0.0
512010.OF,易方达沪深300医药卫生ETF,2014-06-16,0.212,0.212,0.212,0.212,-0.0007,0.0,0.0
512010.OF,易方达沪深300医药卫生ETF,2014-06-17,0.2108,0.2108,0.2108,0.2108,-0.0058,0.0,0.0
512010.OF,易方达沪深300医药卫生ETF,2014-06-18,0.2103,0.2103,0.2103,0.2103,-0.002,0.0,0.0
512010.OF,易方达沪深300医药卫生ETF,2014-06-19,0.2073,0.2073,0.2073,0.2073,-0.0146,0.0,0.0
512010.OF,易方达沪深300医药卫生ETF,2014-06-20,0.2078,0.2078,0.2078,0.2078,0.0027,0.0,0.0
512010.OF,易方达沪深300医药卫生ETF,2014-06-23,0.2073,0.2073,0.2073,0.2073,-0.0025,0.0,0.0
512010.OF,易方达沪深300医药卫生ETF,2014-06-24,0.2098,0.2098,0.2098,0.2098,0.0119,0.0,0.0
512010.OF,易方达沪深300医药卫生ETF,2014-06-25,0.2095,0.2095,0.2095,0.2095,-0.0013,0.0,0.0
512010.OF,易方达沪深300医药卫生ETF,2014-06-26,0.2107,0.2107,0.2107,0.2107,0.0056,0.0,0.0
512010.OF,易方达沪深300医药卫生ETF,2014-06-27,0.2119,0.2119,0.2119,0.2119,0.0057,0.0,0.0
512010.OF,易方达沪深300医药卫生ETF,2014-06-30,0.2132,0.2132,0.2132,0.2132,0.0061,0.0,0.0
512010.OF,易方达沪深300医药卫生ETF,2014-07-01,0.2125,0.2125,0.2125,0.2125,-0.0029,0.0,0.0
512010.OF,易方达沪深300医药卫生ETF,2014-07-02,0.2121,0.2121,0.2121,0.2121,-0.0019,0.0,0.0
512010.OF,易方达沪深300医药卫生ETF,2014-07-03,0.2147,0.2147,0.2147,0.2147,0.012,0.0,0.0
512010.OF,易方达沪深300医药卫生ETF,2014-07-04,0.2129,0.2129,0.2129,0.2129,-0.0083,0.0,0.0
512010.OF,易方达沪深300医药卫生ETF,2014-07-07,0.2113,0.2113,0.2113,0.2113,-0.0074,0.0,0.0
512010.OF,易方达沪深300医药卫生ETF,2014-07-08,0.2116,0.2116,0.2116,0.2116,0.0011,0.0,0.0
512010.OF,易方达沪深300医药卫生ETF,2014-07-09,0.2078,0.2078,0.2078,0.2078,-0.018,0.0,0.0
512010.OF,易方达沪深300医药卫生ETF,2014-07-10,0.2075,0.2075,0.2075,0.2075,-0.0011,0.0,0.0
512010.OF,易方达沪深300医药卫生ETF,2014-07-11,0.2075,0.2075,0.2075,0.2075,-0.0001,0.0,0.0
512010.OF,易方达沪深300医药卫生ETF,2014-07-14,0.2094,0.2094,0.2094,0.2094,0.009,0.0,0.0
512010.OF,易方达沪深300医药卫生ETF,2014-07-15,0.2123,0.2123,0.2123,0.2123,0.014,0.0,0.0
512010.OF,易方达沪深300医药卫生ETF,2014-07-16,0.2107,0.2107,0.2107,0.2107,-0.0074,0.0,0.0
512010.OF,易方达沪深300医药卫生ETF,2014-07-17,0.2087,0.2087,0.2087,0.2087,-0.0098,0.0,0.0
512010.OF,易方达沪深300医药卫生ETF,2014-07-18,0.2101,0.2101,0.2101,0.2101,0.0068,0.0,0.0
512010.OF,易方达沪深300医药卫生ETF,2014-07-21,0.2118,0.2118,0.2118,0.2118,0.008,0.0,0.0
512010.OF,易方达沪深300医药卫生ETF,2014-07-22,0.213,0.213,0.213,0.213,0.0059,0.0,0.0
512010.OF,易方达沪深300医药卫生ETF,2014-07-23,0.2112,0.2112,0.2112,0.2112,-0.0083,0.0,0.0
512010.OF,易方达沪深300医药卫生ETF,2014-07-24,0.2133,0.2133,0.2133,0.2133,0.0098,0.0,0.0
512010.OF,易方达沪深300医药卫生ETF,2014-07-25,0.2146,0.2146,0.2146,0.2146,0.006,0.0,0.0
512010.OF,易方达沪深300医药卫生ETF,2014-07-28,0.2176,0.2176,0.2176,0.2176,0.0141,0.0,0.0
512010.OF,易方达沪深300医药卫生ETF,2014-07-29,0.2183,0.2183,0.2183,0.2183,0.0033,0.0,0.0
512010.OF,易方达沪深300医药卫生ETF,2014-07-30,0.22,0.22,0.22,0.22,0.0078,0.0,0.0
512010.OF,易方达沪深300医药卫生ETF,2014-07-31,0.2209,0.2209,0.2209,0.2209,0.004,0.0,0.0
512010.OF,易方达沪深300医药卫生ETF,2014-08-01,0.2222,0.2222,0.2222,0.2222,0.0057,0.0,0.0
512010.OF,易方达沪深300医药卫生ETF,2014-08-04,0.2237,0.2237,0.2237,0.2237,0.0069,0.0,0.0
512010.OF,易方达沪深300医药卫生ETF,2014-08-05,0.2231,0.2231,0.2231,0.2231,-0.0026,0.0,0.0
512010.OF,易方达沪深300医药卫生ETF,2014-08-06,0.2226,0.2226,0.2226,0.2226,-0.0022,0.0,0.0
512010.OF,易方达沪深300医药卫生ETF,2014-08-07,0.2195,0.2195,0.2195,0.2195,-0.0139,0.0,0.0
512010.OF,易方达沪深300医药卫生ETF,2014-08-08,0.2198,0.2198,0.2198,0.2198,0.0014,0.0,0.0
512010.OF,易方达沪深300医药卫生ETF,2014-08-11,0.2227,0.2227,0.2227,0.2227,0.0131,0.0,0.0
512010.OF,易方达沪深300医药卫生ETF,2014-08-12,0.222,0.222,0.222,0.222,-0.003,0.0,0.0
512010.OF,易方达沪深300医药卫生ETF,2014-08-13,0.2213,0.2213,0.2213,0.2213,-0.0034,0.0,0.0
512010.OF,易方达沪深300医药卫生ETF,2014-08-14,0.2199,0.2199,0.2199,0.2199,-0.0062,0.0,0.0
512010.OF,易方达沪深300医药卫生ETF,2014-08-15,0.2222,0.2222,0.2222,0.2222,0.0105,0.0,0.0
512010.OF,易方达沪深300医药卫生ETF,2014-08-18,0.2241,0.2241,0.2241,0.2241,0.0087,0.0,0.0
512010.OF,易方达沪深300医药卫生ETF,2014-08-19,0.2237,0.2237,0.2237,0.2237,-0.0018,0.0,0.0
512010.OF,易方达沪深300医药卫生ETF,2014-08-20,0.223,0.223,0.223,0.223,-0.0034,0.0,0.0
512010.OF,易方达沪深300医药卫生ETF,2014-08-21,0.2218,0.2218,0.2218,0.2218,-0.0053,0.0,0.0
512010.OF,易方达沪深300医药卫生ETF,2014-08-22,0.2234,0.2234,0.2234,0.2234,0.0073,0.0,0.0
512010.OF,易方达沪深300医药卫生ETF,2014-08-25,0.2209,0.2209,0.2209,0.2209,-0.0114,0.0,0.0
512010.OF,易方达沪深300医药卫生ETF,2014-08-26,0.2175,0.2175,0.2175,0.2175,-0.0151,0.0,0.0
512010.OF,易方达沪深300医药卫生ETF,2014-08-27,0.2177,0.2177,0.2177,0.2177,0.0009,0.0,0.0
512010.OF,易方达沪深300医药卫生ETF,2014-08-28,0.2166,0.2166,0.2166,0.2166,-0.0054,0.0,0.0
512010.OF,易方达沪深300医药卫生ETF,2014-08-29,0.218,0.218,0.218,0.218,0.0066,0.0,0.0
512010.OF,易方达沪深300医药卫生ETF,2014-09-01,0.22,0.22,0.22,0.22,0.0093,0.0,0.0
512010.OF,易方达沪深300医药卫生ETF,2014-09-02,0.2216,0.2216,0.2216,0.2216,0.0072,0.0,0.0
512010.OF,易方达沪深300医药卫生ETF,2014-09-03,0.2234,0.2234,0.2234,0.2234,0.0083,0.0,0.0
512010.OF,易方达沪深300医药卫生ETF,2014-09-04,0.2238,0.2238,0.2238,0.2238,0.0018,0.0,0.0
512010.OF,易方达沪深300医药卫生ETF,2014-09-05,0.2254,0.2254,0.2254,0.2254,0.007,0.0,0.0
512010.OF,易方达沪深300医药卫生ETF,2014-09-09,0.2263,0.2263,0.2263,0.2263,0.004,0.0,0.0
512010.OF,易方达沪深300医药卫生ETF,2014-09-10,0.2254,0.2254,0.2254,0.2254,-0.0042,0.0,0.0
512010.OF,易方达沪深300医药卫生ETF,2014-09-11,0.2235,0.2235,0.2235,0.2235,-0.0082,0.0,0.0
512010.OF,易方达沪深300医药卫生ETF,2014-09-12,0.2248,0.2248,0.2248,0.2248,0.0059,0.0,0.0
512010.OF,易方达沪深300医药卫生ETF,2014-09-15,0.2254,0.2254,0.2254,0.2254,0.0027,0.0,0.0
512010.OF,易方达沪深300医药卫生ETF,2014-09-16,0.2208,0.2208,0.2208,0.2208,-0.0206,0.0,0.0
512010.OF,易方达沪深300医药卫生ETF,2014-09-17,0.2233,0.2233,0.2233,0.2233,0.0113,0.0,0.0
512010.OF,易方达沪深300医药卫生ETF,2014-09-18,0.2265,0.2265,0.2265,0.2265,0.0143,0.0,0.0
512010.OF,易方达沪深300医药卫生ETF,2014-09-19,0.2284,0.2284,0.2284,0.2284,0.0083,0.0,0.0
512010.OF,易方达沪深300医药卫生ETF,2014-09-22,0.2259,0.2259,0.2259,0.2259,-0.0107,0.0,0.0
512010.OF,易方达沪深300医药卫生ETF,2014-09-23,0.2281,0.2281,0.2281,0.2281,0.0098,0.0,0.0
512010.OF,易方达沪深300医药卫生ETF,2014-09-24,0.2303,0.2303,0.2303,0.2303,0.0096,0.0,0.0
512010.OF,易方达沪深300医药卫生ETF,2014-09-25,0.2293,0.2293,0.2293,0.2293,-0.0046,0.0,0.0
512010.OF,易方达沪深300医药卫生ETF,2014-09-26,0.2297,0.2297,0.2297,0.2297,0.0017,0.0,0.0
512010.OF,易方达沪深300医药卫生ETF,2014-09-29,0.2312,0.2312,0.2312,0.2312,0.0066,0.0,0.0
512010.OF,易方达沪深300医药卫生ETF,2014-09-30,0.232,0.232,0.232,0.232,0.0034,0.0,0.0
512010.OF,易方达沪深300医药卫生ETF,2014-10-08,0.2413,0.2413,0.2413,0.2413,0.0402,0.0,0.0
512010.OF,易方达沪深300医药卫生ETF,2014-10-09,0.2393,0.2393,0.2393,0.2393,-0.0082,0.0,0.0
512010.OF,易方达沪深300医药卫生ETF,2014-10-10,0.2389,0.2389,0.2389,0.2389,-0.0019,0.0,0.0
512010.OF,易方达沪深300医药卫生ETF,2014-10-13,0.2411,0.2411,0.2411,0.2411,0.0093,0.0,0.0
512010.OF,易方达沪深300医药卫生ETF,2014-10-14,0.2386,0.2386,0.2386,0.2386,-0.0103,0.0,0.0
512010.OF,易方达沪深300医药卫生ETF,2014-10-15,0.2443,0.2443,0.2443,0.2443,0.0238,0.0,0.0
512010.OF,易方达沪深300医药卫生ETF,2014-10-16,0.2416,0.2416,0.2416,0.2416,-0.0113,0.0,0.0
512010.OF,易方达沪深300医药卫生ETF,2014-10-17,0.241,0.241,0.241,0.241,-0.0023,0.0,0.0
512010.OF,易方达沪深300医药卫生ETF,2014-10-20,0.2435,0.2435,0.2435,0.2435,0.0104,0.0,0.0
512010.OF,易方达沪深300医药卫生ETF,2014-10-21,0.24,0.24,0.24,0.24,-0.0143,0.0,0.0
512010.OF,易方达沪深300医药卫生ETF,2014-10-22,0.2358,0.2358,0.2358,0.2358,-0.0177,0.0,0.0
512010.OF,易方达沪深300医药卫生ETF,2014-10-23,0.2329,0.2329,0.2329,0.2329,-0.0124,0.0,0.0
512010.OF,易方达沪深300医药卫生ETF,2014-10-24,0.2324,0.2324,0.2324,0.2324,-0.002,0.0,0.0
512010.OF,易方达沪深300医药卫生ETF,2014-10-27,0.2346,0.2346,0.2346,0.2346,0.0097,0.0,0.0
512010.OF,易方达沪深300医药卫生ETF,2014-10-28,0.2386,0.2386,0.2386,0.2386,0.0169,0.0,0.0
512010.OF,易方达沪深300医药卫生ETF,2014-10-29,0.2396,0.2396,0.2396,0.2396,0.004,0.0,0.0
512010.OF,易方达沪深300医药卫生ETF,2014-10-30,0.2404,0.2404,0.2404,0.2404,0.0034,0.0,0.0
512010.OF,易方达沪深300医药卫生ETF,2014-10-31,0.24,0.24,0.24,0.24,-0.0015,0.0,0.0
512010.OF,易方达沪深300医药卫生ETF,2014-11-03,0.2402,0.2402,0.2402,0.2402,0.0006,0.0,0.0
512010.OF,易方达沪深300医药卫生ETF,2014-11-04,0.237,0.237,0.237,0.237,-0.0133,0.0,0.0
512010.OF,易方达沪深300医药卫生ETF,2014-11-05,0.2369,0.2369,0.2369,0.2369,-0.0005,0.0,0.0
512010.OF,易方达沪深300医药卫生ETF,2014-11-06,0.238,0.238,0.238,0.238,0.0047,0.0,0.0
512010.OF,易方达沪深300医药卫生ETF,2014-11-07,0.2354,0.2354,0.2354,0.2354,-0.0108,0.0,0.0
512010.OF,易方达沪深300医药卫生ETF,2014-11-10,0.2384,0.2384,0.2384,0.2384,0.0126,0.0,0.0
512010.OF,易方达沪深300医药卫生ETF,2014-11-11,0.2355,0.2355,0.2355,0.2355,-0.0121,0.0,0.0
512010.OF,易方达沪深300医药卫生ETF,2014-11-12,0.2383,0.2383,0.2383,0.2383,0.012,0.0,0.0
512010.OF,易方达沪深300医药卫生ETF,2014-11-13,0.2361,0.2361,0.2361,0.2361,-0.0093,0.0,0.0
512010.OF,易方达沪深300医药卫生ETF,2014-11-14,0.2394,0.2394,0.2394,0.2394,0.014,0.0,0.0
512010.OF,易方达沪深300医药卫生ETF,2014-11-17,0.2399,0.2399,0.2399,0.2399,0.0021,0.0,0.0
512010.OF,易方达沪深300医药卫生ETF,2014-11-18,0.2384,0.2384,0.2384,0.2384,-0.0064,0.0,0.0
512010.OF,易方达沪深300医药卫生ETF,2014-11-19,0.2405,0.2405,0.2405,0.2405,0.0087,0.0,0.0
512010.OF,易方达沪深300医药卫生ETF,2014-11-20,0.2382,0.2382,0.2382,0.2382,-0.0094,0.0,0.0
512010.OF,易方达沪深300医药卫生ETF,2014-11-21,0.2403,0.2403,0.2403,0.2403,0.0087,0.0,0.0
512010.OF,易方达沪深300医药卫生ETF,2014-11-24,0.2416,0.2416,0.2416,0.2416,0.0055,0.0,0.0
512010.OF,易方达沪深300医药卫生ETF,2014-11-25,0.2444,0.2444,0.2444,0.2444,0.0115,0.0,0.0
512010.OF,易方达沪深300医药卫生ETF,2014-11-26,0.2445,0.2445,0.2445,0.2445,0.0003,0.0,0.0
512010.OF,易方达沪深300医药卫生ETF,2014-11-27,0.2458,0.2458,0.2458,0.2458,0.0054,0.0,0.0
512010.OF,易方达沪深300医药卫生ETF,2014-11-28,0.2442,0.2442,0.2442,0.2442,-0.0066,0.0,0.0
512010.OF,易方达沪深300医药卫生ETF,2014-12-01,0.2478,0.2478,0.2478,0.2478,0.0149,0.0,0.0
512010.OF,易方达沪深300医药卫生ETF,2014-12-02,0.2506,0.2506,0.2506,0.2506,0.0111,0.0,0.0
512010.OF,易方达沪深300医药卫生ETF,2014-12-03,0.251,0.251,0.251,0.251,0.0017,0.0,0.0
512010.OF,易方达沪深300医药卫生ETF,2014-12-04,0.2564,0.2564,0.2564,0.2564,0.0216,0.0,0.0
512010.OF,易方达沪深300医药卫生ETF,2014-12-05,0.2533,0.2533,0.2533,0.2533,-0.0121,0.0,0.0
512010.OF,易方达沪深300医药卫生ETF,2014-12-08,0.2557,0.2557,0.2557,0.2557,0.0095,0.0,0.0
512010.OF,易方达沪深300医药卫生ETF,2014-12-09,0.2494,0.2494,0.2494,0.2494,-0.0245,0.0,0.0
512010.OF,易方达沪深300医药卫生ETF,2014-12-10,0.258,0.258,0.258,0.258,0.0344,0.0,0.0
512010.OF,易方达沪深300医药卫生ETF,2014-12-11,0.2561,0.2561,0.2561,0.2561,-0.0075,0.0,0.0
512010.OF,易方达沪深300医药卫生ETF,2014-12-12,0.2569,0.2569,0.2569,0.2569,0.0031,0.0,0.0
512010.OF,易方达沪深300医药卫生ETF,2014-12-15,0.2606,0.2606,0.2606,0.2606,0.0143,0.0,0.0
512010.OF,易方达沪深300医药卫生ETF,2014-12-16,0.2594,0.2594,0.2594,0.2594,-0.0043,0.0,0.0
512010.OF,易方达沪深300医药卫生ETF,2014-12-17,0.2547,0.2547,0.2547,0.2547,-0.0181,0.0,0.0
512010.OF,易方达沪深300医药卫生ETF,2014-12-18,0.2525,0.2525,0.2525,0.2525,-0.0087,0.0,0.0
512010.OF,易方达沪深300医药卫生ETF,2014-12-19,0.2496,0.2496,0.2496,0.2496,-0.0117,0.0,0.0
512010.OF,易方达沪深300医药卫生ETF,2014-12-22,0.2438,0.2438,0.2438,0.2438,-0.0231,0.0,0.0
512010.OF,易方达沪深300医药卫生ETF,2014-12-23,0.2434,0.2434,0.2434,0.2434,-0.0016,0.0,0.0
512010.OF,易方达沪深300医药卫生ETF,2014-12-24,0.2439,0.2439,0.2439,0.2439,0.0022,0.0,0.0
512010.OF,易方达沪深300医药卫生ETF,2014-12-25,0.2451,0.2451,0.2451,0.2451,0.0047,0.0,0.0
512010.OF,易方达沪深300医药卫生ETF,2014-12-26,0.2479,0.2479,0.2479,0.2479,0.0116,0.0,0.0
512010.OF,易方达沪深300医药卫生ETF,2014-12-29,0.2457,0.2457,0.2457,0.2457,-0.009,0.0,0.0
512010.OF,易方达沪深300医药卫生ETF,2014-12-30,0.2476,0.2476,0.2476,0.2476,0.0078,0.0,0.0
512010.OF,易方达沪深300医药卫生ETF,2014-12-31,0.2508,0.2508,0.2508,0.2508,0.0129,0.0,0.0
512010.OF,易方达沪深300医药卫生ETF,2015-01-05,0.2552,0.2552,0.2552,0.2552,0.0173,0.0,0.0
512010.OF,易方达沪深300医药卫生ETF,2015-01-06,0.2634,0.2634,0.2634,0.2634,0.0323,0.0,0.0
512010.OF,易方达沪深300医药卫生ETF,2015-01-07,0.2608,0.2608,0.2608,0.2608,-0.01,0.0,0.0
512010.OF,易方达沪深300医药卫生ETF,2015-01-08,0.2599,0.2599,0.2599,0.2599,-0.0035,0.0,0.0
512010.OF,易方达沪深300医药卫生ETF,2015-01-09,0.2569,0.2569,0.2569,0.2569,-0.0116,0.0,0.0
512010.OF,易方达沪深300医药卫生ETF,2015-01-12,0.2589,0.2589,0.2589,0.2589,0.0079,0.0,0.0
512010.OF,易方达沪深300医药卫生ETF,2015-01-13,0.2614,0.2614,0.2614,0.2614,0.0099,0.0,0.0
512010.OF,易方达沪深300医药卫生ETF,2015-01-14,0.2605,0.2605,0.2605,0.2605,-0.0037,0.0,0.0
512010.OF,易方达沪深300医药卫生ETF,2015-01-15,0.2608,0.2608,0.2608,0.2608,0.0014,0.0,0.0
512010.OF,易方达沪深300医药卫生ETF,2015-01-16,0.2632,0.2632,0.2632,0.2632,0.0091,0.0,0.0
512010.OF,易方达沪深300医药卫生ETF,2015-01-19,0.2551,0.2551,0.2551,0.2551,-0.0309,0.0,0.0
512010.OF,易方达沪深300医药卫生ETF,2015-01-20,0.26,0.26,0.26,0.26,0.0194,0.0,0.0
512010.OF,易方达沪深300医药卫生ETF,2015-01-21,0.2652,0.2652,0.2652,0.2652,0.0199,0.0,0.0
512010.OF,易方达沪深300医药卫生ETF,2015-01-22,0.2677,0.2677,0.2677,0.2677,0.0092,0.0,0.0
512010.OF,易方达沪深300医药卫生ETF,2015-01-23,0.265,0.265,0.265,0.265,-0.0098,0.0,0.0
512010.OF,易方达沪深300医药卫生ETF,2015-01-26,0.2706,0.2706,0.2706,0.2706,0.021,0.0,0.0
512010.OF,易方达沪深300医药卫生ETF,2015-01-27,0.2705,0.2705,0.2705,0.2705,-0.0006,0.0,0.0
512010.OF,易方达沪深300医药卫生ETF,2015-01-28,0.2681,0.2681,0.2681,0.2681,-0.0088,0.0,0.0
512010.OF,易方达沪深300医药卫生ETF,2015-01-29,0.2635,0.2635,0.2635,0.2635,-0.017,0.0,0.0
512010.OF,易方达沪深300医药卫生ETF,2015-01-30,0.2622,0.2622,0.2622,0.2622,-0.005,0.0,0.0
512010.OF,易方达沪深300医药卫生ETF,2015-02-02,0.2615,0.2615,0.2615,0.2615,-0.0029,0.0,0.0
512010.OF,易方达沪深300医药卫生ETF,2015-02-03,0.2638,0.2638,0.2638,0.2638,0.0089,0.0,0.0
512010.OF,易方达沪深300医药卫生ETF,2015-02-04,0.26,0.26,0.26,0.26,-0.0143,0.0,0.0
512010.OF,易方达沪深300医药卫生ETF,2015-02-05,0.2563,0.2563,0.2563,0.2563,-0.0143,0.0,0.0
512010.OF,易方达沪深300医药卫生ETF,2015-02-06,0.2531,0.2531,0.2531,0.2531,-0.0124,0.0,0.0
512010.OF,易方达沪深300医药卫生ETF,2015-02-09,0.2541,0.2541,0.2541,0.2541,0.0039,0.0,0.0
512010.OF,易方达沪深300医药卫生ETF,2015-02-10,0.256,0.256,0.256,0.256,0.0076,0.0,0.0
512010.OF,易方达沪深300医药卫生ETF,2015-02-11,0.2584,0.2584,0.2584,0.2584,0.0095,0.0,0.0
512010.OF,易方达沪深300医药卫生ETF,2015-02-12,0.2591,0.2591,0.2591,0.2591,0.0027,0.0,0.0
512010.OF,易方达沪深300医药卫生ETF,2015-02-13,0.2618,0.2618,0.2618,0.2618,0.0103,0.0,0.0
512010.OF,易方达沪深300医药卫生ETF,2015-02-16,0.2642,0.2642,0.2642,0.2642,0.009,0.0,0.0
512010.OF,易方达沪深300医药卫生ETF,2015-02-17,0.2657,0.2657,0.2657,0.2657,0.0058,0.0,0.0
512010.OF,易方达沪深300医药卫生ETF,2015-02-25,0.2657,0.2657,0.2657,0.2657,-0.0001,0.0,0.0
512010.OF,易方达沪深300医药卫生ETF,2015-02-26,0.2678,0.2678,0.2678,0.2678,0.008,0.0,0.0
512010.OF,易方达沪深300医药卫生ETF,2015-02-27,0.2673,0.2673,0.2673,0.2673,-0.0019,0.0,0.0
512010.OF,易方达沪深300医药卫生ETF,2015-03-02,0.2686,0.2686,0.2686,0.2686,0.0051,0.0,0.0
512010.OF,易方达沪深300医药卫生ETF,2015-03-03,0.2667,0.2667,0.2667,0.2667,-0.0072,0.0,0.0
512010.OF,易方达沪深300医药卫生ETF,2015-03-04,0.2747,0.2747,0.2747,0.2747,0.0298,0.0,0.0
512010.OF,易方达沪深300医药卫生ETF,2015-03-05,0.274,0.274,0.274,0.274,-0.0023,0.0,0.0
512010.OF,易方达沪深300医药卫生ETF,2015-03-06,0.2692,0.2692,0.2692,0.2692,-0.0177,0.0,0.0
512010.OF,易方达沪深300医药卫生ETF,2015-03-09,0.2714,0.2714,0.2714,0.2714,0.0084,0.0,0.0
512010.OF,易方达沪深300医药卫生ETF,2015-03-10,0.2743,0.2743,0.2743,0.2743,0.0107,0.0,0.0
512010.OF,易方达沪深300医药卫生ETF,2015-03-11,0.2726,0.2726,0.2726,0.2726,-0.0062,0.0,0.0
512010.OF,易方达沪深300医药卫生ETF,2015-03-12,0.2731,0.2731,0.2731,0.2731,0.0017,0.0,0.0
512010.OF,易方达沪深300医药卫生ETF,2015-03-13,0.2751,0.2751,0.2751,0.2751,0.0072,0.0,0.0
512010.OF,易方达沪深300医药卫生ETF,2015-03-16,0.2817,0.2817,0.2817,0.2817,0.0241,0.0,0.0
512010.OF,易方达沪深300医药卫生ETF,2015-03-17,0.2823,0.2823,0.2823,0.2823,0.0021,0.0,0.0
512010.OF,易方达沪深300医药卫生ETF,2015-03-18,0.2867,0.2867,0.2867,0.2867,0.0156,0.0,0.0
512010.OF,易方达沪深300医药卫生ETF,2015-03-19,0.2851,0.2851,0.2851,0.2851,-0.0056,0.0,0.0
512010.OF,易方达沪深300医药卫生ETF,2015-03-20,0.2884,0.2884,0.2884,0.2884,0.0117,0.0,0.0
512010.OF,易方达沪深300医药卫生ETF,2015-03-23,0.2918,0.2918,0.2918,0.2918,0.0116,0.0,0.0
512010.OF,易方达沪深300医药卫生ETF,2015-03-24,0.2967,0.2967,0.2967,0.2967,0.0168,0.0,0.0
512010.OF,易方达沪深300医药卫生ETF,2015-03-25,0.299,0.299,0.299,0.299,0.0077,0.0,0.0
512010.OF,易方达沪深300医药卫生ETF,2015-03-26,0.2959,0.2959,0.2959,0.2959,-0.0104,0.0,0.0
512010.OF,易方达沪深300医药卫生ETF,2015-03-27,0.2976,0.2976,0.2976,0.2976,0.006,0.0,0.0
512010.OF,易方达沪深300医药卫生ETF,2015-03-30,0.3017,0.3017,0.3017,0.3017,0.0138,0.0,0.0
512010.OF,易方达沪深300医药卫生ETF,2015-03-31,0.3,0.3,0.3,0.3,-0.0057,0.0,0.0
512010.OF,易方达沪深300医药卫生ETF,2015-04-01,0.3054,0.3054,0.3054,0.3054,0.018,0.0,0.0
512010.OF,易方达沪深300医药卫生ETF,2015-04-02,0.3068,0.3068,0.3068,0.3068,0.0047,0.0,0.0
512010.OF,易方达沪深300医药卫生ETF,2015-04-03,0.3096,0.3096,0.3096,0.3096,0.0091,0.0,0.0
512010.OF,易方达沪深300医药卫生ETF,2015-04-07,0.3181,0.3181,0.3181,0.3181,0.0274,0.0,0.0
512010.OF,易方达沪深300医药卫生ETF,2015-04-08,0.3144,0.3144,0.3144,0.3144,-0.0117,0.0,0.0
512010.OF,易方达沪深300医药卫生ETF,2015-04-09,0.3132,0.3132,0.3132,0.3132,-0.0037,0.0,0.0
512010.OF,易方达沪深300医药卫生ETF,2015-04-10,0.3222,0.3222,0.3222,0.3222,0.0287,0.0,0.0
512010.OF,易方达沪深300医药卫生ETF,2015-04-13,0.3328,0.3328,0.3328,0.3328,0.0329,0.0,0.0
512010.OF,易方达沪深300医药卫生ETF,2015-04-14,0.334,0.334,0.334,0.334,0.0035,0.0,0.0
512010.OF,易方达沪深300医药卫生ETF,2015-04-15,0.3236,0.3236,0.3236,0.3236,-0.0311,0.0,0.0
512010.OF,易方达沪深300医药卫生ETF,2015-04-16,0.3294,0.3294,0.3294,0.3294,0.0179,0.0,0.0
512010.OF,易方达沪深300医药卫生ETF,2015-04-17,0.3284,0.3284,0.3284,0.3284,-0.003,0.0,0.0
512010.OF,易方达沪深300医药卫生ETF,2015-04-20,0.3167,0.3167,0.3167,0.3167,-0.0356,0.0,0.0
512010.OF,易方达沪深300医药卫生ETF,2015-04-21,0.33,0.33,0.33,0.33,0.0422,0.0,0.0
512010.OF,易方达沪深300医药卫生ETF,2015-04-22,0.3376,0.3376,0.3376,0.3376,0.0229,0.0,0.0
512010.OF,易方达沪深300医药卫生ETF,2015-04-23,0.3358,0.3358,0.3358,0.3358,-0.0052,0.0,0.0
512010.OF,易方达沪深300医药卫生ETF,2015-04-24,0.3359,0.3359,0.3359,0.3359,0.0002,0.0,0.0
512010.OF,易方达沪深300医药卫生ETF,2015-04-27,0.341,0.341,0.341,0.341,0.0151,0.0,0.0
512010.OF,易方达沪深300医药卫生ETF,2015-04-28,0.3315,0.3315,0.3315,0.3315,-0.0277,0.0,0.0
512010.OF,易方达沪深300医药卫生ETF,2015-04-29,0.3375,0.3375,0.3375,0.3375,0.0181,0.0,0.0
512010.OF,易方达沪深300医药卫生ETF,2015-04-30,0.3365,0.3365,0.3365,0.3365,-0.003,0.0,0.0
512010.OF,易方达沪深300医药卫生ETF,2015-05-04,0.3361,0.3361,0.3361,0.3361,-0.0012,0.0,0.0
512010.OF,易方达沪深300医药卫生ETF,2015-05-05,0.3306,0.3306,0.3306,0.3306,-0.0164,0.0,0.0
512010.OF,易方达沪深300医药卫生ETF,2015-05-06,0.3298,0.3298,0.3298,0.3298,-0.0026,0.0,0.0
512010.OF,易方达沪深300医药卫生ETF,2015-05-07,0.3238,0.3238,0.3238,0.3238,-0.018,0.0,0.0
512010.OF,易方达沪深300医药卫生ETF,2015-05-08,0.3325,0.3325,0.3325,0.3325,0.0268,0.0,0.0
512010.OF,易方达沪深300医药卫生ETF,2015-05-11,0.3426,0.3426,0.3426,0.3426,0.0305,0.0,0.0
512010.OF,易方达沪深300医药卫生ETF,2015-05-12,0.345,0.345,0.345,0.345,0.007,0.0,0.0
512010.OF,易方达沪深300医药卫生ETF,2015-05-13,0.3463,0.3463,0.3463,0.3463,0.0037,0.0,0.0
512010.OF,易方达沪深300医药卫生ETF,2015-05-14,0.3432,0.3432,0.3432,0.3432,-0.009,0.0,0.0
512010.OF,易方达沪深300医药卫生ETF,2015-05-15,0.3373,0.3373,0.3373,0.3373,-0.0171,0.0,0.0
512010.OF,易方达沪深300医药卫生ETF,2015-05-18,0.3436,0.3436,0.3436,0.3436,0.0185,0.0,0.0
512010.OF,易方达沪深300医药卫生ETF,2015-05-19,0.3513,0.3513,0.3513,0.3513,0.0224,0.0,0.0
512010.OF,易方达沪深300医药卫生ETF,2015-05-20,0.3531,0.3531,0.3531,0.3531,0.0052,0.0,0.0
512010.OF,易方达沪深300医药卫生ETF,2015-05-21,0.3663,0.3663,0.3663,0.3663,0.0374,0.0,0.0
512010.OF,易方达沪深300医药卫生ETF,2015-05-22,0.3696,0.3696,0.3696,0.3696,0.0091,0.0,0.0
512010.OF,易方达沪深300医药卫生ETF,2015-05-25,0.3808,0.3808,0.3808,0.3808,0.0303,0.0,0.0
512010.OF,易方达沪深300医药卫生ETF,2015-05-26,0.3887,0.3887,0.3887,0.3887,0.0207,0.0,0.0
512010.OF,易方达沪深300医药卫生ETF,2015-05-27,0.3924,0.3924,0.3924,0.3924,0.0094,0.0,0.0
512010.OF,易方达沪深300医药卫生ETF,2015-05-28,0.3672,0.3672,0.3672,0.3672,-0.0641,0.0,0.0
512010.OF,易方达沪深300医药卫生ETF,2015-05-29,0.3798,0.3798,0.3798,0.3798,0.0344,0.0,0.0
512010.OF,易方达沪深300医药卫生ETF,2015-06-01,0.4021,0.4021,0.4021,0.4021,0.0587,0.0,0.0
512010.OF,易方达沪深300医药卫生ETF,2015-06-02,0.4074,0.4074,0.4074,0.4074,0.0131,0.0,0.0
512010.OF,易方达沪深300医药卫生ETF,2015-06-03,0.4028,0.4028,0.4028,0.4028,-0.0114,0.0,0.0
512010.OF,易方达沪深300医药卫生ETF,2015-06-04,0.3992,0.3992,0.3992,0.3992,-0.0088,0.0,0.0
512010.OF,易方达沪深300医药卫生ETF,2015-06-05,0.4006,0.4006,0.4006,0.4006,0.0034,0.0,0.0
512010.OF,易方达沪深300医药卫生ETF,2015-06-08,0.3977,0.3977,0.3977,0.3977,-0.0071,0.0,0.0
512010.OF,易方达沪深300医药卫生ETF,2015-06-09,0.3925,0.3925,0.3925,0.3925,-0.0133,0.0,0.0
512010.OF,易方达沪深300医药卫生ETF,2015-06-10,0.3997,0.3997,0.3997,0.3997,0.0185,0.0,0.0
512010.OF,易方达沪深300医药卫生ETF,2015-06-11,0.4059,0.4059,0.4059,0.4059,0.0154,0.0,0.0
512010.OF,易方达沪深300医药卫生ETF,2015-06-12,0.4084,0.4084,0.4084,0.4084,0.0062,0.0,0.0
512010.OF,易方达沪深300医药卫生ETF,2015-06-15,0.4015,0.4015,0.4015,0.4015,-0.017,0.0,0.0
512010.OF,易方达沪深300医药卫生ETF,2015-06-16,0.3922,0.3922,0.3922,0.3922,-0.0231,0.0,0.0
512010.OF,易方达沪深300医药卫生ETF,2015-06-17,0.3956,0.3956,0.3956,0.3956,0.0086,0.0,0.0
512010.OF,易方达沪深300医药卫生ETF,2015-06-18,0.3821,0.3821,0.3821,0.3821,-0.034,0.0,0.0
512010.OF,易方达沪深300医药卫生ETF,2015-06-19,0.362,0.362,0.362,0.362,-0.0527,0.0,0.0
512010.OF,易方达沪深300医药卫生ETF,2015-06-23,0.3757,0.3757,0.3757,0.3757,0.038,0.0,0.0
512010.OF,易方达沪深300医药卫生ETF,2015-06-24,0.3801,0.3801,0.3801,0.3801,0.0116,0.0,0.0
512010.OF,易方达沪深300医药卫生ETF,2015-06-25,0.3615,0.3615,0.3615,0.3615,-0.049,0.0,0.0
512010.OF,易方达沪深300医药卫生ETF,2015-06-26,0.3305,0.3305,0.3305,0.3305,-0.0856,0.0,0.0
512010.OF,易方达沪深300医药卫生ETF,2015-06-29,0.3194,0.3194,0.3194,0.3194,-0.0337,0.0,0.0
512010.OF,易方达沪深300医药卫生ETF,2015-06-30,0.3438,0.3438,0.3438,0.3438,0.0763,0.0,0.0
512010.OF,易方达沪深300医药卫生ETF,2015-07-01,0.3339,0.3339,0.3339,0.3339,-0.0287,0.0,0.0
512010.OF,易方达沪深300医药卫生ETF,2015-07-02,0.3196,0.3196,0.3196,0.3196,-0.0428,0.0,0.0
512010.OF,易方达沪深300医药卫生ETF,2015-07-03,0.3104,0.3104,0.3104,0.3104,-0.0289,0.0,0.0
512010.OF,易方达沪深300医药卫生ETF,2015-07-06,0.3166,0.3166,0.3166,0.3166,0.0201,0.0,0.0
512010.OF,易方达沪深300医药卫生ETF,2015-07-07,0.2968,0.2968,0.2968,0.2968,-0.0627,0.0,0.0
512010.OF,易方达沪深300医药卫生ETF,2015-07-08,0.2804,0.2804,0.2804,0.2804,-0.0553,0.0,0.0
512010.OF,易方达沪深300医药卫生ETF,2015-07-09,0.2971,0.2971,0.2971,0.2971,0.0597,0.0,0.0
512010.OF,易方达沪深300医药卫生ETF,2015-07-10,0.3171,0.3171,0.3171,0.3171,0.0674,0.0,0.0
512010.OF,易方达沪深300医药卫生ETF,2015-07-13,0.3371,0.3371,0.3371,0.3371,0.0628,0.0,0.0
512010.OF,易方达沪深300医药卫生ETF,2015-07-14,0.3341,0.3341,0.3341,0.3341,-0.0088,0.0,0.0
512010.OF,易方达沪深300医药卫生ETF,2015-07-15,0.3138,0.3138,0.3138,0.3138,-0.0608,0.0,0.0
512010.OF,易方达沪深300医药卫生ETF,2015-07-16,0.3222,0.3222,0.3222,0.3222,0.0269,0.0,0.0
512010.OF,易方达沪深300医药卫生ETF,2015-07-17,0.3368,0.3368,0.3368,0.3368,0.0451,0.0,0.0
512010.OF,易方达沪深300医药卫生ETF,2015-07-20,0.3349,0.3349,0.3349,0.3349,-0.0056,0.0,0.0
512010.OF,易方达沪深300医药卫生ETF,2015-07-21,0.3379,0.3379,0.3379,0.3379,0.0089,0.0,0.0
512010.OF,易方达沪深300医药卫生ETF,2015-07-22,0.3366,0.3366,0.3366,0.3366,-0.0037,0.0,0.0
512010.OF,易方达沪深300医药卫生ETF,2015-07-23,0.3452,0.3452,0.3452,0.3452,0.0256,0.0,0.0
512010.OF,易方达沪深300医药卫生ETF,2015-07-24,0.3393,0.3393,0.3393,0.3393,-0.0171,0.0,0.0
512010.OF,易方达沪深300医药卫生ETF,2015-07-27,0.3113,0.3113,0.3113,0.3113,-0.0827,0.0,0.0
512010.OF,易方达沪深300医药卫生ETF,2015-07-28,0.3184,0.3184,0.3184,0.3184,0.0229,0.0,0.0
512010.OF,易方达沪深300医药卫生ETF,2015-07-29,0.3301,0.3301,0.3301,0.3301,0.0367,0.0,0.0
512010.OF,易方达沪深300医药卫生ETF,2015-07-30,0.3172,0.3172,0.3172,0.3172,-0.0391,0.0,0.0
512010.OF,易方达沪深300医药卫生ETF,2015-07-31,0.3235,0.3235,0.3235,0.3235,0.0199,0.0,0.0
512010.OF,易方达沪深300医药卫生ETF,2015-08-03,0.3284,0.3284,0.3284,0.3284,0.0152,0.0,0.0
512010.OF,易方达沪深300医药卫生ETF,2015-08-04,0.3392,0.3392,0.3392,0.3392,0.0328,0.0,0.0
512010.OF,易方达沪深300医药卫生ETF,2015-08-05,0.3321,0.3321,0.3321,0.3321,-0.0209,0.0,0.0
512010.OF,易方达沪深300医药卫生ETF,2015-08-06,0.3275,0.3275,0.3275,0.3275,-0.0139,0.0,0.0
512010.OF,易方达沪深300医药卫生ETF,2015-08-07,0.3329,0.3329,0.3329,0.3329,0.0165,0.0,0.0
512010.OF,易方达沪深300医药卫生ETF,2015-08-10,0.3462,0.3462,0.3462,0.3462,0.0402,0.0,0.0
512010.OF,易方达沪深300医药卫生ETF,2015-08-11,0.3422,0.3422,0.3422,0.3422,-0.0116,0.0,0.0
512010.OF,易方达沪深300医药卫生ETF,2015-08-12,0.3348,0.3348,0.3348,0.3348,-0.0216,0.0,0.0
512010.OF,易方达沪深300医药卫生ETF,2015-08-13,0.3372,0.3372,0.3372,0.3372,0.0072,0.0,0.0
512010.OF,易方达沪深300医药卫生ETF,2015-08-14,0.3376,0.3376,0.3376,0.3376,0.0011,0.0,0.0
512010.OF,易方达沪深300医药卫生ETF,2015-08-17,0.3434,0.3434,0.3434,0.3434,0.0172,0.0,0.0
512010.OF,易方达沪深300医药卫生ETF,2015-08-18,0.3275,0.3275,0.3275,0.3275,-0.0464,0.0,0.0
512010.OF,易方达沪深300医药卫生ETF,2015-08-19,0.3368,0.3368,0.3368,0.3368,0.0285,0.0,0.0
512010.OF,易方达沪深300医药卫生ETF,2015-08-20,0.3239,0.3239,0.3239,0.3239,-0.0382,0.0,0.0
512010.OF,易方达沪深300医药卫生ETF,2015-08-21,0.3085,0.3085,0.3085,0.3085,-0.0477,0.0,0.0
512010.OF,易方达沪深300医药卫生ETF,2015-08-24,0.2797,0.2797,0.2797,0.2797,-0.0934,0.0,0.0
512010.OF,易方达沪深300医药卫生ETF,2015-08-25,0.2597,0.2597,0.2597,0.2597,-0.0712,0.0,0.0
512010.OF,易方达沪深300医药卫生ETF,2015-08-26,0.2637,0.2637,0.2637,0.2637,0.0152,0.0,0.0
512010.OF,易方达沪深300医药卫生ETF,2015-08-27,0.2773,0.2773,0.2773,0.2773,0.0518,0.0,0.0
512010.OF,易方达沪深300医药卫生ETF,2015-08-28,0.2896,0.2896,0.2896,0.2896,0.0443,0.0,0.0
512010.OF,易方达沪深300医药卫生ETF,2015-08-31,0.2872,0.2872,0.2872,0.2872,-0.0082,0.0,0.0
512010.OF,易方达沪深300医药卫生ETF,2015-09-01,0.2822,0.2822,0.2822,0.2822,-0.0174,0.0,0.0
512010.OF,易方达沪深300医药卫生ETF,2015-09-02,0.284,0.284,0.284,0.284,0.0061,0.0,0.0
512010.OF,易方达沪深300医药卫生ETF,2015-09-07,0.2795,0.2795,0.2795,0.2795,-0.0158,0.0,0.0
512010.OF,易方达沪深300医药卫生ETF,2015-09-08,0.2912,0.2912,0.2912,0.2912,0.0419,0.0,0.0
512010.OF,易方达沪深300医药卫生ETF,2015-09-09,0.2948,0.2948,0.2948,0.2948,0.0125,0.0,0.0
512010.OF,易方达沪深300医药卫生ETF,2015-09-10,0.2932,0.2932,0.2932,0.2932,-0.0055,0.0,0.0
512010.OF,易方达沪深300医药卫生ETF,2015-09-11,0.2899,0.2899,0.2899,0.2899,-0.0113,0.0,0.0
512010.OF,易方达沪深300医药卫生ETF,2015-09-14,0.2823,0.2823,0.2823,0.2823,-0.0262,0.0,0.0
512010.OF,易方达沪深300医药卫生ETF,2015-09-15,0.2709,0.2709,0.2709,0.2709,-0.0403,0.0,0.0
512010.OF,易方达沪深300医药卫生ETF,2015-09-16,0.2891,0.2891,0.2891,0.2891,0.0671,0.0,0.0
512010.OF,易方达沪深300医药卫生ETF,2015-09-17,0.2807,0.2807,0.2807,0.2807,-0.029,0.0,0.0
512010.OF,易方达沪深300医药卫生ETF,2015-09-18,0.2809,0.2809,0.2809,0.2809,0.0006,0.0,0.0
512010.OF,易方达沪深300医药卫生ETF,2015-09-21,0.2864,0.2864,0.2864,0.2864,0.0194,0.0,0.0
512010.OF,易方达沪深300医药卫生ETF,2015-09-22,0.2882,0.2882,0.2882,0.2882,0.0065,0.0,0.0
512010.OF,易方达沪深300医药卫生ETF,2015-09-23,0.283,0.283,0.283,0.283,-0.018,0.0,0.0
512010.OF,易方达沪深300医药卫生ETF,2015-09-24,0.2858,0.2858,0.2858,0.2858,0.0097,0.0,0.0
512010.OF,易方达沪深300医药卫生ETF,2015-09-25,0.2789,0.2789,0.2789,0.2789,-0.0242,0.0,0.0
512010.OF,易方达沪深300医药卫生ETF,2015-09-28,0.281,0.281,0.281,0.281,0.0076,0.0,0.0
512010.OF,易方达沪深300医药卫生ETF,2015-09-29,0.2746,0.2746,0.2746,0.2746,-0.0226,0.0,0.0
512010.OF,易方达沪深300医药卫生ETF,2015-09-30,0.2758,0.2758,0.2758,0.2758,0.0041,0.0,0.0
512010.OF,易方达沪深300医药卫生ETF,2015-10-08,0.2889,0.2889,0.2889,0.2889,0.0477,0.0,0.0
512010.OF,易方达沪深300医药卫生ETF,2015-10-09,0.291,0.291,0.291,0.291,0.0071,0.0,0.0
512010.OF,易方达沪深300医药卫生ETF,2015-10-12,0.2979,0.2979,0.2979,0.2979,0.024,0.0,0.0
512010.OF,易方达沪深300医药卫生ETF,2015-10-13,0.2974,0.2974,0.2974,0.2974,-0.0019,0.0,0.0
512010.OF,易方达沪深300医药卫生ETF,2015-10-14,0.2936,0.2936,0.2936,0.2936,-0.0125,0.0,0.0
512010.OF,易方达沪深300医药卫生ETF,2015-10-15,0.299,0.299,0.299,0.299,0.0182,0.0,0.0
512010.OF,易方达沪深300医药卫生ETF,2015-10-16,0.2998,0.2998,0.2998,0.2998,0.0026,0.0,0.0
512010.OF,易方达沪深300医药卫生ETF,2015-10-19,0.3013,0.3013,0.3013,0.3013,0.0051,0.0,0.0
512010.OF,易方达沪深300医药卫生ETF,2015-10-20,0.3044,0.3044,0.3044,0.3044,0.0102,0.0,0.0
512010.OF,易方达沪深300医药卫生ETF,2015-10-21,0.2951,0.2951,0.2951,0.2951,-0.0305,0.0,0.0
512010.OF,易方达沪深300医药卫生ETF,2015-10-22,0.306,0.306,0.306,0.306,0.037,0.0,0.0
512010.OF,易方达沪深300医药卫生ETF,2015-10-23,0.3159,0.3159,0.3159,0.3159,0.0322,0.0,0.0
512010.OF,易方达沪深300医药卫生ETF,2015-10-26,0.3167,0.3167,0.3167,0.3167,0.0027,0.0,0.0
512010.OF,易方达沪深300医药卫生ETF,2015-10-27,0.3158,0.3158,0.3158,0.3158,-0.003,0.0,0.0
512010.OF,易方达沪深300医药卫生ETF,2015-10-28,0.3085,0.3085,0.3085,0.3085,-0.023,0.0,0.0
512010.OF,易方达沪深300医药卫生ETF,2015-10-29,0.3126,0.3126,0.3126,0.3126,0.0135,0.0,0.0
512010.OF,易方达沪深300医药卫生ETF,2015-10-30,0.3103,0.3103,0.3103,0.3103,-0.0075,0.0,0.0
512010.OF,易方达沪深300医药卫生ETF,2015-11-02,0.3054,0.3054,0.3054,0.3054,-0.0159,0.0,0.0
512010.OF,易方达沪深300医药卫生ETF,2015-11-03,0.3029,0.3029,0.3029,0.3029,-0.008,0.0,0.0
512010.OF,易方达沪深300医药卫生ETF,2015-11-04,0.3165,0.3165,0.3165,0.3165,0.0448,0.0,0.0
512010.OF,易方达沪深300医药卫生ETF,2015-11-05,0.3163,0.3163,0.3163,0.3163,-0.0006,0.0,0.0
512010.OF,易方达沪深300医药卫生ETF,2015-11-06,0.3199,0.3199,0.3199,0.3199,0.0115,0.0,0.0
512010.OF,易方达沪深300医药卫生ETF,2015-11-09,0.3223,0.3223,0.3223,0.3223,0.0073,0.0,0.0
512010.OF,易方达沪深300医药卫生ETF,2015-11-10,0.3191,0.3191,0.3191,0.3191,-0.0099,0.0,0.0
512010.OF,易方达沪深300医药卫生ETF,2015-11-11,0.3232,0.3232,0.3232,0.3232,0.0128,0.0,0.0
512010.OF,易方达沪深300医药卫生ETF,2015-11-12,0.3248,0.3248,0.3248,0.3248,0.005,0.0,0.0
512010.OF,易方达沪深300医药卫生ETF,2015-11-13,0.3177,0.3177,0.3177,0.3177,-0.0218,0.0,0.0
512010.OF,易方达沪深300医药卫生ETF,2015-11-16,0.3219,0.3219,0.3219,0.3219,0.0132,0.0,0.0
512010.OF,易方达沪深300医药卫生ETF,2015-11-17,0.3217,0.3217,0.3217,0.3217,-0.0006,0.0,0.0
512010.OF,易方达沪深300医药卫生ETF,2015-11-18,0.3172,0.3172,0.3172,0.3172,-0.0141,0.0,0.0
512010.OF,易方达沪深300医药卫生ETF,2015-11-19,0.3217,0.3217,0.3217,0.3217,0.0143,0.0,0.0
512010.OF,易方达沪深300医药卫生ETF,2015-11-20,0.3216,0.3216,0.3216,0.3216,-0.0005,0.0,0.0
512010.OF,易方达沪深300医药卫生ETF,2015-11-23,0.3223,0.3223,0.3223,0.3223,0.0023,0.0,0.0
512010.OF,易方达沪深300医药卫生ETF,2015-11-24,0.3222,0.3222,0.3222,0.3222,-0.0005,0.0,0.0
512010.OF,易方达沪深300医药卫生ETF,2015-11-25,0.3259,0.3259,0.3259,0.3259,0.0116,0.0,0.0
512010.OF,易方达沪深300医药卫生ETF,2015-11-26,0.3229,0.3229,0.3229,0.3229,-0.0091,0.0,0.0
512010.OF,易方达沪深300医药卫生ETF,2015-11-27,0.3098,0.3098,0.3098,0.3098,-0.0406,0.0,0.0
512010.OF,易方达沪深300医药卫生ETF,2015-11-30,0.3108,0.3108,0.3108,0.3108,0.0031,0.0,0.0
512010.OF,易方达沪深300医药卫生ETF,2015-12-01,0.3163,0.3163,0.3163,0.3163,0.0177,0.0,0.0
512010.OF,易方达沪深300医药卫生ETF,2015-12-02,0.3214,0.3214,0.3214,0.3214,0.016,0.0,0.0
512010.OF,易方达沪深300医药卫生ETF,2015-12-03,0.323,0.323,0.323,0.323,0.0052,0.0,0.0
512010.OF,易方达沪深300医药卫生ETF,2015-12-04,0.3212,0.3212,0.3212,0.3212,-0.0058,0.0,0.0
512010.OF,易方达沪深300医药卫生ETF,2015-12-07,0.3278,0.3278,0.3278,0.3278,0.0208,0.0,0.0
512010.OF,易方达沪深300医药卫生ETF,2015-12-08,0.3233,0.3233,0.3233,0.3233,-0.014,0.0,0.0
512010.OF,易方达沪深300医药卫生ETF,2015-12-09,0.3222,0.3222,0.3222,0.3222,-0.0033,0.0,0.0
512010.OF,易方达沪深300医药卫生ETF,2015-12-10,0.3236,0.3236,0.3236,0.3236,0.0045,0.0,0.0
512010.OF,易方达沪深300医药卫生ETF,2015-12-11,0.3216,0.3216,0.3216,0.3216,-0.0062,0.0,0.0
512010.OF,易方达沪深300医药卫生ETF,2015-12-14,0.3243,0.3243,0.3243,0.3243,0.0082,0.0,0.0
512010.OF,易方达沪深300医药卫生ETF,2015-12-15,0.3238,0.3238,0.3238,0.3238,-0.0015,0.0,0.0
512010.OF,易方达沪深300医药卫生ETF,2015-12-16,0.3223,0.3223,0.3223,0.3223,-0.0046,0.0,0.0
512010.OF,易方达沪深300医药卫生ETF,2015-12-17,0.3282,0.3282,0.3282,0.3282,0.0183,0.0,0.0
512010.OF,易方达沪深300医药卫生ETF,2015-12-18,0.3288,0.3288,0.3288,0.3288,0.0018,0.0,0.0
512010.OF,易方达沪深300医药卫生ETF,2015-12-21,0.3424,0.3424,0.3424,0.3424,0.0412,0.0,0.0
512010.OF,易方达沪深300医药卫生ETF,2015-12-22,0.341,0.341,0.341,0.341,-0.0039,0.0,0.0
512010.OF,易方达沪深300医药卫生ETF,2015-12-23,0.3401,0.3401,0.3401,0.3401,-0.0027,0.0,0.0
512010.OF,易方达沪深300医药卫生ETF,2015-12-24,0.3342,0.3342,0.3342,0.3342,-0.0174,0.0,0.0
512010.OF,易方达沪深300医药卫生ETF,2015-12-25,0.3344,0.3344,0.3344,0.3344,0.0006,0.0,0.0
512010.OF,易方达沪深300医药卫生ETF,2015-12-28,0.3297,0.3297,0.3297,0.3297,-0.014,0.0,0.0
512010.OF,易方达沪深300医药卫生ETF,2015-12-29,0.3322,0.3322,0.3322,0.3322,0.0074,0.0,0.0
512010.OF,易方达沪深300医药卫生ETF,2015-12-30,0.3319,0.3319,0.3319,0.3319,-0.0007,0.0,0.0
512010.OF,易方达沪深300医药卫生ETF,2015-12-31,0.3312,0.3312,0.3312,0.3312,-0.0023,0.0,0.0
512010.OF,易方达沪深300医药卫生ETF,2016-01-04,0.3069,0.3069,0.3069,0.3069,-0.0733,0.0,0.0
512010.OF,易方达沪深300医药卫生ETF,2016-01-05,0.3053,0.3053,0.3053,0.3053,-0.0052,0.0,0.0
512010.OF,易方达沪深300医药卫生ETF,2016-01-06,0.3092,0.3092,0.3092,0.3092,0.0127,0.0,0.0
512010.OF,易方达沪深300医药卫生ETF,2016-01-07,0.2865,0.2865,0.2865,0.2865,-0.0734,0.0,0.0
512010.OF,易方达沪深300医药卫生ETF,2016-01-08,0.2938,0.2938,0.2938,0.2938,0.0256,0.0,0.0
512010.OF,易方达沪深300医药卫生ETF,2016-01-11,0.2793,0.2793,0.2793,0.2793,-0.0493,0.0,0.0
512010.OF,易方达沪深300医药卫生ETF,2016-01-12,0.2832,0.2832,0.2832,0.2832,0.0139,0.0,0.0
512010.OF,易方达沪深300医药卫生ETF,2016-01-13,0.2759,0.2759,0.2759,0.2759,-0.0257,0.0,0.0
512010.OF,易方达沪深300医药卫生ETF,2016-01-14,0.2827,0.2827,0.2827,0.2827,0.0246,0.0,0.0
512010.OF,易方达沪深300医药卫生ETF,2016-01-15,0.2751,0.2751,0.2751,0.2751,-0.0268,0.0,0.0
512010.OF,易方达沪深300医药卫生ETF,2016-01-18,0.2777,0.2777,0.2777,0.2777,0.0092,0.0,0.0
512010.OF,易方达沪深300医药卫生ETF,2016-01-19,0.2863,0.2863,0.2863,0.2863,0.0312,0.0,0.0
512010.OF,易方达沪深300医药卫生ETF,2016-01-20,0.2813,0.2813,0.2813,0.2813,-0.0176,0.0,0.0
512010.OF,易方达沪深300医药卫生ETF,2016-01-21,0.2734,0.2734,0.2734,0.2734,-0.028,0.0,0.0
512010.OF,易方达沪深300医药卫生ETF,2016-01-22,0.2745,0.2745,0.2745,0.2745,0.0041,0.0,0.0
512010.OF,易方达沪深300医药卫生ETF,2016-01-25,0.2786,0.2786,0.2786,0.2786,0.0148,0.0,0.0
512010.OF,易方达沪深300医药卫生ETF,2016-01-26,0.2665,0.2665,0.2665,0.2665,-0.0432,0.0,0.0
512010.OF,易方达沪深300医药卫生ETF,2016-01-27,0.2668,0.2668,0.2668,0.2668,0.0008,0.0,0.0
512010.OF,易方达沪深300医药卫生ETF,2016-01-28,0.2618,0.2618,0.2618,0.2618,-0.0187,0.0,0.0
512010.OF,易方达沪深300医药卫生ETF,2016-01-29,0.2691,0.2691,0.2691,0.2691,0.0282,0.0,0.0
512010.OF,易方达沪深300医药卫生ETF,2016-02-01,0.267,0.267,0.267,0.267,-0.0078,0.0,0.0
512010.OF,易方达沪深300医药卫生ETF,2016-02-02,0.2723,0.2723,0.2723,0.2723,0.0197,0.0,0.0
512010.OF,易方达沪深300医药卫生ETF,2016-02-03,0.2723,0.2723,0.2723,0.2723,0.0001,0.0,0.0
512010.OF,易方达沪深300医药卫生ETF,2016-02-04,0.2753,0.2753,0.2753,0.2753,0.0111,0.0,0.0
512010.OF,易方达沪深300医药卫生ETF,2016-02-05,0.275,0.275,0.275,0.275,-0.0014,0.0,0.0
512010.OF,易方达沪深300医药卫生ETF,2016-02-15,0.2751,0.2751,0.2751,0.2751,0.0005,0.0,0.0
512010.OF,易方达沪深300医药卫生ETF,2016-02-16,0.2819,0.2819,0.2819,0.2819,0.0248,0.0,0.0
512010.OF,易方达沪深300医药卫生ETF,2016-02-17,0.2815,0.2815,0.2815,0.2815,-0.0016,0.0,0.0
512010.OF,易方达沪深300医药卫生ETF,2016-02-18,0.2798,0.2798,0.2798,0.2798,-0.0058,0.0,0.0
512010.OF,易方达沪深300医药卫生ETF,2016-02-19,0.281,0.281,0.281,0.281,0.004,0.0,0.0
512010.OF,易方达沪深300医药卫生ETF,2016-02-22,0.2845,0.2845,0.2845,0.2845,0.0126,0.0,0.0
512010.OF,易方达沪深300医药卫生ETF,2016-02-23,0.2823,0.2823,0.2823,0.2823,-0.0076,0.0,0.0
512010.OF,易方达沪深300医药卫生ETF,2016-02-24,0.2836,0.2836,0.2836,0.2836,0.0044,0.0,0.0
512010.OF,易方达沪深300医药卫生ETF,2016-02-25,0.2679,0.2679,0.2679,0.2679,-0.0554,0.0,0.0
512010.OF,易方达沪深300医药卫生ETF,2016-02-26,0.271,0.271,0.271,0.271,0.0115,0.0,0.0
512010.OF,易方达沪深300医药卫生ETF,2016-02-29,0.2626,0.2626,0.2626,0.2626,-0.031,0.0,0.0
512010.OF,易方达沪深300医药卫生ETF,2016-03-01,0.2654,0.2654,0.2654,0.2654,0.0109,0.0,0.0
512010.OF,易方达沪深300医药卫生ETF,2016-03-02,0.2743,0.2743,0.2743,0.2743,0.0335,0.0,0.0
512010.OF,易方达沪深300医药卫生ETF,2016-03-03,0.275,0.275,0.275,0.275,0.0024,0.0,0.0
512010.OF,易方达沪深300医药卫生ETF,2016-03-04,0.2739,0.2739,0.2739,0.2739,-0.004,0.0,0.0
512010.OF,易方达沪深300医药卫生ETF,2016-03-07,0.2757,0.2757,0.2757,0.2757,0.0067,0.0,0.0
512010.OF,易方达沪深300医药卫生ETF,2016-03-08,0.2767,0.2767,0.2767,0.2767,0.0036,0.0,0.0
512010.OF,易方达沪深300医药卫生ETF,2016-03-09,0.2747,0.2747,0.2747,0.2747,-0.0072,0.0,0.0
512010.OF,易方达沪深300医药卫生ETF,2016-03-10,0.27,0.27,0.27,0.27,-0.0169,0.0,0.0
512010.OF,易方达沪深300医药卫生ETF,2016-03-11,0.2698,0.2698,0.2698,0.2698,-0.0008,0.0,0.0
512010.OF,易方达沪深300医药卫生ETF,2016-03-14,0.2755,0.2755,0.2755,0.2755,0.021,0.0,0.0
512010.OF,易方达沪深300医药卫生ETF,2016-03-15,0.2764,0.2764,0.2764,0.2764,0.0033,0.0,0.0
512010.OF,易方达沪深300医药卫生ETF,2016-03-16,0.2773,0.2773,0.2773,0.2773,0.0033,0.0,0.0
512010.OF,易方达沪深300医药卫生ETF,2016-03-17,0.2813,0.2813,0.2813,0.2813,0.0145,0.0,0.0
512010.OF,易方达沪深300医药卫生ETF,2016-03-18,0.2841,0.2841,0.2841,0.2841,0.0099,0.0,0.0
512010.OF,易方达沪深300医药卫生ETF,2016-03-21,0.2879,0.2879,0.2879,0.2879,0.0132,0.0,0.0
512010.OF,易方达沪深300医药卫生ETF,2016-03-22,0.2855,0.2855,0.2855,0.2855,-0.0082,0.0,0.0
512010.OF,易方达沪深300医药卫生ETF,2016-03-23,0.2853,0.2853,0.2853,0.2853,-0.0007,0.0,0.0
512010.OF,易方达沪深300医药卫生ETF,2016-03-24,0.2822,0.2822,0.2822,0.2822,-0.0108,0.0,0.0
512010.OF,易方达沪深300医药卫生ETF,2016-03-25,0.2846,0.2846,0.2846,0.2846,0.0082,0.0,0.0
512010.OF,易方达沪深300医药卫生ETF,2016-03-28,0.285,0.285,0.285,0.285,0.0016,0.0,0.0
512010.OF,易方达沪深300医药卫生ETF,2016-03-29,0.2806,0.2806,0.2806,0.2806,-0.0156,0.0,0.0
512010.OF,易方达沪深300医药卫生ETF,2016-03-30,0.2881,0.2881,0.2881,0.2881,0.0267,0.0,0.0
512010.OF,易方达沪深300医药卫生ETF,2016-03-31,0.2867,0.2867,0.2867,0.2867,-0.0047,0.0,0.0
512010.OF,易方达沪深300医药卫生ETF,2016-04-01,0.2859,0.2859,0.2859,0.2859,-0.0029,0.0,0.0
512010.OF,易方达沪深300医药卫生ETF,2016-04-05,0.2901,0.2901,0.2901,0.2901,0.0147,0.0,0.0
512010.OF,易方达沪深300医药卫生ETF,2016-04-06,0.2902,0.2902,0.2902,0.2902,0.0005,0.0,0.0
512010.OF,易方达沪深300医药卫生ETF,2016-04-07,0.2874,0.2874,0.2874,0.2874,-0.0098,0.0,0.0
512010.OF,易方达沪深300医药卫生ETF,2016-04-08,0.2849,0.2849,0.2849,0.2849,-0.0087,0.0,0.0
512010.OF,易方达沪深300医药卫生ETF,2016-04-11,0.2884,0.2884,0.2884,0.2884,0.0125,0.0,0.0
512010.OF,易方达沪深300医药卫生ETF,2016-04-12,0.2873,0.2873,0.2873,0.2873,-0.0038,0.0,0.0
512010.OF,易方达沪深300医药卫生ETF,2016-04-13,0.2891,0.2891,0.2891,0.2891,0.0061,0.0,0.0
512010.OF,易方达沪深300医药卫生ETF,2016-04-14,0.2907,0.2907,0.2907,0.2907,0.0057,0.0,0.0
512010.OF,易方达沪深300医药卫生ETF,2016-04-15,0.2903,0.2903,0.2903,0.2903,-0.0015,0.0,0.0
512010.OF,易方达沪深300医药卫生ETF,2016-04-18,0.2875,0.2875,0.2875,0.2875,-0.0096,0.0,0.0
512010.OF,易方达沪深300医药卫生ETF,2016-04-19,0.2877,0.2877,0.2877,0.2877,0.0008,0.0,0.0
512010.OF,易方达沪深300医药卫生ETF,2016-04-20,0.2814,0.2814,0.2814,0.2814,-0.022,0.0,0.0
512010.OF,易方达沪深300医药卫生ETF,2016-04-21,0.2783,0.2783,0.2783,0.2783,-0.011,0.0,0.0
512010.OF,易方达沪深300医药卫生ETF,2016-04-22,0.2796,0.2796,0.2796,0.2796,0.0048,0.0,0.0
512010.OF,易方达沪深300医药卫生ETF,2016-04-25,0.2789,0.2789,0.2789,0.2789,-0.0026,0.0,0.0
512010.OF,易方达沪深300医药卫生ETF,2016-04-26,0.2822,0.2822,0.2822,0.2822,0.0119,0.0,0.0
512010.OF,易方达沪深300医药卫生ETF,2016-04-27,0.2821,0.2821,0.2821,0.2821,-0.0004,0.0,0.0
512010.OF,易方达沪深300医药卫生ETF,2016-04-28,0.282,0.282,0.282,0.282,-0.0005,0.0,0.0
512010.OF,易方达沪深300医药卫生ETF,2016-04-29,0.2821,0.2821,0.2821,0.2821,0.0004,0.0,0.0
512010.OF,易方达沪深300医药卫生ETF,2016-05-03,0.2891,0.2891,0.2891,0.2891,0.0246,0.0,0.0
512010.OF,易方达沪深300医药卫生ETF,2016-05-04,0.289,0.289,0.289,0.289,-0.0001,0.0,0.0
512010.OF,易方达沪深300医药卫生ETF,2016-05-05,0.2887,0.2887,0.2887,0.2887,-0.0013,0.0,0.0
512010.OF,易方达沪深300医药卫生ETF,2016-05-06,0.2819,0.2819,0.2819,0.2819,-0.0235,0.0,0.0
512010.OF,易方达沪深300医药卫生ETF,2016-05-09,0.2786,0.2786,0.2786,0.2786,-0.0118,0.0,0.0
512010.OF,易方达沪深300医药卫生ETF,2016-05-10,0.2776,0.2776,0.2776,0.2776,-0.0036,0.0,0.0
512010.OF,易方达沪深300医药卫生ETF,2016-05-11,0.2841,0.2841,0.2841,0.2841,0.0234,0.0,0.0
512010.OF,易方达沪深300医药卫生ETF,2016-05-12,0.2829,0.2829,0.2829,0.2829,-0.004,0.0,0.0
512010.OF,易方达沪深300医药卫生ETF,2016-05-13,0.2822,0.2822,0.2822,0.2822,-0.0027,0.0,0.0
512010.OF,易方达沪深300医药卫生ETF,2016-05-16,0.285,0.285,0.285,0.285,0.01,0.0,0.0
512010.OF,易方达沪深300医药卫生ETF,2016-05-17,0.2844,0.2844,0.2844,0.2844,-0.002,0.0,0.0
512010.OF,易方达沪深300医药卫生ETF,2016-05-18,0.2816,0.2816,0.2816,0.2816,-0.0098,0.0,0.0
512010.OF,易方达沪深300医药卫生ETF,2016-05-19,0.2803,0.2803,0.2803,0.2803,-0.0048,0.0,0.0
512010.OF,易方达沪深300医药卫生ETF,2016-05-20,0.2813,0.2813,0.2813,0.2813,0.0037,0.0,0.0
512010.OF,易方达沪深300医药卫生ETF,2016-05-23,0.2817,0.2817,0.2817,0.2817,0.0014,0.0,0.0
512010.OF,易方达沪深300医药卫生ETF,2016-05-24,0.2803,0.2803,0.2803,0.2803,-0.0049,0.0,0.0
512010.OF,易方达沪深300医药卫生ETF,2016-05-25,0.2783,0.2783,0.2783,0.2783,-0.0072,0.0,0.0
512010.OF,易方达沪深300医药卫生ETF,2016-05-26,0.2792,0.2792,0.2792,0.2792,0.0031,0.0,0.0
512010.OF,易方达沪深300医药卫生ETF,2016-05-27,0.2783,0.2783,0.2783,0.2783,-0.0032,0.0,0.0
512010.OF,易方达沪深300医药卫生ETF,2016-05-30,0.2766,0.2766,0.2766,0.2766,-0.0059,0.0,0.0
512010.OF,易方达沪深300医药卫生ETF,2016-05-31,0.2844,0.2844,0.2844,0.2844,0.0283,0.0,0.0
512010.OF,易方达沪深300医药卫生ETF,2016-06-01,0.2839,0.2839,0.2839,0.2839,-0.002,0.0,0.0
512010.OF,易方达沪深300医药卫生ETF,2016-06-02,0.2842,0.2842,0.2842,0.2842,0.0013,0.0,0.0
512010.OF,易方达沪深300医药卫生ETF,2016-06-03,0.288,0.288,0.288,0.288,0.0132,0.0,0.0
512010.OF,易方达沪深300医药卫生ETF,2016-06-06,0.2879,0.2879,0.2879,0.2879,-0.0003,0.0,0.0
512010.OF,易方达沪深300医药卫生ETF,2016-06-07,0.2884,0.2884,0.2884,0.2884,0.0017,0.0,0.0
512010.OF,易方达沪深300医药卫生ETF,2016-06-08,0.2873,0.2873,0.2873,0.2873,-0.0036,0.0,0.0
512010.OF,易方达沪深300医药卫生ETF,2016-06-13,0.2793,0.2793,0.2793,0.2793,-0.028,0.0,0.0
512010.OF,易方达沪深300医药卫生ETF,2016-06-14,0.2803,0.2803,0.2803,0.2803,0.0036,0.0,0.0
512010.OF,易方达沪深300医药卫生ETF,2016-06-15,0.284,0.284,0.284,0.284,0.0134,0.0,0.0
512010.OF,易方达沪深300医药卫生ETF,2016-06-16,0.2821,0.2821,0.2821,0.2821,-0.0068,0.0,0.0
512010.OF,易方达沪深300医药卫生ETF,2016-06-17,0.2851,0.2851,0.2851,0.2851,0.0107,0.0,0.0
512010.OF,易方达沪深300医药卫生ETF,2016-06-20,0.2857,0.2857,0.2857,0.2857,0.0021,0.0,0.0
512010.OF,易方达沪深300医药卫生ETF,2016-06-21,0.2844,0.2844,0.2844,0.2844,-0.0047,0.0,0.0
512010.OF,易方达沪深300医药卫生ETF,2016-06-22,0.288,0.288,0.288,0.288,0.0127,0.0,0.0
512010.OF,易方达沪深300医药卫生ETF,2016-06-23,0.2874,0.2874,0.2874,0.2874,-0.0019,0.0,0.0
512010.OF,易方达沪深300医药卫生ETF,2016-06-24,0.285,0.285,0.285,0.285,-0.0084,0.0,0.0
512010.OF,易方达沪深300医药卫生ETF,2016-06-27,0.2895,0.2895,0.2895,0.2895,0.0158,0.0,0.0
512010.OF,易方达沪深300医药卫生ETF,2016-06-28,0.295,0.295,0.295,0.295,0.019,0.0,0.0
512010.OF,易方达沪深300医药卫生ETF,2016-06-29,0.2943,0.2943,0.2943,0.2943,-0.0025,0.0,0.0
512010.OF,易方达沪深300医药卫生ETF,2016-06-30,0.2945,0.2945,0.2945,0.2945,0.0008,0.0,0.0
512010.OF,易方达沪深300医药卫生ETF,2016-07-01,0.2932,0.2932,0.2932,0.2932,-0.0045,0.0,0.0
512010.OF,易方达沪深300医药卫生ETF,2016-07-04,0.2967,0.2967,0.2967,0.2967,0.0119,0.0,0.0
512010.OF,易方达沪深300医药卫生ETF,2016-07-05,0.2964,0.2964,0.2964,0.2964,-0.001,0.0,0.0
512010.OF,易方达沪深300医药卫生ETF,2016-07-06,0.301,0.301,0.301,0.301,0.0158,0.0,0.0
512010.OF,易方达沪深300医药卫生ETF,2016-07-07,0.3036,0.3036,0.3036,0.3036,0.0084,0.0,0.0
512010.OF,易方达沪深300医药卫生ETF,2016-07-08,0.3019,0.3019,0.3019,0.3019,-0.0054,0.0,0.0
512010.OF,易方达沪深300医药卫生ETF,2016-07-11,0.3062,0.3062,0.3062,0.3062,0.0142,0.0,0.0
512010.OF,易方达沪深300医药卫生ETF,2016-07-12,0.3143,0.3143,0.3143,0.3143,0.0265,0.0,0.0
512010.OF,易方达沪深300医药卫生ETF,2016-07-13,0.313,0.313,0.313,0.313,-0.0041,0.0,0.0
512010.OF,易方达沪深300医药卫生ETF,2016-07-14,0.3128,0.3128,0.3128,0.3128,-0.0006,0.0,0.0
512010.OF,易方达沪深300医药卫生ETF,2016-07-15,0.3149,0.3149,0.3149,0.3149,0.0068,0.0,0.0
512010.OF,易方达沪深300医药卫生ETF,2016-07-18,0.3137,0.3137,0.3137,0.3137,-0.0039,0.0,0.0
512010.OF,易方达沪深300医药卫生ETF,2016-07-19,0.3117,0.3117,0.3117,0.3117,-0.0062,0.0,0.0
512010.OF,易方达沪深300医药卫生ETF,2016-07-20,0.312,0.312,0.312,0.312,0.001,0.0,0.0
512010.OF,易方达沪深300医药卫生ETF,2016-07-21,0.3132,0.3132,0.3132,0.3132,0.0038,0.0,0.0
512010.OF,易方达沪深300医药卫生ETF,2016-07-22,0.3106,0.3106,0.3106,0.3106,-0.0085,0.0,0.0
512010.OF,易方达沪深300医药卫生ETF,2016-07-25,0.3131,0.3131,0.3131,0.3131,0.0081,0.0,0.0
512010.OF,易方达沪深300医药卫生ETF,2016-07-26,0.3161,0.3161,0.3161,0.3161,0.0096,0.0,0.0
512010.OF,易方达沪深300医药卫生ETF,2016-07-27,0.3129,0.3129,0.3129,0.3129,-0.0101,0.0,0.0
512010.OF,易方达沪深300医药卫生ETF,2016-07-28,0.3168,0.3168,0.3168,0.3168,0.0125,0.0,0.0
512010.OF,易方达沪深300医药卫生ETF,2016-07-29,0.3178,0.3178,0.3178,0.3178,0.0032,0.0,0.0
512010.OF,易方达沪深300医药卫生ETF,2016-08-01,0.3127,0.3127,0.3127,0.3127,-0.0162,0.0,0.0
512010.OF,易方达沪深300医药卫生ETF,2016-08-02,0.3151,0.3151,0.3151,0.3151,0.0077,0.0,0.0
512010.OF,易方达沪深300医药卫生ETF,2016-08-03,0.3153,0.3153,0.3153,0.3153,0.0008,0.0,0.0
512010.OF,易方达沪深300医药卫生ETF,2016-08-04,0.3142,0.3142,0.3142,0.3142,-0.0035,0.0,0.0
512010.OF,易方达沪深300医药卫生ETF,2016-08-05,0.315,0.315,0.315,0.315,0.0023,0.0,0.0
512010.OF,易方达沪深300医药卫生ETF,2016-08-08,0.3179,0.3179,0.3179,0.3179,0.0094,0.0,0.0
512010.OF,易方达沪深300医药卫生ETF,2016-08-09,0.3201,0.3201,0.3201,0.3201,0.0067,0.0,0.0
512010.OF,易方达沪深300医药卫生ETF,2016-08-10,0.3201,0.3201,0.3201,0.3201,0.0001,0.0,0.0
512010.OF,易方达沪深300医药卫生ETF,2016-08-11,0.3183,0.3183,0.3183,0.3183,-0.0057,0.0,0.0
512010.OF,易方达沪深300医药卫生ETF,2016-08-12,0.3208,0.3208,0.3208,0.3208,0.008,0.0,0.0
512010.OF,易方达沪深300医药卫生ETF,2016-08-15,0.3249,0.3249,0.3249,0.3249,0.0128,0.0,0.0
512010.OF,易方达沪深300医药卫生ETF,2016-08-16,0.3236,0.3236,0.3236,0.3236,-0.004,0.0,0.0
512010.OF,易方达沪深300医药卫生ETF,2016-08-17,0.3245,0.3245,0.3245,0.3245,0.0026,0.0,0.0
512010.OF,易方达沪深300医药卫生ETF,2016-08-18,0.3221,0.3221,0.3221,0.3221,-0.0072,0.0,0.0
512010.OF,易方达沪深300医药卫生ETF,2016-08-19,0.322,0.322,0.322,0.322,-0.0003,0.0,0.0
512010.OF,易方达沪深300医药卫生ETF,2016-08-22,0.3222,0.3222,0.3222,0.3222,0.0005,0.0,0.0
512010.OF,易方达沪深300医药卫生ETF,2016-08-23,0.3244,0.3244,0.3244,0.3244,0.0068,0.0,0.0
512010.OF,易方达沪深300医药卫生ETF,2016-08-24,0.3243,0.3243,0.3243,0.3243,-0.0002,0.0,0.0
512010.OF,易方达沪深300医药卫生ETF,2016-08-25,0.3223,0.3223,0.3223,0.3223,-0.006,0.0,0.0
512010.OF,易方达沪深300医药卫生ETF,2016-08-26,0.3233,0.3233,0.3233,0.3233,0.003,0.0,0.0
512010.OF,易方达沪深300医药卫生ETF,2016-08-29,0.3258,0.3258,0.3258,0.3258,0.0076,0.0,0.0
512010.OF,易方达沪深300医药卫生ETF,2016-08-30,0.3244,0.3244,0.3244,0.3244,-0.0043,0.0,0.0
512010.OF,易方达沪深300医药卫生ETF,2016-08-31,0.3251,0.3251,0.3251,0.3251,0.0023,0.0,0.0
512010.OF,易方达沪深300医药卫生ETF,2016-09-01,0.3243,0.3243,0.3243,0.3243,-0.0025,0.0,0.0
512010.OF,易方达沪深300医药卫生ETF,2016-09-02,0.325,0.325,0.325,0.325,0.0022,0.0,0.0
512010.OF,易方达沪深300医药卫生ETF,2016-09-05,0.3248,0.3248,0.3248,0.3248,-0.0005,0.0,0.0
512010.OF,易方达沪深300医药卫生ETF,2016-09-06,0.3261,0.3261,0.3261,0.3261,0.0039,0.0,0.0
512010.OF,易方达沪深300医药卫生ETF,2016-09-07,0.3248,0.3248,0.3248,0.3248,-0.0041,0.0,0.0
512010.OF,易方达沪深300医药卫生ETF,2016-09-08,0.326,0.326,0.326,0.326,0.0038,0.0,0.0
512010.OF,易方达沪深300医药卫生ETF,2016-09-09,0.3241,0.3241,0.3241,0.3241,-0.0061,0.0,0.0
512010.OF,易方达沪深300医药卫生ETF,2016-09-12,0.3199,0.3199,0.3199,0.3199,-0.0128,0.0,0.0
512010.OF,易方达沪深300医药卫生ETF,2016-09-13,0.3195,0.3195,0.3195,0.3195,-0.0014,0.0,0.0
512010.OF,易方达沪深300医药卫生ETF,2016-09-14,0.3179,0.3179,0.3179,0.3179,-0.0049,0.0,0.0
512010.OF,易方达沪深300医药卫生ETF,2016-09-19,0.3205,0.3205,0.3205,0.3205,0.008,0.0,0.0
512010.OF,易方达沪深300医药卫生ETF,2016-09-20,0.3215,0.3215,0.3215,0.3215,0.0033,0.0,0.0
512010.OF,易方达沪深300医药卫生ETF,2016-09-21,0.3226,0.3226,0.3226,0.3226,0.0033,0.0,0.0
512010.OF,易方达沪深300医药卫生ETF,2016-09-22,0.3236,0.3236,0.3236,0.3236,0.0033,0.0,0.0
512010.OF,易方达沪深300医药卫生ETF,2016-09-23,0.3249,0.3249,0.3249,0.3249,0.004,0.0,0.0
512010.OF,易方达沪深300医药卫生ETF,2016-09-26,0.3196,0.3196,0.3196,0.3196,-0.0163,0.0,0.0
512010.OF,易方达沪深300医药卫生ETF,2016-09-27,0.3208,0.3208,0.3208,0.3208,0.0038,0.0,0.0
512010.OF,易方达沪深300医药卫生ETF,2016-09-28,0.3207,0.3207,0.3207,0.3207,-0.0004,0.0,0.0
512010.OF,易方达沪深300医药卫生ETF,2016-09-29,0.3226,0.3226,0.3226,0.3226,0.0059,0.0,0.0
512010.OF,易方达沪深300医药卫生ETF,2016-09-30,0.3234,0.3234,0.3234,0.3234,0.0026,0.0,0.0
512010.OF,易方达沪深300医药卫生ETF,2016-10-10,0.3289,0.3289,0.3289,0.3289,0.017,0.0,0.0
512010.OF,易方达沪深300医药卫生ETF,2016-10-11,0.33,0.33,0.33,0.33,0.0033,0.0,0.0
512010.OF,易方达沪深300医药卫生ETF,2016-10-12,0.3298,0.3298,0.3298,0.3298,-0.0008,0.0,0.0
512010.OF,易方达沪深300医药卫生ETF,2016-10-13,0.3295,0.3295,0.3295,0.3295,-0.0008,0.0,0.0
512010.OF,易方达沪深300医药卫生ETF,2016-10-14,0.3298,0.3298,0.3298,0.3298,0.0009,0.0,0.0
512010.OF,易方达沪深300医药卫生ETF,2016-10-17,0.3291,0.3291,0.3291,0.3291,-0.0022,0.0,0.0
512010.OF,易方达沪深300医药卫生ETF,2016-10-18,0.3312,0.3312,0.3312,0.3312,0.0065,0.0,0.0
512010.OF,易方达沪深300医药卫生ETF,2016-10-19,0.3306,0.3306,0.3306,0.3306,-0.0018,0.0,0.0
512010.OF,易方达沪深300医药卫生ETF,2016-10-20,0.3275,0.3275,0.3275,0.3275,-0.0093,0.0,0.0
512010.OF,易方达沪深300医药卫生ETF,2016-10-21,0.3269,0.3269,0.3269,0.3269,-0.0021,0.0,0.0
512010.OF,易方达沪深300医药卫生ETF,2016-10-24,0.3289,0.3289,0.3289,0.3289,0.0062,0.0,0.0
512010.OF,易方达沪深300医药卫生ETF,2016-10-25,0.3292,0.3292,0.3292,0.3292,0.0009,0.0,0.0
512010.OF,易方达沪深300医药卫生ETF,2016-10-26,0.3306,0.3306,0.3306,0.3306,0.0042,0.0,0.0
512010.OF,易方达沪深300医药卫生ETF,2016-10-27,0.3295,0.3295,0.3295,0.3295,-0.0032,0.0,0.0
512010.OF,易方达沪深300医药卫生ETF,2016-10-28,0.3281,0.3281,0.3281,0.3281,-0.0044,0.0,0.0
512010.OF,易方达沪深300医药卫生ETF,2016-10-31,0.3275,0.3275,0.3275,0.3275,-0.0018,0.0,0.0
512010.OF,易方达沪深300医药卫生ETF,2016-11-01,0.3303,0.3303,0.3303,0.3303,0.0086,0.0,0.0
512010.OF,易方达沪深300医药卫生ETF,2016-11-02,0.3292,0.3292,0.3292,0.3292,-0.0033,0.0,0.0
512010.OF,易方达沪深300医药卫生ETF,2016-11-03,0.3312,0.3312,0.3312,0.3312,0.0062,0.0,0.0
512010.OF,易方达沪深300医药卫生ETF,2016-11-04,0.3304,0.3304,0.3304,0.3304,-0.0026,0.0,0.0
512010.OF,易方达沪深300医药卫生ETF,2016-11-07,0.3285,0.3285,0.3285,0.3285,-0.0056,0.0,0.0
512010.OF,易方达沪深300医药卫生ETF,2016-11-08,0.3313,0.3313,0.3313,0.3313,0.0085,0.0,0.0
512010.OF,易方达沪深300医药卫生ETF,2016-11-09,0.3297,0.3297,0.3297,0.3297,-0.005,0.0,0.0
512010.OF,易方达沪深300医药卫生ETF,2016-11-10,0.3313,0.3313,0.3313,0.3313,0.0049,0.0,0.0
512010.OF,易方达沪深300医药卫生ETF,2016-11-11,0.3304,0.3304,0.3304,0.3304,-0.0026,0.0,0.0
512010.OF,易方达沪深300医药卫生ETF,2016-11-14,0.3289,0.3289,0.3289,0.3289,-0.0046,0.0,0.0
512010.OF,易方达沪深300医药卫生ETF,2016-11-15,0.3293,0.3293,0.3293,0.3293,0.0011,0.0,0.0
512010.OF,易方达沪深300医药卫生ETF,2016-11-16,0.3298,0.3298,0.3298,0.3298,0.0017,0.0,0.0
512010.OF,易方达沪深300医药卫生ETF,2016-11-17,0.3308,0.3308,0.3308,0.3308,0.0029,0.0,0.0
512010.OF,易方达沪深300医药卫生ETF,2016-11-18,0.3288,0.3288,0.3288,0.3288,-0.0061,0.0,0.0
512010.OF,易方达沪深300医药卫生ETF,2016-11-21,0.3289,0.3289,0.3289,0.3289,0.0005,0.0,0.0
512010.OF,易方达沪深300医药卫生ETF,2016-11-22,0.3318,0.3318,0.3318,0.3318,0.0086,0.0,0.0
512010.OF,易方达沪深300医药卫生ETF,2016-11-23,0.331,0.331,0.331,0.331,-0.0024,0.0,0.0
512010.OF,易方达沪深300医药卫生ETF,2016-11-24,0.3352,0.3352,0.3352,0.3352,0.0129,0.0,0.0
512010.OF,易方达沪深300医药卫生ETF,2016-11-25,0.3363,0.3363,0.3363,0.3363,0.0033,0.0,0.0
512010.OF,易方达沪深300医药卫生ETF,2016-11-28,0.3367,0.3367,0.3367,0.3367,0.0012,0.0,0.0
512010.OF,易方达沪深300医药卫生ETF,2016-11-29,0.3374,0.3374,0.3374,0.3374,0.0019,0.0,0.0
512010.OF,易方达沪深300医药卫生ETF,2016-11-30,0.3381,0.3381,0.3381,0.3381,0.0022,0.0,0.0
512010.OF,易方达沪深300医药卫生ETF,2016-12-01,0.3372,0.3372,0.3372,0.3372,-0.0027,0.0,0.0
512010.OF,易方达沪深300医药卫生ETF,2016-12-02,0.3354,0.3354,0.3354,0.3354,-0.0056,0.0,0.0
512010.OF,易方达沪深300医药卫生ETF,2016-12-05,0.3318,0.3318,0.3318,0.3318,-0.0107,0.0,0.0
512010.OF,易方达沪深300医药卫生ETF,2016-12-06,0.3323,0.3323,0.3323,0.3323,0.0014,0.0,0.0
512010.OF,易方达沪深300医药卫生ETF,2016-12-07,0.3334,0.3334,0.3334,0.3334,0.0033,0.0,0.0
512010.OF,易方达沪深300医药卫生ETF,2016-12-08,0.3317,0.3317,0.3317,0.3317,-0.005,0.0,0.0
512010.OF,易方达沪深300医药卫生ETF,2016-12-09,0.3315,0.3315,0.3315,0.3315,-0.0006,0.0,0.0
512010.OF,易方达沪深300医药卫生ETF,2016-12-12,0.3262,0.3262,0.3262,0.3262,-0.0161,0.0,0.0
512010.OF,易方达沪深300医药卫生ETF,2016-12-13,0.3262,0.3262,0.3262,0.3262,0.0,0.0,0.0
512010.OF,易方达沪深300医药卫生ETF,2016-12-14,0.3237,0.3237,0.3237,0.3237,-0.0076,0.0,0.0
512010.OF,易方达沪深300医药卫生ETF,2016-12-15,0.3217,0.3217,0.3217,0.3217,-0.0063,0.0,0.0
512010.OF,易方达沪深300医药卫生ETF,2016-12-16,0.3238,0.3238,0.3238,0.3238,0.0067,0.0,0.0
512010.OF,易方达沪深300医药卫生ETF,2016-12-19,0.3244,0.3244,0.3244,0.3244,0.0019,0.0,0.0
512010.OF,易方达沪深300医药卫生ETF,2016-12-20,0.3227,0.3227,0.3227,0.3227,-0.0052,0.0,0.0
512010.OF,易方达沪深300医药卫生ETF,2016-12-21,0.3244,0.3244,0.3244,0.3244,0.0053,0.0,0.0
512010.OF,易方达沪深300医药卫生ETF,2016-12-22,0.3238,0.3238,0.3238,0.3238,-0.0018,0.0,0.0
512010.OF,易方达沪深300医药卫生ETF,2016-12-23,0.322,0.322,0.322,0.322,-0.0055,0.0,0.0
512010.OF,易方达沪深300医药卫生ETF,2016-12-26,0.3244,0.3244,0.3244,0.3244,0.0074,0.0,0.0
512010.OF,易方达沪深300医药卫生ETF,2016-12-27,0.3244,0.3244,0.3244,0.3244,0.0,0.0,0.0
512010.OF,易方达沪深300医药卫生ETF,2016-12-28,0.3238,0.3238,0.3238,0.3238,-0.0019,0.0,0.0
512010.OF,易方达沪深300医药卫生ETF,2016-12-29,0.3233,0.3233,0.3233,0.3233,-0.0015,0.0,0.0
512010.OF,易方达沪深300医药卫生ETF,2016-12-30,0.3298,0.3298,0.3298,0.3298,0.0203,0.0,0.0
512010.OF,易方达沪深300医药卫生ETF,2016-12-31,0.3298,0.3298,0.3298,0.3298,-0.0001,0.0,0.0
512010.OF,易方达沪深300医药卫生ETF,2017-01-03,0.3305,0.3305,0.3305,0.3305,0.002,0.0,0.0
512010.OF,易方达沪深300医药卫生ETF,2017-01-04,0.3316,0.3316,0.3316,0.3316,0.0034,0.0,0.0
512010.OF,易方达沪深300医药卫生ETF,2017-01-05,0.3296,0.3296,0.3296,0.3296,-0.0062,0.0,0.0
512010.OF,易方达沪深300医药卫生ETF,2017-01-06,0.3266,0.3266,0.3266,0.3266,-0.009,0.0,0.0
512010.OF,易方达沪深300医药卫生ETF,2017-01-09,0.3277,0.3277,0.3277,0.3277,0.0033,0.0,0.0
512010.OF,易方达沪深300医药卫生ETF,2017-01-10,0.3274,0.3274,0.3274,0.3274,-0.0009,0.0,0.0
512010.OF,易方达沪深300医药卫生ETF,2017-01-11,0.325,0.325,0.325,0.325,-0.0073,0.0,0.0
512010.OF,易方达沪深300医药卫生ETF,2017-01-12,0.3222,0.3222,0.3222,0.3222,-0.0088,0.0,0.0
512010.OF,易方达沪深300医药卫生ETF,2017-01-13,0.3217,0.3217,0.3217,0.3217,-0.0016,0.0,0.0
512010.OF,易方达沪深300医药卫生ETF,2017-01-16,0.323,0.323,0.323,0.323,0.0041,0.0,0.0
512010.OF,易方达沪深300医药卫生ETF,2017-01-17,0.3246,0.3246,0.3246,0.3246,0.0049,0.0,0.0
512010.OF,易方达沪深300医药卫生ETF,2017-01-18,0.3256,0.3256,0.3256,0.3256,0.0032,0.0,0.0
512010.OF,易方达沪深300医药卫生ETF,2017-01-19,0.3261,0.3261,0.3261,0.3261,0.0014,0.0,0.0
512010.OF,易方达沪深300医药卫生ETF,2017-01-20,0.3288,0.3288,0.3288,0.3288,0.0084,0.0,0.0
512010.OF,易方达沪深300医药卫生ETF,2017-01-23,0.3287,0.3287,0.3287,0.3287,-0.0004,0.0,0.0
512010.OF,易方达沪深300医药卫生ETF,2017-01-24,0.3278,0.3278,0.3278,0.3278,-0.0027,0.0,0.0
512010.OF,易方达沪深300医药卫生ETF,2017-01-25,0.3314,0.3314,0.3314,0.3314,0.0111,0.0,0.0
512010.OF,易方达沪深300医药卫生ETF,2017-01-26,0.3328,0.3328,0.3328,0.3328,0.0042,0.0,0.0
512010.OF,易方达沪深300医药卫生ETF,2017-02-03,0.3342,0.3342,0.3342,0.3342,0.004,0.0,0.0
512010.OF,易方达沪深300医药卫生ETF,2017-02-06,0.3333,0.3333,0.3333,0.3333,-0.0027,0.0,0.0
512010.OF,易方达沪深300医药卫生ETF,2017-02-07,0.3321,0.3321,0.3321,0.3321,-0.0034,0.0,0.0
512010.OF,易方达沪深300医药卫生ETF,2017-02-08,0.3321,0.3321,0.3321,0.3321,-0.0002,0.0,0.0
512010.OF,易方达沪深300医药卫生ETF,2017-02-09,0.3313,0.3313,0.3313,0.3313,-0.0023,0.0,0.0
512010.OF,易方达沪深300医药卫生ETF,2017-02-10,0.331,0.331,0.331,0.331,-0.0009,0.0,0.0
512010.OF,易方达沪深300医药卫生ETF,2017-02-13,0.3331,0.3331,0.3331,0.3331,0.0063,0.0,0.0
512010.OF,易方达沪深300医药卫生ETF,2017-02-14,0.3331,0.3331,0.3331,0.3331,-0.0002,0.0,0.0
512010.OF,易方达沪深300医药卫生ETF,2017-02-15,0.33,0.33,0.33,0.33,-0.0091,0.0,0.0
512010.OF,易方达沪深300医药卫生ETF,2017-02-16,0.3326,0.3326,0.3326,0.3326,0.0079,0.0,0.0
512010.OF,易方达沪深300医药卫生ETF,2017-02-17,0.3309,0.3309,0.3309,0.3309,-0.0052,0.0,0.0
512010.OF,易方达沪深300医药卫生ETF,2017-02-20,0.3348,0.3348,0.3348,0.3348,0.0117,0.0,0.0
512010.OF,易方达沪深300医药卫生ETF,2017-02-21,0.3365,0.3365,0.3365,0.3365,0.0051,0.0,0.0
512010.OF,易方达沪深300医药卫生ETF,2017-02-22,0.337,0.337,0.337,0.337,0.0014,0.0,0.0
512010.OF,易方达沪深300医药卫生ETF,2017-02-23,0.3394,0.3394,0.3394,0.3394,0.0071,0.0,0.0
512010.OF,易方达沪深300医药卫生ETF,2017-02-24,0.3403,0.3403,0.3403,0.3403,0.0027,0.0,0.0
512010.OF,易方达沪深300医药卫生ETF,2017-02-27,0.338,0.338,0.338,0.338,-0.0066,0.0,0.0
512010.OF,易方达沪深300医药卫生ETF,2017-02-28,0.3372,0.3372,0.3372,0.3372,-0.0024,0.0,0.0
512010.OF,易方达沪深300医药卫生ETF,2017-03-01,0.3369,0.3369,0.3369,0.3369,-0.0008,0.0,0.0
512010.OF,易方达沪深300医药卫生ETF,2017-03-02,0.3357,0.3357,0.3357,0.3357,-0.0036,0.0,0.0
512010.OF,易方达沪深300医药卫生ETF,2017-03-03,0.3353,0.3353,0.3353,0.3353,-0.0013,0.0,0.0
512010.OF,易方达沪深300医药卫生ETF,2017-03-06,0.3359,0.3359,0.3359,0.3359,0.0019,0.0,0.0
512010.OF,易方达沪深300医药卫生ETF,2017-03-07,0.3378,0.3378,0.3378,0.3378,0.0057,0.0,0.0
512010.OF,易方达沪深300医药卫生ETF,2017-03-08,0.3373,0.3373,0.3373,0.3373,-0.0016,0.0,0.0
512010.OF,易方达沪深300医药卫生ETF,2017-03-09,0.3349,0.3349,0.3349,0.3349,-0.007,0.0,0.0
512010.OF,易方达沪深300医药卫生ETF,2017-03-10,0.3375,0.3375,0.3375,0.3375,0.0075,0.0,0.0
512010.OF,易方达沪深300医药卫生ETF,2017-03-13,0.3397,0.3397,0.3397,0.3397,0.0066,0.0,0.0
512010.OF,易方达沪深300医药卫生ETF,2017-03-14,0.3406,0.3406,0.3406,0.3406,0.0026,0.0,0.0
512010.OF,易方达沪深300医药卫生ETF,2017-03-15,0.3429,0.3429,0.3429,0.3429,0.007,0.0,0.0
512010.OF,易方达沪深300医药卫生ETF,2017-03-16,0.3428,0.3428,0.3428,0.3428,-0.0005,0.0,0.0
512010.OF,易方达沪深300医药卫生ETF,2017-03-17,0.3416,0.3416,0.3416,0.3416,-0.0034,0.0,0.0
512010.OF,易方达沪深300医药卫生ETF,2017-03-20,0.346,0.346,0.346,0.346,0.0127,0.0,0.0
512010.OF,易方达沪深300医药卫生ETF,2017-03-21,0.3523,0.3523,0.3523,0.3523,0.0182,0.0,0.0
512010.OF,易方达沪深300医药卫生ETF,2017-03-22,0.3582,0.3582,0.3582,0.3582,0.0168,0.0,0.0
512010.OF,易方达沪深300医药卫生ETF,2017-03-23,0.3582,0.3582,0.3582,0.3582,-0.0001,0.0,0.0
512010.OF,易方达沪深300医药卫生ETF,2017-03-24,0.3576,0.3576,0.3576,0.3576,-0.0015,0.0,0.0
512010.OF,易方达沪深300医药卫生ETF,2017-03-27,0.3548,0.3548,0.3548,0.3548,-0.0078,0.0,0.0
512010.OF,易方达沪深300医药卫生ETF,2017-03-28,0.3556,0.3556,0.3556,0.3556,0.002,0.0,0.0
512010.OF,易方达沪深300医药卫生ETF,2017-03-29,0.3547,0.3547,0.3547,0.3547,-0.0025,0.0,0.0
512010.OF,易方达沪深300医药卫生ETF,2017-03-30,0.3525,0.3525,0.3525,0.3525,-0.0061,0.0,0.0
512010.OF,易方达沪深300医药卫生ETF,2017-03-31,0.3567,0.3567,0.3567,0.3567,0.012,0.0,0.0
512010.OF,易方达沪深300医药卫生ETF,2017-04-05,0.3572,0.3572,0.3572,0.3572,0.0013,0.0,0.0
512010.OF,易方达沪深300医药卫生ETF,2017-04-06,0.3582,0.3582,0.3582,0.3582,0.0027,0.0,0.0
512010.OF,易方达沪深300医药卫生ETF,2017-04-07,0.3579,0.3579,0.3579,0.3579,-0.0008,0.0,0.0
512010.OF,易方达沪深300医药卫生ETF,2017-04-10,0.3536,0.3536,0.3536,0.3536,-0.0119,0.0,0.0
512010.OF,易方达沪深300医药卫生ETF,2017-04-11,0.3505,0.3505,0.3505,0.3505,-0.0086,0.0,0.0
512010.OF,易方达沪深300医药卫生ETF,2017-04-12,0.3511,0.3511,0.3511,0.3511,0.0015,0.0,0.0
512010.OF,易方达沪深300医药卫生ETF,2017-04-13,0.3555,0.3555,0.3555,0.3555,0.0127,0.0,0.0
512010.OF,易方达沪深300医药卫生ETF,2017-04-14,0.3544,0.3544,0.3544,0.3544,-0.0031,0.0,0.0
512010.OF,易方达沪深300医药卫生ETF,2017-04-17,0.3551,0.3551,0.3551,0.3551,0.0018,0.0,0.0
512010.OF,易方达沪深300医药卫生ETF,2017-04-18,0.3586,0.3586,0.3586,0.3586,0.0099,0.0,0.0
512010.OF,易方达沪深300医药卫生ETF,2017-04-19,0.3586,0.3586,0.3586,0.3586,0.0001,0.0,0.0
512010.OF,易方达沪深300医药卫生ETF,2017-04-20,0.3683,0.3683,0.3683,0.3683,0.027,0.0,0.0
512010.OF,易方达沪深300医药卫生ETF,2017-04-21,0.3671,0.3671,0.3671,0.3671,-0.0032,0.0,0.0
512010.OF,易方达沪深300医药卫生ETF,2017-04-24,0.3646,0.3646,0.3646,0.3646,-0.0069,0.0,0.0
512010.OF,易方达沪深300医药卫生ETF,2017-04-25,0.363,0.363,0.363,0.363,-0.0043,0.0,0.0
512010.OF,易方达沪深300医药卫生ETF,2017-04-26,0.3624,0.3624,0.3624,0.3624,-0.0017,0.0,0.0
512010.OF,易方达沪深300医药卫生ETF,2017-04-27,0.3629,0.3629,0.3629,0.3629,0.0013,0.0,0.0
512010.OF,易方达沪深300医药卫生ETF,2017-04-28,0.3584,0.3584,0.3584,0.3584,-0.0123,0.0,0.0
512010.OF,易方达沪深300医药卫生ETF,2017-05-02,0.3565,0.3565,0.3565,0.3565,-0.0052,0.0,0.0
512010.OF,易方达沪深300医药卫生ETF,2017-05-03,0.3565,0.3565,0.3565,0.3565,0.0001,0.0,0.0
512010.OF,易方达沪深300医药卫生ETF,2017-05-04,0.3565,0.3565,0.3565,0.3565,-0.0002,0.0,0.0
512010.OF,易方达沪深300医药卫生ETF,2017-05-05,0.3566,0.3566,0.3566,0.3566,0.0004,0.0,0.0
512010.OF,易方达沪深300医药卫生ETF,2017-05-08,0.3554,0.3554,0.3554,0.3554,-0.0032,0.0,0.0
512010.OF,易方达沪深300医药卫生ETF,2017-05-09,0.3523,0.3523,0.3523,0.3523,-0.0088,0.0,0.0
512010.OF,易方达沪深300医药卫生ETF,2017-05-10,0.3544,0.3544,0.3544,0.3544,0.0059,0.0,0.0
512010.OF,易方达沪深300医药卫生ETF,2017-05-11,0.3567,0.3567,0.3567,0.3567,0.0064,0.0,0.0
512010.OF,易方达沪深300医药卫生ETF,2017-05-12,0.3599,0.3599,0.3599,0.3599,0.009,0.0,0.0
512010.OF,易方达沪深300医药卫生ETF,2017-05-15,0.3644,0.3644,0.3644,0.3644,0.0126,0.0,0.0
512010.OF,易方达沪深300医药卫生ETF,2017-05-16,0.3694,0.3694,0.3694,0.3694,0.0138,0.0,0.0
512010.OF,易方达沪深300医药卫生ETF,2017-05-17,0.3649,0.3649,0.3649,0.3649,-0.0123,0.0,0.0
512010.OF,易方达沪深300医药卫生ETF,2017-05-18,0.3671,0.3671,0.3671,0.3671,0.006,0.0,0.0
512010.OF,易方达沪深300医药卫生ETF,2017-05-19,0.3688,0.3688,0.3688,0.3688,0.0048,0.0,0.0
512010.OF,易方达沪深300医药卫生ETF,2017-05-22,0.3715,0.3715,0.3715,0.3715,0.0071,0.0,0.0
512010.OF,易方达沪深300医药卫生ETF,2017-05-23,0.3741,0.3741,0.3741,0.3741,0.0071,0.0,0.0
512010.OF,易方达沪深300医药卫生ETF,2017-05-24,0.3723,0.3723,0.3723,0.3723,-0.0047,0.0,0.0
512010.OF,易方达沪深300医药卫生ETF,2017-05-25,0.3707,0.3707,0.3707,0.3707,-0.0042,0.0,0.0
512010.OF,易方达沪深300医药卫生ETF,2017-05-26,0.3688,0.3688,0.3688,0.3688,-0.0053,0.0,0.0
512010.OF,易方达沪深300医药卫生ETF,2017-05-31,0.3719,0.3719,0.3719,0.3719,0.0084,0.0,0.0
512010.OF,易方达沪深300医药卫生ETF,2017-06-01,0.3753,0.3753,0.3753,0.3753,0.0091,0.0,0.0
512010.OF,易方达沪深300医药卫生ETF,2017-06-02,0.372,0.372,0.372,0.372,-0.0088,0.0,0.0
512010.OF,易方达沪深300医药卫生ETF,2017-06-05,0.367,0.367,0.367,0.367,-0.0132,0.0,0.0
512010.OF,易方达沪深300医药卫生ETF,2017-06-06,0.3696,0.3696,0.3696,0.3696,0.0069,0.0,0.0
512010.OF,易方达沪深300医药卫生ETF,2017-06-07,0.3753,0.3753,0.3753,0.3753,0.0154,0.0,0.0
512010.OF,易方达沪深300医药卫生ETF,2017-06-08,0.3826,0.3826,0.3826,0.3826,0.0195,0.0,0.0
512010.OF,易方达沪深300医药卫生ETF,2017-06-09,0.3825,0.3825,0.3825,0.3825,-0.0003,0.0,0.0
512010.OF,易方达沪深300医药卫生ETF,2017-06-12,0.3861,0.3861,0.3861,0.3861,0.0093,0.0,0.0
512010.OF,易方达沪深300医药卫生ETF,2017-06-13,0.3869,0.3869,0.3869,0.3869,0.0021,0.0,0.0
512010.OF,易方达沪深300医药卫生ETF,2017-06-14,0.382,0.382,0.382,0.382,-0.0126,0.0,0.0
512010.OF,易方达沪深300医药卫生ETF,2017-06-15,0.3806,0.3806,0.3806,0.3806,-0.0035,0.0,0.0
512010.OF,易方达沪深300医药卫生ETF,2017-06-16,0.3804,0.3804,0.3804,0.3804,-0.0007,0.0,0.0
512010.OF,易方达沪深300医药卫生ETF,2017-06-19,0.3809,0.3809,0.3809,0.3809,0.0014,0.0,0.0
512010.OF,易方达沪深300医药卫生ETF,2017-06-20,0.377,0.377,0.377,0.377,-0.0102,0.0,0.0
512010.OF,易方达沪深300医药卫生ETF,2017-06-21,0.3839,0.3839,0.3839,0.3839,0.0184,0.0,0.0
512010.OF,易方达沪深300医药卫生ETF,2017-06-22,0.3796,0.3796,0.3796,0.3796,-0.0111,0.0,0.0
512010.OF,易方达沪深300医药卫生ETF,2017-06-23,0.3852,0.3852,0.3852,0.3852,0.0147,0.0,0.0
512010.OF,易方达沪深300医药卫生ETF,2017-06-26,0.3897,0.3897,0.3897,0.3897,0.0117,0.0,0.0
512010.OF,易方达沪深300医药卫生ETF,2017-06-27,0.3894,0.3894,0.3894,0.3894,-0.0008,0.0,0.0
512010.OF,易方达沪深300医药卫生ETF,2017-06-28,0.3844,0.3844,0.3844,0.3844,-0.0128,0.0,0.0
512010.OF,易方达沪深300医药卫生ETF,2017-06-29,0.3862,0.3862,0.3862,0.3862,0.0046,0.0,0.0
512010.OF,易方达沪深300医药卫生ETF,2017-06-30,0.3879,0.3879,0.3879,0.3879,0.0043,0.0,0.0
512010.OF,易方达沪深300医药卫生ETF,2017-07-03,0.385,0.385,0.385,0.385,-0.0075,0.0,0.0
512010.OF,易方达沪深300医药卫生ETF,2017-07-04,0.3809,0.3809,0.3809,0.3809,-0.0105,0.0,0.0
512010.OF,易方达沪深300医药卫生ETF,2017-07-05,0.3826,0.3826,0.3826,0.3826,0.0045,0.0,0.0
512010.OF,易方达沪深300医药卫生ETF,2017-07-06,0.3785,0.3785,0.3785,0.3785,-0.0107,0.0,0.0
512010.OF,易方达沪深300医药卫生ETF,2017-07-07,0.3761,0.3761,0.3761,0.3761,-0.0065,0.0,0.0
512010.OF,易方达沪深300医药卫生ETF,2017-07-10,0.3748,0.3748,0.3748,0.3748,-0.0034,0.0,0.0
512010.OF,易方达沪深300医药卫生ETF,2017-07-11,0.3748,0.3748,0.3748,0.3748,-0.0001,0.0,0.0
512010.OF,易方达沪深300医药卫生ETF,2017-07-12,0.3695,0.3695,0.3695,0.3695,-0.0141,0.0,0.0
512010.OF,易方达沪深300医药卫生ETF,2017-07-13,0.3708,0.3708,0.3708,0.3708,0.0035,0.0,0.0
512010.OF,易方达沪深300医药卫生ETF,2017-07-14,0.3707,0.3707,0.3707,0.3707,-0.0001,0.0,0.0
512010.OF,易方达沪深300医药卫生ETF,2017-07-17,0.3663,0.3663,0.3663,0.3663,-0.0121,0.0,0.0
512010.OF,易方达沪深300医药卫生ETF,2017-07-18,0.3648,0.3648,0.3648,0.3648,-0.004,0.0,0.0
512010.OF,易方达沪深300医药卫生ETF,2017-07-19,0.3679,0.3679,0.3679,0.3679,0.0085,0.0,0.0
512010.OF,易方达沪深300医药卫生ETF,2017-07-20,0.37,0.37,0.37,0.37,0.0056,0.0,0.0
512010.OF,易方达沪深300医药卫生ETF,2017-07-21,0.3686,0.3686,0.3686,0.3686,-0.0038,0.0,0.0
512010.OF,易方达沪深300医药卫生ETF,2017-07-24,0.3681,0.3681,0.3681,0.3681,-0.0013,0.0,0.0
512010.OF,易方达沪深300医药卫生ETF,2017-07-25,0.3667,0.3667,0.3667,0.3667,-0.0038,0.0,0.0
512010.OF,易方达沪深300医药卫生ETF,2017-07-26,0.3622,0.3622,0.3622,0.3622,-0.0123,0.0,0.0
512010.OF,易方达沪深300医药卫生ETF,2017-07-27,0.3639,0.3639,0.3639,0.3639,0.0046,0.0,0.0
512010.OF,易方达沪深300医药卫生ETF,2017-07-28,0.3646,0.3646,0.3646,0.3646,0.0019,0.0,0.0
512010.OF,易方达沪深300医药卫生ETF,2017-07-31,0.3663,0.3663,0.3663,0.3663,0.0049,0.0,0.0
512010.OF,易方达沪深300医药卫生ETF,2017-08-01,0.3657,0.3657,0.3657,0.3657,-0.0016,0.0,0.0
512010.OF,易方达沪深300医药卫生ETF,2017-08-02,0.3622,0.3622,0.3622,0.3622,-0.0096,0.0,0.0
512010.OF,易方达沪深300医药卫生ETF,2017-08-03,0.3605,0.3605,0.3605,0.3605,-0.0048,0.0,0.0
512010.OF,易方达沪深300医药卫生ETF,2017-08-04,0.3591,0.3591,0.3591,0.3591,-0.0037,0.0,0.0
512010.OF,易方达沪深300医药卫生ETF,2017-08-07,0.3626,0.3626,0.3626,0.3626,0.0097,0.0,0.0
512010.OF,易方达沪深300医药卫生ETF,2017-08-08,0.3637,0.3637,0.3637,0.3637,0.003,0.0,0.0
512010.OF,易方达沪深300医药卫生ETF,2017-08-09,0.3715,0.3715,0.3715,0.3715,0.0213,0.0,0.0
512010.OF,易方达沪深300医药卫生ETF,2017-08-10,0.3707,0.3707,0.3707,0.3707,-0.0022,0.0,0.0
512010.OF,易方达沪深300医药卫生ETF,2017-08-11,0.3698,0.3698,0.3698,0.3698,-0.0023,0.0,0.0
512010.OF,易方达沪深300医药卫生ETF,2017-08-14,0.375,0.375,0.375,0.375,0.014,0.0,0.0
512010.OF,易方达沪深300医药卫生ETF,2017-08-15,0.3727,0.3727,0.3727,0.3727,-0.0061,0.0,0.0
512010.OF,易方达沪深300医药卫生ETF,2017-08-16,0.371,0.371,0.371,0.371,-0.0046,0.0,0.0
512010.OF,易方达沪深300医药卫生ETF,2017-08-17,0.3712,0.3712,0.3712,0.3712,0.0004,0.0,0.0
512010.OF,易方达沪深300医药卫生ETF,2017-08-18,0.3707,0.3707,0.3707,0.3707,-0.0013,0.0,0.0
512010.OF,易方达沪深300医药卫生ETF,2017-08-21,0.3734,0.3734,0.3734,0.3734,0.0074,0.0,0.0
512010.OF,易方达沪深300医药卫生ETF,2017-08-22,0.3725,0.3725,0.3725,0.3725,-0.0024,0.0,0.0
512010.OF,易方达沪深300医药卫生ETF,2017-08-23,0.3718,0.3718,0.3718,0.3718,-0.0019,0.0,0.0
512010.OF,易方达沪深300医药卫生ETF,2017-08-24,0.3695,0.3695,0.3695,0.3695,-0.0063,0.0,0.0
512010.OF,易方达沪深300医药卫生ETF,2017-08-25,0.3708,0.3708,0.3708,0.3708,0.0035,0.0,0.0
512010.OF,易方达沪深300医药卫生ETF,2017-08-28,0.3712,0.3712,0.3712,0.3712,0.0011,0.0,0.0
512010.OF,易方达沪深300医药卫生ETF,2017-08-29,0.37,0.37,0.37,0.37,-0.0032,0.0,0.0
512010.OF,易方达沪深300医药卫生ETF,2017-08-30,0.3701,0.3701,0.3701,0.3701,0.0003,0.0,0.0
512010.OF,易方达沪深300医药卫生ETF,2017-08-31,0.3686,0.3686,0.3686,0.3686,-0.0041,0.0,0.0
512010.OF,易方达沪深300医药卫生ETF,2017-09-01,0.3697,0.3697,0.3697,0.3697,0.0031,0.0,0.0
512010.OF,易方达沪深300医药卫生ETF,2017-09-04,0.3733,0.3733,0.3733,0.3733,0.0096,0.0,0.0
512010.OF,易方达沪深300医药卫生ETF,2017-09-05,0.3751,0.3751,0.3751,0.3751,0.005,0.0,0.0
512010.OF,易方达沪深300医药卫生ETF,2017-09-06,0.373,0.373,0.373,0.373,-0.0057,0.0,0.0
512010.OF,易方达沪深300医药卫生ETF,2017-09-07,0.3729,0.3729,0.3729,0.3729,-0.0003,0.0,0.0
512010.OF,易方达沪深300医药卫生ETF,2017-09-08,0.3739,0.3739,0.3739,0.3739,0.0026,0.0,0.0
512010.OF,易方达沪深300医药卫生ETF,2017-09-11,0.3712,0.3712,0.3712,0.3712,-0.0071,0.0,0.0
512010.OF,易方达沪深300医药卫生ETF,2017-09-12,0.3707,0.3707,0.3707,0.3707,-0.0013,0.0,0.0
512010.OF,易方达沪深300医药卫生ETF,2017-09-13,0.3716,0.3716,0.3716,0.3716,0.0022,0.0,0.0
512010.OF,易方达沪深300医药卫生ETF,2017-09-14,0.371,0.371,0.371,0.371,-0.0015,0.0,0.0
512010.OF,易方达沪深300医药卫生ETF,2017-09-15,0.3725,0.3725,0.3725,0.3725,0.0041,0.0,0.0
512010.OF,易方达沪深300医药卫生ETF,2017-09-18,0.3738,0.3738,0.3738,0.3738,0.0034,0.0,0.0
512010.OF,易方达沪深300医药卫生ETF,2017-09-19,0.372,0.372,0.372,0.372,-0.0048,0.0,0.0
512010.OF,易方达沪深300医药卫生ETF,2017-09-20,0.3726,0.3726,0.3726,0.3726,0.0015,0.0,0.0
512010.OF,易方达沪深300医药卫生ETF,2017-09-21,0.3714,0.3714,0.3714,0.3714,-0.0032,0.0,0.0
512010.OF,易方达沪深300医药卫生ETF,2017-09-22,0.3718,0.3718,0.3718,0.3718,0.0011,0.0,0.0
512010.OF,易方达沪深300医药卫生ETF,2017-09-25,0.3761,0.3761,0.3761,0.3761,0.0116,0.0,0.0
512010.OF,易方达沪深300医药卫生ETF,2017-09-26,0.3749,0.3749,0.3749,0.3749,-0.0032,0.0,0.0
512010.OF,易方达沪深300医药卫生ETF,2017-09-27,0.3748,0.3748,0.3748,0.3748,-0.0004,0.0,0.0
512010.OF,易方达沪深300医药卫生ETF,2017-09-28,0.3791,0.3791,0.3791,0.3791,0.0115,0.0,0.0
512010.OF,易方达沪深300医药卫生ETF,2017-09-29,0.3799,0.3799,0.3799,0.3799,0.0021,0.0,0.0
512010.OF,易方达沪深300医药卫生ETF,2017-09-30,0.3798,0.3798,0.3798,0.3798,-0.0003,0.0,0.0
512010.OF,易方达沪深300医药卫生ETF,2017-10-09,0.3849,0.3849,0.3849,0.3849,0.0134,0.0,0.0
512010.OF,易方达沪深300医药卫生ETF,2017-10-10,0.387,0.387,0.387,0.387,0.0055,0.0,0.0
512010.OF,易方达沪深300医药卫生ETF,2017-10-11,0.3917,0.3917,0.3917,0.3917,0.0122,0.0,0.0
512010.OF,易方达沪深300医药卫生ETF,2017-10-12,0.393,0.393,0.393,0.393,0.0033,0.0,0.0
512010.OF,易方达沪深300医药卫生ETF,2017-10-13,0.3921,0.3921,0.3921,0.3921,-0.0022,0.0,0.0
512010.OF,易方达沪深300医药卫生ETF,2017-10-16,0.3919,0.3919,0.3919,0.3919,-0.0006,0.0,0.0
512010.OF,易方达沪深300医药卫生ETF,2017-10-17,0.3929,0.3929,0.3929,0.3929,0.0026,0.0,0.0
512010.OF,易方达沪深300医药卫生ETF,2017-10-18,0.401,0.401,0.401,0.401,0.0206,0.0,0.0
512010.OF,易方达沪深300医药卫生ETF,2017-10-19,0.4073,0.4073,0.4073,0.4073,0.0157,0.0,0.0
512010.OF,易方达沪深300医药卫生ETF,2017-10-20,0.4049,0.4049,0.4049,0.4049,-0.006,0.0,0.0
512010.OF,易方达沪深300医药卫生ETF,2017-10-23,0.4092,0.4092,0.4092,0.4092,0.0107,0.0,0.0
512010.OF,易方达沪深300医药卫生ETF,2017-10-24,0.4116,0.4116,0.4116,0.4116,0.0059,0.0,0.0
512010.OF,易方达沪深300医药卫生ETF,2017-10-25,0.4155,0.4155,0.4155,0.4155,0.0095,0.0,0.0
512010.OF,易方达沪深300医药卫生ETF,2017-10-26,0.4109,0.4109,0.4109,0.4109,-0.0111,0.0,0.0
512010.OF,易方达沪深300医药卫生ETF,2017-10-27,0.4127,0.4127,0.4127,0.4127,0.0045,0.0,0.0
512010.OF,易方达沪深300医药卫生ETF,2017-10-30,0.4125,0.4125,0.4125,0.4125,-0.0005,0.0,0.0
512010.OF,易方达沪深300医药卫生ETF,2017-10-31,0.411,0.411,0.411,0.411,-0.0036,0.0,0.0
512010.OF,易方达沪深300医药卫生ETF,2017-11-01,0.4108,0.4108,0.4108,0.4108,-0.0006,0.0,0.0
512010.OF,易方达沪深300医药卫生ETF,2017-11-02,0.4126,0.4126,0.4126,0.4126,0.0044,0.0,0.0
512010.OF,易方达沪深300医药卫生ETF,2017-11-03,0.4164,0.4164,0.4164,0.4164,0.0093,0.0,0.0
512010.OF,易方达沪深300医药卫生ETF,2017-11-06,0.4306,0.4306,0.4306,0.4306,0.034,0.0,0.0
512010.OF,易方达沪深300医药卫生ETF,2017-11-07,0.4255,0.4255,0.4255,0.4255,-0.0118,0.0,0.0
512010.OF,易方达沪深300医药卫生ETF,2017-11-08,0.4189,0.4189,0.4189,0.4189,-0.0155,0.0,0.0
512010.OF,易方达沪深300医药卫生ETF,2017-11-09,0.4205,0.4205,0.4205,0.4205,0.0037,0.0,0.0
512010.OF,易方达沪深300医药卫生ETF,2017-11-10,0.4227,0.4227,0.4227,0.4227,0.0054,0.0,0.0
512010.OF,易方达沪深300医药卫生ETF,2017-11-13,0.4197,0.4197,0.4197,0.4197,-0.0072,0.0,0.0
512010.OF,易方达沪深300医药卫生ETF,2017-11-14,0.4128,0.4128,0.4128,0.4128,-0.0164,0.0,0.0
512010.OF,易方达沪深300医药卫生ETF,2017-11-15,0.4151,0.4151,0.4151,0.4151,0.0057,0.0,0.0
512010.OF,易方达沪深300医药卫生ETF,2017-11-16,0.4221,0.4221,0.4221,0.4221,0.0167,0.0,0.0
512010.OF,易方达沪深300医药卫生ETF,2017-11-17,0.4182,0.4182,0.4182,0.4182,-0.0091,0.0,0.0
512010.OF,易方达沪深300医药卫生ETF,2017-11-20,0.4205,0.4205,0.4205,0.4205,0.0054,0.0,0.0
512010.OF,易方达沪深300医药卫生ETF,2017-11-21,0.4226,0.4226,0.4226,0.4226,0.0049,0.0,0.0
512010.OF,易方达沪深300医药卫生ETF,2017-11-22,0.4193,0.4193,0.4193,0.4193,-0.0078,0.0,0.0
512010.OF,易方达沪深300医药卫生ETF,2017-11-23,0.4025,0.4025,0.4025,0.4025,-0.04,0.0,0.0
512010.OF,易方达沪深300医药卫生ETF,2017-11-24,0.403,0.403,0.403,0.403,0.0014,0.0,0.0
512010.OF,易方达沪深300医药卫生ETF,2017-11-27,0.3982,0.3982,0.3982,0.3982,-0.012,0.0,0.0
512010.OF,易方达沪深300医药卫生ETF,2017-11-28,0.4013,0.4013,0.4013,0.4013,0.0077,0.0,0.0
512010.OF,易方达沪深300医药卫生ETF,2017-11-29,0.3954,0.3954,0.3954,0.3954,-0.0147,0.0,0.0
512010.OF,易方达沪深300医药卫生ETF,2017-11-30,0.393,0.393,0.393,0.393,-0.0059,0.0,0.0
512010.OF,易方达沪深300医药卫生ETF,2017-12-01,0.3959,0.3959,0.3959,0.3959,0.0073,0.0,0.0
512010.OF,易方达沪深300医药卫生ETF,2017-12-04,0.399,0.399,0.399,0.399,0.008,0.0,0.0
512010.OF,易方达沪深300医药卫生ETF,2017-12-05,0.3996,0.3996,0.3996,0.3996,0.0014,0.0,0.0
512010.OF,易方达沪深300医药卫生ETF,2017-12-06,0.3982,0.3982,0.3982,0.3982,-0.0036,0.0,0.0
512010.OF,易方达沪深300医药卫生ETF,2017-12-07,0.3953,0.3953,0.3953,0.3953,-0.0072,0.0,0.0
512010.OF,易方达沪深300医药卫生ETF,2017-12-08,0.3988,0.3988,0.3988,0.3988,0.0088,0.0,0.0
512010.OF,易方达沪深300医药卫生ETF,2017-12-11,0.409,0.409,0.409,0.409,0.0255,0.0,0.0
512010.OF,易方达沪深300医药卫生ETF,2017-12-12,0.4049,0.4049,0.4049,0.4049,-0.0098,0.0,0.0
512010.OF,易方达沪深300医药卫生ETF,2017-12-13,0.4077,0.4077,0.4077,0.4077,0.0069,0.0,0.0
512010.OF,易方达沪深300医药卫生ETF,2017-12-14,0.4072,0.4072,0.4072,0.4072,-0.0013,0.0,0.0
512010.OF,易方达沪深300医药卫生ETF,2017-12-15,0.4019,0.4019,0.4019,0.4019,-0.0129,0.0,0.0
512010.OF,易方达沪深300医药卫生ETF,2017-12-18,0.4028,0.4028,0.4028,0.4028,0.0022,0.0,0.0
512010.OF,易方达沪深300医药卫生ETF,2017-12-19,0.4069,0.4069,0.4069,0.4069,0.0101,0.0,0.0
512010.OF,易方达沪深300医药卫生ETF,2017-12-20,0.4088,0.4088,0.4088,0.4088,0.0047,0.0,0.0
512010.OF,易方达沪深300医药卫生ETF,2017-12-21,0.4138,0.4138,0.4138,0.4138,0.0124,0.0,0.0
512010.OF,易方达沪深300医药卫生ETF,2017-12-22,0.4144,0.4144,0.4144,0.4144,0.0013,0.0,0.0
512010.OF,易方达沪深300医药卫生ETF,2017-12-25,0.4157,0.4157,0.4157,0.4157,0.0032,0.0,0.0
512010.OF,易方达沪深300医药卫生ETF,2017-12-26,0.4132,0.4132,0.4132,0.4132,-0.006,0.0,0.0
512010.OF,易方达沪深300医药卫生ETF,2017-12-27,0.4052,0.4052,0.4052,0.4052,-0.0195,0.0,0.0
512010.OF,易方达沪深300医药卫生ETF,2017-12-28,0.4085,0.4085,0.4085,0.4085,0.0083,0.0,0.0
512010.OF,易方达沪深300医药卫生ETF,2017-12-29,0.4114,0.4114,0.4114,0.4114,0.0071,0.0,0.0
512010.OF,易方达沪深300医药卫生ETF,2017-12-31,0.4119,0.4119,0.4119,0.4119,0.001,0.0,0.0
512010.OF,易方达沪深300医药卫生ETF,2018-01-02,0.412,0.412,0.412,0.412,0.0002,0.0,0.0
512010.OF,易方达沪深300医药卫生ETF,2018-01-03,0.412,0.412,0.412,0.412,0.0002,0.0,0.0
512010.OF,易方达沪深300医药卫生ETF,2018-01-04,0.4157,0.4157,0.4157,0.4157,0.0089,0.0,0.0
512010.OF,易方达沪深300医药卫生ETF,2018-01-05,0.4156,0.4156,0.4156,0.4156,-0.0003,0.0,0.0
512010.OF,易方达沪深300医药卫生ETF,2018-01-08,0.4184,0.4184,0.4184,0.4184,0.0069,0.0,0.0
512010.OF,易方达沪深300医药卫生ETF,2018-01-09,0.4284,0.4284,0.4284,0.4284,0.0238,0.0,0.0
512010.OF,易方达沪深300医药卫生ETF,2018-01-10,0.4273,0.4273,0.4273,0.4273,-0.0025,0.0,0.0
512010.OF,易方达沪深300医药卫生ETF,2018-01-11,0.4256,0.4256,0.4256,0.4256,-0.004,0.0,0.0
512010.OF,易方达沪深300医药卫生ETF,2018-01-12,0.4283,0.4283,0.4283,0.4283,0.0063,0.0,0.0
512010.OF,易方达沪深300医药卫生ETF,2018-01-15,0.4256,0.4256,0.4256,0.4256,-0.0063,0.0,0.0
512010.OF,易方达沪深300医药卫生ETF,2018-01-16,0.4308,0.4308,0.4308,0.4308,0.0122,0.0,0.0
512010.OF,易方达沪深300医药卫生ETF,2018-01-17,0.4271,0.4271,0.4271,0.4271,-0.0086,0.0,0.0
512010.OF,易方达沪深300医药卫生ETF,2018-01-18,0.4245,0.4245,0.4245,0.4245,-0.0061,0.0,0.0
512010.OF,易方达沪深300医药卫生ETF,2018-01-19,0.4242,0.4242,0.4242,0.4242,-0.0005,0.0,0.0
512010.OF,易方达沪深300医药卫生ETF,2018-01-22,0.4317,0.4317,0.4317,0.4317,0.0175,0.0,0.0
512010.OF,易方达沪深300医药卫生ETF,2018-01-23,0.4318,0.4318,0.4318,0.4318,0.0003,0.0,0.0
512010.OF,易方达沪深300医药卫生ETF,2018-01-24,0.4344,0.4344,0.4344,0.4344,0.006,0.0,0.0
512010.OF,易方达沪深300医药卫生ETF,2018-01-25,0.4289,0.4289,0.4289,0.4289,-0.0127,0.0,0.0
512010.OF,易方达沪深300医药卫生ETF,2018-01-26,0.4301,0.4301,0.4301,0.4301,0.0028,0.0,0.0
512010.OF,易方达沪深300医药卫生ETF,2018-01-29,0.4175,0.4175,0.4175,0.4175,-0.0292,0.0,0.0
512010.OF,易方达沪深300医药卫生ETF,2018-01-30,0.4174,0.4174,0.4174,0.4174,-0.0002,0.0,0.0
512010.OF,易方达沪深300医药卫生ETF,2018-01-31,0.4189,0.4189,0.4189,0.4189,0.0035,0.0,0.0
512010.OF,易方达沪深300医药卫生ETF,2018-02-01,0.4133,0.4133,0.4133,0.4133,-0.0133,0.0,0.0
512010.OF,易方达沪深300医药卫生ETF,2018-02-02,0.414,0.414,0.414,0.414,0.0016,0.0,0.0
512010.OF,易方达沪深300医药卫生ETF,2018-02-05,0.4085,0.4085,0.4085,0.4085,-0.0133,0.0,0.0
512010.OF,易方达沪深300医药卫生ETF,2018-02-06,0.3948,0.3948,0.3948,0.3948,-0.0335,0.0,0.0
512010.OF,易方达沪深300医药卫生ETF,2018-02-07,0.3896,0.3896,0.3896,0.3896,-0.013,0.0,0.0
512010.OF,易方达沪深300医药卫生ETF,2018-02-08,0.3947,0.3947,0.3947,0.3947,0.0129,0.0,0.0
512010.OF,易方达沪深300医药卫生ETF,2018-02-09,0.3841,0.3841,0.3841,0.3841,-0.0269,0.0,0.0
512010.OF,易方达沪深300医药卫生ETF,2018-02-12,0.3962,0.3962,0.3962,0.3962,0.0316,0.0,0.0
512010.OF,易方达沪深300医药卫生ETF,2018-02-13,0.399,0.399,0.399,0.399,0.007,0.0,0.0
512010.OF,易方达沪深300医药卫生ETF,2018-02-14,0.4035,0.4035,0.4035,0.4035,0.0113,0.0,0.0
512010.OF,易方达沪深300医药卫生ETF,2018-02-22,0.4082,0.4082,0.4082,0.4082,0.0118,0.0,0.0
512010.OF,易方达沪深300医药卫生ETF,2018-02-23,0.4084,0.4084,0.4084,0.4084,0.0005,0.0,0.0
512010.OF,易方达沪深300医药卫生ETF,2018-02-26,0.4146,0.4146,0.4146,0.4146,0.0151,0.0,0.0
512010.OF,易方达沪深300医药卫生ETF,2018-02-27,0.4104,0.4104,0.4104,0.4104,-0.0101,0.0,0.0
512010.OF,易方达沪深300医药卫生ETF,2018-02-28,0.4089,0.4089,0.4089,0.4089,-0.0037,0.0,0.0
512010.OF,易方达沪深300医药卫生ETF,2018-03-01,0.4143,0.4143,0.4143,0.4143,0.0132,0.0,0.0
512010.OF,易方达沪深300医药卫生ETF,2018-03-02,0.4124,0.4124,0.4124,0.4124,-0.0046,0.0,0.0
512010.OF,易方达沪深300医药卫生ETF,2018-03-05,0.4167,0.4167,0.4167,0.4167,0.0105,0.0,0.0
512010.OF,易方达沪深300医药卫生ETF,2018-03-06,0.4257,0.4257,0.4257,0.4257,0.0215,0.0,0.0
512010.OF,易方达沪深300医药卫生ETF,2018-03-07,0.4223,0.4223,0.4223,0.4223,-0.008,0.0,0.0
512010.OF,易方达沪深300医药卫生ETF,2018-03-08,0.4343,0.4343,0.4343,0.4343,0.0286,0.0,0.0
512010.OF,易方达沪深300医药卫生ETF,2018-03-09,0.4388,0.4388,0.4388,0.4388,0.0104,0.0,0.0
512010.OF,易方达沪深300医药卫生ETF,2018-03-12,0.4413,0.4413,0.4413,0.4413,0.0056,0.0,0.0
512010.OF,易方达沪深300医药卫生ETF,2018-03-13,0.4345,0.4345,0.4345,0.4345,-0.0154,0.0,0.0
512010.OF,易方达沪深300医药卫生ETF,2018-03-14,0.4338,0.4338,0.4338,0.4338,-0.0017,0.0,0.0
512010.OF,易方达沪深300医药卫生ETF,2018-03-15,0.4392,0.4392,0.4392,0.4392,0.0124,0.0,0.0
512010.OF,易方达沪深300医药卫生ETF,2018-03-16,0.4377,0.4377,0.4377,0.4377,-0.0034,0.0,0.0
512010.OF,易方达沪深300医药卫生ETF,2018-03-19,0.4511,0.4511,0.4511,0.4511,0.0306,0.0,0.0
512010.OF,易方达沪深300医药卫生ETF,2018-03-20,0.461,0.461,0.461,0.461,0.0219,0.0,0.0
512010.OF,易方达沪深300医药卫生ETF,2018-03-21,0.4578,0.4578,0.4578,0.4578,-0.0069,0.0,0.0
512010.OF,易方达沪深300医药卫生ETF,2018-03-22,0.4532,0.4532,0.4532,0.4532,-0.0102,0.0,0.0
512010.OF,易方达沪深300医药卫生ETF,2018-03-23,0.4471,0.4471,0.4471,0.4471,-0.0134,0.0,0.0
512010.OF,易方达沪深300医药卫生ETF,2018-03-26,0.4591,0.4591,0.4591,0.4591,0.0268,0.0,0.0
512010.OF,易方达沪深300医药卫生ETF,2018-03-27,0.4612,0.4612,0.4612,0.4612,0.0046,0.0,0.0
512010.OF,易方达沪深300医药卫生ETF,2018-03-28,0.4519,0.4519,0.4519,0.4519,-0.0203,0.0,0.0
512010.OF,易方达沪深300医药卫生ETF,2018-03-29,0.4463,0.4463,0.4463,0.4463,-0.0123,0.0,0.0
512010.OF,易方达沪深300医药卫生ETF,2018-03-30,0.4599,0.4599,0.4599,0.4599,0.0304,0.0,0.0
512010.OF,易方达沪深300医药卫生ETF,2018-03-31,0.4599,0.4599,0.4599,0.4599,0.0,0.0,0.0
512010.OF,易方达沪深300医药卫生ETF,2018-04-02,0.4538,0.4538,0.4538,0.4538,-0.0131,0.0,0.0
512010.OF,易方达沪深300医药卫生ETF,2018-04-03,0.4546,0.4546,0.4546,0.4546,0.0016,0.0,0.0
512010.OF,易方达沪深300医药卫生ETF,2018-04-04,0.454,0.454,0.454,0.454,-0.0013,0.0,0.0
512010.OF,易方达沪深300医药卫生ETF,2018-04-09,0.4548,0.4548,0.4548,0.4548,0.0019,0.0,0.0
512010.OF,易方达沪深300医药卫生ETF,2018-04-10,0.4597,0.4597,0.4597,0.4597,0.0108,0.0,0.0
512010.OF,易方达沪深300医药卫生ETF,2018-04-11,0.4575,0.4575,0.4575,0.4575,-0.0049,0.0,0.0
512010.OF,易方达沪深300医药卫生ETF,2018-04-12,0.461,0.461,0.461,0.461,0.0077,0.0,0.0
512010.OF,易方达沪深300医药卫生ETF,2018-04-13,0.4491,0.4491,0.4491,0.4491,-0.0257,0.0,0.0
512010.OF,易方达沪深300医药卫生ETF,2018-04-16,0.4518,0.4518,0.4518,0.4518,0.0059,0.0,0.0
512010.OF,易方达沪深300医药卫生ETF,2018-04-17,0.4407,0.4407,0.4407,0.4407,-0.0246,0.0,0.0
512010.OF,易方达沪深300医药卫生ETF,2018-04-18,0.4423,0.4423,0.4423,0.4423,0.0038,0.0,0.0
512010.OF,易方达沪深300医药卫生ETF,2018-04-19,0.4464,0.4464,0.4464,0.4464,0.0091,0.0,0.0
512010.OF,易方达沪深300医药卫生ETF,2018-04-20,0.4465,0.4465,0.4465,0.4465,0.0002,0.0,0.0
512010.OF,易方达沪深300医药卫生ETF,2018-04-23,0.4446,0.4446,0.4446,0.4446,-0.0041,0.0,0.0
512010.OF,易方达沪深300医药卫生ETF,2018-04-24,0.4501,0.4501,0.4501,0.4501,0.0123,0.0,0.0
512010.OF,易方达沪深300医药卫生ETF,2018-04-25,0.4599,0.4599,0.4599,0.4599,0.0219,0.0,0.0
512010.OF,易方达沪深300医药卫生ETF,2018-04-26,0.4514,0.4514,0.4514,0.4514,-0.0185,0.0,0.0
512010.OF,易方达沪深300医药卫生ETF,2018-04-27,0.46,0.46,0.46,0.46,0.019,0.0,0.0
512010.OF,易方达沪深300医药卫生ETF,2018-05-02,0.4623,0.4623,0.4623,0.4623,0.0049,0.0,0.0
512010.OF,易方达沪深300医药卫生ETF,2018-05-03,0.4633,0.4633,0.4633,0.4633,0.0022,0.0,0.0
512010.OF,易方达沪深300医药卫生ETF,2018-05-04,0.4685,0.4685,0.4685,0.4685,0.0113,0.0,0.0
512010.OF,易方达沪深300医药卫生ETF,2018-05-07,0.4802,0.4802,0.4802,0.4802,0.025,0.0,0.0
512010.OF,易方达沪深300医药卫生ETF,2018-05-08,0.4796,0.4796,0.4796,0.4796,-0.0014,0.0,0.0
512010.OF,易方达沪深300医药卫生ETF,2018-05-09,0.4808,0.4808,0.4808,0.4808,0.0026,0.0,0.0
512010.OF,易方达沪深300医药卫生ETF,2018-05-10,0.4953,0.4953,0.4953,0.4953,0.0302,0.0,0.0
512010.OF,易方达沪深300医药卫生ETF,2018-05-11,0.4847,0.4847,0.4847,0.4847,-0.0216,0.0,0.0
512010.OF,易方达沪深300医药卫生ETF,2018-05-14,0.4889,0.4889,0.4889,0.4889,0.0087,0.0,0.0
512010.OF,易方达沪深300医药卫生ETF,2018-05-15,0.5018,0.5018,0.5018,0.5018,0.0265,0.0,0.0
512010.OF,易方达沪深300医药卫生ETF,2018-05-16,0.5073,0.5073,0.5073,0.5073,0.0109,0.0,0.0
512010.OF,易方达沪深300医药卫生ETF,2018-05-17,0.5012,0.5012,0.5012,0.5012,-0.012,0.0,0.0
512010.OF,易方达沪深300医药卫生ETF,2018-05-18,0.5062,0.5062,0.5062,0.5062,0.0099,0.0,0.0
512010.OF,易方达沪深300医药卫生ETF,2018-05-21,0.5046,0.5046,0.5046,0.5046,-0.0031,0.0,0.0
512010.OF,易方达沪深300医药卫生ETF,2018-05-22,0.5159,0.5159,0.5159,0.5159,0.0224,0.0,0.0
512010.OF,易方达沪深300医药卫生ETF,2018-05-23,0.5151,0.5151,0.5151,0.5151,-0.0016,0.0,0.0
512010.OF,易方达沪深300医药卫生ETF,2018-05-24,0.5163,0.5163,0.5163,0.5163,0.0022,0.0,0.0
512010.OF,易方达沪深300医药卫生ETF,2018-05-25,0.5248,0.5248,0.5248,0.5248,0.0165,0.0,0.0
512010.OF,易方达沪深300医药卫生ETF,2018-05-28,0.5364,0.5364,0.5364,0.5364,0.0221,0.0,0.0
512010.OF,易方达沪深300医药卫生ETF,2018-05-29,0.5096,0.5096,0.5096,0.5096,-0.0499,0.0,0.0
512010.OF,易方达沪深300医药卫生ETF,2018-05-30,0.5068,0.5068,0.5068,0.5068,-0.0056,0.0,0.0
512010.OF,易方达沪深300医药卫生ETF,2018-05-31,0.5226,0.5226,0.5226,0.5226,0.0312,0.0,0.0
512010.OF,易方达沪深300医药卫生ETF,2018-06-01,0.5033,0.5033,0.5033,0.5033,-0.0369,0.0,0.0
512010.OF,易方达沪深300医药卫生ETF,2018-06-04,0.5042,0.5042,0.5042,0.5042,0.0017,0.0,0.0
512010.OF,易方达沪深300医药卫生ETF,2018-06-05,0.5209,0.5209,0.5209,0.5209,0.0331,0.0,0.0
512010.OF,易方达沪深300医药卫生ETF,2018-06-06,0.5257,0.5257,0.5257,0.5257,0.0094,0.0,0.0
512010.OF,易方达沪深300医药卫生ETF,2018-06-07,0.5173,0.5173,0.5173,0.5173,-0.0161,0.0,0.0
512010.OF,易方达沪深300医药卫生ETF,2018-06-08,0.514,0.514,0.514,0.514,-0.0062,0.0,0.0
512010.OF,易方达沪深300医药卫生ETF,2018-06-11,0.5007,0.5007,0.5007,0.5007,-0.0259,0.0,0.0
512010.OF,易方达沪深300医药卫生ETF,2018-06-12,0.5091,0.5091,0.5091,0.5091,0.0168,0.0,0.0
512010.OF,易方达沪深300医药卫生ETF,2018-06-13,0.4999,0.4999,0.4999,0.4999,-0.0181,0.0,0.0
512010.OF,易方达沪深300医药卫生ETF,2018-06-14,0.4949,0.4949,0.4949,0.4949,-0.0101,0.0,0.0
512010.OF,易方达沪深300医药卫生ETF,2018-06-15,0.4882,0.4882,0.4882,0.4882,-0.0134,0.0,0.0
512010.OF,易方达沪深300医药卫生ETF,2018-06-19,0.4787,0.4787,0.4787,0.4787,-0.0196,0.0,0.0
512010.OF,易方达沪深300医药卫生ETF,2018-06-20,0.4926,0.4926,0.4926,0.4926,0.029,0.0,0.0
512010.OF,易方达沪深300医药卫生ETF,2018-06-21,0.4893,0.4893,0.4893,0.4893,-0.0066,0.0,0.0
512010.OF,易方达沪深300医药卫生ETF,2018-06-22,0.4932,0.4932,0.4932,0.4932,0.0081,0.0,0.0
512010.OF,易方达沪深300医药卫生ETF,2018-06-25,0.4955,0.4955,0.4955,0.4955,0.0046,0.0,0.0
512010.OF,易方达沪深300医药卫生ETF,2018-06-26,0.4922,0.4922,0.4922,0.4922,-0.0066,0.0,0.0
512010.OF,易方达沪深300医药卫生ETF,2018-06-27,0.4777,0.4777,0.4777,0.4777,-0.0296,0.0,0.0
512010.OF,易方达沪深300医药卫生ETF,2018-06-28,0.4704,0.4704,0.4704,0.4704,-0.0153,0.0,0.0
512010.OF,易方达沪深300医药卫生ETF,2018-06-29,0.4864,0.4864,0.4864,0.4864,0.034,0.0,0.0
512010.OF,易方达沪深300医药卫生ETF,2018-06-30,0.4864,0.4864,0.4864,0.4864,0.0,0.0,0.0
512010.OF,易方达沪深300医药卫生ETF,2018-07-02,0.4845,0.4845,0.4845,0.4845,-0.0038,0.0,0.0
512010.OF,易方达沪深300医药卫生ETF,2018-07-03,0.4767,0.4767,0.4767,0.4767,-0.0161,0.0,0.0
512010.OF,易方达沪深300医药卫生ETF,2018-07-04,0.4671,0.4671,0.4671,0.4671,-0.0201,0.0,0.0
512010.OF,易方达沪深300医药卫生ETF,2018-07-05,0.4593,0.4593,0.4593,0.4593,-0.0168,0.0,0.0
512010.OF,易方达沪深300医药卫生ETF,2018-07-06,0.4642,0.4642,0.4642,0.4642,0.0107,0.0,0.0
512010.OF,易方达沪深300医药卫生ETF,2018-07-09,0.4799,0.4799,0.4799,0.4799,0.0339,0.0,0.0
512010.OF,易方达沪深300医药卫生ETF,2018-07-10,0.4829,0.4829,0.4829,0.4829,0.0061,0.0,0.0
512010.OF,易方达沪深300医药卫生ETF,2018-07-11,0.4819,0.4819,0.4819,0.4819,-0.0019,0.0,0.0
512010.OF,易方达沪深300医药卫生ETF,2018-07-12,0.4925,0.4925,0.4925,0.4925,0.0219,0.0,0.0
512010.OF,易方达沪深300医药卫生ETF,2018-07-13,0.5012,0.5012,0.5012,0.5012,0.0177,0.0,0.0
512010.OF,易方达沪深300医药卫生ETF,2018-07-16,0.505,0.505,0.505,0.505,0.0075,0.0,0.0
512010.OF,易方达沪深300医药卫生ETF,2018-07-17,0.4959,0.4959,0.4959,0.4959,-0.018,0.0,0.0
512010.OF,易方达沪深300医药卫生ETF,2018-07-18,0.4967,0.4967,0.4967,0.4967,0.0015,0.0,0.0
512010.OF,易方达沪深300医药卫生ETF,2018-07-19,0.4879,0.4879,0.4879,0.4879,-0.0176,0.0,0.0
512010.OF,易方达沪深300医药卫生ETF,2018-07-20,0.4897,0.4897,0.4897,0.4897,0.0036,0.0,0.0
512010.OF,易方达沪深300医药卫生ETF,2018-07-23,0.4699,0.4699,0.4699,0.4699,-0.0404,0.0,0.0
512010.OF,易方达沪深300医药卫生ETF,2018-07-24,0.4747,0.4747,0.4747,0.4747,0.0103,0.0,0.0
512010.OF,易方达沪深300医药卫生ETF,2018-07-25,0.4813,0.4813,0.4813,0.4813,0.0137,0.0,0.0
512010.OF,易方达沪深300医药卫生ETF,2018-07-26,0.4758,0.4758,0.4758,0.4758,-0.0113,0.0,0.0
512010.OF,易方达沪深300医药卫生ETF,2018-07-27,0.4713,0.4713,0.4713,0.4713,-0.0095,0.0,0.0
512010.OF,易方达沪深300医药卫生ETF,2018-07-30,0.4582,0.4582,0.4582,0.4582,-0.0278,0.0,0.0
512010.OF,易方达沪深300医药卫生ETF,2018-07-31,0.4594,0.4594,0.4594,0.4594,0.0026,0.0,0.0
512010.OF,易方达沪深300医药卫生ETF,2018-08-01,0.4518,0.4518,0.4518,0.4518,-0.0166,0.0,0.0
512010.OF,易方达沪深300医药卫生ETF,2018-08-02,0.4522,0.4522,0.4522,0.4522,0.0011,0.0,0.0
512010.OF,易方达沪深300医药卫生ETF,2018-08-03,0.4375,0.4375,0.4375,0.4375,-0.0326,0.0,0.0
512010.OF,易方达沪深300医药卫生ETF,2018-08-06,0.4202,0.4202,0.4202,0.4202,-0.0396,0.0,0.0
512010.OF,易方达沪深300医药卫生ETF,2018-08-07,0.4298,0.4298,0.4298,0.4298,0.0229,0.0,0.0
512010.OF,易方达沪深300医药卫生ETF,2018-08-08,0.4204,0.4204,0.4204,0.4204,-0.0219,0.0,0.0
512010.OF,易方达沪深300医药卫生ETF,2018-08-09,0.4364,0.4364,0.4364,0.4364,0.038,0.0,0.0
512010.OF,易方达沪深300医药卫生ETF,2018-08-10,0.4468,0.4468,0.4468,0.4468,0.0239,0.0,0.0
512010.OF,易方达沪深300医药卫生ETF,2018-08-13,0.4483,0.4483,0.4483,0.4483,0.0034,0.0,0.0
512010.OF,易方达沪深300医药卫生ETF,2018-08-14,0.4478,0.4478,0.4478,0.4478,-0.001,0.0,0.0
512010.OF,易方达沪深300医药卫生ETF,2018-08-15,0.431,0.431,0.431,0.431,-0.0377,0.0,0.0
512010.OF,易方达沪深300医药卫生ETF,2018-08-16,0.4294,0.4294,0.4294,0.4294,-0.0035,0.0,0.0
512010.OF,易方达沪深300医药卫生ETF,2018-08-17,0.4159,0.4159,0.4159,0.4159,-0.0316,0.0,0.0
512010.OF,易方达沪深300医药卫生ETF,2018-08-20,0.4079,0.4079,0.4079,0.4079,-0.0192,0.0,0.0
512010.OF,易方达沪深300医药卫生ETF,2018-08-21,0.4255,0.4255,0.4255,0.4255,0.0432,0.0,0.0
512010.OF,易方达沪深300医药卫生ETF,2018-08-22,0.4227,0.4227,0.4227,0.4227,-0.0066,0.0,0.0
512010.OF,易方达沪深300医药卫生ETF,2018-08-23,0.426,0.426,0.426,0.426,0.0078,0.0,0.0
512010.OF,易方达沪深300医药卫生ETF,2018-08-24,0.4268,0.4268,0.4268,0.4268,0.0019,0.0,0.0
512010.OF,易方达沪深300医药卫生ETF,2018-08-27,0.4431,0.4431,0.4431,0.4431,0.0383,0.0,0.0
512010.OF,易方达沪深300医药卫生ETF,2018-08-28,0.442,0.442,0.442,0.442,-0.0025,0.0,0.0
512010.OF,易方达沪深300医药卫生ETF,2018-08-29,0.4397,0.4397,0.4397,0.4397,-0.0053,0.0,0.0
512010.OF,易方达沪深300医药卫生ETF,2018-08-30,0.4341,0.4341,0.4341,0.4341,-0.0127,0.0,0.0
512010.OF,易方达沪深300医药卫生ETF,2018-08-31,0.4242,0.4242,0.4242,0.4242,-0.0226,0.0,0.0
512010.OF,易方达沪深300医药卫生ETF,2018-09-03,0.423,0.423,0.423,0.423,-0.0029,0.0,0.0
512010.OF,易方达沪深300医药卫生ETF,2018-09-04,0.4252,0.4252,0.4252,0.4252,0.0051,0.0,0.0
512010.OF,易方达沪深300医药卫生ETF,2018-09-05,0.4208,0.4208,0.4208,0.4208,-0.0103,0.0,0.0
512010.OF,易方达沪深300医药卫生ETF,2018-09-06,0.415,0.415,0.415,0.415,-0.0137,0.0,0.0
512010.OF,易方达沪深300医药卫生ETF,2018-09-07,0.4227,0.4227,0.4227,0.4227,0.0186,0.0,0.0
512010.OF,易方达沪深300医药卫生ETF,2018-09-10,0.415,0.415,0.415,0.415,-0.0183,0.0,0.0
512010.OF,易方达沪深300医药卫生ETF,2018-09-11,0.4173,0.4173,0.4173,0.4173,0.0055,0.0,0.0
512010.OF,易方达沪深300医药卫生ETF,2018-09-12,0.4055,0.4055,0.4055,0.4055,-0.0282,0.0,0.0
512010.OF,易方达沪深300医药卫生ETF,2018-09-13,0.3981,0.3981,0.3981,0.3981,-0.0183,0.0,0.0
512010.OF,易方达沪深300医药卫生ETF,2018-09-14,0.3955,0.3955,0.3955,0.3955,-0.0065,0.0,0.0
512010.OF,易方达沪深300医药卫生ETF,2018-09-17,0.3859,0.3859,0.3859,0.3859,-0.0243,0.0,0.0
512010.OF,易方达沪深300医药卫生ETF,2018-09-18,0.3943,0.3943,0.3943,0.3943,0.0218,0.0,0.0
512010.OF,易方达沪深300医药卫生ETF,2018-09-19,0.4009,0.4009,0.4009,0.4009,0.0166,0.0,0.0
512010.OF,易方达沪深300医药卫生ETF,2018-09-20,0.3993,0.3993,0.3993,0.3993,-0.004,0.0,0.0
512010.OF,易方达沪深300医药卫生ETF,2018-09-21,0.4085,0.4085,0.4085,0.4085,0.0232,0.0,0.0
512010.OF,易方达沪深300医药卫生ETF,2018-09-25,0.4089,0.4089,0.4089,0.4089,0.001,0.0,0.0
512010.OF,易方达沪深300医药卫生ETF,2018-09-26,0.4163,0.4163,0.4163,0.4163,0.018,0.0,0.0
512010.OF,易方达沪深300医药卫生ETF,2018-09-27,0.4191,0.4191,0.4191,0.4191,0.0068,0.0,0.0
512010.OF,易方达沪深300医药卫生ETF,2018-09-28,0.4238,0.4238,0.4238,0.4238,0.0111,0.0,0.0
512010.OF,易方达沪深300医药卫生ETF,2018-09-30,0.4238,0.4238,0.4238,0.4238,-0.0001,0.0,0.0
512010.OF,易方达沪深300医药卫生ETF,2018-10-08,0.4044,0.4044,0.4044,0.4044,-0.0458,0.0,0.0
512010.OF,易方达沪深300医药卫生ETF,2018-10-09,0.4042,0.4042,0.4042,0.4042,-0.0005,0.0,0.0
512010.OF,易方达沪深300医药卫生ETF,2018-10-10,0.3994,0.3994,0.3994,0.3994,-0.0117,0.0,0.0
512010.OF,易方达沪深300医药卫生ETF,2018-10-11,0.3855,0.3855,0.3855,0.3855,-0.0348,0.0,0.0
512010.OF,易方达沪深300医药卫生ETF,2018-10-12,0.3909,0.3909,0.3909,0.3909,0.0139,0.0,0.0
512010.OF,易方达沪深300医药卫生ETF,2018-10-15,0.3886,0.3886,0.3886,0.3886,-0.006,0.0,0.0
512010.OF,易方达沪深300医药卫生ETF,2018-10-16,0.3817,0.3817,0.3817,0.3817,-0.0176,0.0,0.0
512010.OF,易方达沪深300医药卫生ETF,2018-10-17,0.3781,0.3781,0.3781,0.3781,-0.0094,0.0,0.0
512010.OF,易方达沪深300医药卫生ETF,2018-10-18,0.3635,0.3635,0.3635,0.3635,-0.0385,0.0,0.0
512010.OF,易方达沪深300医药卫生ETF,2018-10-19,0.3689,0.3689,0.3689,0.3689,0.0147,0.0,0.0
512010.OF,易方达沪深300医药卫生ETF,2018-10-22,0.3876,0.3876,0.3876,0.3876,0.0507,0.0,0.0
512010.OF,易方达沪深300医药卫生ETF,2018-10-23,0.3777,0.3777,0.3777,0.3777,-0.0255,0.0,0.0
512010.OF,易方达沪深300医药卫生ETF,2018-10-24,0.3708,0.3708,0.3708,0.3708,-0.0184,0.0,0.0
512010.OF,易方达沪深300医药卫生ETF,2018-10-25,0.3654,0.3654,0.3654,0.3654,-0.0146,0.0,0.0
512010.OF,易方达沪深300医药卫生ETF,2018-10-26,0.3621,0.3621,0.3621,0.3621,-0.009,0.0,0.0
512010.OF,易方达沪深300医药卫生ETF,2018-10-29,0.3526,0.3526,0.3526,0.3526,-0.0262,0.0,0.0
512010.OF,易方达沪深300医药卫生ETF,2018-10-30,0.3585,0.3585,0.3585,0.3585,0.0169,0.0,0.0
512010.OF,易方达沪深300医药卫生ETF,2018-10-31,0.3696,0.3696,0.3696,0.3696,0.0308,0.0,0.0
512010.OF,易方达沪深300医药卫生ETF,2018-11-01,0.3733,0.3733,0.3733,0.3733,0.01,0.0,0.0
512010.OF,易方达沪深300医药卫生ETF,2018-11-02,0.3927,0.3927,0.3927,0.3927,0.0519,0.0,0.0
512010.OF,易方达沪深300医药卫生ETF,2018-11-05,0.3886,0.3886,0.3886,0.3886,-0.0104,0.0,0.0
512010.OF,易方达沪深300医药卫生ETF,2018-11-06,0.3897,0.3897,0.3897,0.3897,0.003,0.0,0.0
512010.OF,易方达沪深300医药卫生ETF,2018-11-07,0.3877,0.3877,0.3877,0.3877,-0.0053,0.0,0.0
512010.OF,易方达沪深300医药卫生ETF,2018-11-08,0.3882,0.3882,0.3882,0.3882,0.0014,0.0,0.0
512010.OF,易方达沪深300医药卫生ETF,2018-11-09,0.3853,0.3853,0.3853,0.3853,-0.0075,0.0,0.0
512010.OF,易方达沪深300医药卫生ETF,2018-11-12,0.39,0.39,0.39,0.39,0.0121,0.0,0.0
512010.OF,易方达沪深300医药卫生ETF,2018-11-13,0.394,0.394,0.394,0.394,0.0103,0.0,0.0
512010.OF,易方达沪深300医药卫生ETF,2018-11-14,0.3901,0.3901,0.3901,0.3901,-0.0098,0.0,0.0
512010.OF,易方达沪深300医药卫生ETF,2018-11-15,0.3912,0.3912,0.3912,0.3912,0.0029,0.0,0.0
512010.OF,易方达沪深300医药卫生ETF,2018-11-16,0.3851,0.3851,0.3851,0.3851,-0.0157,0.0,0.0
512010.OF,易方达沪深300医药卫生ETF,2018-11-19,0.3893,0.3893,0.3893,0.3893,0.011,0.0,0.0
512010.OF,易方达沪深300医药卫生ETF,2018-11-20,0.384,0.384,0.384,0.384,-0.0137,0.0,0.0
512010.OF,易方达沪深300医药卫生ETF,2018-11-21,0.39,0.39,0.39,0.39,0.0156,0.0,0.0
512010.OF,易方达沪深300医药卫生ETF,2018-11-22,0.3894,0.3894,0.3894,0.3894,-0.0015,0.0,0.0
512010.OF,易方达沪深300医药卫生ETF,2018-11-23,0.3819,0.3819,0.3819,0.3819,-0.0194,0.0,0.0
512010.OF,易方达沪深300医药卫生ETF,2018-11-26,0.3806,0.3806,0.3806,0.3806,-0.0033,0.0,0.0
512010.OF,易方达沪深300医药卫生ETF,2018-11-27,0.3815,0.3815,0.3815,0.3815,0.0024,0.0,0.0
512010.OF,易方达沪深300医药卫生ETF,2018-11-28,0.3832,0.3832,0.3832,0.3832,0.0044,0.0,0.0
512010.OF,易方达沪深300医药卫生ETF,2018-11-29,0.3811,0.3811,0.3811,0.3811,-0.0054,0.0,0.0
512010.OF,易方达沪深300医药卫生ETF,2018-11-30,0.3861,0.3861,0.3861,0.3861,0.013,0.0,0.0
512010.OF,易方达沪深300医药卫生ETF,2018-12-03,0.3982,0.3982,0.3982,0.3982,0.0314,0.0,0.0
512010.OF,易方达沪深300医药卫生ETF,2018-12-04,0.4017,0.4017,0.4017,0.4017,0.0089,0.0,0.0
512010.OF,易方达沪深300医药卫生ETF,2018-12-05,0.4049,0.4049,0.4049,0.4049,0.0078,0.0,0.0
512010.OF,易方达沪深300医药卫生ETF,2018-12-06,0.3862,0.3862,0.3862,0.3862,-0.046,0.0,0.0
512010.OF,易方达沪深300医药卫生ETF,2018-12-07,0.3708,0.3708,0.3708,0.3708,-0.04,0.0,0.0
512010.OF,易方达沪深300医药卫生ETF,2018-12-10,0.3649,0.3649,0.3649,0.3649,-0.0158,0.0,0.0
512010.OF,易方达沪深300医药卫生ETF,2018-12-11,0.3689,0.3689,0.3689,0.3689,0.0108,0.0,0.0
512010.OF,易方达沪深300医药卫生ETF,2018-12-12,0.3648,0.3648,0.3648,0.3648,-0.011,0.0,0.0
512010.OF,易方达沪深300医药卫生ETF,2018-12-13,0.3686,0.3686,0.3686,0.3686,0.0105,0.0,0.0
512010.OF,易方达沪深300医药卫生ETF,2018-12-14,0.3581,0.3581,0.3581,0.3581,-0.0286,0.0,0.0
512010.OF,易方达沪深300医药卫生ETF,2018-12-17,0.352,0.352,0.352,0.352,-0.0171,0.0,0.0
512010.OF,易方达沪深300医药卫生ETF,2018-12-18,0.3488,0.3488,0.3488,0.3488,-0.0091,0.0,0.0
512010.OF,易方达沪深300医药卫生ETF,2018-12-19,0.3376,0.3376,0.3376,0.3376,-0.0321,0.0,0.0
512010.OF,易方达沪深300医药卫生ETF,2018-12-20,0.3333,0.3333,0.3333,0.3333,-0.0126,0.0,0.0
512010.OF,易方达沪深300医药卫生ETF,2018-12-21,0.3256,0.3256,0.3256,0.3256,-0.023,0.0,0.0
512010.OF,易方达沪深300医药卫生ETF,2018-12-24,0.3338,0.3338,0.3338,0.3338,0.0251,0.0,0.0
512010.OF,易方达沪深300医药卫生ETF,2018-12-25,0.3344,0.3344,0.3344,0.3344,0.0018,0.0,0.0
512010.OF,易方达沪深300医药卫生ETF,2018-12-26,0.3327,0.3327,0.3327,0.3327,-0.0052,0.0,0.0
512010.OF,易方达沪深300医药卫生ETF,2018-12-27,0.3298,0.3298,0.3298,0.3298,-0.0086,0.0,0.0
512010.OF,易方达沪深300医药卫生ETF,2018-12-28,0.3323,0.3323,0.3323,0.3323,0.0075,0.0,0.0
512010.OF,易方达沪深300医药卫生ETF,2018-12-31,0.3322,0.3322,0.3322,0.3322,-0.0001,0.0,0.0
512010.OF,易方达沪深300医药卫生ETF,2019-01-02,0.3198,0.3198,0.3198,0.3198,-0.0374,0.0,0.0
512010.OF,易方达沪深300医药卫生ETF,2019-01-03,0.3109,0.3109,0.3109,0.3109,-0.0278,0.0,0.0
512010.OF,易方达沪深300医药卫生ETF,2019-01-04,0.3206,0.3206,0.3206,0.3206,0.0311,0.0,0.0
512010.OF,易方达沪深300医药卫生ETF,2019-01-07,0.3214,0.3214,0.3214,0.3214,0.0026,0.0,0.0
512010.OF,易方达沪深300医药卫生ETF,2019-01-08,0.3226,0.3226,0.3226,0.3226,0.0037,0.0,0.0
512010.OF,易方达沪深300医药卫生ETF,2019-01-09,0.327,0.327,0.327,0.327,0.0135,0.0,0.0
512010.OF,易方达沪深300医药卫生ETF,2019-01-10,0.3256,0.3256,0.3256,0.3256,-0.0043,0.0,0.0
512010.OF,易方达沪深300医药卫生ETF,2019-01-11,0.3246,0.3246,0.3246,0.3246,-0.003,0.0,0.0
512010.OF,易方达沪深300医药卫生ETF,2019-01-14,0.3175,0.3175,0.3175,0.3175,-0.0218,0.0,0.0
512010.OF,易方达沪深300医药卫生ETF,2019-01-15,0.3273,0.3273,0.3273,0.3273,0.0309,0.0,0.0
512010.OF,易方达沪深300医药卫生ETF,2019-01-16,0.3324,0.3324,0.3324,0.3324,0.0156,0.0,0.0
512010.OF,易方达沪深300医药卫生ETF,2019-01-17,0.3312,0.3312,0.3312,0.3312,-0.0038,0.0,0.0
512010.OF,易方达沪深300医药卫生ETF,2019-01-18,0.3405,0.3405,0.3405,0.3405,0.0282,0.0,0.0
512010.OF,易方达沪深300医药卫生ETF,2019-01-21,0.3418,0.3418,0.3418,0.3418,0.0037,0.0,0.0
512010.OF,易方达沪深300医药卫生ETF,2019-01-22,0.335,0.335,0.335,0.335,-0.02,0.0,0.0
512010.OF,易方达沪深300医药卫生ETF,2019-01-23,0.3354,0.3354,0.3354,0.3354,0.0014,0.0,0.0
512010.OF,易方达沪深300医药卫生ETF,2019-01-24,0.3373,0.3373,0.3373,0.3373,0.0055,0.0,0.0
512010.OF,易方达沪深300医药卫生ETF,2019-01-25,0.3368,0.3368,0.3368,0.3368,-0.0015,0.0,0.0
512010.OF,易方达沪深300医药卫生ETF,2019-01-28,0.3307,0.3307,0.3307,0.3307,-0.0181,0.0,0.0
512010.OF,易方达沪深300医药卫生ETF,2019-01-29,0.3337,0.3337,0.3337,0.3337,0.0091,0.0,0.0
512010.OF,易方达沪深300医药卫生ETF,2019-01-30,0.3312,0.3312,0.3312,0.3312,-0.0075,0.0,0.0
512010.OF,易方达沪深300医药卫生ETF,2019-01-31,0.332,0.332,0.332,0.332,0.0023,0.0,0.0
512010.OF,易方达沪深300医药卫生ETF,2019-02-01,0.3431,0.3431,0.3431,0.3431,0.0337,0.0,0.0
512010.OF,易方达沪深300医药卫生ETF,2019-02-11,0.3507,0.3507,0.3507,0.3507,0.0221,0.0,0.0
512010.OF,易方达沪深300医药卫生ETF,2019-02-12,0.3604,0.3604,0.3604,0.3604,0.0277,0.0,0.0
512010.OF,易方达沪深300医药卫生ETF,2019-02-13,0.3656,0.3656,0.3656,0.3656,0.0143,0.0,0.0
512010.OF,易方达沪深300医药卫生ETF,2019-02-14,0.3665,0.3665,0.3665,0.3665,0.0025,0.0,0.0
512010.OF,易方达沪深300医药卫生ETF,2019-02-15,0.3605,0.3605,0.3605,0.3605,-0.0163,0.0,0.0
512010.OF,易方达沪深300医药卫生ETF,2019-02-18,0.3747,0.3747,0.3747,0.3747,0.0394,0.0,0.0
512010.OF,易方达沪深300医药卫生ETF,2019-02-19,0.3696,0.3696,0.3696,0.3696,-0.0137,0.0,0.0
512010.OF,易方达沪深300医药卫生ETF,2019-02-20,0.3653,0.3653,0.3653,0.3653,-0.0116,0.0,0.0
512010.OF,易方达沪深300医药卫生ETF,2019-02-21,0.364,0.364,0.364,0.364,-0.0036,0.0,0.0
512010.OF,易方达沪深300医药卫生ETF,2019-02-22,0.3683,0.3683,0.3683,0.3683,0.0119,0.0,0.0
512010.OF,易方达沪深300医药卫生ETF,2019-02-25,0.3806,0.3806,0.3806,0.3806,0.0335,0.0,0.0
512010.OF,易方达沪深300医药卫生ETF,2019-02-26,0.3848,0.3848,0.3848,0.3848,0.0108,0.0,0.0
512010.OF,易方达沪深300医药卫生ETF,2019-02-27,0.3822,0.3822,0.3822,0.3822,-0.0066,0.0,0.0
512010.OF,易方达沪深300医药卫生ETF,2019-02-28,0.3911,0.3911,0.3911,0.3911,0.0234,0.0,0.0
512010.OF,易方达沪深300医药卫生ETF,2019-03-01,0.3932,0.3932,0.3932,0.3932,0.0054,0.0,0.0
512010.OF,易方达沪深300医药卫生ETF,2019-03-04,0.3974,0.3974,0.3974,0.3974,0.0105,0.0,0.0
512010.OF,易方达沪深300医药卫生ETF,2019-03-05,0.4,0.4,0.4,0.4,0.0066,0.0,0.0
512010.OF,易方达沪深300医药卫生ETF,2019-03-06,0.3992,0.3992,0.3992,0.3992,-0.0019,0.0,0.0
512010.OF,易方达沪深300医药卫生ETF,2019-03-07,0.3952,0.3952,0.3952,0.3952,-0.0101,0.0,0.0
512010.OF,易方达沪深300医药卫生ETF,2019-03-08,0.3886,0.3886,0.3886,0.3886,-0.0166,0.0,0.0
512010.OF,易方达沪深300医药卫生ETF,2019-03-11,0.4,0.4,0.4,0.4,0.0295,0.0,0.0
512010.OF,易方达沪深300医药卫生ETF,2019-03-12,0.4004,0.4004,0.4004,0.4004,0.0008,0.0,0.0
512010.OF,易方达沪深300医药卫生ETF,2019-03-13,0.3991,0.3991,0.3991,0.3991,-0.0031,0.0,0.0
512010.OF,易方达沪深300医药卫生ETF,2019-03-14,0.3965,0.3965,0.3965,0.3965,-0.0065,0.0,0.0
512010.OF,易方达沪深300医药卫生ETF,2019-03-15,0.4023,0.4023,0.4023,0.4023,0.0145,0.0,0.0
512010.OF,易方达沪深300医药卫生ETF,2019-03-18,0.4195,0.4195,0.4195,0.4195,0.0429,0.0,0.0
512010.OF,易方达沪深300医药卫生ETF,2019-03-19,0.4135,0.4135,0.4135,0.4135,-0.0144,0.0,0.0
512010.OF,易方达沪深300医药卫生ETF,2019-03-20,0.4122,0.4122,0.4122,0.4122,-0.0032,0.0,0.0
512010.OF,易方达沪深300医药卫生ETF,2019-03-21,0.4122,0.4122,0.4122,0.4122,0.0001,0.0,0.0
512010.OF,易方达沪深300医药卫生ETF,2019-03-22,0.4172,0.4172,0.4172,0.4172,0.0121,0.0,0.0
512010.OF,易方达沪深300医药卫生ETF,2019-03-25,0.4077,0.4077,0.4077,0.4077,-0.0228,0.0,0.0
512010.OF,易方达沪深300医药卫生ETF,2019-03-26,0.4018,0.4018,0.4018,0.4018,-0.0144,0.0,0.0
512010.OF,易方达沪深300医药卫生ETF,2019-03-27,0.4146,0.4146,0.4146,0.4146,0.0317,0.0,0.0
512010.OF,易方达沪深300医药卫生ETF,2019-03-28,0.4165,0.4165,0.4165,0.4165,0.0046,0.0,0.0
512010.OF,易方达沪深300医药卫生ETF,2019-03-29,0.4269,0.4269,0.4269,0.4269,0.0249,0.0,0.0
512010.OF,易方达沪深300医药卫生ETF,2019-03-31,0.4268,0.4268,0.4268,0.4268,-0.0001,0.0,0.0
512010.OF,易方达沪深300医药卫生ETF,2019-04-01,0.4355,0.4355,0.4355,0.4355,0.0204,0.0,0.0
512010.OF,易方达沪深300医药卫生ETF,2019-04-02,0.432,0.432,0.432,0.432,-0.0082,0.0,0.0
512010.OF,易方达沪深300医药卫生ETF,2019-04-03,0.4331,0.4331,0.4331,0.4331,0.0025,0.0,0.0
512010.OF,易方达沪深300医药卫生ETF,2019-04-04,0.4346,0.4346,0.4346,0.4346,0.0035,0.0,0.0
512010.OF,易方达沪深300医药卫生ETF,2019-04-08,0.43,0.43,0.43,0.43,-0.0105,0.0,0.0
512010.OF,易方达沪深300医药卫生ETF,2019-04-09,0.4378,0.4378,0.4378,0.4378,0.018,0.0,0.0
512010.OF,易方达沪深300医药卫生ETF,2019-04-10,0.4438,0.4438,0.4438,0.4438,0.0137,0.0,0.0
512010.OF,易方达沪深300医药卫生ETF,2019-04-11,0.4308,0.4308,0.4308,0.4308,-0.0292,0.0,0.0
512010.OF,易方达沪深300医药卫生ETF,2019-04-12,0.4288,0.4288,0.4288,0.4288,-0.0046,0.0,0.0
512010.OF,易方达沪深300医药卫生ETF,2019-04-15,0.4236,0.4236,0.4236,0.4236,-0.0121,0.0,0.0
512010.OF,易方达沪深300医药卫生ETF,2019-04-16,0.4312,0.4312,0.4312,0.4312,0.0179,0.0,0.0
512010.OF,易方达沪深300医药卫生ETF,2019-04-17,0.431,0.431,0.431,0.431,-0.0006,0.0,0.0
512010.OF,易方达沪深300医药卫生ETF,2019-04-18,0.4284,0.4284,0.4284,0.4284,-0.0061,0.0,0.0
512010.OF,易方达沪深300医药卫生ETF,2019-04-19,0.4302,0.4302,0.4302,0.4302,0.0044,0.0,0.0
512010.OF,易方达沪深300医药卫生ETF,2019-04-22,0.4242,0.4242,0.4242,0.4242,-0.014,0.0,0.0
512010.OF,易方达沪深300医药卫生ETF,2019-04-23,0.4243,0.4243,0.4243,0.4243,0.0001,0.0,0.0
512010.OF,易方达沪深300医药卫生ETF,2019-04-24,0.4259,0.4259,0.4259,0.4259,0.0038,0.0,0.0
512010.OF,易方达沪深300医药卫生ETF,2019-04-25,0.4223,0.4223,0.4223,0.4223,-0.0083,0.0,0.0
512010.OF,易方达沪深300医药卫生ETF,2019-04-26,0.4144,0.4144,0.4144,0.4144,-0.0188,0.0,0.0
512010.OF,易方达沪深300医药卫生ETF,2019-04-29,0.4229,0.4229,0.4229,0.4229,0.0205,0.0,0.0
512010.OF,易方达沪深300医药卫生ETF,2019-04-30,0.4233,0.4233,0.4233,0.4233,0.0011,0.0,0.0
512010.OF,易方达沪深300医药卫生ETF,2019-05-06,0.401,0.401,0.401,0.401,-0.0528,0.0,0.0
512010.OF,易方达沪深300医药卫生ETF,2019-05-07,0.4086,0.4086,0.4086,0.4086,0.019,0.0,0.0
512010.OF,易方达沪深300医药卫生ETF,2019-05-08,0.4035,0.4035,0.4035,0.4035,-0.0125,0.0,0.0
512010.OF,易方达沪深300医药卫生ETF,2019-05-09,0.3919,0.3919,0.3919,0.3919,-0.0286,0.0,0.0
512010.OF,易方达沪深300医药卫生ETF,2019-05-10,0.4026,0.4026,0.4026,0.4026,0.0271,0.0,0.0
512010.OF,易方达沪深300医药卫生ETF,2019-05-13,0.4013,0.4013,0.4013,0.4013,-0.0032,0.0,0.0
512010.OF,易方达沪深300医药卫生ETF,2019-05-14,0.3975,0.3975,0.3975,0.3975,-0.0094,0.0,0.0
512010.OF,易方达沪深300医药卫生ETF,2019-05-15,0.4084,0.4084,0.4084,0.4084,0.0274,0.0,0.0
512010.OF,易方达沪深300医药卫生ETF,2019-05-16,0.4107,0.4107,0.4107,0.4107,0.0056,0.0,0.0
512010.OF,易方达沪深300医药卫生ETF,2019-05-17,0.4003,0.4003,0.4003,0.4003,-0.0253,0.0,0.0
512010.OF,易方达沪深300医药卫生ETF,2019-05-20,0.3928,0.3928,0.3928,0.3928,-0.0187,0.0,0.0
512010.OF,易方达沪深300医药卫生ETF,2019-05-21,0.399,0.399,0.399,0.399,0.0157,0.0,0.0
512010.OF,易方达沪深300医药卫生ETF,2019-05-22,0.3979,0.3979,0.3979,0.3979,-0.0027,0.0,0.0
512010.OF,易方达沪深300医药卫生ETF,2019-05-23,0.3885,0.3885,0.3885,0.3885,-0.0236,0.0,0.0
512010.OF,易方达沪深300医药卫生ETF,2019-05-24,0.3882,0.3882,0.3882,0.3882,-0.0009,0.0,0.0
512010.OF,易方达沪深300医药卫生ETF,2019-05-27,0.3922,0.3922,0.3922,0.3922,0.0104,0.0,0.0
512010.OF,易方达沪深300医药卫生ETF,2019-05-28,0.3977,0.3977,0.3977,0.3977,0.014,0.0,0.0
512010.OF,易方达沪深300医药卫生ETF,2019-05-29,0.3946,0.3946,0.3946,0.3946,-0.0079,0.0,0.0
512010.OF,易方达沪深300医药卫生ETF,2019-05-30,0.392,0.392,0.392,0.392,-0.0066,0.0,0.0
512010.OF,易方达沪深300医药卫生ETF,2019-05-31,0.3935,0.3935,0.3935,0.3935,0.004,0.0,0.0
512010.OF,易方达沪深300医药卫生ETF,2019-06-03,0.3938,0.3938,0.3938,0.3938,0.0007,0.0,0.0
512010.OF,易方达沪深300医药卫生ETF,2019-06-04,0.3872,0.3872,0.3872,0.3872,-0.0166,0.0,0.0
512010.OF,易方达沪深300医药卫生ETF,2019-06-05,0.3729,0.3729,0.3729,0.3729,-0.0371,0.0,0.0
512010.OF,易方达沪深300医药卫生ETF,2019-06-06,0.3689,0.3689,0.3689,0.3689,-0.0106,0.0,0.0
512010.OF,易方达沪深300医药卫生ETF,2019-06-10,0.3724,0.3724,0.3724,0.3724,0.0095,0.0,0.0
512010.OF,易方达沪深300医药卫生ETF,2019-06-11,0.3832,0.3832,0.3832,0.3832,0.0289,0.0,0.0
512010.OF,易方达沪深300医药卫生ETF,2019-06-12,0.3819,0.3819,0.3819,0.3819,-0.0034,0.0,0.0
512010.OF,易方达沪深300医药卫生ETF,2019-06-13,0.3836,0.3836,0.3836,0.3836,0.0044,0.0,0.0
512010.OF,易方达沪深300医药卫生ETF,2019-06-14,0.3834,0.3834,0.3834,0.3834,-0.0005,0.0,0.0
512010.OF,易方达沪深300医药卫生ETF,2019-06-17,0.3849,0.3849,0.3849,0.3849,0.004,0.0,0.0
512010.OF,易方达沪深300医药卫生ETF,2019-06-18,0.3871,0.3871,0.3871,0.3871,0.0057,0.0,0.0
512010.OF,易方达沪深300医药卫生ETF,2019-06-19,0.393,0.393,0.393,0.393,0.0151,0.0,0.0
512010.OF,易方达沪深300医药卫生ETF,2019-06-20,0.4003,0.4003,0.4003,0.4003,0.0186,0.0,0.0
512010.OF,易方达沪深300医药卫生ETF,2019-06-21,0.402,0.402,0.402,0.402,0.0043,0.0,0.0
512010.OF,易方达沪深300医药卫生ETF,2019-06-24,0.4034,0.4034,0.4034,0.4034,0.0034,0.0,0.0
512010.OF,易方达沪深300医药卫生ETF,2019-06-25,0.4028,0.4028,0.4028,0.4028,-0.0014,0.0,0.0
512010.OF,易方达沪深300医药卫生ETF,2019-06-26,0.4068,0.4068,0.4068,0.4068,0.0099,0.0,0.0
512010.OF,易方达沪深300医药卫生ETF,2019-06-27,0.4103,0.4103,0.4103,0.4103,0.0085,0.0,0.0
512010.OF,易方达沪深300医药卫生ETF,2019-06-28,0.4088,0.4088,0.4088,0.4088,-0.0037,0.0,0.0
512010.OF,易方达沪深300医药卫生ETF,2019-06-30,0.4088,0.4088,0.4088,0.4088,-0.0001,0.0,0.0
512010.OF,易方达沪深300医药卫生ETF,2019-07-01,0.4213,0.4213,0.4213,0.4213,0.0307,0.0,0.0
512010.OF,易方达沪深300医药卫生ETF,2019-07-02,0.4268,0.4268,0.4268,0.4268,0.013,0.0,0.0
512010.OF,易方达沪深300医药卫生ETF,2019-07-03,0.42,0.42,0.42,0.42,-0.016,0.0,0.0
512010.OF,易方达沪深300医药卫生ETF,2019-07-04,0.4119,0.4119,0.4119,0.4119,-0.0191,0.0,0.0
512010.OF,易方达沪深300医药卫生ETF,2019-07-05,0.4191,0.4191,0.4191,0.4191,0.0173,0.0,0.0
512010.OF,易方达沪深300医药卫生ETF,2019-07-08,0.411,0.411,0.411,0.411,-0.0193,0.0,0.0
512010.OF,易方达沪深300医药卫生ETF,2019-07-09,0.4098,0.4098,0.4098,0.4098,-0.0028,0.0,0.0
512010.OF,易方达沪深300医药卫生ETF,2019-07-10,0.412,0.412,0.412,0.412,0.0053,0.0,0.0
512010.OF,易方达沪深300医药卫生ETF,2019-07-11,0.4108,0.4108,0.4108,0.4108,-0.0028,0.0,0.0
512010.OF,易方达沪深300医药卫生ETF,2019-07-12,0.4127,0.4127,0.4127,0.4127,0.0046,0.0,0.0
512010.OF,易方达沪深300医药卫生ETF,2019-07-15,0.4141,0.4141,0.4141,0.4141,0.0034,0.0,0.0
512010.OF,易方达沪深300医药卫生ETF,2019-07-16,0.4108,0.4108,0.4108,0.4108,-0.0081,0.0,0.0
512010.OF,易方达沪深300医药卫生ETF,2019-07-17,0.4111,0.4111,0.4111,0.4111,0.0008,0.0,0.0
512010.OF,易方达沪深300医药卫生ETF,2019-07-18,0.4064,0.4064,0.4064,0.4064,-0.0115,0.0,0.0
512010.OF,易方达沪深300医药卫生ETF,2019-07-19,0.406,0.406,0.406,0.406,-0.0009,0.0,0.0
512010.OF,易方达沪深300医药卫生ETF,2019-07-22,0.404,0.404,0.404,0.404,-0.0051,0.0,0.0
512010.OF,易方达沪深300医药卫生ETF,2019-07-23,0.4067,0.4067,0.4067,0.4067,0.0067,0.0,0.0
512010.OF,易方达沪深300医药卫生ETF,2019-07-24,0.4099,0.4099,0.4099,0.4099,0.0079,0.0,0.0
512010.OF,易方达沪深300医药卫生ETF,2019-07-25,0.4121,0.4121,0.4121,0.4121,0.0055,0.0,0.0
512010.OF,易方达沪深300医药卫生ETF,2019-07-26,0.4141,0.4141,0.4141,0.4141,0.0048,0.0,0.0
512010.OF,易方达沪深300医药卫生ETF,2019-07-29,0.4111,0.4111,0.4111,0.4111,-0.0072,0.0,0.0
512010.OF,易方达沪深300医药卫生ETF,2019-07-30,0.4134,0.4134,0.4134,0.4134,0.0057,0.0,0.0
512010.OF,易方达沪深300医药卫生ETF,2019-07-31,0.4109,0.4109,0.4109,0.4109,-0.0062,0.0,0.0
512010.OF,易方达沪深300医药卫生ETF,2019-08-01,0.4074,0.4074,0.4074,0.4074,-0.0085,0.0,0.0
512010.OF,易方达沪深300医药卫生ETF,2019-08-02,0.4038,0.4038,0.4038,0.4038,-0.009,0.0,0.0
512010.OF,易方达沪深300医药卫生ETF,2019-08-05,0.3949,0.3949,0.3949,0.3949,-0.0219,0.0,0.0
512010.OF,易方达沪深300医药卫生ETF,2019-08-06,0.3937,0.3937,0.3937,0.3937,-0.0031,0.0,0.0
512010.OF,易方达沪深300医药卫生ETF,2019-08-07,0.3967,0.3967,0.3967,0.3967,0.0076,0.0,0.0
512010.OF,易方达沪深300医药卫生ETF,2019-08-08,0.4033,0.4033,0.4033,0.4033,0.0168,0.0,0.0
512010.OF,易方达沪深300医药卫生ETF,2019-08-09,0.4031,0.4031,0.4031,0.4031,-0.0005,0.0,0.0
512010.OF,易方达沪深300医药卫生ETF,2019-08-12,0.4075,0.4075,0.4075,0.4075,0.0108,0.0,0.0
512010.OF,易方达沪深300医药卫生ETF,2019-08-13,0.4067,0.4067,0.4067,0.4067,-0.002,0.0,0.0
512010.OF,易方达沪深300医药卫生ETF,2019-08-14,0.4133,0.4133,0.4133,0.4133,0.0164,0.0,0.0
512010.OF,易方达沪深300医药卫生ETF,2019-08-15,0.4145,0.4145,0.4145,0.4145,0.0028,0.0,0.0
512010.OF,易方达沪深300医药卫生ETF,2019-08-16,0.4175,0.4175,0.4175,0.4175,0.0072,0.0,0.0
512010.OF,易方达沪深300医药卫生ETF,2019-08-19,0.4265,0.4265,0.4265,0.4265,0.0216,0.0,0.0
512010.OF,易方达沪深300医药卫生ETF,2019-08-20,0.4244,0.4244,0.4244,0.4244,-0.0049,0.0,0.0
512010.OF,易方达沪深300医药卫生ETF,2019-08-21,0.4213,0.4213,0.4213,0.4213,-0.0074,0.0,0.0
512010.OF,易方达沪深300医药卫生ETF,2019-08-22,0.4258,0.4258,0.4258,0.4258,0.0109,0.0,0.0
512010.OF,易方达沪深300医药卫生ETF,2019-08-23,0.4395,0.4395,0.4395,0.4395,0.0322,0.0,0.0
512010.OF,易方达沪深300医药卫生ETF,2019-08-26,0.4419,0.4419,0.4419,0.4419,0.0055,0.0,0.0
512010.OF,易方达沪深300医药卫生ETF,2019-08-27,0.4448,0.4448,0.4448,0.4448,0.0066,0.0,0.0
512010.OF,易方达沪深300医药卫生ETF,2019-08-28,0.4413,0.4413,0.4413,0.4413,-0.008,0.0,0.0
512010.OF,易方达沪深300医药卫生ETF,2019-08-29,0.4405,0.4405,0.4405,0.4405,-0.0016,0.0,0.0
512010.OF,易方达沪深300医药卫生ETF,2019-08-30,0.4442,0.4442,0.4442,0.4442,0.0083,0.0,0.0
512010.OF,易方达沪深300医药卫生ETF,2019-09-02,0.447,0.447,0.447,0.447,0.0063,0.0,0.0
512010.OF,易方达沪深300医药卫生ETF,2019-09-03,0.4429,0.4429,0.4429,0.4429,-0.0091,0.0,0.0
512010.OF,易方达沪深300医药卫生ETF,2019-09-04,0.4427,0.4427,0.4427,0.4427,-0.0005,0.0,0.0
512010.OF,易方达沪深300医药卫生ETF,2019-09-05,0.4451,0.4451,0.4451,0.4451,0.0053,0.0,0.0
512010.OF,易方达沪深300医药卫生ETF,2019-09-06,0.4498,0.4498,0.4498,0.4498,0.0107,0.0,0.0
512010.OF,易方达沪深300医药卫生ETF,2019-09-09,0.4506,0.4506,0.4506,0.4506,0.0018,0.0,0.0
512010.OF,易方达沪深300医药卫生ETF,2019-09-10,0.4557,0.4557,0.4557,0.4557,0.0114,0.0,0.0
512010.OF,易方达沪深300医药卫生ETF,2019-09-11,0.4463,0.4463,0.4463,0.4463,-0.0207,0.0,0.0
512010.OF,易方达沪深300医药卫生ETF,2019-09-12,0.4475,0.4475,0.4475,0.4475,0.0027,0.0,0.0
512010.OF,易方达沪深300医药卫生ETF,2019-09-16,0.4496,0.4496,0.4496,0.4496,0.0047,0.0,0.0
512010.OF,易方达沪深300医药卫生ETF,2019-09-17,0.4443,0.4443,0.4443,0.4443,-0.0119,0.0,0.0
512010.OF,易方达沪深300医药卫生ETF,2019-09-18,0.4476,0.4476,0.4476,0.4476,0.0074,0.0,0.0
512010.OF,易方达沪深300医药卫生ETF,2019-09-19,0.4495,0.4495,0.4495,0.4495,0.0042,0.0,0.0
512010.OF,易方达沪深300医药卫生ETF,2019-09-20,0.4544,0.4544,0.4544,0.4544,0.011,0.0,0.0
512010.OF,易方达沪深300医药卫生ETF,2019-09-23,0.4473,0.4473,0.4473,0.4473,-0.0155,0.0,0.0
512010.OF,易方达沪深300医药卫生ETF,2019-09-24,0.452,0.452,0.452,0.452,0.0105,0.0,0.0
512010.OF,易方达沪深300医药卫生ETF,2019-09-25,0.4488,0.4488,0.4488,0.4488,-0.0072,0.0,0.0
512010.OF,易方达沪深300医药卫生ETF,2019-09-26,0.4425,0.4425,0.4425,0.4425,-0.014,0.0,0.0
512010.OF,易方达沪深300医药卫生ETF,2019-09-27,0.4424,0.4424,0.4424,0.4424,-0.0003,0.0,0.0
512010.OF,易方达沪深300医药卫生ETF,2019-09-30,0.4409,0.4409,0.4409,0.4409,-0.0033,0.0,0.0
512010.OF,易方达沪深300医药卫生ETF,2019-10-08,0.4414,0.4414,0.4414,0.4414,0.0011,0.0,0.0
512010.OF,易方达沪深300医药卫生ETF,2019-10-09,0.4382,0.4382,0.4382,0.4382,-0.0073,0.0,0.0
512010.OF,易方达沪深300医药卫生ETF,2019-10-10,0.4522,0.4522,0.4522,0.4522,0.032,0.0,0.0
512010.OF,易方达沪深300医药卫生ETF,2019-10-11,0.4534,0.4534,0.4534,0.4534,0.0028,0.0,0.0
512010.OF,易方达沪深300医药卫生ETF,2019-10-14,0.4579,0.4579,0.4579,0.4579,0.0099,0.0,0.0
512010.OF,易方达沪深300医药卫生ETF,2019-10-15,0.4609,0.4609,0.4609,0.4609,0.0064,0.0,0.0
512010.OF,易方达沪深300医药卫生ETF,2019-10-16,0.4635,0.4635,0.4635,0.4635,0.0058,0.0,0.0
512010.OF,易方达沪深300医药卫生ETF,2019-10-17,0.462,0.462,0.462,0.462,-0.0033,0.0,0.0
512010.OF,易方达沪深300医药卫生ETF,2019-10-18,0.4602,0.4602,0.4602,0.4602,-0.0038,0.0,0.0
512010.OF,易方达沪深300医药卫生ETF,2019-10-21,0.4547,0.4547,0.4547,0.4547,-0.0119,0.0,0.0
512010.OF,易方达沪深300医药卫生ETF,2019-10-22,0.4608,0.4608,0.4608,0.4608,0.0133,0.0,0.0
512010.OF,易方达沪深300医药卫生ETF,2019-10-23,0.4537,0.4537,0.4537,0.4537,-0.0153,0.0,0.0
512010.OF,易方达沪深300医药卫生ETF,2019-10-24,0.4518,0.4518,0.4518,0.4518,-0.0042,0.0,0.0
512010.OF,易方达沪深300医药卫生ETF,2019-10-25,0.4616,0.4616,0.4616,0.4616,0.0216,0.0,0.0
512010.OF,易方达沪深300医药卫生ETF,2019-10-28,0.4703,0.4703,0.4703,0.4703,0.019,0.0,0.0
512010.OF,易方达沪深300医药卫生ETF,2019-10-29,0.4728,0.4728,0.4728,0.4728,0.0053,0.0,0.0
512010.OF,易方达沪深300医药卫生ETF,2019-10-30,0.47,0.47,0.47,0.47,-0.0059,0.0,0.0
512010.OF,易方达沪深300医药卫生ETF,2019-10-31,0.4746,0.4746,0.4746,0.4746,0.0098,0.0,0.0
512010.OF,易方达沪深300医药卫生ETF,2019-11-01,0.4824,0.4824,0.4824,0.4824,0.0164,0.0,0.0
512010.OF,易方达沪深300医药卫生ETF,2019-11-04,0.4841,0.4841,0.4841,0.4841,0.0035,0.0,0.0
512010.OF,易方达沪深300医药卫生ETF,2019-11-05,0.4836,0.4836,0.4836,0.4836,-0.001,0.0,0.0
512010.OF,易方达沪深300医药卫生ETF,2019-11-06,0.4828,0.4828,0.4828,0.4828,-0.0017,0.0,0.0
512010.OF,易方达沪深300医药卫生ETF,2019-11-07,0.4856,0.4856,0.4856,0.4856,0.0057,0.0,0.0
512010.OF,易方达沪深300医药卫生ETF,2019-11-08,0.4866,0.4866,0.4866,0.4866,0.002,0.0,0.0
512010.OF,易方达沪深300医药卫生ETF,2019-11-11,0.4765,0.4765,0.4765,0.4765,-0.0206,0.0,0.0
512010.OF,易方达沪深300医药卫生ETF,2019-11-12,0.4798,0.4798,0.4798,0.4798,0.0068,0.0,0.0
512010.OF,易方达沪深300医药卫生ETF,2019-11-13,0.4858,0.4858,0.4858,0.4858,0.0126,0.0,0.0
512010.OF,易方达沪深300医药卫生ETF,2019-11-14,0.4931,0.4931,0.4931,0.4931,0.015,0.0,0.0
512010.OF,易方达沪深300医药卫生ETF,2019-11-15,0.4881,0.4881,0.4881,0.4881,-0.0101,0.0,0.0
512010.OF,易方达沪深300医药卫生ETF,2019-11-18,0.4916,0.4916,0.4916,0.4916,0.0073,0.0,0.0
512010.OF,易方达沪深300医药卫生ETF,2019-11-19,0.5018,0.5018,0.5018,0.5018,0.0207,0.0,0.0
512010.OF,易方达沪深300医药卫生ETF,2019-11-20,0.4998,0.4998,0.4998,0.4998,-0.0041,0.0,0.0
512010.OF,易方达沪深300医药卫生ETF,2019-11-21,0.4905,0.4905,0.4905,0.4905,-0.0185,0.0,0.0
512010.OF,易方达沪深300医药卫生ETF,2019-11-22,0.4758,0.4758,0.4758,0.4758,-0.03,0.0,0.0
512010.OF,易方达沪深300医药卫生ETF,2019-11-25,0.4729,0.4729,0.4729,0.4729,-0.0063,0.0,0.0
512010.OF,易方达沪深300医药卫生ETF,2019-11-26,0.4778,0.4778,0.4778,0.4778,0.0105,0.0,0.0
512010.OF,易方达沪深300医药卫生ETF,2019-11-27,0.4749,0.4749,0.4749,0.4749,-0.0061,0.0,0.0
512010.OF,易方达沪深300医药卫生ETF,2019-11-28,0.4749,0.4749,0.4749,0.4749,0.0,0.0,0.0
512010.OF,易方达沪深300医药卫生ETF,2019-11-29,0.4619,0.4619,0.4619,0.4619,-0.0274,0.0,0.0
512010.OF,易方达沪深300医药卫生ETF,2019-12-02,0.4542,0.4542,0.4542,0.4542,-0.0167,0.0,0.0
512010.OF,易方达沪深300医药卫生ETF,2019-12-03,0.454,0.454,0.454,0.454,-0.0004,0.0,0.0
512010.OF,易方达沪深300医药卫生ETF,2019-12-04,0.4567,0.4567,0.4567,0.4567,0.006,0.0,0.0
512010.OF,易方达沪深300医药卫生ETF,2019-12-05,0.4611,0.4611,0.4611,0.4611,0.0096,0.0,0.0
512010.OF,易方达沪深300医药卫生ETF,2019-12-06,0.4646,0.4646,0.4646,0.4646,0.0077,0.0,0.0
512010.OF,易方达沪深300医药卫生ETF,2019-12-09,0.4546,0.4546,0.4546,0.4546,-0.0216,0.0,0.0
512010.OF,易方达沪深300医药卫生ETF,2019-12-10,0.459,0.459,0.459,0.459,0.0097,0.0,0.0
512010.OF,易方达沪深300医药卫生ETF,2019-12-11,0.4587,0.4587,0.4587,0.4587,-0.0008,0.0,0.0
512010.OF,易方达沪深300医药卫生ETF,2019-12-12,0.4576,0.4576,0.4576,0.4576,-0.0022,0.0,0.0
512010.OF,易方达沪深300医药卫生ETF,2019-12-13,0.4644,0.4644,0.4644,0.4644,0.0149,0.0,0.0
512010.OF,易方达沪深300医药卫生ETF,2019-12-16,0.4662,0.4662,0.4662,0.4662,0.0039,0.0,0.0
512010.OF,易方达沪深300医药卫生ETF,2019-12-17,0.4701,0.4701,0.4701,0.4701,0.0082,0.0,0.0
512010.OF,易方达沪深300医药卫生ETF,2019-12-18,0.4638,0.4638,0.4638,0.4638,-0.0132,0.0,0.0
512010.OF,易方达沪深300医药卫生ETF,2019-12-19,0.4644,0.4644,0.4644,0.4644,0.0013,0.0,0.0
512010.OF,易方达沪深300医药卫生ETF,2019-12-20,0.4616,0.4616,0.4616,0.4616,-0.006,0.0,0.0
512010.OF,易方达沪深300医药卫生ETF,2019-12-23,0.4599,0.4599,0.4599,0.4599,-0.0037,0.0,0.0
512010.OF,易方达沪深300医药卫生ETF,2019-12-24,0.4598,0.4598,0.4598,0.4598,-0.0004,0.0,0.0
512010.OF,易方达沪深300医药卫生ETF,2019-12-25,0.4593,0.4593,0.4593,0.4593,-0.001,0.0,0.0
512010.OF,易方达沪深300医药卫生ETF,2019-12-26,0.4637,0.4637,0.4637,0.4637,0.0096,0.0,0.0
512010.OF,易方达沪深300医药卫生ETF,2019-12-27,0.4608,0.4608,0.4608,0.4608,-0.0063,0.0,0.0
512010.OF,易方达沪深300医药卫生ETF,2019-12-30,0.4624,0.4624,0.4624,0.4624,0.0035,0.0,0.0
512010.OF,易方达沪深300医药卫生ETF,2019-12-31,0.4729,0.4729,0.4729,0.4729,0.0228,0.0,0.0
512010.OF,易方达沪深300医药卫生ETF,2020-01-02,0.4728,0.4728,0.4728,0.4728,-0.0002,0.0,0.0
512010.OF,易方达沪深300医药卫生ETF,2020-01-03,0.4713,0.4713,0.4713,0.4713,-0.0032,0.0,0.0
512010.OF,易方达沪深300医药卫生ETF,2020-01-06,0.4662,0.4662,0.4662,0.4662,-0.0109,0.0,0.0
512010.OF,易方达沪深300医药卫生ETF,2020-01-07,0.4727,0.4727,0.4727,0.4727,0.0139,0.0,0.0
512010.OF,易方达沪深300医药卫生ETF,2020-01-08,0.4681,0.4681,0.4681,0.4681,-0.0097,0.0,0.0
512010.OF,易方达沪深300医药卫生ETF,2020-01-09,0.4801,0.4801,0.4801,0.4801,0.0256,0.0,0.0
512010.OF,易方达沪深300医药卫生ETF,2020-01-10,0.4828,0.4828,0.4828,0.4828,0.0056,0.0,0.0
512010.OF,易方达沪深300医药卫生ETF,2020-01-13,0.4858,0.4858,0.4858,0.4858,0.0063,0.0,0.0
512010.OF,易方达沪深300医药卫生ETF,2020-01-14,0.4811,0.4811,0.4811,0.4811,-0.0097,0.0,0.0
512010.OF,易方达沪深300医药卫生ETF,2020-01-15,0.4826,0.4826,0.4826,0.4826,0.0032,0.0,0.0
512010.OF,易方达沪深300医药卫生ETF,2020-01-16,0.4834,0.4834,0.4834,0.4834,0.0016,0.0,0.0
512010.OF,易方达沪深300医药卫生ETF,2020-01-17,0.4909,0.4909,0.4909,0.4909,0.0155,0.0,0.0
512010.OF,易方达沪深300医药卫生ETF,2020-01-20,0.4943,0.4943,0.4943,0.4943,0.0069,0.0,0.0
512010.OF,易方达沪深300医药卫生ETF,2020-01-21,0.4991,0.4991,0.4991,0.4991,0.0099,0.0,0.0
512010.OF,易方达沪深300医药卫生ETF,2020-01-22,0.4943,0.4943,0.4943,0.4943,-0.0096,0.0,0.0
512010.OF,易方达沪深300医药卫生ETF,2020-01-23,0.4822,0.4822,0.4822,0.4822,-0.0246,0.0,0.0
512010.OF,易方达沪深300医药卫生ETF,2020-02-03,0.4596,0.4596,0.4596,0.4596,-0.0469,0.0,0.0
512010.OF,易方达沪深300医药卫生ETF,2020-02-04,0.4732,0.4732,0.4732,0.4732,0.0296,0.0,0.0
512010.OF,易方达沪深300医药卫生ETF,2020-02-05,0.4887,0.4887,0.4887,0.4887,0.0328,0.0,0.0
512010.OF,易方达沪深300医药卫生ETF,2020-02-06,0.5026,0.5026,0.5026,0.5026,0.0284,0.0,0.0
512010.OF,易方达沪深300医药卫生ETF,2020-02-07,0.4968,0.4968,0.4968,0.4968,-0.0115,0.0,0.0
512010.OF,易方达沪深300医药卫生ETF,2020-02-10,0.4918,0.4918,0.4918,0.4918,-0.0101,0.0,0.0
512010.OF,易方达沪深300医药卫生ETF,2020-02-11,0.4937,0.4937,0.4937,0.4937,0.0039,0.0,0.0
512010.OF,易方达沪深300医药卫生ETF,2020-02-12,0.5013,0.5013,0.5013,0.5013,0.0152,0.0,0.0
512010.OF,易方达沪深300医药卫生ETF,2020-02-13,0.4964,0.4964,0.4964,0.4964,-0.0097,0.0,0.0
512010.OF,易方达沪深300医药卫生ETF,2020-02-14,0.4973,0.4973,0.4973,0.4973,0.0018,0.0,0.0
512010.OF,易方达沪深300医药卫生ETF,2020-02-17,0.5045,0.5045,0.5045,0.5045,0.0146,0.0,0.0
512010.OF,易方达沪深300医药卫生ETF,2020-02-18,0.5014,0.5014,0.5014,0.5014,-0.0061,0.0,0.0
512010.OF,易方达沪深300医药卫生ETF,2020-02-19,0.4935,0.4935,0.4935,0.4935,-0.0158,0.0,0.0
512010.OF,易方达沪深300医药卫生ETF,2020-02-20,0.4997,0.4997,0.4997,0.4997,0.0126,0.0,0.0
512010.OF,易方达沪深300医药卫生ETF,2020-02-21,0.5015,0.5015,0.5015,0.5015,0.0035,0.0,0.0
512010.OF,易方达沪深300医药卫生ETF,2020-02-24,0.4995,0.4995,0.4995,0.4995,-0.0039,0.0,0.0
512010.OF,易方达沪深300医药卫生ETF,2020-02-25,0.503,0.503,0.503,0.503,0.0071,0.0,0.0
512010.OF,易方达沪深300医药卫生ETF,2020-02-26,0.4887,0.4887,0.4887,0.4887,-0.0285,0.0,0.0
512010.OF,易方达沪深300医药卫生ETF,2020-02-27,0.4923,0.4923,0.4923,0.4923,0.0074,0.0,0.0
512010.OF,易方达沪深300医药卫生ETF,2020-02-28,0.4771,0.4771,0.4771,0.4771,-0.031,0.0,0.0
512010.OF,易方达沪深300医药卫生ETF,2020-03-02,0.4874,0.4874,0.4874,0.4874,0.0216,0.0,0.0
512010.OF,易方达沪深300医药卫生ETF,2020-03-03,0.5,0.5,0.5,0.5,0.0259,0.0,0.0
512010.OF,易方达沪深300医药卫生ETF,2020-03-04,0.5012,0.5012,0.5012,0.5012,0.0025,0.0,0.0
512010.OF,易方达沪深300医药卫生ETF,2020-03-05,0.5151,0.5151,0.5151,0.5151,0.0277,0.0,0.0
512010.OF,易方达沪深300医药卫生ETF,2020-03-06,0.5157,0.5157,0.5157,0.5157,0.0013,0.0,0.0
512010.OF,易方达沪深300医药卫生ETF,2020-03-09,0.5023,0.5023,0.5023,0.5023,-0.026,0.0,0.0
512010.OF,易方达沪深300医药卫生ETF,2020-03-10,0.5056,0.5056,0.5056,0.5056,0.0066,0.0,0.0
512010.OF,易方达沪深300医药卫生ETF,2020-03-11,0.4993,0.4993,0.4993,0.4993,-0.0126,0.0,0.0
512010.OF,易方达沪深300医药卫生ETF,2020-03-12,0.4826,0.4826,0.4826,0.4826,-0.0333,0.0,0.0
512010.OF,易方达沪深300医药卫生ETF,2020-03-13,0.4738,0.4738,0.4738,0.4738,-0.0184,0.0,0.0
512010.OF,易方达沪深300医药卫生ETF,2020-03-16,0.4585,0.4585,0.4585,0.4585,-0.0323,0.0,0.0
512010.OF,易方达沪深300医药卫生ETF,2020-03-17,0.4578,0.4578,0.4578,0.4578,-0.0014,0.0,0.0
512010.OF,易方达沪深300医药卫生ETF,2020-03-18,0.454,0.454,0.454,0.454,-0.0083,0.0,0.0
512010.OF,易方达沪深300医药卫生ETF,2020-03-19,0.4473,0.4473,0.4473,0.4473,-0.0148,0.0,0.0
512010.OF,易方达沪深300医药卫生ETF,2020-03-20,0.4573,0.4573,0.4573,0.4573,0.0225,0.0,0.0
512010.OF,易方达沪深300医药卫生ETF,2020-03-23,0.4509,0.4509,0.4509,0.4509,-0.014,0.0,0.0
512010.OF,易方达沪深300医药卫生ETF,2020-03-24,0.4656,0.4656,0.4656,0.4656,0.0327,0.0,0.0
512010.OF,易方达沪深300医药卫生ETF,2020-03-25,0.4814,0.4814,0.4814,0.4814,0.0338,0.0,0.0
512010.OF,易方达沪深300医药卫生ETF,2020-03-26,0.4897,0.4897,0.4897,0.4897,0.0174,0.0,0.0
512010.OF,易方达沪深300医药卫生ETF,2020-03-27,0.4886,0.4886,0.4886,0.4886,-0.0024,0.0,0.0
512010.OF,易方达沪深300医药卫生ETF,2020-03-30,0.4833,0.4833,0.4833,0.4833,-0.0107,0.0,0.0
512010.OF,易方达沪深300医药卫生ETF,2020-03-31,0.49,0.49,0.49,0.49,0.0138,0.0,0.0
512010.OF,易方达沪深300医药卫生ETF,2020-04-01,0.4826,0.4826,0.4826,0.4826,-0.015,0.0,0.0
512010.OF,易方达沪深300医药卫生ETF,2020-04-02,0.4897,0.4897,0.4897,0.4897,0.0146,0.0,0.0
512010.OF,易方达沪深300医药卫生ETF,2020-04-03,0.4946,0.4946,0.4946,0.4946,0.0101,0.0,0.0
512010.OF,易方达沪深300医药卫生ETF,2020-04-07,0.5074,0.5074,0.5074,0.5074,0.0259,0.0,0.0
512010.OF,易方达沪深300医药卫生ETF,2020-04-08,0.5053,0.5053,0.5053,0.5053,-0.0041,0.0,0.0
512010.OF,易方达沪深300医药卫生ETF,2020-04-09,0.5185,0.5185,0.5185,0.5185,0.0261,0.0,0.0
512010.OF,易方达沪深300医药卫生ETF,2020-04-10,0.513,0.513,0.513,0.513,-0.0106,0.0,0.0
512010.OF,易方达沪深300医药卫生ETF,2020-04-13,0.5151,0.5151,0.5151,0.5151,0.0041,0.0,0.0
512010.OF,易方达沪深300医药卫生ETF,2020-04-14,0.5247,0.5247,0.5247,0.5247,0.0186,0.0,0.0
512010.OF,易方达沪深300医药卫生ETF,2020-04-15,0.5202,0.5202,0.5202,0.5202,-0.0085,0.0,0.0
512010.OF,易方达沪深300医药卫生ETF,2020-04-16,0.5223,0.5223,0.5223,0.5223,0.004,0.0,0.0
512010.OF,易方达沪深300医药卫生ETF,2020-04-17,0.5186,0.5186,0.5186,0.5186,-0.0071,0.0,0.0
512010.OF,易方达沪深300医药卫生ETF,2020-04-20,0.5227,0.5227,0.5227,0.5227,0.0079,0.0,0.0
512010.OF,易方达沪深300医药卫生ETF,2020-04-21,0.5175,0.5175,0.5175,0.5175,-0.0099,0.0,0.0
512010.OF,易方达沪深300医药卫生ETF,2020-04-22,0.5281,0.5281,0.5281,0.5281,0.0203,0.0,0.0
512010.OF,易方达沪深300医药卫生ETF,2020-04-23,0.528,0.528,0.528,0.528,-0.0001,0.0,0.0
512010.OF,易方达沪深300医药卫生ETF,2020-04-24,0.52,0.52,0.52,0.52,-0.0151,0.0,0.0
512010.OF,易方达沪深300医药卫生ETF,2020-04-27,0.5306,0.5306,0.5306,0.5306,0.0202,0.0,0.0
512010.OF,易方达沪深300医药卫生ETF,2020-04-28,0.5319,0.5319,0.5319,0.5319,0.0025,0.0,0.0
512010.OF,易方达沪深300医药卫生ETF,2020-04-29,0.5251,0.5251,0.5251,0.5251,-0.0128,0.0,0.0
512010.OF,易方达沪深300医药卫生ETF,2020-04-30,0.5223,0.5223,0.5223,0.5223,-0.0052,0.0,0.0
512010.OF,易方达沪深300医药卫生ETF,2020-05-06,0.5335,0.5335,0.5335,0.5335,0.0214,0.0,0.0
512010.OF,易方达沪深300医药卫生ETF,2020-05-07,0.5336,0.5336,0.5336,0.5336,0.0002,0.0,0.0
512010.OF,易方达沪深300医药卫生ETF,2020-05-08,0.5379,0.5379,0.5379,0.5379,0.0081,0.0,0.0
512010.OF,易方达沪深300医药卫生ETF,2020-05-11,0.5294,0.5294,0.5294,0.5294,-0.0158,0.0,0.0
512010.OF,易方达沪深300医药卫生ETF,2020-05-12,0.5366,0.5366,0.5366,0.5366,0.0136,0.0,0.0
512010.OF,易方达沪深300医药卫生ETF,2020-05-13,0.5441,0.5441,0.5441,0.5441,0.0139,0.0,0.0
512010.OF,易方达沪深300医药卫生ETF,2020-05-14,0.5435,0.5435,0.5435,0.5435,-0.0011,0.0,0.0
512010.OF,易方达沪深300医药卫生ETF,2020-05-15,0.5377,0.5377,0.5377,0.5377,-0.0107,0.0,0.0
512010.OF,易方达沪深300医药卫生ETF,2020-05-18,0.5475,0.5475,0.5475,0.5475,0.0183,0.0,0.0
512010.OF,易方达沪深300医药卫生ETF,2020-05-19,0.5514,0.5514,0.5514,0.5514,0.0071,0.0,0.0
512010.OF,易方达沪深300医药卫生ETF,2020-05-20,0.5451,0.5451,0.5451,0.5451,-0.0115,0.0,0.0
512010.OF,易方达沪深300医药卫生ETF,2020-05-21,0.5505,0.5505,0.5505,0.5505,0.01,0.0,0.0
512010.OF,易方达沪深300医药卫生ETF,2020-05-22,0.5349,0.5349,0.5349,0.5349,-0.0284,0.0,0.0
512010.OF,易方达沪深300医药卫生ETF,2020-05-25,0.5425,0.5425,0.5425,0.5425,0.0142,0.0,0.0
512010.OF,易方达沪深300医药卫生ETF,2020-05-26,0.5521,0.5521,0.5521,0.5521,0.0177,0.0,0.0
512010.OF,易方达沪深300医药卫生ETF,2020-05-27,0.5414,0.5414,0.5414,0.5414,-0.0193,0.0,0.0
512010.OF,易方达沪深300医药卫生ETF,2020-05-28,0.5336,0.5336,0.5336,0.5336,-0.0145,0.0,0.0
512010.OF,易方达沪深300医药卫生ETF,2020-05-29,0.5413,0.5413,0.5413,0.5413,0.0146,0.0,0.0
512010.OF,易方达沪深300医药卫生ETF,2020-06-01,0.5505,0.5505,0.5505,0.5505,0.0169,0.0,0.0
512010.OF,易方达沪深300医药卫生ETF,2020-06-02,0.5455,0.5455,0.5455,0.5455,-0.0091,0.0,0.0
512010.OF,易方达沪深300医药卫生ETF,2020-06-03,0.5488,0.5488,0.5488,0.5488,0.0061,0.0,0.0
512010.OF,易方达沪深300医药卫生ETF,2020-06-04,0.5537,0.5537,0.5537,0.5537,0.009,0.0,0.0
512010.OF,易方达沪深300医药卫生ETF,2020-06-05,0.5582,0.5582,0.5582,0.5582,0.008,0.0,0.0
512010.OF,易方达沪深300医药卫生ETF,2020-06-08,0.5506,0.5506,0.5506,0.5506,-0.0135,0.0,0.0
512010.OF,易方达沪深300医药卫生ETF,2020-06-09,0.5612,0.5612,0.5612,0.5612,0.0191,0.0,0.0
512010.OF,易方达沪深300医药卫生ETF,2020-06-10,0.5714,0.5714,0.5714,0.5714,0.0183,0.0,0.0
512010.OF,易方达沪深300医药卫生ETF,2020-06-11,0.5681,0.5681,0.5681,0.5681,-0.0059,0.0,0.0
512010.OF,易方达沪深300医药卫生ETF,2020-06-12,0.5738,0.5738,0.5738,0.5738,0.0102,0.0,0.0
512010.OF,易方达沪深300医药卫生ETF,2020-06-15,0.5736,0.5736,0.5736,0.5736,-0.0004,0.0,0.0
512010.OF,易方达沪深300医药卫生ETF,2020-06-16,0.5876,0.5876,0.5876,0.5876,0.0245,0.0,0.0
512010.OF,易方达沪深300医药卫生ETF,2020-06-17,0.6015,0.6015,0.6015,0.6015,0.0236,0.0,0.0
512010.OF,易方达沪深300医药卫生ETF,2020-06-18,0.5942,0.5942,0.5942,0.5942,-0.0121,0.0,0.0
512010.OF,易方达沪深300医药卫生ETF,2020-06-19,0.6145,0.6145,0.6145,0.6145,0.0341,0.0,0.0
512010.OF,易方达沪深300医药卫生ETF,2020-06-22,0.6183,0.6183,0.6183,0.6183,0.0063,0.0,0.0
512010.OF,易方达沪深300医药卫生ETF,2020-06-23,0.6307,0.6307,0.6307,0.6307,0.02,0.0,0.0
512010.OF,易方达沪深300医药卫生ETF,2020-06-24,0.6236,0.6236,0.6236,0.6236,-0.0112,0.0,0.0
512010.OF,易方达沪深300医药卫生ETF,2020-06-29,0.6267,0.6267,0.6267,0.6267,0.0049,0.0,0.0
512010.OF,易方达沪深300医药卫生ETF,2020-06-30,0.6327,0.6327,0.6327,0.6327,0.0096,0.0,0.0
512010.OF,易方达沪深300医药卫生ETF,2020-07-01,0.6253,0.6253,0.6253,0.6253,-0.0117,0.0,0.0
512010.OF,易方达沪深300医药卫生ETF,2020-07-02,0.6215,0.6215,0.6215,0.6215,-0.0062,0.0,0.0
512010.OF,易方达沪深300医药卫生ETF,2020-07-03,0.6307,0.6307,0.6307,0.6307,0.0149,0.0,0.0
512010.OF,易方达沪深300医药卫生ETF,2020-07-06,0.6333,0.6333,0.6333,0.6333,0.0041,0.0,0.0
512010.OF,易方达沪深300医药卫生ETF,2020-07-07,0.6513,0.6513,0.6513,0.6513,0.0284,0.0,0.0
512010.OF,易方达沪深300医药卫生ETF,2020-07-08,0.6524,0.6524,0.6524,0.6524,0.0017,0.0,0.0
512010.OF,易方达沪深300医药卫生ETF,2020-07-09,0.6732,0.6732,0.6732,0.6732,0.0319,0.0,0.0
512010.OF,易方达沪深300医药卫生ETF,2020-07-10,0.6813,0.6813,0.6813,0.6813,0.0121,0.0,0.0
512010.OF,易方达沪深300医药卫生ETF,2020-07-13,0.7074,0.7074,0.7074,0.7074,0.0382,0.0,0.0
512010.OF,易方达沪深300医药卫生ETF,2020-07-14,0.7108,0.7108,0.7108,0.7108,0.0049,0.0,0.0
512010.OF,易方达沪深300医药卫生ETF,2020-07-15,0.7247,0.7247,0.7247,0.7247,0.0194,0.0,0.0
512010.OF,易方达沪深300医药卫生ETF,2020-07-16,0.6771,0.6771,0.6771,0.6771,-0.0656,0.0,0.0
512010.OF,易方达沪深300医药卫生ETF,2020-07-17,0.6854,0.6854,0.6854,0.6854,0.0123,0.0,0.0
512010.OF,易方达沪深300医药卫生ETF,2020-07-20,0.6837,0.6837,0.6837,0.6837,-0.0025,0.0,0.0
512010.OF,易方达沪深300医药卫生ETF,2020-07-21,0.7107,0.7107,0.7107,0.7107,0.0394,0.0,0.0
512010.OF,易方达沪深300医药卫生ETF,2020-07-22,0.7164,0.7164,0.7164,0.7164,0.0081,0.0,0.0
512010.OF,易方达沪深300医药卫生ETF,2020-07-23,0.7341,0.7341,0.7341,0.7341,0.0246,0.0,0.0
512010.OF,易方达沪深300医药卫生ETF,2020-07-24,0.6937,0.6937,0.6937,0.6937,-0.0551,0.0,0.0
512010.OF,易方达沪深300医药卫生ETF,2020-07-27,0.7094,0.7094,0.7094,0.7094,0.0226,0.0,0.0
512010.OF,易方达沪深300医药卫生ETF,2020-07-28,0.7083,0.7083,0.7083,0.7083,-0.0015,0.0,0.0
512010.OF,易方达沪深300医药卫生ETF,2020-07-29,0.7368,0.7368,0.7368,0.7368,0.0403,0.0,0.0
512010.OF,易方达沪深300医药卫生ETF,2020-07-30,0.7402,0.7402,0.7402,0.7402,0.0046,0.0,0.0
512010.OF,易方达沪深300医药卫生ETF,2020-07-31,0.7508,0.7508,0.7508,0.7508,0.0143,0.0,0.0
512010.OF,易方达沪深300医药卫生ETF,2020-08-03,0.7676,0.7676,0.7676,0.7676,0.0224,0.0,0.0
512010.OF,易方达沪深300医药卫生ETF,2020-08-04,0.7641,0.7641,0.7641,0.7641,-0.0045,0.0,0.0
512010.OF,易方达沪深300医药卫生ETF,2020-08-05,0.7746,0.7746,0.7746,0.7746,0.0137,0.0,0.0
512010.OF,易方达沪深300医药卫生ETF,2020-08-06,0.7529,0.7529,0.7529,0.7529,-0.028,0.0,0.0
512010.OF,易方达沪深300医药卫生ETF,2020-08-07,0.7429,0.7429,0.7429,0.7429,-0.0133,0.0,0.0
512010.OF,易方达沪深300医药卫生ETF,2020-08-10,0.7385,0.7385,0.7385,0.7385,-0.0059,0.0,0.0
512010.OF,易方达沪深300医药卫生ETF,2020-08-11,0.7317,0.7317,0.7317,0.7317,-0.0092,0.0,0.0
512010.OF,易方达沪深300医药卫生ETF,2020-08-12,0.7087,0.7087,0.7087,0.7087,-0.0315,0.0,0.0
512010.OF,易方达沪深300医药卫生ETF,2020-08-13,0.6953,0.6953,0.6953,0.6953,-0.0188,0.0,0.0
512010.OF,易方达沪深300医药卫生ETF,2020-08-14,0.7012,0.7012,0.7012,0.7012,0.0085,0.0,0.0
512010.OF,易方达沪深300医药卫生ETF,2020-08-17,0.7113,0.7113,0.7113,0.7113,0.0143,0.0,0.0
512010.OF,易方达沪深300医药卫生ETF,2020-08-18,0.7211,0.7211,0.7211,0.7211,0.0138,0.0,0.0
512010.OF,易方达沪深300医药卫生ETF,2020-08-19,0.6977,0.6977,0.6977,0.6977,-0.0324,0.0,0.0
512010.OF,易方达沪深300医药卫生ETF,2020-08-20,0.6924,0.6924,0.6924,0.6924,-0.0077,0.0,0.0
512010.OF,易方达沪深300医药卫生ETF,2020-08-21,0.6984,0.6984,0.6984,0.6984,0.0087,0.0,0.0
512010.OF,易方达沪深300医药卫生ETF,2020-08-24,0.7013,0.7013,0.7013,0.7013,0.0042,0.0,0.0
512010.OF,易方达沪深300医药卫生ETF,2020-08-25,0.7044,0.7044,0.7044,0.7044,0.0045,0.0,0.0
512010.OF,易方达沪深300医药卫生ETF,2020-08-26,0.707,0.707,0.707,0.707,0.0037,0.0,0.0
512010.OF,易方达沪深300医药卫生ETF,2020-08-27,0.7122,0.7122,0.7122,0.7122,0.0074,0.0,0.0
512010.OF,易方达沪深300医药卫生ETF,2020-08-28,0.7347,0.7347,0.7347,0.7347,0.0315,0.0,0.0
512010.OF,易方达沪深300医药卫生ETF,2020-08-31,0.7281,0.7281,0.7281,0.7281,-0.0089,0.0,0.0
512010.OF,易方达沪深300医药卫生ETF,2020-09-01,0.7257,0.7257,0.7257,0.7257,-0.0033,0.0,0.0
512010.OF,易方达沪深300医药卫生ETF,2020-09-02,0.7293,0.7293,0.7293,0.7293,0.005,0.0,0.0
512010.OF,易方达沪深300医药卫生ETF,2020-09-03,0.7253,0.7253,0.7253,0.7253,-0.0055,0.0,0.0
512010.OF,易方达沪深300医药卫生ETF,2020-09-04,0.7139,0.7139,0.7139,0.7139,-0.0157,0.0,0.0
512010.OF,易方达沪深300医药卫生ETF,2020-09-07,0.6901,0.6901,0.6901,0.6901,-0.0333,0.0,0.0
512010.OF,易方达沪深300医药卫生ETF,2020-09-08,0.6934,0.6934,0.6934,0.6934,0.0047,0.0,0.0
512010.OF,易方达沪深300医药卫生ETF,2020-09-09,0.6609,0.6609,0.6609,0.6609,-0.0469,0.0,0.0
512010.OF,易方达沪深300医药卫生ETF,2020-09-10,0.6637,0.6637,0.6637,0.6637,0.0043,0.0,0.0
512010.OF,易方达沪深300医药卫生ETF,2020-09-11,0.6755,0.6755,0.6755,0.6755,0.0177,0.0,0.0
512010.OF,易方达沪深300医药卫生ETF,2020-09-14,0.6664,0.6664,0.6664,0.6664,-0.0134,0.0,0.0
512010.OF,易方达沪深300医药卫生ETF,2020-09-15,0.6742,0.6742,0.6742,0.6742,0.0117,0.0,0.0
512010.OF,易方达沪深300医药卫生ETF,2020-09-16,0.6621,0.6621,0.6621,0.6621,-0.0179,0.0,0.0
512010.OF,易方达沪深300医药卫生ETF,2020-09-17,0.6485,0.6485,0.6485,0.6485,-0.0205,0.0,0.0
512010.OF,易方达沪深300医药卫生ETF,2020-09-18,0.6585,0.6585,0.6585,0.6585,0.0153,0.0,0.0
512010.OF,易方达沪深300医药卫生ETF,2020-09-21,0.6545,0.6545,0.6545,0.6545,-0.006,0.0,0.0
512010.OF,易方达沪深300医药卫生ETF,2020-09-22,0.6544,0.6544,0.6544,0.6544,-0.0002,0.0,0.0
512010.OF,易方达沪深300医药卫生ETF,2020-09-23,0.6738,0.6738,0.6738,0.6738,0.0298,0.0,0.0
512010.OF,易方达沪深300医药卫生ETF,2020-09-24,0.663,0.663,0.663,0.663,-0.0161,0.0,0.0
512010.OF,易方达沪深300医药卫生ETF,2020-09-25,0.6647,0.6647,0.6647,0.6647,0.0026,0.0,0.0
512010.OF,易方达沪深300医药卫生ETF,2020-09-28,0.6567,0.6567,0.6567,0.6567,-0.012,0.0,0.0
512010.OF,易方达沪深300医药卫生ETF,2020-09-29,0.6645,0.6645,0.6645,0.6645,0.012,0.0,0.0
512010.OF,易方达沪深300医药卫生ETF,2020-09-30,0.6692,0.6692,0.6692,0.6692,0.0071,0.0,0.0
512010.OF,易方达沪深300医药卫生ETF,2020-10-09,0.6898,0.6898,0.6898,0.6898,0.0308,0.0,0.0
512010.OF,易方达沪深300医药卫生ETF,2020-10-12,0.7126,0.7126,0.7126,0.7126,0.0329,0.0,0.0
512010.OF,易方达沪深300医药卫生ETF,2020-10-13,0.7182,0.7182,0.7182,0.7182,0.0079,0.0,0.0
512010.OF,易方达沪深300医药卫生ETF,2020-10-14,0.7139,0.7139,0.7139,0.7139,-0.006,0.0,0.0
512010.OF,易方达沪深300医药卫生ETF,2020-10-15,0.7106,0.7106,0.7106,0.7106,-0.0046,0.0,0.0
512010.OF,易方达沪深300医药卫生ETF,2020-10-16,0.7124,0.7124,0.7124,0.7124,0.0026,0.0,0.0
512010.OF,易方达沪深300医药卫生ETF,2020-10-19,0.695,0.695,0.695,0.695,-0.0244,0.0,0.0
512010.OF,易方达沪深300医药卫生ETF,2020-10-20,0.7011,0.7011,0.7011,0.7011,0.0087,0.0,0.0
512010.OF,易方达沪深300医药卫生ETF,2020-10-21,0.7006,0.7006,0.7006,0.7006,-0.0007,0.0,0.0
512010.OF,易方达沪深300医药卫生ETF,2020-10-22,0.6893,0.6893,0.6893,0.6893,-0.0162,0.0,0.0
512010.OF,易方达沪深300医药卫生ETF,2020-10-23,0.666,0.666,0.666,0.666,-0.0338,0.0,0.0
512010.OF,易方达沪深300医药卫生ETF,2020-10-26,0.6706,0.6706,0.6706,0.6706,0.0069,0.0,0.0
512010.OF,易方达沪深300医药卫生ETF,2020-10-27,0.689,0.689,0.689,0.689,0.0274,0.0,0.0
512010.OF,易方达沪深300医药卫生ETF,2020-10-28,0.6967,0.6967,0.6967,0.6967,0.0112,0.0,0.0
512010.OF,易方达沪深300医药卫生ETF,2020-10-29,0.7097,0.7097,0.7097,0.7097,0.0187,0.0,0.0
512010.OF,易方达沪深300医药卫生ETF,2020-10-30,0.6977,0.6977,0.6977,0.6977,-0.0169,0.0,0.0
512010.OF,易方达沪深300医药卫生ETF,2020-11-02,0.6906,0.6906,0.6906,0.6906,-0.0102,0.0,0.0
512010.OF,易方达沪深300医药卫生ETF,2020-11-03,0.6974,0.6974,0.6974,0.6974,0.01,0.0,0.0
512010.OF,易方达沪深300医药卫生ETF,2020-11-04,0.7016,0.7016,0.7016,0.7016,0.006,0.0,0.0
512010.OF,易方达沪深300医药卫生ETF,2020-11-05,0.7022,0.7022,0.7022,0.7022,0.0009,0.0,0.0
512010.OF,易方达沪深300医药卫生ETF,2020-11-06,0.683,0.683,0.683,0.683,-0.0273,0.0,0.0
512010.OF,易方达沪深300医药卫生ETF,2020-11-09,0.6964,0.6964,0.6964,0.6964,0.0196,0.0,0.0
512010.OF,易方达沪深300医药卫生ETF,2020-11-10,0.6894,0.6894,0.6894,0.6894,-0.0101,0.0,0.0
512010.OF,易方达沪深300医药卫生ETF,2020-11-11,0.6726,0.6726,0.6726,0.6726,-0.0244,0.0,0.0
512010.OF,易方达沪深300医药卫生ETF,2020-11-12,0.6806,0.6806,0.6806,0.6806,0.0119,0.0,0.0
512010.OF,易方达沪深300医药卫生ETF,2020-11-13,0.6755,0.6755,0.6755,0.6755,-0.0074,0.0,0.0
512010.OF,易方达沪深300医药卫生ETF,2020-11-16,0.6823,0.6823,0.6823,0.6823,0.01,0.0,0.0
512010.OF,易方达沪深300医药卫生ETF,2020-11-17,0.6642,0.6642,0.6642,0.6642,-0.0264,0.0,0.0
512010.OF,易方达沪深300医药卫生ETF,2020-11-18,0.6544,0.6544,0.6544,0.6544,-0.0148,0.0,0.0
512010.OF,易方达沪深300医药卫生ETF,2020-11-19,0.6579,0.6579,0.6579,0.6579,0.0053,0.0,0.0
512010.OF,易方达沪深300医药卫生ETF,2020-11-20,0.6603,0.6603,0.6603,0.6603,0.0036,0.0,0.0
512010.OF,易方达沪深300医药卫生ETF,2020-11-23,0.6597,0.6597,0.6597,0.6597,-0.0009,0.0,0.0
512010.OF,易方达沪深300医药卫生ETF,2020-11-24,0.6543,0.6543,0.6543,0.6543,-0.0082,0.0,0.0
512010.OF,易方达沪深300医药卫生ETF,2020-11-25,0.6402,0.6402,0.6402,0.6402,-0.0215,0.0,0.0
512010.OF,易方达沪深300医药卫生ETF,2020-11-26,0.6373,0.6373,0.6373,0.6373,-0.0046,0.0,0.0
512010.OF,易方达沪深300医药卫生ETF,2020-11-27,0.6426,0.6426,0.6426,0.6426,0.0084,0.0,0.0
512010.OF,易方达沪深300医药卫生ETF,2020-11-30,0.645,0.645,0.645,0.645,0.0037,0.0,0.0
512010.OF,易方达沪深300医药卫生ETF,2020-12-01,0.6653,0.6653,0.6653,0.6653,0.0314,0.0,0.0
512010.OF,易方达沪深300医药卫生ETF,2020-12-02,0.6626,0.6626,0.6626,0.6626,-0.004,0.0,0.0
512010.OF,易方达沪深300医药卫生ETF,2020-12-03,0.6803,0.6803,0.6803,0.6803,0.0268,0.0,0.0
512010.OF,易方达沪深300医药卫生ETF,2020-12-04,0.6891,0.6891,0.6891,0.6891,0.013,0.0,0.0
512010.OF,易方达沪深300医药卫生ETF,2020-12-07,0.6779,0.6779,0.6779,0.6779,-0.0164,0.0,0.0
512010.OF,易方达沪深300医药卫生ETF,2020-12-08,0.6767,0.6767,0.6767,0.6767,-0.0017,0.0,0.0
512010.OF,易方达沪深300医药卫生ETF,2020-12-09,0.6691,0.6691,0.6691,0.6691,-0.0112,0.0,0.0
512010.OF,易方达沪深300医药卫生ETF,2020-12-10,0.6747,0.6747,0.6747,0.6747,0.0084,0.0,0.0
512010.OF,易方达沪深300医药卫生ETF,2020-12-11,0.6712,0.6712,0.6712,0.6712,-0.0052,0.0,0.0
512010.OF,易方达沪深300医药卫生ETF,2020-12-14,0.6799,0.6799,0.6799,0.6799,0.0128,0.0,0.0
512010.OF,易方达沪深300医药卫生ETF,2020-12-15,0.697,0.697,0.697,0.697,0.0253,0.0,0.0
512010.OF,易方达沪深300医药卫生ETF,2020-12-16,0.7031,0.7031,0.7031,0.7031,0.0088,0.0,0.0
512010.OF,易方达沪深300医药卫生ETF,2020-12-17,0.7259,0.7259,0.7259,0.7259,0.0324,0.0,0.0
512010.OF,易方达沪深300医药卫生ETF,2020-12-18,0.7263,0.7263,0.7263,0.7263,0.0004,0.0,0.0
512010.OF,易方达沪深300医药卫生ETF,2020-12-21,0.7348,0.7348,0.7348,0.7348,0.0118,0.0,0.0
512010.OF,易方达沪深300医药卫生ETF,2020-12-22,0.7305,0.7305,0.7305,0.7305,-0.0059,0.0,0.0
512010.OF,易方达沪深300医药卫生ETF,2020-12-23,0.729,0.729,0.729,0.729,-0.0021,0.0,0.0
512010.OF,易方达沪深300医药卫生ETF,2020-12-24,0.7332,0.7332,0.7332,0.7332,0.0058,0.0,0.0
512010.OF,易方达沪深300医药卫生ETF,2020-12-25,0.7514,0.7514,0.7514,0.7514,0.0249,0.0,0.0
512010.OF,易方达沪深300医药卫生ETF,2020-12-28,0.7405,0.7405,0.7405,0.7405,-0.0146,0.0,0.0
512010.OF,易方达沪深300医药卫生ETF,2020-12-29,0.7311,0.7311,0.7311,0.7311,-0.0126,0.0,0.0
512010.OF,易方达沪深300医药卫生ETF,2020-12-30,0.7443,0.7443,0.7443,0.7443,0.0181,0.0,0.0
512010.OF,易方达沪深300医药卫生ETF,2020-12-31,0.7512,0.7512,0.7512,0.7512,0.0092,0.0,0.0
512010.OF,易方达沪深300医药卫生ETF,2021-01-04,0.7518,0.7518,0.7518,0.7518,0.0008,0.0,0.0
512010.OF,易方达沪深300医药卫生ETF,2021-01-05,0.7683,0.7683,0.7683,0.7683,0.022,0.0,0.0
512010.OF,易方达沪深300医药卫生ETF,2021-01-06,0.7822,0.7822,0.7822,0.7822,0.018,0.0,0.0
512010.OF,易方达沪深300医药卫生ETF,2021-01-07,0.7925,0.7925,0.7925,0.7925,0.0132,0.0,0.0
512010.OF,易方达沪深300医药卫生ETF,2021-01-08,0.7912,0.7912,0.7912,0.7912,-0.0016,0.0,0.0
512010.OF,易方达沪深300医药卫生ETF,2021-01-11,0.7757,0.7757,0.7757,0.7757,-0.0196,0.0,0.0
512010.OF,易方达沪深300医药卫生ETF,2021-01-12,0.7906,0.7906,0.7906,0.7906,0.0192,0.0,0.0
512010.OF,易方达沪深300医药卫生ETF,2021-01-13,0.7772,0.7772,0.7772,0.7772,-0.017,0.0,0.0
512010.OF,易方达沪深300医药卫生ETF,2021-01-14,0.7634,0.7634,0.7634,0.7634,-0.0178,0.0,0.0
512010.OF,易方达沪深300医药卫生ETF,2021-01-15,0.7616,0.7616,0.7616,0.7616,-0.0024,0.0,0.0
512010.OF,易方达沪深300医药卫生ETF,2021-01-18,0.763,0.763,0.763,0.763,0.0019,0.0,0.0
512010.OF,易方达沪深300医药卫生ETF,2021-01-19,0.7485,0.7485,0.7485,0.7485,-0.0189,0.0,0.0
512010.OF,易方达沪深300医药卫生ETF,2021-01-20,0.775,0.775,0.775,0.775,0.0354,0.0,0.0
512010.OF,易方达沪深300医药卫生ETF,2021-01-21,0.7912,0.7912,0.7912,0.7912,0.0208,0.0,0.0
512010.OF,易方达沪深300医药卫生ETF,2021-01-22,0.8266,0.8266,0.8266,0.8266,0.0447,0.0,0.0
512010.OF,易方达沪深300医药卫生ETF,2021-01-25,0.8303,0.8303,0.8303,0.8303,0.0045,0.0,0.0
512010.OF,易方达沪深300医药卫生ETF,2021-01-26,0.8052,0.8052,0.8052,0.8052,-0.0303,0.0,0.0
512010.OF,易方达沪深300医药卫生ETF,2021-01-27,0.8008,0.8008,0.8008,0.8008,-0.0054,0.0,0.0
512010.OF,易方达沪深300医药卫生ETF,2021-01-28,0.7777,0.7777,0.7777,0.7777,-0.0289,0.0,0.0
512010.OF,易方达沪深300医药卫生ETF,2021-01-29,0.7736,0.7736,0.7736,0.7736,-0.0052,0.0,0.0
512010.OF,易方达沪深300医药卫生ETF,2021-02-01,0.7908,0.7908,0.7908,0.7908,0.0222,0.0,0.0
512010.OF,易方达沪深300医药卫生ETF,2021-02-02,0.8071,0.8071,0.8071,0.8071,0.0206,0.0,0.0
512010.OF,易方达沪深300医药卫生ETF,2021-02-03,0.8142,0.8142,0.8142,0.8142,0.0088,0.0,0.0
512010.OF,易方达沪深300医药卫生ETF,2021-02-04,0.8044,0.8044,0.8044,0.8044,-0.012,0.0,0.0
512010.OF,易方达沪深300医药卫生ETF,2021-02-05,0.8277,0.8277,0.8277,0.8277,0.0289,0.0,0.0
512010.OF,易方达沪深300医药卫生ETF,2021-02-08,0.847,0.847,0.847,0.847,0.0233,0.0,0.0
512010.OF,易方达沪深300医药卫生ETF,2021-02-09,0.8648,0.8648,0.8648,0.8648,0.021,0.0,0.0
512010.OF,易方达沪深300医药卫生ETF,2021-02-10,0.8881,0.8881,0.8881,0.8881,0.027,0.0,0.0
512010.OF,易方达沪深300医药卫生ETF,2021-02-18,0.8504,0.8504,0.8504,0.8504,-0.0425,0.0,0.0
512010.OF,易方达沪深300医药卫生ETF,2021-02-19,0.8495,0.8495,0.8495,0.8495,-0.0011,0.0,0.0
512010.OF,易方达沪深300医药卫生ETF,2021-02-22,0.806,0.806,0.806,0.806,-0.0511,0.0,0.0
512010.OF,易方达沪深300医药卫生ETF,2021-02-23,0.8025,0.8025,0.8025,0.8025,-0.0044,0.0,0.0
512010.OF,易方达沪深300医药卫生ETF,2021-02-24,0.7674,0.7674,0.7674,0.7674,-0.0437,0.0,0.0
512010.OF,易方达沪深300医药卫生ETF,2021-02-25,0.7683,0.7683,0.7683,0.7683,0.0012,0.0,0.0
512010.OF,易方达沪深300医药卫生ETF,2021-02-26,0.7564,0.7564,0.7564,0.7564,-0.0154,0.0,0.0
512010.OF,易方达沪深300医药卫生ETF,2021-03-01,0.7663,0.7663,0.7663,0.7663,0.0131,0.0,0.0
512010.OF,易方达沪深300医药卫生ETF,2021-03-02,0.749,0.749,0.749,0.749,-0.0226,0.0,0.0
512010.OF,易方达沪深300医药卫生ETF,2021-03-03,0.7645,0.7645,0.7645,0.7645,0.0206,0.0,0.0
512010.OF,易方达沪深300医药卫生ETF,2021-03-04,0.7338,0.7338,0.7338,0.7338,-0.0402,0.0,0.0
512010.OF,易方达沪深300医药卫生ETF,2021-03-05,0.7343,0.7343,0.7343,0.7343,0.0007,0.0,0.0
512010.OF,易方达沪深300医药卫生ETF,2021-03-08,0.688,0.688,0.688,0.688,-0.0631,0.0,0.0
512010.OF,易方达沪深300医药卫生ETF,2021-03-09,0.6678,0.6678,0.6678,0.6678,-0.0294,0.0,0.0
512010.OF,易方达沪深300医药卫生ETF,2021-03-10,0.6852,0.6852,0.6852,0.6852,0.026,0.0,0.0
512010.OF,易方达沪深300医药卫生ETF,2021-03-11,0.7039,0.7039,0.7039,0.7039,0.0273,0.0,0.0
512010.OF,易方达沪深300医药卫生ETF,2021-03-12,0.7056,0.7056,0.7056,0.7056,0.0025,0.0,0.0
512010.OF,易方达沪深300医药卫生ETF,2021-03-15,0.6762,0.6762,0.6762,0.6762,-0.0416,0.0,0.0
512010.OF,易方达沪深300医药卫生ETF,2021-03-16,0.6827,0.6827,0.6827,0.6827,0.0095,0.0,0.0
512010.OF,易方达沪深300医药卫生ETF,2021-03-17,0.686,0.686,0.686,0.686,0.0049,0.0,0.0
512010.OF,易方达沪深300医药卫生ETF,2021-03-18,0.7014,0.7014,0.7014,0.7014,0.0225,0.0,0.0
512010.OF,易方达沪深300医药卫生ETF,2021-03-19,0.6836,0.6836,0.6836,0.6836,-0.0254,0.0,0.0
512010.OF,易方达沪深300医药卫生ETF,2021-03-22,0.6882,0.6882,0.6882,0.6882,0.0067,0.0,0.0
512010.OF,易方达沪深300医药卫生ETF,2021-03-23,0.6873,0.6873,0.6873,0.6873,-0.0012,0.0,0.0
512010.OF,易方达沪深300医药卫生ETF,2021-03-24,0.6843,0.6843,0.6843,0.6843,-0.0044,0.0,0.0
512010.OF,易方达沪深300医药卫生ETF,2021-03-25,0.6917,0.6917,0.6917,0.6917,0.0108,0.0,0.0
512010.OF,易方达沪深300医药卫生ETF,2021-03-26,0.7182,0.7182,0.7182,0.7182,0.0384,0.0,0.0
512010.OF,易方达沪深300医药卫生ETF,2021-03-29,0.7158,0.7158,0.7158,0.7158,-0.0034,0.0,0.0
512010.OF,易方达沪深300医药卫生ETF,2021-03-30,0.7279,0.7279,0.7279,0.7279,0.017,0.0,0.0
512010.OF,易方达沪深300医药卫生ETF,2021-03-31,0.7203,0.7203,0.7203,0.7203,-0.0105,0.0,0.0
512010.OF,易方达沪深300医药卫生ETF,2021-04-01,0.7371,0.7371,0.7371,0.7371,0.0233,0.0,0.0
512010.OF,易方达沪深300医药卫生ETF,2021-04-02,0.7416,0.7416,0.7416,0.7416,0.0061,0.0,0.0
512010.OF,易方达沪深300医药卫生ETF,2021-04-06,0.729,0.729,0.729,0.729,-0.017,0.0,0.0
512010.OF,易方达沪深300医药卫生ETF,2021-04-07,0.7269,0.7269,0.7269,0.7269,-0.0029,0.0,0.0
512010.OF,易方达沪深300医药卫生ETF,2021-04-08,0.7394,0.7394,0.7394,0.7394,0.0173,0.0,0.0
512010.OF,易方达沪深300医药卫生ETF,2021-04-09,0.7259,0.7259,0.7259,0.7259,-0.0183,0.0,0.0
512010.OF,易方达沪深300医药卫生ETF,2021-04-12,0.7045,0.7045,0.7045,0.7045,-0.0295,0.0,0.0
512010.OF,易方达沪深300医药卫生ETF,2021-04-13,0.713,0.713,0.713,0.713,0.0122,0.0,0.0
512010.OF,易方达沪深300医药卫生ETF,2021-04-14,0.7116,0.7116,0.7116,0.7116,-0.002,0.0,0.0
512010.OF,易方达沪深300医药卫生ETF,2021-04-15,0.7068,0.7068,0.7068,0.7068,-0.0067,0.0,0.0
512010.OF,易方达沪深300医药卫生ETF,2021-04-16,0.7018,0.7018,0.7018,0.7018,-0.0072,0.0,0.0
512010.OF,易方达沪深300医药卫生ETF,2021-04-19,0.7242,0.7242,0.7242,0.7242,0.032,0.0,0.0
512010.OF,易方达沪深300医药卫生ETF,2021-04-20,0.7261,0.7261,0.7261,0.7261,0.0027,0.0,0.0
512010.OF,易方达沪深300医药卫生ETF,2021-04-21,0.7419,0.7419,0.7419,0.7419,0.0217,0.0,0.0
512010.OF,易方达沪深300医药卫生ETF,2021-04-22,0.7413,0.7413,0.7413,0.7413,-0.0008,0.0,0.0
512010.OF,易方达沪深300医药卫生ETF,2021-04-23,0.7585,0.7585,0.7585,0.7585,0.0232,0.0,0.0
512010.OF,易方达沪深300医药卫生ETF,2021-04-26,0.7546,0.7546,0.7546,0.7546,-0.0052,0.0,0.0
512010.OF,易方达沪深300医药卫生ETF,2021-04-27,0.7731,0.7731,0.7731,0.7731,0.0246,0.0,0.0
512010.OF,易方达沪深300医药卫生ETF,2021-04-28,0.7893,0.7893,0.7893,0.7893,0.0209,0.0,0.0
512010.OF,易方达沪深300医药卫生ETF,2021-04-29,0.788,0.788,0.788,0.788,-0.0017,0.0,0.0
512010.OF,易方达沪深300医药卫生ETF,2021-04-30,0.799,0.799,0.799,0.799,0.014,0.0,0.0
512010.OF,易方达沪深300医药卫生ETF,2021-05-06,0.7665,0.7665,0.7665,0.7665,-0.0407,0.0,0.0
512010.OF,易方达沪深300医药卫生ETF,2021-05-07,0.745,0.745,0.745,0.745,-0.028,0.0,0.0
512010.OF,易方达沪深300医药卫生ETF,2021-05-10,0.7589,0.7589,0.7589,0.7589,0.0187,0.0,0.0
512010.OF,易方达沪深300医药卫生ETF,2021-05-11,0.774,0.774,0.774,0.774,0.0199,0.0,0.0
512010.OF,易方达沪深300医药卫生ETF,2021-05-12,0.7879,0.7879,0.7879,0.7879,0.0179,0.0,0.0
512010.OF,易方达沪深300医药卫生ETF,2021-05-13,0.7925,0.7925,0.7925,0.7925,0.0058,0.0,0.0
512010.OF,易方达沪深300医药卫生ETF,2021-05-14,0.8115,0.8115,0.8115,0.8115,0.024,0.0,0.0
512010.OF,易方达沪深300医药卫生ETF,2021-05-17,0.8301,0.8301,0.8301,0.8301,0.0229,0.0,0.0
512010.OF,易方达沪深300医药卫生ETF,2021-05-18,0.8204,0.8204,0.8204,0.8204,-0.0117,0.0,0.0
512010.OF,易方达沪深300医药卫生ETF,2021-05-19,0.8177,0.8177,0.8177,0.8177,-0.0034,0.0,0.0
512010.OF,易方达沪深300医药卫生ETF,2021-05-20,0.815,0.815,0.815,0.815,-0.0033,0.0,0.0
512010.OF,易方达沪深300医药卫生ETF,2021-05-21,0.8034,0.8034,0.8034,0.8034,-0.0142,0.0,0.0
512010.OF,易方达沪深300医药卫生ETF,2021-05-24,0.7992,0.7992,0.7992,0.7992,-0.0052,0.0,0.0
512010.OF,易方达沪深300医药卫生ETF,2021-05-25,0.8234,0.8234,0.8234,0.8234,0.0303,0.0,0.0
512010.OF,易方达沪深300医药卫生ETF,2021-05-26,0.8229,0.8229,0.8229,0.8229,-0.0006,0.0,0.0
512010.OF,易方达沪深300医药卫生ETF,2021-05-27,0.8279,0.8279,0.8279,0.8279,0.006,0.0,0.0
512010.OF,易方达沪深300医药卫生ETF,2021-05-28,0.813,0.813,0.813,0.813,-0.0179,0.0,0.0
512010.OF,易方达沪深300医药卫生ETF,2021-05-31,0.8242,0.8242,0.8242,0.8242,0.0137,0.0,0.0
512010.OF,易方达沪深300医药卫生ETF,2021-06-01,0.8376,0.8376,0.8376,0.8376,0.0163,0.0,0.0
512010.OF,易方达沪深300医药卫生ETF,2021-06-02,0.8224,0.8224,0.8224,0.8224,-0.0182,0.0,0.0
512010.OF,易方达沪深300医药卫生ETF,2021-06-03,0.8122,0.8122,0.8122,0.8122,-0.0124,0.0,0.0
512010.OF,易方达沪深300医药卫生ETF,2021-06-04,0.8169,0.8169,0.8169,0.8169,0.0058,0.0,0.0
512010.OF,易方达沪深300医药卫生ETF,2021-06-07,0.8201,0.8201,0.8201,0.8201,0.004,0.0,0.0
512010.OF,易方达沪深300医药卫生ETF,2021-06-08,0.8079,0.8079,0.8079,0.8079,-0.0149,0.0,0.0
512010.OF,易方达沪深300医药卫生ETF,2021-06-09,0.8093,0.8093,0.8093,0.8093,0.0017,0.0,0.0
512010.OF,易方达沪深300医药卫生ETF,2021-06-10,0.824,0.824,0.824,0.824,0.0181,0.0,0.0
512010.OF,易方达沪深300医药卫生ETF,2021-06-11,0.8204,0.8204,0.8204,0.8204,-0.0043,0.0,0.0
512010.OF,易方达沪深300医药卫生ETF,2021-06-15,0.8042,0.8042,0.8042,0.8042,-0.0197,0.0,0.0
512010.OF,易方达沪深300医药卫生ETF,2021-06-16,0.7804,0.7804,0.7804,0.7804,-0.0296,0.0,0.0
512010.OF,易方达沪深300医药卫生ETF,2021-06-17,0.7836,0.7836,0.7836,0.7836,0.0042,0.0,0.0
512010.OF,易方达沪深300医药卫生ETF,2021-06-18,0.7906,0.7906,0.7906,0.7906,0.0089,0.0,0.0
512010.OF,易方达沪深300医药卫生ETF,2021-06-21,0.7954,0.7954,0.7954,0.7954,0.0061,0.0,0.0
512010.OF,易方达沪深300医药卫生ETF,2021-06-22,0.8144,0.8144,0.8144,0.8144,0.0239,0.0,0.0
512010.OF,易方达沪深300医药卫生ETF,2021-06-23,0.815,0.815,0.815,0.815,0.0006,0.0,0.0
512010.OF,易方达沪深300医药卫生ETF,2021-06-24,0.8015,0.8015,0.8015,0.8015,-0.0165,0.0,0.0
512010.OF,易方达沪深300医药卫生ETF,2021-06-25,0.8207,0.8207,0.8207,0.8207,0.024,0.0,0.0
512010.OF,易方达沪深300医药卫生ETF,2021-06-28,0.8377,0.8377,0.8377,0.8377,0.0207,0.0,0.0
512010.OF,易方达沪深300医药卫生ETF,2021-06-29,0.8297,0.8297,0.8297,0.8297,-0.0095,0.0,0.0
512010.OF,易方达沪深300医药卫生ETF,2021-06-30,0.8307,0.8307,0.8307,0.8307,0.0012,0.0,0.0
512010.OF,易方达沪深300医药卫生ETF,2021-07-01,0.8464,0.8464,0.8464,0.8464,0.0189,0.0,0.0
512010.OF,易方达沪深300医药卫生ETF,2021-07-02,0.8103,0.8103,0.8103,0.8103,-0.0427,0.0,0.0
512010.OF,易方达沪深300医药卫生ETF,2021-07-05,0.8023,0.8023,0.8023,0.8023,-0.0099,0.0,0.0
512010.OF,易方达沪深300医药卫生ETF,2021-07-06,0.7727,0.7727,0.7727,0.7727,-0.0369,0.0,0.0
512010.OF,易方达沪深300医药卫生ETF,2021-07-07,0.7922,0.7922,0.7922,0.7922,0.0252,0.0,0.0
512010.OF,易方达沪深300医药卫生ETF,2021-07-08,0.7766,0.7766,0.7766,0.7766,-0.0197,0.0,0.0
512010.OF,易方达沪深300医药卫生ETF,2021-07-09,0.7758,0.7758,0.7758,0.7758,-0.001,0.0,0.0
512010.OF,易方达沪深300医药卫生ETF,2021-07-12,0.7947,0.7947,0.7947,0.7947,0.0244,0.0,0.0
512010.OF,易方达沪深300医药卫生ETF,2021-07-13,0.7965,0.7965,0.7965,0.7965,0.0023,0.0,0.0
512010.OF,易方达沪深300医药卫生ETF,2021-07-14,0.8022,0.8022,0.8022,0.8022,0.0072,0.0,0.0
512010.OF,易方达沪深300医药卫生ETF,2021-07-15,0.8078,0.8078,0.8078,0.8078,0.007,0.0,0.0
512010.OF,易方达沪深300医药卫生ETF,2021-07-16,0.8018,0.8018,0.8018,0.8018,-0.0074,0.0,0.0
512010.OF,易方达沪深300医药卫生ETF,2021-07-19,0.82,0.82,0.82,0.82,0.0227,0.0,0.0
512010.OF,易方达沪深300医药卫生ETF,2021-07-20,0.8261,0.8261,0.8261,0.8261,0.0074,0.0,0.0
512010.OF,易方达沪深300医药卫生ETF,2021-07-21,0.8359,0.8359,0.8359,0.8359,0.0119,0.0,0.0
512010.OF,易方达沪深300医药卫生ETF,2021-07-22,0.8065,0.8065,0.8065,0.8065,-0.0352,0.0,0.0
512010.OF,易方达沪深300医药卫生ETF,2021-07-23,0.7819,0.7819,0.7819,0.7819,-0.0305,0.0,0.0
512010.OF,易方达沪深300医药卫生ETF,2021-07-26,0.7393,0.7393,0.7393,0.7393,-0.0545,0.0,0.0
512010.OF,易方达沪深300医药卫生ETF,2021-07-27,0.7107,0.7107,0.7107,0.7107,-0.0387,0.0,0.0
512010.OF,易方达沪深300医药卫生ETF,2021-07-28,0.7295,0.7295,0.7295,0.7295,0.0265,0.0,0.0
512010.OF,易方达沪深300医药卫生ETF,2021-07-29,0.7489,0.7489,0.7489,0.7489,0.0266,0.0,0.0
512010.OF,易方达沪深300医药卫生ETF,2021-07-30,0.7411,0.7411,0.7411,0.7411,-0.0104,0.0,0.0
512010.OF,易方达沪深300医药卫生ETF,2021-08-02,0.7504,0.7504,0.7504,0.7504,0.0125,0.0,0.0
512010.OF,易方达沪深300医药卫生ETF,2021-08-03,0.7788,0.7788,0.7788,0.7788,0.0378,0.0,0.0
512010.OF,易方达沪深300医药卫生ETF,2021-08-04,0.7745,0.7745,0.7745,0.7745,-0.0055,0.0,0.0
512010.OF,易方达沪深300医药卫生ETF,2021-08-05,0.7716,0.7716,0.7716,0.7716,-0.0037,0.0,0.0
512010.OF,易方达沪深300医药卫生ETF,2021-08-06,0.743,0.743,0.743,0.743,-0.0371,0.0,0.0
512010.OF,易方达沪深300医药卫生ETF,2021-08-09,0.7482,0.7482,0.7482,0.7482,0.007,0.0,0.0
512010.OF,易方达沪深300医药卫生ETF,2021-08-10,0.7564,0.7564,0.7564,0.7564,0.011,0.0,0.0
512010.OF,易方达沪深300医药卫生ETF,2021-08-11,0.74,0.74,0.74,0.74,-0.0217,0.0,0.0
512010.OF,易方达沪深300医药卫生ETF,2021-08-12,0.7293,0.7293,0.7293,0.7293,-0.0145,0.0,0.0
512010.OF,易方达沪深300医药卫生ETF,2021-08-13,0.7253,0.7253,0.7253,0.7253,-0.0055,0.0,0.0
512010.OF,易方达沪深300医药卫生ETF,2021-08-16,0.7243,0.7243,0.7243,0.7243,-0.0014,0.0,0.0
512010.OF,易方达沪深300医药卫生ETF,2021-08-17,0.6969,0.6969,0.6969,0.6969,-0.0378,0.0,0.0
512010.OF,易方达沪深300医药卫生ETF,2021-08-18,0.6995,0.6995,0.6995,0.6995,0.0037,0.0,0.0
512010.OF,易方达沪深300医药卫生ETF,2021-08-19,0.7018,0.7018,0.7018,0.7018,0.0033,0.0,0.0
512010.OF,易方达沪深300医药卫生ETF,2021-08-20,0.6636,0.6636,0.6636,0.6636,-0.0544,0.0,0.0
512010.OF,易方达沪深300医药卫生ETF,2021-08-23,0.6755,0.6755,0.6755,0.6755,0.0179,0.0,0.0
512010.OF,易方达沪深300医药卫生ETF,2021-08-24,0.6884,0.6884,0.6884,0.6884,0.0191,0.0,0.0
512010.OF,易方达沪深300医药卫生ETF,2021-08-25,0.6937,0.6937,0.6937,0.6937,0.0077,0.0,0.0
512010.OF,易方达沪深300医药卫生ETF,2021-08-26,0.6656,0.6656,0.6656,0.6656,-0.0405,0.0,0.0
512010.OF,易方达沪深300医药卫生ETF,2021-08-27,0.6637,0.6637,0.6637,0.6637,-0.0029,0.0,0.0
512010.OF,易方达沪深300医药卫生ETF,2021-08-30,0.6637,0.6637,0.6637,0.6637,0.0,0.0,0.0
512010.OF,易方达沪深300医药卫生ETF,2021-08-31,0.6507,0.6507,0.6507,0.6507,-0.0196,0.0,0.0
512010.OF,易方达沪深300医药卫生ETF,2021-09-01,0.6592,0.6592,0.6592,0.6592,0.0131,0.0,0.0
512010.OF,易方达沪深300医药卫生ETF,2021-09-02,0.6368,0.6368,0.6368,0.6368,-0.034,0.0,0.0
512010.OF,易方达沪深300医药卫生ETF,2021-09-03,0.6402,0.6402,0.6402,0.6402,0.0053,0.0,0.0
512010.OF,易方达沪深300医药卫生ETF,2021-09-06,0.6724,0.6724,0.6724,0.6724,0.0503,0.0,0.0
512010.OF,易方达沪深300医药卫生ETF,2021-09-07,0.6715,0.6715,0.6715,0.6715,-0.0013,0.0,0.0
512010.OF,易方达沪深300医药卫生ETF,2021-09-08,0.6663,0.6663,0.6663,0.6663,-0.0077,0.0,0.0
512010.OF,易方达沪深300医药卫生ETF,2021-09-09,0.6659,0.6659,0.6659,0.6659,-0.0006,0.0,0.0
512010.OF,易方达沪深300医药卫生ETF,2021-09-10,0.6626,0.6626,0.6626,0.6626,-0.005,0.0,0.0
512010.OF,易方达沪深300医药卫生ETF,2021-09-13,0.657,0.657,0.657,0.657,-0.0085,0.0,0.0
512010.OF,易方达沪深300医药卫生ETF,2021-09-14,0.6628,0.6628,0.6628,0.6628,0.0088,0.0,0.0
512010.OF,易方达沪深300医药卫生ETF,2021-09-15,0.6507,0.6507,0.6507,0.6507,-0.0183,0.0,0.0
512010.OF,易方达沪深300医药卫生ETF,2021-09-16,0.6531,0.6531,0.6531,0.6531,0.0037,0.0,0.0
512010.OF,易方达沪深300医药卫生ETF,2021-09-17,0.6822,0.6822,0.6822,0.6822,0.0446,0.0,0.0
512010.OF,易方达沪深300医药卫生ETF,2021-09-22,0.6796,0.6796,0.6796,0.6796,-0.0038,0.0,0.0
512010.OF,易方达沪深300医药卫生ETF,2021-09-23,0.6777,0.6777,0.6777,0.6777,-0.0028,0.0,0.0
512010.OF,易方达沪深300医药卫生ETF,2021-09-24,0.6833,0.6833,0.6833,0.6833,0.0083,0.0,0.0
512010.OF,易方达沪深300医药卫生ETF,2021-09-27,0.6951,0.6951,0.6951,0.6951,0.0173,0.0,0.0
512010.OF,易方达沪深300医药卫生ETF,2021-09-28,0.6895,0.6895,0.6895,0.6895,-0.0081,0.0,0.0
512010.OF,易方达沪深300医药卫生ETF,2021-09-29,0.6784,0.6784,0.6784,0.6784,-0.0161,0.0,0.0
512010.OF,易方达沪深300医药卫生ETF,2021-09-30,0.6894,0.6894,0.6894,0.6894,0.0162,0.0,0.0
512010.OF,易方达沪深300医药卫生ETF,2021-10-08,0.6929,0.6929,0.6929,0.6929,0.0051,0.0,0.0
512010.OF,易方达沪深300医药卫生ETF,2021-10-11,0.6819,0.6819,0.6819,0.6819,-0.0159,0.0,0.0
512010.OF,易方达沪深300医药卫生ETF,2021-10-12,0.6794,0.6794,0.6794,0.6794,-0.0037,0.0,0.0
512010.OF,易方达沪深300医药卫生ETF,2021-10-13,0.6914,0.6914,0.6914,0.6914,0.0177,0.0,0.0
512010.OF,易方达沪深300医药卫生ETF,2021-10-14,0.6758,0.6758,0.6758,0.6758,-0.0226,0.0,0.0
512010.OF,易方达沪深300医药卫生ETF,2021-10-15,0.6681,0.6681,0.6681,0.6681,-0.0114,0.0,0.0
512010.OF,易方达沪深300医药卫生ETF,2021-10-18,0.6571,0.6571,0.6571,0.6571,-0.0165,0.0,0.0
512010.OF,易方达沪深300医药卫生ETF,2021-10-19,0.6672,0.6672,0.6672,0.6672,0.0154,0.0,0.0
512010.OF,易方达沪深300医药卫生ETF,2021-10-20,0.6644,0.6644,0.6644,0.6644,-0.0042,0.0,0.0
512010.OF,易方达沪深300医药卫生ETF,2021-10-21,0.6618,0.6618,0.6618,0.6618,-0.0039,0.0,0.0
512010.OF,易方达沪深300医药卫生ETF,2021-10-22,0.6656,0.6656,0.6656,0.6656,0.0057,0.0,0.0
512010.OF,易方达沪深300医药卫生ETF,2021-10-25,0.6673,0.6673,0.6673,0.6673,0.0026,0.0,0.0
512010.OF,易方达沪深300医药卫生ETF,2021-10-26,0.6617,0.6617,0.6617,0.6617,-0.0084,0.0,0.0
512010.OF,易方达沪深300医药卫生ETF,2021-10-27,0.6487,0.6487,0.6487,0.6487,-0.0196,0.0,0.0
512010.OF,易方达沪深300医药卫生ETF,2021-10-28,0.6459,0.6459,0.6459,0.6459,-0.0043,0.0,0.0
512010.OF,易方达沪深300医药卫生ETF,2021-10-29,0.6546,0.6546,0.6546,0.6546,0.0135,0.0,0.0
512010.OF,易方达沪深300医药卫生ETF,2021-11-01,0.641,0.641,0.641,0.641,-0.0208,0.0,0.0
512010.OF,易方达沪深300医药卫生ETF,2021-11-02,0.633,0.633,0.633,0.633,-0.0125,0.0,0.0
512010.OF,易方达沪深300医药卫生ETF,2021-11-03,0.6391,0.6391,0.6391,0.6391,0.0096,0.0,0.0
512010.OF,易方达沪深300医药卫生ETF,2021-11-04,0.6405,0.6405,0.6405,0.6405,0.0022,0.0,0.0
512010.OF,易方达沪深300医药卫生ETF,2021-11-05,0.6409,0.6409,0.6409,0.6409,0.0006,0.0,0.0
512010.OF,易方达沪深300医药卫生ETF,2021-11-08,0.6254,0.6254,0.6254,0.6254,-0.0242,0.0,0.0
512010.OF,易方达沪深300医药卫生ETF,2021-11-09,0.6313,0.6313,0.6313,0.6313,0.0094,0.0,0.0
512010.OF,易方达沪深300医药卫生ETF,2021-11-10,0.6458,0.6458,0.6458,0.6458,0.023,0.0,0.0
512010.OF,易方达沪深300医药卫生ETF,2021-11-11,0.6431,0.6431,0.6431,0.6431,-0.0042,0.0,0.0
512010.OF,易方达沪深300医药卫生ETF,2021-11-12,0.6416,0.6416,0.6416,0.6416,-0.0023,0.0,0.0
512010.OF,易方达沪深300医药卫生ETF,2021-11-15,0.6551,0.6551,0.6551,0.6551,0.021,0.0,0.0
512010.OF,易方达沪深300医药卫生ETF,2021-11-16,0.6751,0.6751,0.6751,0.6751,0.0305,0.0,0.0
512010.OF,易方达沪深300医药卫生ETF,2021-11-17,0.6749,0.6749,0.6749,0.6749,-0.0003,0.0,0.0
512010.OF,易方达沪深300医药卫生ETF,2021-11-18,0.6596,0.6596,0.6596,0.6596,-0.0227,0.0,0.0
512010.OF,易方达沪深300医药卫生ETF,2021-11-19,0.6575,0.6575,0.6575,0.6575,-0.0032,0.0,0.0
512010.OF,易方达沪深300医药卫生ETF,2021-11-22,0.6518,0.6518,0.6518,0.6518,-0.0087,0.0,0.0
512010.OF,易方达沪深300医药卫生ETF,2021-11-23,0.6536,0.6536,0.6536,0.6536,0.0028,0.0,0.0
512010.OF,易方达沪深300医药卫生ETF,2021-11-24,0.6588,0.6588,0.6588,0.6588,0.008,0.0,0.0
512010.OF,易方达沪深300医药卫生ETF,2021-11-25,0.6658,0.6658,0.6658,0.6658,0.0106,0.0,0.0
512010.OF,易方达沪深300医药卫生ETF,2021-11-26,0.6645,0.6645,0.6645,0.6645,-0.002,0.0,0.0
512010.OF,易方达沪深300医药卫生ETF,2021-11-29,0.6648,0.6648,0.6648,0.6648,0.0005,0.0,0.0
512010.OF,易方达沪深300医药卫生ETF,2021-11-30,0.6619,0.6619,0.6619,0.6619,-0.0044,0.0,0.0
512010.OF,易方达沪深300医药卫生ETF,2021-12-01,0.6543,0.6543,0.6543,0.6543,-0.0115,0.0,0.0
512010.OF,易方达沪深300医药卫生ETF,2021-12-02,0.6457,0.6457,0.6457,0.6457,-0.0131,0.0,0.0
512010.OF,易方达沪深300医药卫生ETF,2021-12-03,0.6502,0.6502,0.6502,0.6502,0.007,0.0,0.0
512010.OF,易方达沪深300医药卫生ETF,2021-12-06,0.6389,0.6389,0.6389,0.6389,-0.0174,0.0,0.0
512010.OF,易方达沪深300医药卫生ETF,2021-12-07,0.6433,0.6433,0.6433,0.6433,0.0069,0.0,0.0
512010.OF,易方达沪深300医药卫生ETF,2021-12-08,0.6514,0.6514,0.6514,0.6514,0.0126,0.0,0.0
512010.OF,易方达沪深300医药卫生ETF,2021-12-09,0.6681,0.6681,0.6681,0.6681,0.0256,0.0,0.0
512010.OF,易方达沪深300医药卫生ETF,2021-12-10,0.6592,0.6592,0.6592,0.6592,-0.0133,0.0,0.0
512010.OF,易方达沪深300医药卫生ETF,2021-12-13,0.6553,0.6553,0.6553,0.6553,-0.0059,0.0,0.0
512010.OF,易方达沪深300医药卫生ETF,2021-12-14,0.6591,0.6591,0.6591,0.6591,0.0058,0.0,0.0
512010.OF,易方达沪深300医药卫生ETF,2021-12-15,0.6378,0.6378,0.6378,0.6378,-0.0323,0.0,0.0
512010.OF,易方达沪深300医药卫生ETF,2021-12-16,0.6418,0.6418,0.6418,0.6418,0.0063,0.0,0.0
512010.OF,易方达沪深300医药卫生ETF,2021-12-17,0.6346,0.6346,0.6346,0.6346,-0.0112,0.0,0.0
512010.OF,易方达沪深300医药卫生ETF,2021-12-20,0.6241,0.6241,0.6241,0.6241,-0.0165,0.0,0.0
512010.OF,易方达沪深300医药卫生ETF,2021-12-21,0.6321,0.6321,0.6321,0.6321,0.0128,0.0,0.0
512010.OF,易方达沪深300医药卫生ETF,2021-12-22,0.6317,0.6317,0.6317,0.6317,-0.0006,0.0,0.0
512010.OF,易方达沪深300医药卫生ETF,2021-12-23,0.6268,0.6268,0.6268,0.6268,-0.0078,0.0,0.0
512010.OF,易方达沪深300医药卫生ETF,2021-12-24,0.629,0.629,0.629,0.629,0.0035,0.0,0.0
512010.OF,易方达沪深300医药卫生ETF,2021-12-27,0.6332,0.6332,0.6332,0.6332,0.0067,0.0,0.0
512010.OF,易方达沪深300医药卫生ETF,2021-12-28,0.6385,0.6385,0.6385,0.6385,0.0084,0.0,0.0
512010.OF,易方达沪深300医药卫生ETF,2021-12-29,0.6295,0.6295,0.6295,0.6295,-0.0141,0.0,0.0
512010.OF,易方达沪深300医药卫生ETF,2021-12-30,0.632,0.632,0.632,0.632,0.004,0.0,0.0
512010.OF,易方达沪深300医药卫生ETF,2021-12-31,0.633,0.633,0.633,0.633,0.0016,0.0,0.0
512010.OF,易方达沪深300医药卫生ETF,2022-01-04,0.6164,0.6164,0.6164,0.6164,-0.0262,0.0,0.0
512010.OF,易方达沪深300医药卫生ETF,2022-01-05,0.6087,0.6087,0.6087,0.6087,-0.0125,0.0,0.0
512010.OF,易方达沪深300医药卫生ETF,2022-01-06,0.6004,0.6004,0.6004,0.6004,-0.0136,0.0,0.0
512010.OF,易方达沪深300医药卫生ETF,2022-01-07,0.5982,0.5982,0.5982,0.5982,-0.0037,0.0,0.0
512010.OF,易方达沪深300医药卫生ETF,2022-01-10,0.6046,0.6046,0.6046,0.6046,0.0107,0.0,0.0
512010.OF,易方达沪深300医药卫生ETF,2022-01-11,0.6039,0.6039,0.6039,0.6039,-0.0012,0.0,0.0
512010.OF,易方达沪深300医药卫生ETF,2022-01-12,0.609,0.609,0.609,0.609,0.0084,0.0,0.0
512010.OF,易方达沪深300医药卫生ETF,2022-01-13,0.5964,0.5964,0.5964,0.5964,-0.0207,0.0,0.0
512010.OF,易方达沪深300医药卫生ETF,2022-01-14,0.597,0.597,0.597,0.597,0.001,0.0,0.0
512010.OF,易方达沪深300医药卫生ETF,2022-01-17,0.5993,0.5993,0.5993,0.5993,0.0039,0.0,0.0
512010.OF,易方达沪深300医药卫生ETF,2022-01-18,0.599,0.599,0.599,0.599,-0.0005,0.0,0.0
512010.OF,易方达沪深300医药卫生ETF,2022-01-19,0.5825,0.5825,0.5825,0.5825,-0.0275,0.0,0.0
512010.OF,易方达沪深300医药卫生ETF,2022-01-20,0.5808,0.5808,0.5808,0.5808,-0.0029,0.0,0.0
512010.OF,易方达沪深300医药卫生ETF,2022-01-21,0.5667,0.5667,0.5667,0.5667,-0.0243,0.0,0.0
512010.OF,易方达沪深300医药卫生ETF,2022-01-24,0.5639,0.5639,0.5639,0.5639,-0.0049,0.0,0.0
512010.OF,易方达沪深300医药卫生ETF,2022-01-25,0.5522,0.5522,0.5522,0.5522,-0.0207,0.0,0.0
512010.OF,易方达沪深300医药卫生ETF,2022-01-26,0.5428,0.5428,0.5428,0.5428,-0.017,0.0,0.0
512010.OF,易方达沪深300医药卫生ETF,2022-01-27,0.5337,0.5337,0.5337,0.5337,-0.0168,0.0,0.0
512010.OF,易方达沪深300医药卫生ETF,2022-01-28,0.5301,0.5301,0.5301,0.5301,-0.0067,0.0,0.0
512010.OF,易方达沪深300医药卫生ETF,2022-02-07,0.5355,0.5355,0.5355,0.5355,0.0102,0.0,0.0
512010.OF,易方达沪深300医药卫生ETF,2022-02-08,0.5284,0.5284,0.5284,0.5284,-0.0133,0.0,0.0
512010.OF,易方达沪深300医药卫生ETF,2022-02-09,0.5332,0.5332,0.5332,0.5332,0.0091,0.0,0.0
512010.OF,易方达沪深300医药卫生ETF,2022-02-10,0.526,0.526,0.526,0.526,-0.0135,0.0,0.0
512010.OF,易方达沪深300医药卫生ETF,2022-02-11,0.5099,0.5099,0.5099,0.5099,-0.0306,0.0,0.0
512010.OF,易方达沪深300医药卫生ETF,2022-02-14,0.5113,0.5113,0.5113,0.5113,0.0027,0.0,0.0
512010.OF,易方达沪深300医药卫生ETF,2022-02-15,0.5331,0.5331,0.5331,0.5331,0.0426,0.0,0.0
512010.OF,易方达沪深300医药卫生ETF,2022-02-16,0.5345,0.5345,0.5345,0.5345,0.0026,0.0,0.0
512010.OF,易方达沪深300医药卫生ETF,2022-02-17,0.5341,0.5341,0.5341,0.5341,-0.0007,0.0,0.0
512010.OF,易方达沪深300医药卫生ETF,2022-02-18,0.5373,0.5373,0.5373,0.5373,0.006,0.0,0.0
512010.OF,易方达沪深300医药卫生ETF,2022-02-21,0.5377,0.5377,0.5377,0.5377,0.0007,0.0,0.0
512010.OF,易方达沪深300医药卫生ETF,2022-02-22,0.5296,0.5296,0.5296,0.5296,-0.0151,0.0,0.0
512010.OF,易方达沪深300医药卫生ETF,2022-02-23,0.5386,0.5386,0.5386,0.5386,0.017,0.0,0.0
512010.OF,易方达沪深300医药卫生ETF,2022-02-24,0.5263,0.5263,0.5263,0.5263,-0.0228,0.0,0.0
512010.OF,易方达沪深300医药卫生ETF,2022-02-25,0.5445,0.5445,0.5445,0.5445,0.0346,0.0,0.0
512010.OF,易方达沪深300医药卫生ETF,2022-02-28,0.5456,0.5456,0.5456,0.5456,0.002,0.0,0.0
512010.OF,易方达沪深300医药卫生ETF,2022-03-01,0.5481,0.5481,0.5481,0.5481,0.0046,0.0,0.0
512010.OF,易方达沪深300医药卫生ETF,2022-03-02,0.542,0.542,0.542,0.542,-0.0111,0.0,0.0
512010.OF,易方达沪深300医药卫生ETF,2022-03-03,0.5365,0.5365,0.5365,0.5365,-0.0101,0.0,0.0
512010.OF,易方达沪深300医药卫生ETF,2022-03-04,0.5336,0.5336,0.5336,0.5336,-0.0054,0.0,0.0
512010.OF,易方达沪深300医药卫生ETF,2022-03-07,0.5134,0.5134,0.5134,0.5134,-0.0379,0.0,0.0
512010.OF,易方达沪深300医药卫生ETF,2022-03-08,0.4987,0.4987,0.4987,0.4987,-0.0286,0.0,0.0
512010.OF,易方达沪深300医药卫生ETF,2022-03-09,0.4872,0.4872,0.4872,0.4872,-0.0231,0.0,0.0
512010.OF,易方达沪深300医药卫生ETF,2022-03-10,0.5037,0.5037,0.5037,0.5037,0.0339,0.0,0.0
512010.OF,易方达沪深300医药卫生ETF,2022-03-11,0.5159,0.5159,0.5159,0.5159,0.0242,0.0,0.0
512010.OF,易方达沪深300医药卫生ETF,2022-03-14,0.5088,0.5088,0.5088,0.5088,-0.0138,0.0,0.0
512010.OF,易方达沪深300医药卫生ETF,2022-03-15,0.4872,0.4872,0.4872,0.4872,-0.0425,0.0,0.0
512010.OF,易方达沪深300医药卫生ETF,2022-03-16,0.5037,0.5037,0.5037,0.5037,0.0339,0.0,0.0
512010.OF,易方达沪深300医药卫生ETF,2022-03-17,0.5229,0.5229,0.5229,0.5229,0.0381,0.0,0.0
512010.OF,易方达沪深300医药卫生ETF,2022-03-18,0.5252,0.5252,0.5252,0.5252,0.0044,0.0,0.0
512010.OF,易方达沪深300医药卫生ETF,2022-03-21,0.531,0.531,0.531,0.531,0.011,0.0,0.0
512010.OF,易方达沪深300医药卫生ETF,2022-03-22,0.5191,0.5191,0.5191,0.5191,-0.0224,0.0,0.0
512010.OF,易方达沪深300医药卫生ETF,2022-03-23,0.5318,0.5318,0.5318,0.5318,0.0245,0.0,0.0
512010.OF,易方达沪深300医药卫生ETF,2022-03-24,0.5444,0.5444,0.5444,0.5444,0.0237,0.0,0.0
512010.OF,易方达沪深300医药卫生ETF,2022-03-25,0.5254,0.5254,0.5254,0.5254,-0.0349,0.0,0.0
512010.OF,易方达沪深300医药卫生ETF,2022-03-28,0.5197,0.5197,0.5197,0.5197,-0.0108,0.0,0.0
512010.OF,易方达沪深300医药卫生ETF,2022-03-29,0.5242,0.5242,0.5242,0.5242,0.0087,0.0,0.0
512010.OF,易方达沪深300医药卫生ETF,2022-03-30,0.5375,0.5375,0.5375,0.5375,0.0254,0.0,0.0
512010.OF,易方达沪深300医药卫生ETF,2022-03-31,0.5355,0.5355,0.5355,0.5355,-0.0037,0.0,0.0
512010.OF,易方达沪深300医药卫生ETF,2022-04-01,0.5312,0.5312,0.5312,0.5312,-0.008,0.0,0.0
512010.OF,易方达沪深300医药卫生ETF,2022-04-06,0.5302,0.5302,0.5302,0.5302,-0.0019,0.0,0.0
512010.OF,易方达沪深300医药卫生ETF,2022-04-07,0.5211,0.5211,0.5211,0.5211,-0.0172,0.0,0.0
512010.OF,易方达沪深300医药卫生ETF,2022-04-08,0.5157,0.5157,0.5157,0.5157,-0.0104,0.0,0.0
512010.OF,易方达沪深300医药卫生ETF,2022-04-11,0.5057,0.5057,0.5057,0.5057,-0.0194,0.0,0.0
512010.OF,易方达沪深300医药卫生ETF,2022-04-12,0.52,0.52,0.52,0.52,0.0283,0.0,0.0
512010.OF,易方达沪深300医药卫生ETF,2022-04-13,0.5065,0.5065,0.5065,0.5065,-0.026,0.0,0.0
512010.OF,易方达沪深300医药卫生ETF,2022-04-14,0.5086,0.5086,0.5086,0.5086,0.0041,0.0,0.0
512010.OF,易方达沪深300医药卫生ETF,2022-04-15,0.5163,0.5163,0.5163,0.5163,0.0151,0.0,0.0
512010.OF,易方达沪深300医药卫生ETF,2022-04-18,0.5141,0.5141,0.5141,0.5141,-0.0043,0.0,0.0
512010.OF,易方达沪深300医药卫生ETF,2022-04-19,0.5015,0.5015,0.5015,0.5015,-0.0245,0.0,0.0
512010.OF,易方达沪深300医药卫生ETF,2022-04-20,0.4944,0.4944,0.4944,0.4944,-0.0142,0.0,0.0
512010.OF,易方达沪深300医药卫生ETF,2022-04-21,0.4805,0.4805,0.4805,0.4805,-0.0281,0.0,0.0
512010.OF,易方达沪深300医药卫生ETF,2022-04-22,0.4813,0.4813,0.4813,0.4813,0.0017,0.0,0.0
512010.OF,易方达沪深300医药卫生ETF,2022-04-25,0.4559,0.4559,0.4559,0.4559,-0.0528,0.0,0.0
512010.OF,易方达沪深300医药卫生ETF,2022-04-26,0.4634,0.4634,0.4634,0.4634,0.0165,0.0,0.0
512010.OF,易方达沪深300医药卫生ETF,2022-04-27,0.4708,0.4708,0.4708,0.4708,0.016,0.0,0.0
512010.OF,易方达沪深300医药卫生ETF,2022-04-28,0.4689,0.4689,0.4689,0.4689,-0.004,0.0,0.0
512010.OF,易方达沪深300医药卫生ETF,2022-04-29,0.4787,0.4787,0.4787,0.4787,0.0209,0.0,0.0
512010.OF,易方达沪深300医药卫生ETF,2022-05-05,0.4795,0.4795,0.4795,0.4795,0.0017,0.0,0.0
512010.OF,易方达沪深300医药卫生ETF,2022-05-06,0.4692,0.4692,0.4692,0.4692,-0.0215,0.0,0.0
512010.OF,易方达沪深300医药卫生ETF,2022-05-09,0.4651,0.4651,0.4651,0.4651,-0.0087,0.0,0.0
512010.OF,易方达沪深300医药卫生ETF,2022-05-10,0.4689,0.4689,0.4689,0.4689,0.0082,0.0,0.0
512010.OF,易方达沪深300医药卫生ETF,2022-05-11,0.4801,0.4801,0.4801,0.4801,0.0239,0.0,0.0
512010.OF,易方达沪深300医药卫生ETF,2022-05-12,0.4839,0.4839,0.4839,0.4839,0.0079,0.0,0.0
512010.OF,易方达沪深300医药卫生ETF,2022-05-13,0.4842,0.4842,0.4842,0.4842,0.0006,0.0,0.0
512010.OF,易方达沪深300医药卫生ETF,2022-05-16,0.475,0.475,0.475,0.475,-0.019,0.0,0.0
512010.OF,易方达沪深300医药卫生ETF,2022-05-17,0.4716,0.4716,0.4716,0.4716,-0.0072,0.0,0.0
512010.OF,易方达沪深300医药卫生ETF,2022-05-18,0.4674,0.4674,0.4674,0.4674,-0.0089,0.0,0.0
512010.OF,易方达沪深300医药卫生ETF,2022-05-19,0.4654,0.4654,0.4654,0.4654,-0.0043,0.0,0.0
512010.OF,易方达沪深300医药卫生ETF,2022-05-20,0.479,0.479,0.479,0.479,0.0292,0.0,0.0
512010.OF,易方达沪深300医药卫生ETF,2022-05-23,0.4787,0.4787,0.4787,0.4787,-0.0006,0.0,0.0
512010.OF,易方达沪深300医药卫生ETF,2022-05-24,0.4611,0.4611,0.4611,0.4611,-0.0368,0.0,0.0
512010.OF,易方达沪深300医药卫生ETF,2022-05-25,0.4628,0.4628,0.4628,0.4628,0.0037,0.0,0.0
512010.OF,易方达沪深300医药卫生ETF,2022-05-26,0.458,0.458,0.458,0.458,-0.0104,0.0,0.0
512010.OF,易方达沪深300医药卫生ETF,2022-05-27,0.4628,0.4628,0.4628,0.4628,0.0105,0.0,0.0
512010.OF,易方达沪深300医药卫生ETF,2022-05-30,0.4677,0.4677,0.4677,0.4677,0.0106,0.0,0.0
512010.OF,易方达沪深300医药卫生ETF,2022-05-31,0.4789,0.4789,0.4789,0.4789,0.0239,0.0,0.0
512010.OF,易方达沪深300医药卫生ETF,2022-06-01,0.4756,0.4756,0.4756,0.4756,-0.0069,0.0,0.0
512010.OF,易方达沪深300医药卫生ETF,2022-06-02,0.4688,0.4688,0.4688,0.4688,-0.0143,0.0,0.0
512010.OF,易方达沪深300医药卫生ETF,2022-06-06,0.4816,0.4816,0.4816,0.4816,0.0273,0.0,0.0
512010.OF,易方达沪深300医药卫生ETF,2022-06-07,0.4899,0.4899,0.4899,0.4899,0.0172,0.0,0.0
512010.OF,易方达沪深300医药卫生ETF,2022-06-08,0.4992,0.4992,0.4992,0.4992,0.019,0.0,0.0
512010.OF,易方达沪深300医药卫生ETF,2022-06-09,0.4877,0.4877,0.4877,0.4877,-0.023,0.0,0.0
512010.OF,易方达沪深300医药卫生ETF,2022-06-10,0.4923,0.4923,0.4923,0.4923,0.0094,0.0,0.0
512010.OF,易方达沪深300医药卫生ETF,2022-06-13,0.482,0.482,0.482,0.482,-0.0209,0.0,0.0
512010.OF,易方达沪深300医药卫生ETF,2022-06-14,0.4843,0.4843,0.4843,0.4843,0.0048,0.0,0.0
512010.OF,易方达沪深300医药卫生ETF,2022-06-15,0.4918,0.4918,0.4918,0.4918,0.0155,0.0,0.0
512010.OF,易方达沪深300医药卫生ETF,2022-06-16,0.4976,0.4976,0.4976,0.4976,0.0118,0.0,0.0
512010.OF,易方达沪深300医药卫生ETF,2022-06-17,0.5124,0.5124,0.5124,0.5124,0.0297,0.0,0.0
512010.OF,易方达沪深300医药卫生ETF,2022-06-20,0.5217,0.5217,0.5217,0.5217,0.0181,0.0,0.0
512010.OF,易方达沪深300医药卫生ETF,2022-06-21,0.5173,0.5173,0.5173,0.5173,-0.0084,0.0,0.0
512010.OF,易方达沪深300医药卫生ETF,2022-06-22,0.5099,0.5099,0.5099,0.5099,-0.0143,0.0,0.0
512010.OF,易方达沪深300医药卫生ETF,2022-06-23,0.5115,0.5115,0.5115,0.5115,0.0031,0.0,0.0
512010.OF,易方达沪深300医药卫生ETF,2022-06-24,0.5249,0.5249,0.5249,0.5249,0.0262,0.0,0.0
512010.OF,易方达沪深300医药卫生ETF,2022-06-27,0.5361,0.5361,0.5361,0.5361,0.0213,0.0,0.0
512010.OF,易方达沪深300医药卫生ETF,2022-06-28,0.5345,0.5345,0.5345,0.5345,-0.003,0.0,0.0
512010.OF,易方达沪深300医药卫生ETF,2022-06-29,0.5332,0.5332,0.5332,0.5332,-0.0024,0.0,0.0
512010.OF,易方达沪深300医药卫生ETF,2022-06-30,0.548,0.548,0.548,0.548,0.0278,0.0,0.0
512010.OF,易方达沪深300医药卫生ETF,2022-07-01,0.5471,0.5471,0.5471,0.5471,-0.0016,0.0,0.0
512010.OF,易方达沪深300医药卫生ETF,2022-07-04,0.5716,0.5716,0.5716,0.5716,0.0448,0.0,0.0
512010.OF,易方达沪深300医药卫生ETF,2022-07-05,0.5738,0.5738,0.5738,0.5738,0.0038,0.0,0.0
512010.OF,易方达沪深300医药卫生ETF,2022-07-06,0.5607,0.5607,0.5607,0.5607,-0.0228,0.0,0.0
512010.OF,易方达沪深300医药卫生ETF,2022-07-07,0.5506,0.5506,0.5506,0.5506,-0.018,0.0,0.0
512010.OF,易方达沪深300医药卫生ETF,2022-07-08,0.5527,0.5527,0.5527,0.5527,0.0038,0.0,0.0
512010.OF,易方达沪深300医药卫生ETF,2022-07-11,0.5467,0.5467,0.5467,0.5467,-0.0109,0.0,0.0
512010.OF,易方达沪深300医药卫生ETF,2022-07-12,0.5295,0.5295,0.5295,0.5295,-0.0315,0.0,0.0
512010.OF,易方达沪深300医药卫生ETF,2022-07-13,0.531,0.531,0.531,0.531,0.0028,0.0,0.0
512010.OF,易方达沪深300医药卫生ETF,2022-07-14,0.5425,0.5425,0.5425,0.5425,0.0217,0.0,0.0
512010.OF,易方达沪深300医药卫生ETF,2022-07-15,0.5303,0.5303,0.5303,0.5303,-0.0225,0.0,0.0
512010.OF,易方达沪深300医药卫生ETF,2022-07-18,0.5302,0.5302,0.5302,0.5302,-0.0002,0.0,0.0
512010.OF,易方达沪深300医药卫生ETF,2022-07-19,0.5231,0.5231,0.5231,0.5231,-0.0134,0.0,0.0
512010.OF,易方达沪深300医药卫生ETF,2022-07-20,0.528,0.528,0.528,0.528,0.0094,0.0,0.0
512010.OF,易方达沪深300医药卫生ETF,2022-07-21,0.5279,0.5279,0.5279,0.5279,-0.0002,0.0,0.0
512010.OF,易方达沪深300医药卫生ETF,2022-07-22,0.5234,0.5234,0.5234,0.5234,-0.0085,0.0,0.0
512010.OF,易方达沪深300医药卫生ETF,2022-07-25,0.5218,0.5218,0.5218,0.5218,-0.0031,0.0,0.0
512010.OF,易方达沪深300医药卫生ETF,2022-07-26,0.5188,0.5188,0.5188,0.5188,-0.0057,0.0,0.0
512010.OF,易方达沪深300医药卫生ETF,2022-07-27,0.5105,0.5105,0.5105,0.5105,-0.016,0.0,0.0
512010.OF,易方达沪深300医药卫生ETF,2022-07-28,0.5046,0.5046,0.5046,0.5046,-0.0116,0.0,0.0
512010.OF,易方达沪深300医药卫生ETF,2022-07-29,0.4918,0.4918,0.4918,0.4918,-0.0254,0.0,0.0
512010.OF,易方达沪深300医药卫生ETF,2022-08-01,0.4935,0.4935,0.4935,0.4935,0.0035,0.0,0.0
512010.OF,易方达沪深300医药卫生ETF,2022-08-02,0.4827,0.4827,0.4827,0.4827,-0.0219,0.0,0.0
512010.OF,易方达沪深300医药卫生ETF,2022-08-03,0.485,0.485,0.485,0.485,0.0048,0.0,0.0
512010.OF,易方达沪深300医药卫生ETF,2022-08-04,0.4966,0.4966,0.4966,0.4966,0.0239,0.0,0.0
512010.OF,易方达沪深300医药卫生ETF,2022-08-05,0.507,0.507,0.507,0.507,0.0209,0.0,0.0
512010.OF,易方达沪深300医药卫生ETF,2022-08-08,0.5024,0.5024,0.5024,0.5024,-0.0091,0.0,0.0
512010.OF,易方达沪深300医药卫生ETF,2022-08-09,0.4989,0.4989,0.4989,0.4989,-0.007,0.0,0.0
512010.OF,易方达沪深300医药卫生ETF,2022-08-10,0.4901,0.4901,0.4901,0.4901,-0.0176,0.0,0.0
512010.OF,易方达沪深300医药卫生ETF,2022-08-11,0.5037,0.5037,0.5037,0.5037,0.0277,0.0,0.0
512010.OF,易方达沪深300医药卫生ETF,2022-08-12,0.5057,0.5057,0.5057,0.5057,0.004,0.0,0.0
512010.OF,易方达沪深300医药卫生ETF,2022-08-15,0.4973,0.4973,0.4973,0.4973,-0.0166,0.0,0.0
512010.OF,易方达沪深300医药卫生ETF,2022-08-16,0.4904,0.4904,0.4904,0.4904,-0.0139,0.0,0.0
512010.OF,易方达沪深300医药卫生ETF,2022-08-17,0.4954,0.4954,0.4954,0.4954,0.0102,0.0,0.0
512010.OF,易方达沪深300医药卫生ETF,2022-08-18,0.4847,0.4847,0.4847,0.4847,-0.0216,0.0,0.0
512010.OF,易方达沪深300医药卫生ETF,2022-08-19,0.4815,0.4815,0.4815,0.4815,-0.0066,0.0,0.0
512010.OF,易方达沪深300医药卫生ETF,2022-08-22,0.4831,0.4831,0.4831,0.4831,0.0033,0.0,0.0
512010.OF,易方达沪深300医药卫生ETF,2022-08-23,0.4766,0.4766,0.4766,0.4766,-0.0135,0.0,0.0
512010.OF,易方达沪深300医药卫生ETF,2022-08-24,0.4721,0.4721,0.4721,0.4721,-0.0094,0.0,0.0
512010.OF,易方达沪深300医药卫生ETF,2022-08-25,0.4778,0.4778,0.4778,0.4778,0.0121,0.0,0.0
512010.OF,易方达沪深300医药卫生ETF,2022-08-26,0.478,0.478,0.478,0.478,0.0004,0.0,0.0
512010.OF,易方达沪深300医药卫生ETF,2022-08-29,0.473,0.473,0.473,0.473,-0.0105,0.0,0.0
512010.OF,易方达沪深300医药卫生ETF,2022-08-30,0.4712,0.4712,0.4712,0.4712,-0.0038,0.0,0.0
512010.OF,易方达沪深300医药卫生ETF,2022-08-31,0.4808,0.4808,0.4808,0.4808,0.0204,0.0,0.0
512010.OF,易方达沪深300医药卫生ETF,2022-09-01,0.4775,0.4775,0.4775,0.4775,-0.0069,0.0,0.0
512010.OF,易方达沪深300医药卫生ETF,2022-09-02,0.4733,0.4733,0.4733,0.4733,-0.0088,0.0,0.0
512010.OF,易方达沪深300医药卫生ETF,2022-09-05,0.4648,0.4648,0.4648,0.4648,-0.018,0.0,0.0
512010.OF,易方达沪深300医药卫生ETF,2022-09-06,0.4642,0.4642,0.4642,0.4642,-0.0013,0.0,0.0
512010.OF,易方达沪深300医药卫生ETF,2022-09-07,0.4631,0.4631,0.4631,0.4631,-0.0024,0.0,0.0
512010.OF,易方达沪深300医药卫生ETF,2022-09-08,0.4605,0.4605,0.4605,0.4605,-0.0056,0.0,0.0
512010.OF,易方达沪深300医药卫生ETF,2022-09-09,0.4736,0.4736,0.4736,0.4736,0.0284,0.0,0.0
512010.OF,易方达沪深300医药卫生ETF,2022-09-13,0.4668,0.4668,0.4668,0.4668,-0.0144,0.0,0.0
512010.OF,易方达沪深300医药卫生ETF,2022-09-14,0.4638,0.4638,0.4638,0.4638,-0.0064,0.0,0.0
512010.OF,易方达沪深300医药卫生ETF,2022-09-15,0.4615,0.4615,0.4615,0.4615,-0.005,0.0,0.0
512010.OF,易方达沪深300医药卫生ETF,2022-09-16,0.4472,0.4472,0.4472,0.4472,-0.031,0.0,0.0
512010.OF,易方达沪深300医药卫生ETF,2022-09-19,0.4414,0.4414,0.4414,0.4414,-0.013,0.0,0.0
512010.OF,易方达沪深300医药卫生ETF,2022-09-20,0.4406,0.4406,0.4406,0.4406,-0.0018,0.0,0.0
512010.OF,易方达沪深300医药卫生ETF,2022-09-21,0.4285,0.4285,0.4285,0.4285,-0.0275,0.0,0.0
512010.OF,易方达沪深300医药卫生ETF,2022-09-22,0.4201,0.4201,0.4201,0.4201,-0.0196,0.0,0.0
512010.OF,易方达沪深300医药卫生ETF,2022-09-23,0.4185,0.4185,0.4185,0.4185,-0.0038,0.0,0.0
512010.OF,易方达沪深300医药卫生ETF,2022-09-26,0.4165,0.4165,0.4165,0.4165,-0.0048,0.0,0.0
512010.OF,易方达沪深300医药卫生ETF,2022-09-27,0.4383,0.4383,0.4383,0.4383,0.0523,0.0,0.0
512010.OF,易方达沪深300医药卫生ETF,2022-09-28,0.4344,0.4344,0.4344,0.4344,-0.0089,0.0,0.0
512010.OF,易方达沪深300医药卫生ETF,2022-09-29,0.4431,0.4431,0.4431,0.4431,0.02,0.0,0.0
512010.OF,易方达沪深300医药卫生ETF,2022-09-30,0.4427,0.4427,0.4427,0.4427,-0.0009,0.0,0.0
512010.OF,易方达沪深300医药卫生ETF,2022-10-10,0.4294,0.4294,0.4294,0.4294,-0.03,0.0,0.0
512010.OF,易方达沪深300医药卫生ETF,2022-10-11,0.4249,0.4249,0.4249,0.4249,-0.0105,0.0,0.0
512010.OF,易方达沪深300医药卫生ETF,2022-10-12,0.4269,0.4269,0.4269,0.4269,0.0047,0.0,0.0
512010.OF,易方达沪深300医药卫生ETF,2022-10-13,0.4383,0.4383,0.4383,0.4383,0.0267,0.0,0.0
512010.OF,易方达沪深300医药卫生ETF,2022-10-14,0.4752,0.4752,0.4752,0.4752,0.0842,0.0,0.0
512010.OF,易方达沪深300医药卫生ETF,2022-10-17,0.4789,0.4789,0.4789,0.4789,0.0078,0.0,0.0
512010.OF,易方达沪深300医药卫生ETF,2022-10-18,0.4838,0.4838,0.4838,0.4838,0.0102,0.0,0.0
512010.OF,易方达沪深300医药卫生ETF,2022-10-19,0.4736,0.4736,0.4736,0.4736,-0.0211,0.0,0.0
512010.OF,易方达沪深300医药卫生ETF,2022-10-20,0.4743,0.4743,0.4743,0.4743,0.0015,0.0,0.0
512010.OF,易方达沪深300医药卫生ETF,2022-10-21,0.4722,0.4722,0.4722,0.4722,-0.0044,0.0,0.0
512010.OF,易方达沪深300医药卫生ETF,2022-10-24,0.4535,0.4535,0.4535,0.4535,-0.0396,0.0,0.0
512010.OF,易方达沪深300医药卫生ETF,2022-10-25,0.4441,0.4441,0.4441,0.4441,-0.0207,0.0,0.0
512010.OF,易方达沪深300医药卫生ETF,2022-10-26,0.4679,0.4679,0.4679,0.4679,0.0536,0.0,0.0
512010.OF,易方达沪深300医药卫生ETF,2022-10-27,0.459,0.459,0.459,0.459,-0.019,0.0,0.0
512010.OF,易方达沪深300医药卫生ETF,2022-10-28,0.45,0.45,0.45,0.45,-0.0196,0.0,0.0
512010.OF,易方达沪深300医药卫生ETF,2022-10-31,0.4446,0.4446,0.4446,0.4446,-0.012,0.0,0.0
512010.OF,易方达沪深300医药卫生ETF,2022-11-01,0.4635,0.4635,0.4635,0.4635,0.0425,0.0,0.0
512010.OF,易方达沪深300医药卫生ETF,2022-11-02,0.4711,0.4711,0.4711,0.4711,0.0164,0.0,0.0
512010.OF,易方达沪深300医药卫生ETF,2022-11-03,0.4679,0.4679,0.4679,0.4679,-0.0068,0.0,0.0
512010.OF,易方达沪深300医药卫生ETF,2022-11-04,0.4778,0.4778,0.4778,0.4778,0.0212,0.0,0.0
512010.OF,易方达沪深300医药卫生ETF,2022-11-07,0.4783,0.4783,0.4783,0.4783,0.001,0.0,0.0
512010.OF,易方达沪深300医药卫生ETF,2022-11-08,0.4698,0.4698,0.4698,0.4698,-0.0178,0.0,0.0
512010.OF,易方达沪深300医药卫生ETF,2022-11-09,0.4675,0.4675,0.4675,0.4675,-0.0049,0.0,0.0
512010.OF,易方达沪深300医药卫生ETF,2022-11-10,0.4629,0.4629,0.4629,0.4629,-0.0098,0.0,0.0
512010.OF,易方达沪深300医药卫生ETF,2022-11-11,0.4671,0.4671,0.4671,0.4671,0.0091,0.0,0.0
512010.OF,易方达沪深300医药卫生ETF,2022-11-14,0.478,0.478,0.478,0.478,0.0233,0.0,0.0
512010.OF,易方达沪深300医药卫生ETF,2022-11-15,0.4806,0.4806,0.4806,0.4806,0.0054,0.0,0.0
512010.OF,易方达沪深300医药卫生ETF,2022-11-16,0.4825,0.4825,0.4825,0.4825,0.004,0.0,0.0
512010.OF,易方达沪深300医药卫生ETF,2022-11-17,0.4799,0.4799,0.4799,0.4799,-0.0054,0.0,0.0
512010.OF,易方达沪深300医药卫生ETF,2022-11-18,0.4873,0.4873,0.4873,0.4873,0.0154,0.0,0.0
512010.OF,易方达沪深300医药卫生ETF,2022-11-21,0.4823,0.4823,0.4823,0.4823,-0.0103,0.0,0.0
512010.OF,易方达沪深300医药卫生ETF,2022-11-22,0.471,0.471,0.471,0.471,-0.0234,0.0,0.0
512010.OF,易方达沪深300医药卫生ETF,2022-11-23,0.4629,0.4629,0.4629,0.4629,-0.0172,0.0,0.0
512010.OF,易方达沪深300医药卫生ETF,2022-11-24,0.4654,0.4654,0.4654,0.4654,0.0054,0.0,0.0
512010.OF,易方达沪深300医药卫生ETF,2022-11-25,0.4645,0.4645,0.4645,0.4645,-0.0019,0.0,0.0
512010.OF,易方达沪深300医药卫生ETF,2022-11-28,0.4568,0.4568,0.4568,0.4568,-0.0166,0.0,0.0
512010.OF,易方达沪深300医药卫生ETF,2022-11-29,0.468,0.468,0.468,0.468,0.0245,0.0,0.0
512010.OF,易方达沪深300医药卫生ETF,2022-11-30,0.4648,0.4648,0.4648,0.4648,-0.0068,0.0,0.0
512010.OF,易方达沪深300医药卫生ETF,2022-12-01,0.4728,0.4728,0.4728,0.4728,0.0172,0.0,0.0
512010.OF,易方达沪深300医药卫生ETF,2022-12-02,0.4684,0.4684,0.4684,0.4684,-0.0093,0.0,0.0
512010.OF,易方达沪深300医药卫生ETF,2022-12-05,0.4701,0.4701,0.4701,0.4701,0.0036,0.0,0.0
512010.OF,易方达沪深300医药卫生ETF,2022-12-06,0.4705,0.4705,0.4705,0.4705,0.0009,0.0,0.0
512010.OF,易方达沪深300医药卫生ETF,2022-12-07,0.4711,0.4711,0.4711,0.4711,0.0013,0.0,0.0
512010.OF,易方达沪深300医药卫生ETF,2022-12-08,0.4702,0.4702,0.4702,0.4702,-0.0019,0.0,0.0
512010.OF,易方达沪深300医药卫生ETF,2022-12-09,0.4709,0.4709,0.4709,0.4709,0.0015,0.0,0.0
512010.OF,易方达沪深300医药卫生ETF,2022-12-12,0.4732,0.4732,0.4732,0.4732,0.0049,0.0,0.0
512010.OF,易方达沪深300医药卫生ETF,2022-12-13,0.4717,0.4717,0.4717,0.4717,-0.0032,0.0,0.0
512010.OF,易方达沪深300医药卫生ETF,2022-12-14,0.4717,0.4717,0.4717,0.4717,0.0,0.0,0.0
512010.OF,易方达沪深300医药卫生ETF,2022-12-15,0.4688,0.4688,0.4688,0.4688,-0.0061,0.0,0.0
512010.OF,易方达沪深300医药卫生ETF,2022-12-16,0.4712,0.4712,0.4712,0.4712,0.0051,0.0,0.0
512010.OF,易方达沪深300医药卫生ETF,2022-12-19,0.459,0.459,0.459,0.459,-0.0259,0.0,0.0
512010.OF,易方达沪深300医药卫生ETF,2022-12-20,0.4519,0.4519,0.4519,0.4519,-0.0155,0.0,0.0
512010.OF,易方达沪深300医药卫生ETF,2022-12-21,0.4533,0.4533,0.4533,0.4533,0.0031,0.0,0.0
512010.OF,易方达沪深300医药卫生ETF,2022-12-22,0.4593,0.4593,0.4593,0.4593,0.0132,0.0,0.0
512010.OF,易方达沪深300医药卫生ETF,2022-12-23,0.464,0.464,0.464,0.464,0.0102,0.0,0.0
512010.OF,易方达沪深300医药卫生ETF,2022-12-26,0.4632,0.4632,0.4632,0.4632,-0.0017,0.0,0.0
512010.OF,易方达沪深300医药卫生ETF,2022-12-27,0.4692,0.4692,0.4692,0.4692,0.013,0.0,0.0
512010.OF,易方达沪深300医药卫生ETF,2022-12-28,0.47,0.47,0.47,0.47,0.0017,0.0,0.0
512010.OF,易方达沪深300医药卫生ETF,2022-12-29,0.4765,0.4765,0.4765,0.4765,0.0138,0.0,0.0
512010.OF,易方达沪深300医药卫生ETF,2022-12-30,0.4778,0.4778,0.4778,0.4778,0.0027,0.0,0.0
512010.OF,易方达沪深300医药卫生ETF,2022-12-31,0.4778,0.4778,0.4778,0.4778,0.0,0.0,0.0
512010.OF,易方达沪深300医药卫生ETF,2023-01-03,0.477,0.477,0.477,0.477,-0.0017,0.0,0.0
512010.OF,易方达沪深300医药卫生ETF,2023-01-04,0.4805,0.4805,0.4805,0.4805,0.0073,0.0,0.0
512010.OF,易方达沪深300医药卫生ETF,2023-01-05,0.4953,0.4953,0.4953,0.4953,0.0308,0.0,0.0
512010.OF,易方达沪深300医药卫生ETF,2023-01-06,0.491,0.491,0.491,0.491,-0.0087,0.0,0.0
512010.OF,易方达沪深300医药卫生ETF,2023-01-09,0.495,0.495,0.495,0.495,0.0081,0.0,0.0
512010.OF,易方达沪深300医药卫生ETF,2023-01-10,0.5017,0.5017,0.5017,0.5017,0.0135,0.0,0.0
512010.OF,易方达沪深300医药卫生ETF,2023-01-11,0.4989,0.4989,0.4989,0.4989,-0.0056,0.0,0.0
512010.OF,易方达沪深300医药卫生ETF,2023-01-12,0.4972,0.4972,0.4972,0.4972,-0.0034,0.0,0.0
512010.OF,易方达沪深300医药卫生ETF,2023-01-13,0.5111,0.5111,0.5111,0.5111,0.028,0.0,0.0
512010.OF,易方达沪深300医药卫生ETF,2023-01-16,0.5318,0.5318,0.5318,0.5318,0.0405,0.0,0.0
512010.OF,易方达沪深300医药卫生ETF,2023-01-17,0.5273,0.5273,0.5273,0.5273,-0.0085,0.0,0.0
512010.OF,易方达沪深300医药卫生ETF,2023-01-18,0.5227,0.5227,0.5227,0.5227,-0.0087,0.0,0.0
512010.OF,易方达沪深300医药卫生ETF,2023-01-19,0.5341,0.5341,0.5341,0.5341,0.0218,0.0,0.0
512010.OF,易方达沪深300医药卫生ETF,2023-01-20,0.5317,0.5317,0.5317,0.5317,-0.0045,0.0,0.0
512010.OF,易方达沪深300医药卫生ETF,2023-01-30,0.5272,0.5272,0.5272,0.5272,-0.0085,0.0,0.0
512010.OF,易方达沪深300医药卫生ETF,2023-01-31,0.5136,0.5136,0.5136,0.5136,-0.0258,0.0,0.0
512010.OF,易方达沪深300医药卫生ETF,2023-02-01,0.5178,0.5178,0.5178,0.5178,0.0082,0.0,0.0
512010.OF,易方达沪深300医药卫生ETF,2023-02-02,0.5196,0.5196,0.5196,0.5196,0.0035,0.0,0.0
512010.OF,易方达沪深300医药卫生ETF,2023-02-03,0.5149,0.5149,0.5149,0.5149,-0.009,0.0,0.0
512010.OF,易方达沪深300医药卫生ETF,2023-02-06,0.5052,0.5052,0.5052,0.5052,-0.0188,0.0,0.0
512010.OF,易方达沪深300医药卫生ETF,2023-02-07,0.5034,0.5034,0.5034,0.5034,-0.0036,0.0,0.0
512010.OF,易方达沪深300医药卫生ETF,2023-02-08,0.5043,0.5043,0.5043,0.5043,0.0018,0.0,0.0
512010.OF,易方达沪深300医药卫生ETF,2023-02-09,0.5104,0.5104,0.5104,0.5104,0.0121,0.0,0.0
512010.OF,易方达沪深300医药卫生ETF,2023-02-10,0.5098,0.5098,0.5098,0.5098,-0.0012,0.0,0.0
512010.OF,易方达沪深300医药卫生ETF,2023-02-13,0.5143,0.5143,0.5143,0.5143,0.0088,0.0,0.0
512010.OF,易方达沪深300医药卫生ETF,2023-02-14,0.5153,0.5153,0.5153,0.5153,0.0019,0.0,0.0
512010.OF,易方达沪深300医药卫生ETF,2023-02-15,0.5078,0.5078,0.5078,0.5078,-0.0146,0.0,0.0
512010.OF,易方达沪深300医药卫生ETF,2023-02-16,0.5023,0.5023,0.5023,0.5023,-0.0108,0.0,0.0
512010.OF,易方达沪深300医药卫生ETF,2023-02-17,0.5007,0.5007,0.5007,0.5007,-0.0032,0.0,0.0
512010.OF,易方达沪深300医药卫生ETF,2023-02-20,0.5093,0.5093,0.5093,0.5093,0.0172,0.0,0.0
512010.OF,易方达沪深300医药卫生ETF,2023-02-21,0.5054,0.5054,0.5054,0.5054,-0.0077,0.0,0.0
512010.OF,易方达沪深300医药卫生ETF,2023-02-22,0.501,0.501,0.501,0.501,-0.0087,0.0,0.0
512010.OF,易方达沪深300医药卫生ETF,2023-02-23,0.4983,0.4983,0.4983,0.4983,-0.0054,0.0,0.0
512010.OF,易方达沪深300医药卫生ETF,2023-02-24,0.4931,0.4931,0.4931,0.4931,-0.0104,0.0,0.0
512010.OF,易方达沪深300医药卫生ETF,2023-02-27,0.4891,0.4891,0.4891,0.4891,-0.0081,0.0,0.0
512010.OF,易方达沪深300医药卫生ETF,2023-02-28,0.4936,0.4936,0.4936,0.4936,0.0092,0.0,0.0
512010.OF,易方达沪深300医药卫生ETF,2023-03-01,0.495,0.495,0.495,0.495,0.0028,0.0,0.0
512010.OF,易方达沪深300医药卫生ETF,2023-03-02,0.4904,0.4904,0.4904,0.4904,-0.0093,0.0,0.0
512010.OF,易方达沪深300医药卫生ETF,2023-03-03,0.4909,0.4909,0.4909,0.4909,0.001,0.0,0.0
512010.OF,易方达沪深300医药卫生ETF,2023-03-06,0.4906,0.4906,0.4906,0.4906,-0.0006,0.0,0.0
512010.OF,易方达沪深300医药卫生ETF,2023-03-07,0.4813,0.4813,0.4813,0.4813,-0.019,0.0,0.0
512010.OF,易方达沪深300医药卫生ETF,2023-03-08,0.4794,0.4794,0.4794,0.4794,-0.0039,0.0,0.0
512010.OF,易方达沪深300医药卫生ETF,2023-03-09,0.4789,0.4789,0.4789,0.4789,-0.001,0.0,0.0
512010.OF,易方达沪深300医药卫生ETF,2023-03-10,0.4801,0.4801,0.4801,0.4801,0.0025,0.0,0.0
512010.OF,易方达沪深300医药卫生ETF,2023-03-13,0.4778,0.4778,0.4778,0.4778,-0.0048,0.0,0.0
512010.OF,易方达沪深300医药卫生ETF,2023-03-14,0.4777,0.4777,0.4777,0.4777,-0.0002,0.0,0.0
512010.OF,易方达沪深300医药卫生ETF,2023-03-15,0.4738,0.4738,0.4738,0.4738,-0.0082,0.0,0.0
512010.OF,易方达沪深300医药卫生ETF,2023-03-16,0.4714,0.4714,0.4714,0.4714,-0.0051,0.0,0.0
512010.OF,易方达沪深300医药卫生ETF,2023-03-17,0.4619,0.4619,0.4619,0.4619,-0.0202,0.0,0.0
512010.OF,易方达沪深300医药卫生ETF,2023-03-20,0.4559,0.4559,0.4559,0.4559,-0.013,0.0,0.0
512010.OF,易方达沪深300医药卫生ETF,2023-03-21,0.4711,0.4711,0.4711,0.4711,0.0333,0.0,0.0
512010.OF,易方达沪深300医药卫生ETF,2023-03-22,0.4734,0.4734,0.4734,0.4734,0.0049,0.0,0.0
512010.OF,易方达沪深300医药卫生ETF,2023-03-23,0.4723,0.4723,0.4723,0.4723,-0.0023,0.0,0.0
512010.OF,易方达沪深300医药卫生ETF,2023-03-24,0.4683,0.4683,0.4683,0.4683,-0.0085,0.0,0.0
512010.OF,易方达沪深300医药卫生ETF,2023-03-27,0.4737,0.4737,0.4737,0.4737,0.0115,0.0,0.0
512010.OF,易方达沪深300医药卫生ETF,2023-03-28,0.4741,0.4741,0.4741,0.4741,0.0008,0.0,0.0
512010.OF,易方达沪深300医药卫生ETF,2023-03-29,0.4708,0.4708,0.4708,0.4708,-0.007,0.0,0.0
512010.OF,易方达沪深300医药卫生ETF,2023-03-30,0.4735,0.4735,0.4735,0.4735,0.0057,0.0,0.0
512010.OF,易方达沪深300医药卫生ETF,2023-03-31,0.4699,0.4699,0.4699,0.4699,-0.0076,0.0,0.0
512010.OF,易方达沪深300医药卫生ETF,2023-04-03,0.4644,0.4644,0.4644,0.4644,-0.0117,0.0,0.0
512010.OF,易方达沪深300医药卫生ETF,2023-04-04,0.4683,0.4683,0.4683,0.4683,0.0084,0.0,0.0
512010.OF,易方达沪深300医药卫生ETF,2023-04-06,0.4698,0.4698,0.4698,0.4698,0.0032,0.0,0.0
512010.OF,易方达沪深300医药卫生ETF,2023-04-07,0.483,0.483,0.483,0.483,0.0281,0.0,0.0
512010.OF,易方达沪深300医药卫生ETF,2023-04-10,0.4862,0.4862,0.4862,0.4862,0.0066,0.0,0.0
512010.OF,易方达沪深300医药卫生ETF,2023-04-11,0.4846,0.4846,0.4846,0.4846,-0.0033,0.0,0.0
512010.OF,易方达沪深300医药卫生ETF,2023-04-12,0.48,0.48,0.48,0.48,-0.0095,0.0,0.0
512010.OF,易方达沪深300医药卫生ETF,2023-04-13,0.4888,0.4888,0.4888,0.4888,0.0183,0.0,0.0
512010.OF,易方达沪深300医药卫生ETF,2023-04-14,0.4882,0.4882,0.4882,0.4882,-0.0012,0.0,0.0
512010.OF,易方达沪深300医药卫生ETF,2023-04-17,0.4899,0.4899,0.4899,0.4899,0.0035,0.0,0.0
512010.OF,易方达沪深300医药卫生ETF,2023-04-18,0.4847,0.4847,0.4847,0.4847,-0.0106,0.0,0.0
512010.OF,易方达沪深300医药卫生ETF,2023-04-19,0.4796,0.4796,0.4796,0.4796,-0.0105,0.0,0.0
512010.OF,易方达沪深300医药卫生ETF,2023-04-20,0.4708,0.4708,0.4708,0.4708,-0.0183,0.0,0.0
512010.OF,易方达沪深300医药卫生ETF,2023-04-21,0.4641,0.4641,0.4641,0.4641,-0.0142,0.0,0.0
512010.OF,易方达沪深300医药卫生ETF,2023-04-24,0.4618,0.4618,0.4618,0.4618,-0.005,0.0,0.0
512010.OF,易方达沪深300医药卫生ETF,2023-04-25,0.4537,0.4537,0.4537,0.4537,-0.0175,0.0,0.0
512010.OF,易方达沪深300医药卫生ETF,2023-04-26,0.4546,0.4546,0.4546,0.4546,0.002,0.0,0.0
512010.OF,易方达沪深300医药卫生ETF,2023-04-27,0.4598,0.4598,0.4598,0.4598,0.0114,0.0,0.0
512010.OF,易方达沪深300医药卫生ETF,2023-04-28,0.4612,0.4612,0.4612,0.4612,0.003,0.0,0.0
512010.OF,易方达沪深300医药卫生ETF,2023-05-04,0.4628,0.4628,0.4628,0.4628,0.0035,0.0,0.0
512010.OF,易方达沪深300医药卫生ETF,2023-05-05,0.4555,0.4555,0.4555,0.4555,-0.0158,0.0,0.0
512010.OF,易方达沪深300医药卫生ETF,2023-05-08,0.4564,0.4564,0.4564,0.4564,0.002,0.0,0.0
512010.OF,易方达沪深300医药卫生ETF,2023-05-09,0.4515,0.4515,0.4515,0.4515,-0.0107,0.0,0.0
512010.OF,易方达沪深300医药卫生ETF,2023-05-10,0.4533,0.4533,0.4533,0.4533,0.004,0.0,0.0
512010.OF,易方达沪深300医药卫生ETF,2023-05-11,0.4521,0.4521,0.4521,0.4521,-0.0026,0.0,0.0
512010.OF,易方达沪深300医药卫生ETF,2023-05-12,0.4484,0.4484,0.4484,0.4484,-0.0082,0.0,0.0
512010.OF,易方达沪深300医药卫生ETF,2023-05-15,0.4591,0.4591,0.4591,0.4591,0.0239,0.0,0.0
512010.OF,易方达沪深300医药卫生ETF,2023-05-16,0.4632,0.4632,0.4632,0.4632,0.0089,0.0,0.0
512010.OF,易方达沪深300医药卫生ETF,2023-05-17,0.4588,0.4588,0.4588,0.4588,-0.0095,0.0,0.0
512010.OF,易方达沪深300医药卫生ETF,2023-05-18,0.4549,0.4549,0.4549,0.4549,-0.0085,0.0,0.0
512010.OF,易方达沪深300医药卫生ETF,2023-05-19,0.4588,0.4588,0.4588,0.4588,0.0086,0.0,0.0
512010.OF,易方达沪深300医药卫生ETF,2023-05-22,0.4628,0.4628,0.4628,0.4628,0.0087,0.0,0.0
512010.OF,易方达沪深300医药卫生ETF,2023-05-23,0.4614,0.4614,0.4614,0.4614,-0.003,0.0,0.0
512010.OF,易方达沪深300医药卫生ETF,2023-05-24,0.4545,0.4545,0.4545,0.4545,-0.015,0.0,0.0
512010.OF,易方达沪深300医药卫生ETF,2023-05-25,0.4523,0.4523,0.4523,0.4523,-0.0048,0.0,0.0
512010.OF,易方达沪深300医药卫生ETF,2023-05-26,0.4529,0.4529,0.4529,0.4529,0.0013,0.0,0.0
512010.OF,易方达沪深300医药卫生ETF,2023-05-29,0.4516,0.4516,0.4516,0.4516,-0.0029,0.0,0.0
512010.OF,易方达沪深300医药卫生ETF,2023-05-30,0.4469,0.4469,0.4469,0.4469,-0.0104,0.0,0.0
512010.OF,易方达沪深300医药卫生ETF,2023-05-31,0.438,0.438,0.438,0.438,-0.0199,0.0,0.0
512010.OF,易方达沪深300医药卫生ETF,2023-06-01,0.4397,0.4397,0.4397,0.4397,0.0039,0.0,0.0
512010.OF,易方达沪深300医药卫生ETF,2023-06-02,0.4427,0.4427,0.4427,0.4427,0.0068,0.0,0.0
512010.OF,易方达沪深300医药卫生ETF,2023-06-05,0.44,0.44,0.44,0.44,-0.0061,0.0,0.0
512010.OF,易方达沪深300医药卫生ETF,2023-06-06,0.4322,0.4322,0.4322,0.4322,-0.0177,0.0,0.0
512010.OF,易方达沪深300医药卫生ETF,2023-06-07,0.4253,0.4253,0.4253,0.4253,-0.016,0.0,0.0
512010.OF,易方达沪深300医药卫生ETF,2023-06-08,0.4241,0.4241,0.4241,0.4241,-0.0028,0.0,0.0
512010.OF,易方达沪深300医药卫生ETF,2023-06-09,0.4284,0.4284,0.4284,0.4284,0.0101,0.0,0.0
512010.OF,易方达沪深300医药卫生ETF,2023-06-12,0.4277,0.4277,0.4277,0.4277,-0.0016,0.0,0.0
512010.OF,易方达沪深300医药卫生ETF,2023-06-13,0.4289,0.4289,0.4289,0.4289,0.0028,0.0,0.0
512010.OF,易方达沪深300医药卫生ETF,2023-06-14,0.4307,0.4307,0.4307,0.4307,0.0042,0.0,0.0
512010.OF,易方达沪深300医药卫生ETF,2023-06-15,0.4411,0.4411,0.4411,0.4411,0.0241,0.0,0.0
512010.OF,易方达沪深300医药卫生ETF,2023-06-16,0.4434,0.4434,0.4434,0.4434,0.0052,0.0,0.0
512010.OF,易方达沪深300医药卫生ETF,2023-06-19,0.4385,0.4385,0.4385,0.4385,-0.0111,0.0,0.0
512010.OF,易方达沪深300医药卫生ETF,2023-06-20,0.435,0.435,0.435,0.435,-0.008,0.0,0.0
512010.OF,易方达沪深300医药卫生ETF,2023-06-21,0.4241,0.4241,0.4241,0.4241,-0.0251,0.0,0.0
512010.OF,易方达沪深300医药卫生ETF,2023-06-26,0.422,0.422,0.422,0.422,-0.005,0.0,0.0
512010.OF,易方达沪深300医药卫生ETF,2023-06-27,0.4231,0.4231,0.4231,0.4231,0.0026,0.0,0.0
512010.OF,易方达沪深300医药卫生ETF,2023-06-28,0.4219,0.4219,0.4219,0.4219,-0.0028,0.0,0.0
512010.OF,易方达沪深300医药卫生ETF,2023-06-29,0.4209,0.4209,0.4209,0.4209,-0.0024,0.0,0.0
512010.OF,易方达沪深300医药卫生ETF,2023-06-30,0.4252,0.4252,0.4252,0.4252,0.0102,0.0,0.0
512010.OF,易方达沪深300医药卫生ETF,2023-07-03,0.4278,0.4278,0.4278,0.4278,0.0061,0.0,0.0
512010.OF,易方达沪深300医药卫生ETF,2023-07-04,0.4312,0.4312,0.4312,0.4312,0.0079,0.0,0.0
512010.OF,易方达沪深300医药卫生ETF,2023-07-05,0.429,0.429,0.429,0.429,-0.0051,0.0,0.0
512010.OF,易方达沪深300医药卫生ETF,2023-07-06,0.4221,0.4221,0.4221,0.4221,-0.0161,0.0,0.0
512010.OF,易方达沪深300医药卫生ETF,2023-07-07,0.4211,0.4211,0.4211,0.4211,-0.0024,0.0,0.0
512010.OF,易方达沪深300医药卫生ETF,2023-07-10,0.4239,0.4239,0.4239,0.4239,0.0066,0.0,0.0
512010.OF,易方达沪深300医药卫生ETF,2023-07-11,0.427,0.427,0.427,0.427,0.0073,0.0,0.0
512010.OF,易方达沪深300医药卫生ETF,2023-07-12,0.4245,0.4245,0.4245,0.4245,-0.0059,0.0,0.0
512010.OF,易方达沪深300医药卫生ETF,2023-07-13,0.4333,0.4333,0.4333,0.4333,0.0207,0.0,0.0
512010.OF,易方达沪深300医药卫生ETF,2023-07-14,0.4313,0.4313,0.4313,0.4313,-0.0046,0.0,0.0
512010.OF,易方达沪深300医药卫生ETF,2023-07-17,0.4276,0.4276,0.4276,0.4276,-0.0086,0.0,0.0
512010.OF,易方达沪深300医药卫生ETF,2023-07-18,0.4291,0.4291,0.4291,0.4291,0.0035,0.0,0.0
512010.OF,易方达沪深300医药卫生ETF,2023-07-19,0.4271,0.4271,0.4271,0.4271,-0.0047,0.0,0.0
512010.OF,易方达沪深300医药卫生ETF,2023-07-20,0.425,0.425,0.425,0.425,-0.0049,0.0,0.0
512010.OF,易方达沪深300医药卫生ETF,2023-07-21,0.4298,0.4298,0.4298,0.4298,0.0113,0.0,0.0
512010.OF,易方达沪深300医药卫生ETF,2023-07-24,0.4308,0.4308,0.4308,0.4308,0.0023,0.0,0.0
512010.OF,易方达沪深300医药卫生ETF,2023-07-25,0.4358,0.4358,0.4358,0.4358,0.0116,0.0,0.0
512010.OF,易方达沪深300医药卫生ETF,2023-07-26,0.4408,0.4408,0.4408,0.4408,0.0115,0.0,0.0
512010.OF,易方达沪深300医药卫生ETF,2023-07-27,0.4419,0.4419,0.4419,0.4419,0.0025,0.0,0.0
512010.OF,易方达沪深300医药卫生ETF,2023-07-28,0.4477,0.4477,0.4477,0.4477,0.0131,0.0,0.0
512010.OF,易方达沪深300医药卫生ETF,2023-07-31,0.4364,0.4364,0.4364,0.4364,-0.0252,0.0,0.0
512010.OF,易方达沪深300医药卫生ETF,2023-08-01,0.4349,0.4349,0.4349,0.4349,-0.0034,0.0,0.0
512010.OF,易方达沪深300医药卫生ETF,2023-08-02,0.4285,0.4285,0.4285,0.4285,-0.0147,0.0,0.0
512010.OF,易方达沪深300医药卫生ETF,2023-08-03,0.4347,0.4347,0.4347,0.4347,0.0145,0.0,0.0
512010.OF,易方达沪深300医药卫生ETF,2023-08-04,0.4316,0.4316,0.4316,0.4316,-0.0071,0.0,0.0
512010.OF,易方达沪深300医药卫生ETF,2023-08-07,0.4178,0.4178,0.4178,0.4178,-0.032,0.0,0.0
512010.OF,易方达沪深300医药卫生ETF,2023-08-08,0.4199,0.4199,0.4199,0.4199,0.005,0.0,0.0
512010.OF,易方达沪深300医药卫生ETF,2023-08-09,0.4257,0.4257,0.4257,0.4257,0.0138,0.0,0.0
512010.OF,易方达沪深300医药卫生ETF,2023-08-10,0.4268,0.4268,0.4268,0.4268,0.0026,0.0,0.0
512010.OF,易方达沪深300医药卫生ETF,2023-08-11,0.4207,0.4207,0.4207,0.4207,-0.0143,0.0,0.0
512010.OF,易方达沪深300医药卫生ETF,2023-08-14,0.4225,0.4225,0.4225,0.4225,0.0043,0.0,0.0
512010.OF,易方达沪深300医药卫生ETF,2023-08-15,0.4203,0.4203,0.4203,0.4203,-0.0052,0.0,0.0
512010.OF,易方达沪深300医药卫生ETF,2023-08-16,0.4202,0.4202,0.4202,0.4202,-0.0002,0.0,0.0
512010.OF,易方达沪深300医药卫生ETF,2023-08-17,0.4226,0.4226,0.4226,0.4226,0.0057,0.0,0.0
512010.OF,易方达沪深300医药卫生ETF,2023-08-18,0.4148,0.4148,0.4148,0.4148,-0.0185,0.0,0.0
512010.OF,易方达沪深300医药卫生ETF,2023-08-21,0.4107,0.4107,0.4107,0.4107,-0.0099,0.0,0.0
512010.OF,易方达沪深300医药卫生ETF,2023-08-22,0.4083,0.4083,0.4083,0.4083,-0.0058,0.0,0.0
512010.OF,易方达沪深300医药卫生ETF,2023-08-23,0.4018,0.4018,0.4018,0.4018,-0.0159,0.0,0.0
512010.OF,易方达沪深300医药卫生ETF,2023-08-24,0.4126,0.4126,0.4126,0.4126,0.0269,0.0,0.0
512010.OF,易方达沪深300医药卫生ETF,2023-08-25,0.4098,0.4098,0.4098,0.4098,-0.0068,0.0,0.0
512010.OF,易方达沪深300医药卫生ETF,2023-08-28,0.4146,0.4146,0.4146,0.4146,0.0117,0.0,0.0
512010.OF,易方达沪深300医药卫生ETF,2023-08-29,0.421,0.421,0.421,0.421,0.0154,0.0,0.0
512010.OF,易方达沪深300医药卫生ETF,2023-08-30,0.4199,0.4199,0.4199,0.4199,-0.0026,0.0,0.0
512010.OF,易方达沪深300医药卫生ETF,2023-08-31,0.4173,0.4173,0.4173,0.4173,-0.0062,0.0,0.0
512010.OF,易方达沪深300医药卫生ETF,2023-09-01,0.4156,0.4156,0.4156,0.4156,-0.0041,0.0,0.0
512010.OF,易方达沪深300医药卫生ETF,2023-09-04,0.4191,0.4191,0.4191,0.4191,0.0084,0.0,0.0
512010.OF,易方达沪深300医药卫生ETF,2023-09-05,0.4181,0.4181,0.4181,0.4181,-0.0024,0.0,0.0
512010.OF,易方达沪深300医药卫生ETF,2023-09-06,0.4116,0.4116,0.4116,0.4116,-0.0155,0.0,0.0
512010.OF,易方达沪深300医药卫生ETF,2023-09-07,0.4056,0.4056,0.4056,0.4056,-0.0146,0.0,0.0
512010.OF,易方达沪深300医药卫生ETF,2023-09-08,0.4054,0.4054,0.4054,0.4054,-0.0005,0.0,0.0
512010.OF,易方达沪深300医药卫生ETF,2023-09-11,0.4148,0.4148,0.4148,0.4148,0.0232,0.0,0.0
512010.OF,易方达沪深300医药卫生ETF,2023-09-12,0.4134,0.4134,0.4134,0.4134,-0.0034,0.0,0.0
512010.OF,易方达沪深300医药卫生ETF,2023-09-13,0.41,0.41,0.41,0.41,-0.0082,0.0,0.0
512010.OF,易方达沪深300医药卫生ETF,2023-09-14,0.4105,0.4105,0.4105,0.4105,0.0012,0.0,0.0
512010.OF,易方达沪深300医药卫生ETF,2023-09-15,0.4171,0.4171,0.4171,0.4171,0.0161,0.0,0.0
512010.OF,易方达沪深300医药卫生ETF,2023-09-18,0.4232,0.4232,0.4232,0.4232,0.0146,0.0,0.0
512010.OF,易方达沪深300医药卫生ETF,2023-09-19,0.4217,0.4217,0.4217,0.4217,-0.0035,0.0,0.0
512010.OF,易方达沪深300医药卫生ETF,2023-09-20,0.4196,0.4196,0.4196,0.4196,-0.005,0.0,0.0
512010.OF,易方达沪深300医药卫生ETF,2023-09-21,0.4142,0.4142,0.4142,0.4142,-0.0129,0.0,0.0
512010.OF,易方达沪深300医药卫生ETF,2023-09-22,0.4191,0.4191,0.4191,0.4191,0.0118,0.0,0.0
512010.OF,易方达沪深300医药卫生ETF,2023-09-25,0.425,0.425,0.425,0.425,0.0141,0.0,0.0
512010.OF,易方达沪深300医药卫生ETF,2023-09-26,0.4229,0.4229,0.4229,0.4229,-0.0049,0.0,0.0
512010.OF,易方达沪深300医药卫生ETF,2023-09-27,0.4312,0.4312,0.4312,0.4312,0.0196,0.0,0.0
512010.OF,易方达沪深300医药卫生ETF,2023-09-28,0.4276,0.4276,0.4276,0.4276,-0.0083,0.0,0.0
512010.OF,易方达沪深300医药卫生ETF,2023-09-30,0.4276,0.4276,0.4276,0.4276,0.0,0.0,0.0
512010.OF,易方达沪深300医药卫生ETF,2023-10-09,0.4326,0.4326,0.4326,0.4326,0.0117,0.0,0.0
512010.OF,易方达沪深300医药卫生ETF,2023-10-10,0.4255,0.4255,0.4255,0.4255,-0.0164,0.0,0.0
512010.OF,易方达沪深300医药卫生ETF,2023-10-11,0.4353,0.4353,0.4353,0.4353,0.023,0.0,0.0
512010.OF,易方达沪深300医药卫生ETF,2023-10-12,0.437,0.437,0.437,0.437,0.0039,0.0,0.0
512010.OF,易方达沪深300医药卫生ETF,2023-10-13,0.4358,0.4358,0.4358,0.4358,-0.0027,0.0,0.0
512010.OF,易方达沪深300医药卫生ETF,2023-10-16,0.4288,0.4288,0.4288,0.4288,-0.0161,0.0,0.0
512010.OF,易方达沪深300医药卫生ETF,2023-10-17,0.4269,0.4269,0.4269,0.4269,-0.0044,0.0,0.0
512010.OF,易方达沪深300医药卫生ETF,2023-10-18,0.4202,0.4202,0.4202,0.4202,-0.0157,0.0,0.0
512010.OF,易方达沪深300医药卫生ETF,2023-10-19,0.4139,0.4139,0.4139,0.4139,-0.015,0.0,0.0
512010.OF,易方达沪深300医药卫生ETF,2023-10-20,0.407,0.407,0.407,0.407,-0.0167,0.0,0.0
512010.OF,易方达沪深300医药卫生ETF,2023-10-23,0.4078,0.4078,0.4078,0.4078,0.002,0.0,0.0
512010.OF,易方达沪深300医药卫生ETF,2023-10-24,0.4108,0.4108,0.4108,0.4108,0.0074,0.0,0.0
512010.OF,易方达沪深300医药卫生ETF,2023-10-25,0.407,0.407,0.407,0.407,-0.0093,0.0,0.0
512010.OF,易方达沪深300医药卫生ETF,2023-10-26,0.4108,0.4108,0.4108,0.4108,0.0093,0.0,0.0
512010.OF,易方达沪深300医药卫生ETF,2023-10-27,0.4267,0.4267,0.4267,0.4267,0.0387,0.0,0.0
512010.OF,易方达沪深300医药卫生ETF,2023-10-30,0.4378,0.4378,0.4378,0.4378,0.026,0.0,0.0
512010.OF,易方达沪深300医药卫生ETF,2023-10-31,0.437,0.437,0.437,0.437,-0.0018,0.0,0.0
512010.OF,易方达沪深300医药卫生ETF,2023-11-01,0.4352,0.4352,0.4352,0.4352,-0.0041,0.0,0.0
512010.OF,易方达沪深300医药卫生ETF,2023-11-02,0.434,0.434,0.434,0.434,-0.0028,0.0,0.0
512010.OF,易方达沪深300医药卫生ETF,2023-11-03,0.4352,0.4352,0.4352,0.4352,0.0028,0.0,0.0
512010.OF,易方达沪深300医药卫生ETF,2023-11-06,0.4451,0.4451,0.4451,0.4451,0.0227,0.0,0.0
512010.OF,易方达沪深300医药卫生ETF,2023-11-07,0.442,0.442,0.442,0.442,-0.007,0.0,0.0
512010.OF,易方达沪深300医药卫生ETF,2023-11-08,0.4455,0.4455,0.4455,0.4455,0.0079,0.0,0.0
512010.OF,易方达沪深300医药卫生ETF,2023-11-09,0.4405,0.4405,0.4405,0.4405,-0.0112,0.0,0.0
512010.OF,易方达沪深300医药卫生ETF,2023-11-10,0.4404,0.4404,0.4404,0.4404,-0.0002,0.0,0.0
512010.OF,易方达沪深300医药卫生ETF,2023-11-13,0.4354,0.4354,0.4354,0.4354,-0.0114,0.0,0.0
512010.OF,易方达沪深300医药卫生ETF,2023-11-14,0.4348,0.4348,0.4348,0.4348,-0.0014,0.0,0.0
512010.OF,易方达沪深300医药卫生ETF,2023-11-15,0.4391,0.4391,0.4391,0.4391,0.0099,0.0,0.0
512010.OF,易方达沪深300医药卫生ETF,2023-11-16,0.4327,0.4327,0.4327,0.4327,-0.0146,0.0,0.0
512010.OF,易方达沪深300医药卫生ETF,2023-11-17,0.4345,0.4345,0.4345,0.4345,0.0042,0.0,0.0
512010.OF,易方达沪深300医药卫生ETF,2023-11-20,0.4392,0.4392,0.4392,0.4392,0.0108,0.0,0.0
512010.OF,易方达沪深300医药卫生ETF,2023-11-21,0.4393,0.4393,0.4393,0.4393,0.0002,0.0,0.0
512010.OF,易方达沪深300医药卫生ETF,2023-11-22,0.4332,0.4332,0.4332,0.4332,-0.0139,0.0,0.0
512010.OF,易方达沪深300医药卫生ETF,2023-11-23,0.4346,0.4346,0.4346,0.4346,0.0032,0.0,0.0
512010.OF,易方达沪深300医药卫生ETF,2023-11-24,0.4339,0.4339,0.4339,0.4339,-0.0016,0.0,0.0
512010.OF,易方达沪深300医药卫生ETF,2023-11-27,0.4301,0.4301,0.4301,0.4301,-0.0088,0.0,0.0
512010.OF,易方达沪深300医药卫生ETF,2023-11-28,0.4367,0.4367,0.4367,0.4367,0.0153,0.0,0.0
512010.OF,易方达沪深300医药卫生ETF,2023-11-29,0.4334,0.4334,0.4334,0.4334,-0.0076,0.0,0.0
512010.OF,易方达沪深300医药卫生ETF,2023-11-30,0.4364,0.4364,0.4364,0.4364,0.0069,0.0,0.0
512010.OF,易方达沪深300医药卫生ETF,2023-12-01,0.434,0.434,0.434,0.434,-0.0055,0.0,0.0
512010.OF,易方达沪深300医药卫生ETF,2023-12-04,0.4231,0.4231,0.4231,0.4231,-0.0251,0.0,0.0
512010.OF,易方达沪深300医药卫生ETF,2023-12-05,0.4157,0.4157,0.4157,0.4157,-0.0175,0.0,0.0
512010.OF,易方达沪深300医药卫生ETF,2023-12-06,0.4161,0.4161,0.4161,0.4161,0.001,0.0,0.0
512010.OF,易方达沪深300医药卫生ETF,2023-12-07,0.4119,0.4119,0.4119,0.4119,-0.0101,0.0,0.0
512010.OF,易方达沪深300医药卫生ETF,2023-12-08,0.4171,0.4171,0.4171,0.4171,0.0126,0.0,0.0
512010.OF,易方达沪深300医药卫生ETF,2023-12-11,0.4201,0.4201,0.4201,0.4201,0.0072,0.0,0.0
512010.OF,易方达沪深300医药卫生ETF,2023-12-12,0.4167,0.4167,0.4167,0.4167,-0.0081,0.0,0.0
512010.OF,易方达沪深300医药卫生ETF,2023-12-13,0.413,0.413,0.413,0.413,-0.0089,0.0,0.0
512010.OF,易方达沪深300医药卫生ETF,2023-12-14,0.4116,0.4116,0.4116,0.4116,-0.0034,0.0,0.0
512010.OF,易方达沪深300医药卫生ETF,2023-12-15,0.4062,0.4062,0.4062,0.4062,-0.0131,0.0,0.0
512010.OF,易方达沪深300医药卫生ETF,2023-12-18,0.407,0.407,0.407,0.407,0.002,0.0,0.0
512010.OF,易方达沪深300医药卫生ETF,2023-12-19,0.4033,0.4033,0.4033,0.4033,-0.0091,0.0,0.0
512010.OF,易方达沪深300医药卫生ETF,2023-12-20,0.401,0.401,0.401,0.401,-0.0057,0.0,0.0
512010.OF,易方达沪深300医药卫生ETF,2023-12-21,0.4049,0.4049,0.4049,0.4049,0.0097,0.0,0.0
512010.OF,易方达沪深300医药卫生ETF,2023-12-22,0.4024,0.4024,0.4024,0.4024,-0.0062,0.0,0.0
512010.OF,易方达沪深300医药卫生ETF,2023-12-25,0.4039,0.4039,0.4039,0.4039,0.0037,0.0,0.0
512010.OF,易方达沪深300医药卫生ETF,2023-12-26,0.4007,0.4007,0.4007,0.4007,-0.0079,0.0,0.0
512010.OF,易方达沪深300医药卫生ETF,2023-12-27,0.4016,0.4016,0.4016,0.4016,0.0022,0.0,0.0
512010.OF,易方达沪深300医药卫生ETF,2023-12-28,0.4098,0.4098,0.4098,0.4098,0.0204,0.0,0.0
512010.OF,易方达沪深300医药卫生ETF,2023-12-29,0.4115,0.4115,0.4115,0.4115,0.0041,0.0,0.0
512010.OF,易方达沪深300医药卫生ETF,2023-12-31,0.4115,0.4115,0.4115,0.4115,0.0,0.0,0.0
512010.OF,易方达沪深300医药卫生ETF,2024-01-02,0.4069,0.4069,0.4069,0.4069,-0.0112,0.0,0.0
512010.OF,易方达沪深300医药卫生ETF,2024-01-03,0.4053,0.4053,0.4053,0.4053,-0.0039,0.0,0.0
512010.OF,易方达沪深300医药卫生ETF,2024-01-04,0.4011,0.4011,0.4011,0.4011,-0.0104,0.0,0.0
512010.OF,易方达沪深300医药卫生ETF,2024-01-05,0.3936,0.3936,0.3936,0.3936,-0.0187,0.0,0.0
512010.OF,易方达沪深300医药卫生ETF,2024-01-08,0.3891,0.3891,0.3891,0.3891,-0.0114,0.0,0.0
512010.OF,易方达沪深300医药卫生ETF,2024-01-09,0.3897,0.3897,0.3897,0.3897,0.0015,0.0,0.0
512010.OF,易方达沪深300医药卫生ETF,2024-01-10,0.3865,0.3865,0.3865,0.3865,-0.0082,0.0,0.0
512010.OF,易方达沪深300医药卫生ETF,2024-01-11,0.3901,0.3901,0.3901,0.3901,0.0093,0.0,0.0
512010.OF,易方达沪深300医药卫生ETF,2024-01-12,0.3848,0.3848,0.3848,0.3848,-0.0136,0.0,0.0
512010.OF,易方达沪深300医药卫生ETF,2024-01-15,0.3852,0.3852,0.3852,0.3852,0.001,0.0,0.0
512010.OF,易方达沪深300医药卫生ETF,2024-01-16,0.385,0.385,0.385,0.385,-0.0005,0.0,0.0
512010.OF,易方达沪深300医药卫生ETF,2024-01-17,0.3755,0.3755,0.3755,0.3755,-0.0247,0.0,0.0
512010.OF,易方达沪深300医药卫生ETF,2024-01-18,0.3818,0.3818,0.3818,0.3818,0.0168,0.0,0.0
512010.OF,易方达沪深300医药卫生ETF,2024-01-19,0.382,0.382,0.382,0.382,0.0005,0.0,0.0
512010.OF,易方达沪深300医药卫生ETF,2024-01-22,0.3746,0.3746,0.3746,0.3746,-0.0194,0.0,0.0
512010.OF,易方达沪深300医药卫生ETF,2024-01-23,0.3756,0.3756,0.3756,0.3756,0.0027,0.0,0.0
512010.OF,易方达沪深300医药卫生ETF,2024-01-24,0.3788,0.3788,0.3788,0.3788,0.0085,0.0,0.0
512010.OF,易方达沪深300医药卫生ETF,2024-01-25,0.3822,0.3822,0.3822,0.3822,0.009,0.0,0.0
512010.OF,易方达沪深300医药卫生ETF,2024-01-26,0.3726,0.3726,0.3726,0.3726,-0.0251,0.0,0.0
512010.OF,易方达沪深300医药卫生ETF,2024-01-29,0.3611,0.3611,0.3611,0.3611,-0.0309,0.0,0.0
512010.OF,易方达沪深300医药卫生ETF,2024-01-30,0.353,0.353,0.353,0.353,-0.0224,0.0,0.0
512010.OF,易方达沪深300医药卫生ETF,2024-01-31,0.3418,0.3418,0.3418,0.3418,-0.0317,0.0,0.0
512010.OF,易方达沪深300医药卫生ETF,2024-02-01,0.3444,0.3444,0.3444,0.3444,0.0076,0.0,0.0
512010.OF,易方达沪深300医药卫生ETF,2024-02-02,0.3339,0.3339,0.3339,0.3339,-0.0305,0.0,0.0
512010.OF,易方达沪深300医药卫生ETF,2024-02-05,0.341,0.341,0.341,0.341,0.0213,0.0,0.0
512010.OF,易方达沪深300医药卫生ETF,2024-02-06,0.3629,0.3629,0.3629,0.3629,0.0642,0.0,0.0
512010.OF,易方达沪深300医药卫生ETF,2024-02-07,0.3704,0.3704,0.3704,0.3704,0.0207,0.0,0.0
512010.OF,易方达沪深300医药卫生ETF,2024-02-08,0.3691,0.3691,0.3691,0.3691,-0.0035,0.0,0.0
512010.OF,易方达沪深300医药卫生ETF,2024-02-19,0.3687,0.3687,0.3687,0.3687,-0.0011,0.0,0.0
512010.OF,易方达沪深300医药卫生ETF,2024-02-20,0.3712,0.3712,0.3712,0.3712,0.0068,0.0,0.0
512010.OF,易方达沪深300医药卫生ETF,2024-02-21,0.3746,0.3746,0.3746,0.3746,0.0092,0.0,0.0
512010.OF,易方达沪深300医药卫生ETF,2024-02-22,0.375,0.375,0.375,0.375,0.0011,0.0,0.0
512010.OF,易方达沪深300医药卫生ETF,2024-02-23,0.3741,0.3741,0.3741,0.3741,-0.0024,0.0,0.0
512010.OF,易方达沪深300医药卫生ETF,2024-02-26,0.3734,0.3734,0.3734,0.3734,-0.0019,0.0,0.0
512010.OF,易方达沪深300医药卫生ETF,2024-02-27,0.3768,0.3768,0.3768,0.3768,0.0091,0.0,0.0
512010.OF,易方达沪深300医药卫生ETF,2024-02-28,0.3725,0.3725,0.3725,0.3725,-0.0114,0.0,0.0
512010.OF,易方达沪深300医药卫生ETF,2024-02-29,0.3783,0.3783,0.3783,0.3783,0.0156,0.0,0.0
512010.OF,易方达沪深300医药卫生ETF,2024-03-01,0.3781,0.3781,0.3781,0.3781,-0.0005,0.0,0.0
512010.OF,易方达沪深300医药卫生ETF,2024-03-04,0.3862,0.3862,0.3862,0.3862,0.0214,0.0,0.0
512010.OF,易方达沪深300医药卫生ETF,2024-03-05,0.3863,0.3863,0.3863,0.3863,0.0003,0.0,0.0
512010.OF,易方达沪深300医药卫生ETF,2024-03-06,0.3838,0.3838,0.3838,0.3838,-0.0065,0.0,0.0
512010.OF,易方达沪深300医药卫生ETF,2024-03-07,0.3711,0.3711,0.3711,0.3711,-0.0331,0.0,0.0
512010.OF,易方达沪深300医药卫生ETF,2024-03-08,0.3696,0.3696,0.3696,0.3696,-0.004,0.0,0.0
512010.OF,易方达沪深300医药卫生ETF,2024-03-11,0.3801,0.3801,0.3801,0.3801,0.0284,0.0,0.0
512010.OF,易方达沪深300医药卫生ETF,2024-03-12,0.3893,0.3893,0.3893,0.3893,0.0242,0.0,0.0
512010.OF,易方达沪深300医药卫生ETF,2024-03-13,0.3854,0.3854,0.3854,0.3854,-0.01,0.0,0.0
512010.OF,易方达沪深300医药卫生ETF,2024-03-14,0.3864,0.3864,0.3864,0.3864,0.0026,0.0,0.0
512010.OF,易方达沪深300医药卫生ETF,2024-03-15,0.3833,0.3833,0.3833,0.3833,-0.008,0.0,0.0
512010.OF,易方达沪深300医药卫生ETF,2024-03-18,0.3855,0.3855,0.3855,0.3855,0.0057,0.0,0.0
512010.OF,易方达沪深300医药卫生ETF,2024-03-19,0.3805,0.3805,0.3805,0.3805,-0.013,0.0,0.0
512010.OF,易方达沪深300医药卫生ETF,2024-03-20,0.3783,0.3783,0.3783,0.3783,-0.0058,0.0,0.0
512010.OF,易方达沪深300医药卫生ETF,2024-03-21,0.3757,0.3757,0.3757,0.3757,-0.0069,0.0,0.0
512010.OF,易方达沪深300医药卫生ETF,2024-03-22,0.3706,0.3706,0.3706,0.3706,-0.0136,0.0,0.0
512010.OF,易方达沪深300医药卫生ETF,2024-03-25,0.3684,0.3684,0.3684,0.3684,-0.0059,0.0,0.0
512010.OF,易方达沪深300医药卫生ETF,2024-03-26,0.3674,0.3674,0.3674,0.3674,-0.0027,0.0,0.0
512010.OF,易方达沪深300医药卫生ETF,2024-03-27,0.3633,0.3633,0.3633,0.3633,-0.0112,0.0,0.0
512010.OF,易方达沪深300医药卫生ETF,2024-03-28,0.3639,0.3639,0.3639,0.3639,0.0017,0.0,0.0
512010.OF,易方达沪深300医药卫生ETF,2024-03-29,0.3626,0.3626,0.3626,0.3626,-0.0036,0.0,0.0
512010.OF,易方达沪深300医药卫生ETF,2024-03-31,0.3626,0.3626,0.3626,0.3626,0.0,0.0,0.0
512010.OF,易方达沪深300医药卫生ETF,2024-04-01,0.3678,0.3678,0.3678,0.3678,0.0143,0.0,0.0
512010.OF,易方达沪深300医药卫生ETF,2024-04-02,0.3631,0.3631,0.3631,0.3631,-0.0128,0.0,0.0
512010.OF,易方达沪深300医药卫生ETF,2024-04-03,0.3608,0.3608,0.3608,0.3608,-0.0063,0.0,0.0
512010.OF,易方达沪深300医药卫生ETF,2024-04-08,0.355,0.355,0.355,0.355,-0.0161,0.0,0.0
512010.OF,易方达沪深300医药卫生ETF,2024-04-09,0.3603,0.3603,0.3603,0.3603,0.0149,0.0,0.0
512010.OF,易方达沪深300医药卫生ETF,2024-04-10,0.3555,0.3555,0.3555,0.3555,-0.0133,0.0,0.0
512010.OF,易方达沪深300医药卫生ETF,2024-04-11,0.3518,0.3518,0.3518,0.3518,-0.0104,0.0,0.0
512010.OF,易方达沪深300医药卫生ETF,2024-04-12,0.3485,0.3485,0.3485,0.3485,-0.0094,0.0,0.0
512010.OF,易方达沪深300医药卫生ETF,2024-04-15,0.3523,0.3523,0.3523,0.3523,0.0109,0.0,0.0
512010.OF,易方达沪深300医药卫生ETF,2024-04-16,0.3478,0.3478,0.3478,0.3478,-0.0128,0.0,0.0
512010.OF,易方达沪深300医药卫生ETF,2024-04-17,0.3535,0.3535,0.3535,0.3535,0.0164,0.0,0.0
512010.OF,易方达沪深300医药卫生ETF,2024-04-18,0.3502,0.3502,0.3502,0.3502,-0.0093,0.0,0.0
512010.OF,易方达沪深300医药卫生ETF,2024-04-19,0.3472,0.3472,0.3472,0.3472,-0.0086,0.0,0.0
512010.OF,易方达沪深300医药卫生ETF,2024-04-22,0.3484,0.3484,0.3484,0.3484,0.0035,0.0,0.0
512010.OF,易方达沪深300医药卫生ETF,2024-04-23,0.3527,0.3527,0.3527,0.3527,0.0123,0.0,0.0
512010.OF,易方达沪深300医药卫生ETF,2024-04-24,0.35,0.35,0.35,0.35,-0.0077,0.0,0.0
512010.OF,易方达沪深300医药卫生ETF,2024-04-25,0.3513,0.3513,0.3513,0.3513,0.0037,0.0,0.0
512010.OF,易方达沪深300医药卫生ETF,2024-04-26,0.3589,0.3589,0.3589,0.3589,0.0216,0.0,0.0
512010.OF,易方达沪深300医药卫生ETF,2024-04-29,0.3681,0.3681,0.3681,0.3681,0.0256,0.0,0.0
512010.OF,易方达沪深300医药卫生ETF,2024-04-30,0.3672,0.3672,0.3672,0.3672,-0.0024,0.0,0.0
512010.OF,易方达沪深300医药卫生ETF,2024-05-06,0.377,0.377,0.377,0.377,0.0267,0.0,0.0
512010.OF,易方达沪深300医药卫生ETF,2024-05-07,0.377,0.377,0.377,0.377,0.0,0.0,0.0
512010.OF,易方达沪深300医药卫生ETF,2024-05-08,0.3713,0.3713,0.3713,0.3713,-0.0151,0.0,0.0
512010.OF,易方达沪深300医药卫生ETF,2024-05-09,0.3734,0.3734,0.3734,0.3734,0.0057,0.0,0.0
512010.OF,易方达沪深300医药卫生ETF,2024-05-10,0.3712,0.3712,0.3712,0.3712,-0.0059,0.0,0.0
512010.OF,易方达沪深300医药卫生ETF,2024-05-13,0.3717,0.3717,0.3717,0.3717,0.0013,0.0,0.0
512010.OF,易方达沪深300医药卫生ETF,2024-05-14,0.3759,0.3759,0.3759,0.3759,0.0113,0.0,0.0
512010.OF,易方达沪深300医药卫生ETF,2024-05-15,0.3703,0.3703,0.3703,0.3703,-0.0149,0.0,0.0
512010.OF,易方达沪深300医药卫生ETF,2024-05-16,0.3698,0.3698,0.3698,0.3698,-0.0014,0.0,0.0
512010.OF,易方达沪深300医药卫生ETF,2024-05-17,0.3688,0.3688,0.3688,0.3688,-0.0027,0.0,0.0
512010.OF,易方达沪深300医药卫生ETF,2024-05-20,0.3679,0.3679,0.3679,0.3679,-0.0024,0.0,0.0
512010.OF,易方达沪深300医药卫生ETF,2024-05-21,0.365,0.365,0.365,0.365,-0.0079,0.0,0.0
512010.OF,易方达沪深300医药卫生ETF,2024-05-22,0.3636,0.3636,0.3636,0.3636,-0.0038,0.0,0.0
512010.OF,易方达沪深300医药卫生ETF,2024-05-23,0.3598,0.3598,0.3598,0.3598,-0.0105,0.0,0.0
512010.OF,易方达沪深300医药卫生ETF,2024-05-24,0.3553,0.3553,0.3553,0.3553,-0.0125,0.0,0.0
512010.OF,易方达沪深300医药卫生ETF,2024-05-27,0.3566,0.3566,0.3566,0.3566,0.0037,0.0,0.0
512010.OF,易方达沪深300医药卫生ETF,2024-05-28,0.355,0.355,0.355,0.355,-0.0045,0.0,0.0
512010.OF,易方达沪深300医药卫生ETF,2024-05-29,0.3545,0.3545,0.3545,0.3545,-0.0014,0.0,0.0
512010.OF,易方达沪深300医药卫生ETF,2024-05-30,0.3528,0.3528,0.3528,0.3528,-0.0048,0.0,0.0
512010.OF,易方达沪深300医药卫生ETF,2024-05-31,0.3508,0.3508,0.3508,0.3508,-0.0057,0.0,0.0
512010.OF,易方达沪深300医药卫生ETF,2024-06-03,0.35,0.35,0.35,0.35,-0.0023,0.0,0.0
512010.OF,易方达沪深300医药卫生ETF,2024-06-04,0.356,0.356,0.356,0.356,0.0171,0.0,0.0
512010.OF,易方达沪深300医药卫生ETF,2024-06-05,0.3567,0.3567,0.3567,0.3567,0.002,0.0,0.0
512010.OF,易方达沪深300医药卫生ETF,2024-06-06,0.3537,0.3537,0.3537,0.3537,-0.0084,0.0,0.0
512010.OF,易方达沪深300医药卫生ETF,2024-06-07,0.3514,0.3514,0.3514,0.3514,-0.0065,0.0,0.0
512010.OF,易方达沪深300医药卫生ETF,2024-06-11,0.3534,0.3534,0.3534,0.3534,0.0057,0.0,0.0
512010.OF,易方达沪深300医药卫生ETF,2024-06-12,0.3526,0.3526,0.3526,0.3526,-0.0023,0.0,0.0
512010.OF,易方达沪深300医药卫生ETF,2024-06-13,0.3488,0.3488,0.3488,0.3488,-0.0108,0.0,0.0
512010.OF,易方达沪深300医药卫生ETF,2024-06-14,0.3462,0.3462,0.3462,0.3462,-0.0075,0.0,0.0
512010.OF,易方达沪深300医药卫生ETF,2024-06-17,0.3471,0.3471,0.3471,0.3471,0.0026,0.0,0.0
512010.OF,易方达沪深300医药卫生ETF,2024-06-18,0.3439,0.3439,0.3439,0.3439,-0.0092,0.0,0.0
512010.OF,易方达沪深300医药卫生ETF,2024-06-19,0.3406,0.3406,0.3406,0.3406,-0.0096,0.0,0.0
512010.OF,易方达沪深300医药卫生ETF,2024-06-20,0.3356,0.3356,0.3356,0.3356,-0.0147,0.0,0.0
512010.OF,易方达沪深300医药卫生ETF,2024-06-21,0.3341,0.3341,0.3341,0.3341,-0.0045,0.0,0.0
512010.OF,易方达沪深300医药卫生ETF,2024-06-24,0.3317,0.3317,0.3317,0.3317,-0.0072,0.0,0.0
512010.OF,易方达沪深300医药卫生ETF,2024-06-25,0.3297,0.3297,0.3297,0.3297,-0.006,0.0,0.0
512010.OF,易方达沪深300医药卫生ETF,2024-06-26,0.334,0.334,0.334,0.334,0.013,0.0,0.0
512010.OF,易方达沪深300医药卫生ETF,2024-06-27,0.329,0.329,0.329,0.329,-0.015,0.0,0.0
512010.OF,易方达沪深300医药卫生ETF,2024-06-28,0.3263,0.3263,0.3263,0.3263,-0.0082,0.0,0.0
512010.OF,易方达沪深300医药卫生ETF,2024-06-30,0.3263,0.3263,0.3263,0.3263,0.0,0.0,0.0
512010.OF,易方达沪深300医药卫生ETF,2024-07-01,0.3263,0.3263,0.3263,0.3263,0.0,0.0,0.0
512010.OF,易方达沪深300医药卫生ETF,2024-07-02,0.3231,0.3231,0.3231,0.3231,-0.0098,0.0,0.0
512010.OF,易方达沪深300医药卫生ETF,2024-07-03,0.3219,0.3219,0.3219,0.3219,-0.0037,0.0,0.0
512010.OF,易方达沪深300医药卫生ETF,2024-07-04,0.3177,0.3177,0.3177,0.3177,-0.013,0.0,0.0
512010.OF,易方达沪深300医药卫生ETF,2024-07-05,0.3246,0.3246,0.3246,0.3246,0.0217,0.0,0.0
512010.OF,易方达沪深300医药卫生ETF,2024-07-08,0.3172,0.3172,0.3172,0.3172,-0.0228,0.0,0.0
512010.OF,易方达沪深300医药卫生ETF,2024-07-09,0.3183,0.3183,0.3183,0.3183,0.0035,0.0,0.0
512010.OF,易方达沪深300医药卫生ETF,2024-07-10,0.3191,0.3191,0.3191,0.3191,0.0025,0.0,0.0
512010.OF,易方达沪深300医药卫生ETF,2024-07-11,0.3279,0.3279,0.3279,0.3279,0.0276,0.0,0.0
512010.OF,易方达沪深300医药卫生ETF,2024-07-12,0.3282,0.3282,0.3282,0.3282,0.0009,0.0,0.0
512010.OF,易方达沪深300医药卫生ETF,2024-07-15,0.3258,0.3258,0.3258,0.3258,-0.0073,0.0,0.0
512010.OF,易方达沪深300医药卫生ETF,2024-07-16,0.3274,0.3274,0.3274,0.3274,0.0049,0.0,0.0
512010.OF,易方达沪深300医药卫生ETF,2024-07-17,0.3349,0.3349,0.3349,0.3349,0.0229,0.0,0.0
512010.OF,易方达沪深300医药卫生ETF,2024-07-18,0.3381,0.3381,0.3381,0.3381,0.0096,0.0,0.0
512010.OF,易方达沪深300医药卫生ETF,2024-07-19,0.3409,0.3409,0.3409,0.3409,0.0083,0.0,0.0
512010.OF,易方达沪深300医药卫生ETF,2024-07-22,0.3426,0.3426,0.3426,0.3426,0.005,0.0,0.0
512010.OF,易方达沪深300医药卫生ETF,2024-07-23,0.3319,0.3319,0.3319,0.3319,-0.0312,0.0,0.0
512010.OF,易方达沪深300医药卫生ETF,2024-07-24,0.329,0.329,0.329,0.329,-0.0087,0.0,0.0
512010.OF,易方达沪深300医药卫生ETF,2024-07-25,0.3282,0.3282,0.3282,0.3282,-0.0024,0.0,0.0
512010.OF,易方达沪深300医药卫生ETF,2024-07-26,0.3277,0.3277,0.3277,0.3277,-0.0015,0.0,0.0
512010.OF,易方达沪深300医药卫生ETF,2024-07-29,0.3218,0.3218,0.3218,0.3218,-0.018,0.0,0.0
512010.OF,易方达沪深300医药卫生ETF,2024-07-30,0.3203,0.3203,0.3203,0.3203,-0.0047,0.0,0.0
512010.OF,易方达沪深300医药卫生ETF,2024-07-31,0.3345,0.3345,0.3345,0.3345,0.0443,0.0,0.0
512010.OF,易方达沪深300医药卫生ETF,2024-08-01,0.3316,0.3316,0.3316,0.3316,-0.0087,0.0,0.0
512010.OF,易方达沪深300医药卫生ETF,2024-08-02,0.3346,0.3346,0.3346,0.3346,0.009,0.0,0.0
512010.OF,易方达沪深300医药卫生ETF,2024-08-05,0.3337,0.3337,0.3337,0.3337,-0.0027,0.0,0.0
512010.OF,易方达沪深300医药卫生ETF,2024-08-06,0.3377,0.3377,0.3377,0.3377,0.012,0.0,0.0
512010.OF,易方达沪深300医药卫生ETF,2024-08-07,0.3354,0.3354,0.3354,0.3354,-0.0068,0.0,0.0
512010.OF,易方达沪深300医药卫生ETF,2024-08-08,0.337,0.337,0.337,0.337,0.0048,0.0,0.0
512010.OF,易方达沪深300医药卫生ETF,2024-08-09,0.3315,0.3315,0.3315,0.3315,-0.0163,0.0,0.0
512010.OF,易方达沪深300医药卫生ETF,2024-08-12,0.3351,0.3351,0.3351,0.3351,0.0109,0.0,0.0
512010.OF,易方达沪深300医药卫生ETF,2024-08-13,0.3321,0.3321,0.3321,0.3321,-0.009,0.0,0.0
512010.OF,易方达沪深300医药卫生ETF,2024-08-14,0.3269,0.3269,0.3269,0.3269,-0.0157,0.0,0.0
512010.OF,易方达沪深300医药卫生ETF,2024-08-15,0.3291,0.3291,0.3291,0.3291,0.0067,0.0,0.0
512010.OF,易方达沪深300医药卫生ETF,2024-08-16,0.3295,0.3295,0.3295,0.3295,0.0012,0.0,0.0
512010.OF,易方达沪深300医药卫生ETF,2024-08-19,0.3262,0.3262,0.3262,0.3262,-0.01,0.0,0.0
512010.OF,易方达沪深300医药卫生ETF,2024-08-20,0.3226,0.3226,0.3226,0.3226,-0.011,0.0,0.0
512010.OF,易方达沪深300医药卫生ETF,2024-08-21,0.3203,0.3203,0.3203,0.3203,-0.0071,0.0,0.0
512010.OF,易方达沪深300医药卫生ETF,2024-08-22,0.3185,0.3185,0.3185,0.3185,-0.0056,0.0,0.0
512010.OF,易方达沪深300医药卫生ETF,2024-08-23,0.3178,0.3178,0.3178,0.3178,-0.0022,0.0,0.0
512010.OF,易方达沪深300医药卫生ETF,2024-08-26,0.3149,0.3149,0.3149,0.3149,-0.0091,0.0,0.0
512010.OF,易方达沪深300医药卫生ETF,2024-08-27,0.3142,0.3142,0.3142,0.3142,-0.0022,0.0,0.0
512010.OF,易方达沪深300医药卫生ETF,2024-08-28,0.3131,0.3131,0.3131,0.3131,-0.0035,0.0,0.0
512010.OF,易方达沪深300医药卫生ETF,2024-08-29,0.3173,0.3173,0.3173,0.3173,0.0134,0.0,0.0
512010.OF,易方达沪深300医药卫生ETF,2024-08-30,0.3223,0.3223,0.3223,0.3223,0.0158,0.0,0.0
512010.OF,易方达沪深300医药卫生ETF,2024-09-02,0.3162,0.3162,0.3162,0.3162,-0.0189,0.0,0.0
512010.OF,易方达沪深300医药卫生ETF,2024-09-03,0.3192,0.3192,0.3192,0.3192,0.0095,0.0,0.0
512010.OF,易方达沪深300医药卫生ETF,2024-09-04,0.3189,0.3189,0.3189,0.3189,-0.0009,0.0,0.0
512010.OF,易方达沪深300医药卫生ETF,2024-09-05,0.3216,0.3216,0.3216,0.3216,0.0085,0.0,0.0
512010.OF,易方达沪深300医药卫生ETF,2024-09-06,0.3159,0.3159,0.3159,0.3159,-0.0177,0.0,0.0
512010.OF,易方达沪深300医药卫生ETF,2024-09-09,0.3162,0.3162,0.3162,0.3162,0.0009,0.0,0.0
512010.OF,易方达沪深300医药卫生ETF,2024-09-10,0.3132,0.3132,0.3132,0.3132,-0.0095,0.0,0.0
512010.OF,易方达沪深300医药卫生ETF,2024-09-11,0.3151,0.3151,0.3151,0.3151,0.0061,0.0,0.0
512010.OF,易方达沪深300医药卫生ETF,2024-09-12,0.3116,0.3116,0.3116,0.3116,-0.0111,0.0,0.0
512010.OF,易方达沪深300医药卫生ETF,2024-09-13,0.3098,0.3098,0.3098,0.3098,-0.0058,0.0,0.0
512010.OF,易方达沪深300医药卫生ETF,2024-09-18,0.309,0.309,0.309,0.309,-0.0026,0.0,0.0
512010.OF,易方达沪深300医药卫生ETF,2024-09-19,0.3123,0.3123,0.3123,0.3123,0.0107,0.0,0.0
512010.OF,易方达沪深300医药卫生ETF,2024-09-20,0.3088,0.3088,0.3088,0.3088,-0.0112,0.0,0.0
512010.OF,易方达沪深300医药卫生ETF,2024-09-23,0.3074,0.3074,0.3074,0.3074,-0.0045,0.0,0.0
512010.OF,易方达沪深300医药卫生ETF,2024-09-24,0.3177,0.3177,0.3177,0.3177,0.0335,0.0,0.0
512010.OF,易方达沪深300医药卫生ETF,2024-09-25,0.3222,0.3222,0.3222,0.3222,0.0142,0.0,0.0
512010.OF,易方达沪深300医药卫生ETF,2024-09-26,0.3361,0.3361,0.3361,0.3361,0.0431,0.0,0.0
512010.OF,易方达沪深300医药卫生ETF,2024-09-27,0.3613,0.3613,0.3613,0.3613,0.075,0.0,0.0
512010.OF,易方达沪深300医药卫生ETF,2024-09-30,0.3999,0.3999,0.3999,0.3999,0.1068,0.0,0.0
512010.OF,易方达沪深300医药卫生ETF,2024-10-08,0.4354,0.4354,0.4354,0.4354,0.0888,0.0,0.0
512010.OF,易方达沪深300医药卫生ETF,2024-10-09,0.3988,0.3988,0.3988,0.3988,-0.0841,0.0,0.0
512010.OF,易方达沪深300医药卫生ETF,2024-10-10,0.3984,0.3984,0.3984,0.3984,-0.001,0.0,0.0
512010.OF,易方达沪深300医药卫生ETF,2024-10-11,0.3788,0.3788,0.3788,0.3788,-0.0492,0.0,0.0
512010.OF,易方达沪深300医药卫生ETF,2024-10-14,0.3813,0.3813,0.3813,0.3813,0.0066,0.0,0.0
512010.OF,易方达沪深300医药卫生ETF,2024-10-15,0.37,0.37,0.37,0.37,-0.0296,0.0,0.0
512010.OF,易方达沪深300医药卫生ETF,2024-10-16,0.3626,0.3626,0.3626,0.3626,-0.02,0.0,0.0
512010.OF,易方达沪深300医药卫生ETF,2024-10-17,0.3597,0.3597,0.3597,0.3597,-0.008,0.0,0.0
512010.OF,易方达沪深300医药卫生ETF,2024-10-18,0.3745,0.3745,0.3745,0.3745,0.0411,0.0,0.0
512010.OF,易方达沪深300医药卫生ETF,2024-10-21,0.3764,0.3764,0.3764,0.3764,0.0051,0.0,0.0
512010.OF,易方达沪深300医药卫生ETF,2024-10-22,0.3801,0.3801,0.3801,0.3801,0.0098,0.0,0.0
512010.OF,易方达沪深300医药卫生ETF,2024-10-23,0.3812,0.3812,0.3812,0.3812,0.0029,0.0,0.0
512010.OF,易方达沪深300医药卫生ETF,2024-10-24,0.376,0.376,0.376,0.376,-0.0136,0.0,0.0
512010.OF,易方达沪深300医药卫生ETF,2024-10-25,0.3813,0.3813,0.3813,0.3813,0.0141,0.0,0.0
512010.OF,易方达沪深300医药卫生ETF,2024-10-28,0.385,0.385,0.385,0.385,0.0097,0.0,0.0
512010.OF,易方达沪深300医药卫生ETF,2024-10-29,0.3778,0.3778,0.3778,0.3778,-0.0187,0.0,0.0
512010.OF,易方达沪深300医药卫生ETF,2024-10-30,0.3731,0.3731,0.3731,0.3731,-0.0124,0.0,0.0
512010.OF,易方达沪深300医药卫生ETF,2024-10-31,0.3696,0.3696,0.3696,0.3696,-0.0094,0.0,0.0
512010.OF,易方达沪深300医药卫生ETF,2024-11-01,0.3702,0.3702,0.3702,0.3702,0.0016,0.0,0.0
512010.OF,易方达沪深300医药卫生ETF,2024-11-04,0.3743,0.3743,0.3743,0.3743,0.0111,0.0,0.0
512010.OF,易方达沪深300医药卫生ETF,2024-11-05,0.3832,0.3832,0.3832,0.3832,0.0238,0.0,0.0
512010.OF,易方达沪深300医药卫生ETF,2024-11-06,0.3829,0.3829,0.3829,0.3829,-0.0008,0.0,0.0
512010.OF,易方达沪深300医药卫生ETF,2024-11-07,0.3966,0.3966,0.3966,0.3966,0.0358,0.0,0.0
512010.OF,易方达沪深300医药卫生ETF,2024-11-08,0.3944,0.3944,0.3944,0.3944,-0.0055,0.0,0.0
512010.OF,易方达沪深300医药卫生ETF,2024-11-11,0.397,0.397,0.397,0.397,0.0066,0.0,0.0
512010.OF,易方达沪深300医药卫生ETF,2024-11-12,0.4008,0.4008,0.4008,0.4008,0.0096,0.0,0.0
512010.OF,易方达沪深300医药卫生ETF,2024-11-13,0.3981,0.3981,0.3981,0.3981,-0.0067,0.0,0.0
512010.OF,易方达沪深300医药卫生ETF,2024-11-14,0.3875,0.3875,0.3875,0.3875,-0.0266,0.0,0.0
512010.OF,易方达沪深300医药卫生ETF,2024-11-15,0.3795,0.3795,0.3795,0.3795,-0.0206,0.0,0.0
512010.OF,易方达沪深300医药卫生ETF,2024-11-18,0.3754,0.3754,0.3754,0.3754,-0.0108,0.0,0.0
512010.OF,易方达沪深300医药卫生ETF,2024-11-19,0.3793,0.3793,0.3793,0.3793,0.0104,0.0,0.0
512010.OF,易方达沪深300医药卫生ETF,2024-11-20,0.3874,0.3874,0.3874,0.3874,0.0214,0.0,0.0
512010.OF,易方达沪深300医药卫生ETF,2024-11-21,0.3851,0.3851,0.3851,0.3851,-0.0059,0.0,0.0
512010.OF,易方达沪深300医药卫生ETF,2024-11-22,0.3705,0.3705,0.3705,0.3705,-0.0379,0.0,0.0
512010.OF,易方达沪深300医药卫生ETF,2024-11-25,0.3686,0.3686,0.3686,0.3686,-0.0051,0.0,0.0
512010.OF,易方达沪深300医药卫生ETF,2024-11-26,0.3696,0.3696,0.3696,0.3696,0.0027,0.0,0.0
512010.OF,易方达沪深300医药卫生ETF,2024-11-27,0.3762,0.3762,0.3762,0.3762,0.0179,0.0,0.0
512010.OF,易方达沪深300医药卫生ETF,2024-11-28,0.3716,0.3716,0.3716,0.3716,-0.0122,0.0,0.0
512010.OF,易方达沪深300医药卫生ETF,2024-11-29,0.3773,0.3773,0.3773,0.3773,0.0153,0.0,0.0
512010.OF,易方达沪深300医药卫生ETF,2024-12-02,0.3805,0.3805,0.3805,0.3805,0.0085,0.0,0.0
512010.OF,易方达沪深300医药卫生ETF,2024-12-03,0.3788,0.3788,0.3788,0.3788,-0.0045,0.0,0.0
512010.OF,易方达沪深300医药卫生ETF,2024-12-04,0.3746,0.3746,0.3746,0.3746,-0.0111,0.0,0.0
512010.OF,易方达沪深300医药卫生ETF,2024-12-05,0.3723,0.3723,0.3723,0.3723,-0.0061,0.0,0.0
512010.OF,易方达沪深300医药卫生ETF,2024-12-06,0.3814,0.3814,0.3814,0.3814,0.0244,0.0,0.0
512010.OF,易方达沪深300医药卫生ETF,2024-12-09,0.3823,0.3823,0.3823,0.3823,0.0024,0.0,0.0
512010.OF,易方达沪深300医药卫生ETF,2024-12-10,0.3811,0.3811,0.3811,0.3811,-0.0031,0.0,0.0
512010.OF,易方达沪深300医药卫生ETF,2024-12-11,0.382,0.382,0.382,0.382,0.0024,0.0,0.0
512010.OF,易方达沪深300医药卫生ETF,2024-12-12,0.3844,0.3844,0.3844,0.3844,0.0063,0.0,0.0
512010.OF,易方达沪深300医药卫生ETF,2024-12-13,0.3738,0.3738,0.3738,0.3738,-0.0276,0.0,0.0
512010.OF,易方达沪深300医药卫生ETF,2024-12-16,0.3697,0.3697,0.3697,0.3697,-0.011,0.0,0.0
512010.OF,易方达沪深300医药卫生ETF,2024-12-17,0.3685,0.3685,0.3685,0.3685,-0.0032,0.0,0.0
512010.OF,易方达沪深300医药卫生ETF,2024-12-18,0.3692,0.3692,0.3692,0.3692,0.0019,0.0,0.0
512010.OF,易方达沪深300医药卫生ETF,2024-12-19,0.3685,0.3685,0.3685,0.3685,-0.0019,0.0,0.0
512010.OF,易方达沪深300医药卫生ETF,2024-12-20,0.3675,0.3675,0.3675,0.3675,-0.0027,0.0,0.0
512010.OF,易方达沪深300医药卫生ETF,2024-12-23,0.3657,0.3657,0.3657,0.3657,-0.0049,0.0,0.0
512010.OF,易方达沪深300医药卫生ETF,2024-12-24,0.3691,0.3691,0.3691,0.3691,0.0093,0.0,0.0
512010.OF,易方达沪深300医药卫生ETF,2024-12-25,0.369,0.369,0.369,0.369,-0.0003,0.0,0.0
512010.OF,易方达沪深300医药卫生ETF,2024-12-26,0.3659,0.3659,0.3659,0.3659,-0.0084,0.0,0.0
512010.OF,易方达沪深300医药卫生ETF,2024-12-27,0.3656,0.3656,0.3656,0.3656,-0.0008,0.0,0.0
512010.OF,易方达沪深300医药卫生ETF,2024-12-30,0.366,0.366,0.366,0.366,0.0011,0.0,0.0
512010.OF,易方达沪深300医药卫生ETF,2024-12-31,0.3603,0.3603,0.3603,0.3603,-0.0156,0.0,0.0
512010.OF,易方达沪深300医药卫生ETF,2025-01-02,0.3511,0.3511,0.3511,0.3511,-0.0255,0.0,0.0
512010.OF,易方达沪深300医药卫生ETF,2025-01-03,0.3473,0.3473,0.3473,0.3473,-0.0108,0.0,0.0
512010.OF,易方达沪深300医药卫生ETF,2025-01-06,0.3493,0.3493,0.3493,0.3493,0.0058,0.0,0.0
512010.OF,易方达沪深300医药卫生ETF,2025-01-07,0.3442,0.3442,0.3442,0.3442,-0.0146,0.0,0.0
512010.OF,易方达沪深300医药卫生ETF,2025-01-08,0.3415,0.3415,0.3415,0.3415,-0.0078,0.0,0.0
512010.OF,易方达沪深300医药卫生ETF,2025-01-09,0.3402,0.3402,0.3402,0.3402,-0.0038,0.0,0.0
512010.OF,易方达沪深300医药卫生ETF,2025-01-10,0.3363,0.3363,0.3363,0.3363,-0.0115,0.0,0.0
512010.OF,易方达沪深300医药卫生ETF,2025-01-13,0.3378,0.3378,0.3378,0.3378,0.0045,0.0,0.0
512010.OF,易方达沪深300医药卫生ETF,2025-01-14,0.3464,0.3464,0.3464,0.3464,0.0255,0.0,0.0
512010.OF,易方达沪深300医药卫生ETF,2025-01-15,0.3423,0.3423,0.3423,0.3423,-0.0118,0.0,0.0
512010.OF,易方达沪深300医药卫生ETF,2025-01-16,0.3404,0.3404,0.3404,0.3404,-0.0056,0.0,0.0
512010.OF,易方达沪深300医药卫生ETF,2025-01-17,0.3401,0.3401,0.3401,0.3401,-0.0009,0.0,0.0
512010.OF,易方达沪深300医药卫生ETF,2025-01-20,0.3461,0.3461,0.3461,0.3461,0.0176,0.0,0.0
512010.OF,易方达沪深300医药卫生ETF,2025-01-21,0.3462,0.3462,0.3462,0.3462,0.0003,0.0,0.0
512010.OF,易方达沪深300医药卫生ETF,2025-01-22,0.3431,0.3431,0.3431,0.3431,-0.009,0.0,0.0
512010.OF,易方达沪深300医药卫生ETF,2025-01-23,0.3435,0.3435,0.3435,0.3435,0.0012,0.0,0.0
512010.OF,易方达沪深300医药卫生ETF,2025-01-24,0.3452,0.3452,0.3452,0.3452,0.0049,0.0,0.0
512010.OF,易方达沪深300医药卫生ETF,2025-01-27,0.3451,0.3451,0.3451,0.3451,-0.0003,0.0,0.0
512010.OF,易方达沪深300医药卫生ETF,2025-02-05,0.345,0.345,0.345,0.345,-0.0003,0.0,0.0
512010.OF,易方达沪深300医药卫生ETF,2025-02-06,0.3492,0.3492,0.3492,0.3492,0.0122,0.0,0.0
512010.OF,易方达沪深300医药卫生ETF,2025-02-07,0.3544,0.3544,0.3544,0.3544,0.0149,0.0,0.0
512010.OF,易方达沪深300医药卫生ETF,2025-02-10,0.3569,0.3569,0.3569,0.3569,0.0071,0.0,0.0
512010.OF,易方达沪深300医药卫生ETF,2025-02-11,0.353,0.353,0.353,0.353,-0.0109,0.0,0.0
512010.OF,易方达沪深300医药卫生ETF,2025-02-12,0.3538,0.3538,0.3538,0.3538,0.0023,0.0,0.0
512010.OF,易方达沪深300医药卫生ETF,2025-02-13,0.3525,0.3525,0.3525,0.3525,-0.0037,0.0,0.0
512010.OF,易方达沪深300医药卫生ETF,2025-02-14,0.3615,0.3615,0.3615,0.3615,0.0255,0.0,0.0
512010.OF,易方达沪深300医药卫生ETF,2025-02-17,0.3628,0.3628,0.3628,0.3628,0.0036,0.0,0.0
512010.OF,易方达沪深300医药卫生ETF,2025-02-18,0.3572,0.3572,0.3572,0.3572,-0.0154,0.0,0.0
512010.OF,易方达沪深300医药卫生ETF,2025-02-19,0.3581,0.3581,0.3581,0.3581,0.0025,0.0,0.0
512010.OF,易方达沪深300医药卫生ETF,2025-02-20,0.3659,0.3659,0.3659,0.3659,0.0218,0.0,0.0
512010.OF,易方达沪深300医药卫生ETF,2025-02-21,0.3726,0.3726,0.3726,0.3726,0.0183,0.0,0.0
512010.OF,易方达沪深300医药卫生ETF,2025-02-24,0.3672,0.3672,0.3672,0.3672,-0.0145,0.0,0.0
512010.OF,易方达沪深300医药卫生ETF,2025-02-25,0.3628,0.3628,0.3628,0.3628,-0.012,0.0,0.0
512010.OF,易方达沪深300医药卫生ETF,2025-02-26,0.3662,0.3662,0.3662,0.3662,0.0094,0.0,0.0
512010.OF,易方达沪深300医药卫生ETF,2025-02-27,0.3668,0.3668,0.3668,0.3668,0.0016,0.0,0.0
512010.OF,易方达沪深300医药卫生ETF,2025-02-28,0.3587,0.3587,0.3587,0.3587,-0.0221,0.0,0.0
512010.OF,易方达沪深300医药卫生ETF,2025-03-03,0.359,0.359,0.359,0.359,0.0008,0.0,0.0
512010.OF,易方达沪深300医药卫生ETF,2025-03-04,0.3584,0.3584,0.3584,0.3584,-0.0017,0.0,0.0
512010.OF,易方达沪深300医药卫生ETF,2025-03-05,0.356,0.356,0.356,0.356,-0.0067,0.0,0.0
512010.OF,易方达沪深300医药卫生ETF,2025-03-06,0.361,0.361,0.361,0.361,0.014,0.0,0.0
512010.OF,易方达沪深300医药卫生ETF,2025-03-07,0.3576,0.3576,0.3576,0.3576,-0.0094,0.0,0.0
512010.OF,易方达沪深300医药卫生ETF,2025-03-10,0.3583,0.3583,0.3583,0.3583,0.002,0.0,0.0
512010.OF,易方达沪深300医药卫生ETF,2025-03-11,0.36,0.36,0.36,0.36,0.0047,0.0,0.0
512010.OF,易方达沪深300医药卫生ETF,2025-03-12,0.3572,0.3572,0.3572,0.3572,-0.0078,0.0,0.0
512010.OF,易方达沪深300医药卫生ETF,2025-03-13,0.3563,0.3563,0.3563,0.3563,-0.0025,0.0,0.0
512010.OF,易方达沪深300医药卫生ETF,2025-03-14,0.3661,0.3661,0.3661,0.3661,0.0275,0.0,0.0
512010.OF,易方达沪深300医药卫生ETF,2025-03-17,0.3651,0.3651,0.3651,0.3651,-0.0027,0.0,0.0
512010.OF,易方达沪深300医药卫生ETF,2025-03-18,0.3703,0.3703,0.3703,0.3703,0.0142,0.0,0.0
512010.OF,易方达沪深300医药卫生ETF,2025-03-19,0.3702,0.3702,0.3702,0.3702,-0.0003,0.0,0.0
512010.OF,易方达沪深300医药卫生ETF,2025-03-20,0.3661,0.3661,0.3661,0.3661,-0.0111,0.0,0.0
512010.OF,易方达沪深300医药卫生ETF,2025-03-21,0.3599,0.3599,0.3599,0.3599,-0.0169,0.0,0.0
512010.OF,易方达沪深300医药卫生ETF,2025-03-24,0.358,0.358,0.358,0.358,-0.0053,0.0,0.0
512010.OF,易方达沪深300医药卫生ETF,2025-03-25,0.359,0.359,0.359,0.359,0.0028,0.0,0.0
512010.OF,易方达沪深300医药卫生ETF,2025-03-26,0.3588,0.3588,0.3588,0.3588,-0.0006,0.0,0.0
512010.OF,易方达沪深300医药卫生ETF,2025-03-27,0.3671,0.3671,0.3671,0.3671,0.0231,0.0,0.0
512010.OF,易方达沪深300医药卫生ETF,2025-03-28,0.3655,0.3655,0.3655,0.3655,-0.0044,0.0,0.0
512010.OF,易方达沪深300医药卫生ETF,2025-03-31,0.3629,0.3629,0.3629,0.3629,-0.0071,0.0,0.0
512010.OF,易方达沪深300医药卫生ETF,2025-04-01,0.3738,0.3738,0.3738,0.3738,0.03,0.0,0.0
512010.OF,易方达沪深300医药卫生ETF,2025-04-02,0.3686,0.3686,0.3686,0.3686,-0.0139,0.0,0.0
512010.OF,易方达沪深300医药卫生ETF,2025-04-03,0.3663,0.3663,0.3663,0.3663,-0.0062,0.0,0.0
512010.OF,易方达沪深300医药卫生ETF,2025-04-07,0.3439,0.3439,0.3439,0.3439,-0.0612,0.0,0.0
512010.OF,易方达沪深300医药卫生ETF,2025-04-08,0.3451,0.3451,0.3451,0.3451,0.0035,0.0,0.0
512010.OF,易方达沪深300医药卫生ETF,2025-04-09,0.3452,0.3452,0.3452,0.3452,0.0003,0.0,0.0
512010.OF,易方达沪深300医药卫生ETF,2025-04-10,0.349,0.349,0.349,0.349,0.011,0.0,0.0
512010.OF,易方达沪深300医药卫生ETF,2025-04-11,0.3479,0.3479,0.3479,0.3479,-0.0032,0.0,0.0
512010.OF,易方达沪深300医药卫生ETF,2025-04-14,0.349,0.349,0.349,0.349,0.0032,0.0,0.0
